date,sku_id,on_hand_units,on_order_units,lead_time_days,reorder_point
2024-07-04,SKU0001,523,150,20,555
2024-07-11,SKU0001,511,131,20,555
2024-07-18,SKU0001,578,118,20,555
2024-07-25,SKU0001,572,146,20,555
2024-08-01,SKU0001,528,116,20,555
2024-08-08,SKU0001,469,134,20,555
2024-08-15,SKU0001,468,126,20,555
2024-08-22,SKU0001,364,144,20,555
2024-08-29,SKU0001,381,131,20,555
2024-09-05,SKU0001,375,144,20,555
2024-09-12,SKU0001,378,125,20,555
2024-09-19,SKU0001,367,117,20,555
2024-09-26,SKU0001,388,125,20,555
2024-10-03,SKU0001,427,121,20,555
2024-10-10,SKU0001,432,144,20,555
2024-10-17,SKU0001,483,125,20,555
2024-10-24,SKU0001,527,116,20,555
2024-10-31,SKU0001,535,103,20,555
2024-11-07,SKU0001,560,133,20,555
2024-11-14,SKU0001,477,124,20,555
2024-11-21,SKU0001,486,123,20,555
2024-11-28,SKU0001,523,131,20,555
2024-12-05,SKU0001,572,118,20,555
2024-12-12,SKU0001,520,120,20,555
2024-12-19,SKU0001,589,138,20,555
2024-12-26,SKU0001,518,111,20,555
2025-01-02,SKU0001,466,124,20,555
2025-01-09,SKU0001,456,130,20,555
2025-01-16,SKU0001,394,117,20,555
2025-01-23,SKU0001,378,125,20,555
2025-01-30,SKU0001,342,117,20,555
2025-02-06,SKU0001,349,130,20,555
2025-02-13,SKU0001,441,120,20,555
2025-02-20,SKU0001,504,113,20,555
2025-02-27,SKU0001,581,139,20,555
2025-03-06,SKU0001,657,122,20,555
2025-03-13,SKU0001,744,136,20,555
2025-03-20,SKU0001,753,120,20,555
2025-03-27,SKU0001,819,121,20,555
2025-04-03,SKU0001,869,99,20,555
2025-04-10,SKU0001,824,129,20,555
2025-04-17,SKU0001,882,110,20,555
2025-04-24,SKU0001,896,119,20,555
2025-05-01,SKU0001,886,106,20,555
2025-05-08,SKU0001,932,122,20,555
2025-05-15,SKU0001,914,119,20,555
2025-05-22,SKU0001,966,135,20,555
2025-05-29,SKU0001,944,110,20,555
2025-06-05,SKU0001,921,109,20,555
2025-06-12,SKU0001,883,141,20,555
2025-06-19,SKU0001,906,118,20,555
2025-06-26,SKU0001,915,116,20,555
2025-07-03,SKU0001,874,136,20,555
2025-07-10,SKU0001,875,135,20,555
2025-07-17,SKU0001,803,122,20,555
2025-07-24,SKU0001,773,126,20,555
2025-07-31,SKU0001,784,120,20,555
2025-08-07,SKU0001,792,144,20,555
2025-08-14,SKU0001,751,131,20,555
2025-08-21,SKU0001,795,126,20,555
2025-08-28,SKU0001,685,133,20,555
2025-01-28,SKU0002,693,135,15,668
2025-02-04,SKU0002,773,141,15,668
2025-02-11,SKU0002,729,131,15,668
2025-02-18,SKU0002,706,124,15,668
2025-02-25,SKU0002,726,149,15,668
2025-03-04,SKU0002,587,144,15,668
2025-03-11,SKU0002,578,164,15,668
2025-03-18,SKU0002,647,151,15,668
2025-03-25,SKU0002,597,125,15,668
2025-04-01,SKU0002,585,129,15,668
2025-04-08,SKU0002,711,142,15,668
2025-04-15,SKU0002,629,129,15,668
2025-04-22,SKU0002,668,152,15,668
2025-04-29,SKU0002,601,122,15,668
2025-05-06,SKU0002,523,163,15,668
2025-05-13,SKU0002,396,138,15,668
2025-05-20,SKU0002,253,124,15,668
2025-05-27,SKU0002,181,150,15,668
2025-06-03,SKU0002,131,145,15,668
2025-06-10,SKU0002,25,149,15,668
2025-06-17,SKU0002,0,145,15,668
2025-06-24,SKU0002,0,165,15,668
2025-07-01,SKU0002,17,154,15,668
2025-07-08,SKU0002,94,151,15,668
2025-07-15,SKU0002,172,149,15,668
2025-07-22,SKU0002,170,158,15,668
2025-07-29,SKU0002,217,158,15,668
2025-08-05,SKU0002,305,149,15,668
2025-08-12,SKU0002,381,151,15,668
2025-08-19,SKU0002,422,149,15,668
2025-08-26,SKU0002,503,156,15,668
2024-05-17,SKU0003,71,7,10,32
2024-05-24,SKU0003,77,8,10,32
2024-05-31,SKU0003,79,15,10,32
2024-06-07,SKU0003,66,11,10,32
2024-06-14,SKU0003,63,7,10,32
2024-06-21,SKU0003,65,7,10,32
2024-06-28,SKU0003,69,7,10,32
2024-07-05,SKU0003,74,8,10,32
2024-07-12,SKU0003,78,5,10,32
2024-07-19,SKU0003,84,2,10,32
2024-07-26,SKU0003,80,9,10,32
2024-08-02,SKU0003,78,9,10,32
2024-08-09,SKU0003,86,7,10,32
2024-08-16,SKU0003,87,8,10,32
2024-08-23,SKU0003,96,7,10,32
2024-08-30,SKU0003,83,7,10,32
2024-09-06,SKU0003,71,2,10,32
2024-09-13,SKU0003,73,4,10,32
2024-09-20,SKU0003,68,7,10,32
2024-09-27,SKU0003,66,6,10,32
2024-10-04,SKU0003,62,2,10,32
2024-10-11,SKU0003,62,8,10,32
2024-10-18,SKU0003,63,3,10,32
2024-10-25,SKU0003,56,8,10,32
2024-11-01,SKU0003,66,5,10,32
2024-11-08,SKU0003,52,7,10,32
2024-11-15,SKU0003,36,6,10,32
2024-11-22,SKU0003,41,8,10,32
2024-11-29,SKU0003,42,2,10,32
2024-12-06,SKU0003,44,9,10,32
2024-12-13,SKU0003,46,9,10,32
2024-12-20,SKU0003,45,5,10,32
2024-12-27,SKU0003,14,7,10,32
2025-01-03,SKU0003,0,8,10,32
2025-01-10,SKU0003,0,5,10,32
2025-01-17,SKU0003,10,10,10,32
2025-01-24,SKU0003,19,11,10,32
2025-01-31,SKU0003,11,11,10,32
2025-02-07,SKU0003,11,9,10,32
2025-02-14,SKU0003,11,3,10,32
2025-02-21,SKU0003,0,7,10,32
2025-02-28,SKU0003,7,3,10,32
2025-03-07,SKU0003,0,9,10,32
2025-03-14,SKU0003,0,11,10,32
2025-03-21,SKU0003,9,8,10,32
2025-03-28,SKU0003,14,6,10,32
2025-04-04,SKU0003,3,7,10,32
2025-04-11,SKU0003,0,5,10,32
2025-04-18,SKU0003,0,6,10,32
2025-04-25,SKU0003,0,8,10,32
2025-05-02,SKU0003,0,8,10,32
2025-05-09,SKU0003,0,8,10,32
2025-05-16,SKU0003,5,11,10,32
2025-05-23,SKU0003,18,9,10,32
2025-05-30,SKU0003,23,5,10,32
2025-06-06,SKU0003,12,6,10,32
2025-06-13,SKU0003,2,11,10,32
2025-06-20,SKU0003,4,10,10,32
2025-06-27,SKU0003,6,2,10,32
2025-07-04,SKU0003,13,6,10,32
2025-07-11,SKU0003,14,7,10,32
2025-07-18,SKU0003,10,5,10,32
2025-07-25,SKU0003,16,3,10,32
2025-08-01,SKU0003,16,7,10,32
2025-08-08,SKU0003,26,7,10,32
2025-08-15,SKU0003,21,12,10,32
2025-08-22,SKU0003,37,6,10,32
2025-08-29,SKU0003,37,6,10,32
2024-07-12,SKU0004,964,91,14,391
2024-07-19,SKU0004,947,83,14,391
2024-07-26,SKU0004,999,102,14,391
2024-08-02,SKU0004,1012,100,14,391
2024-08-09,SKU0004,1076,78,14,391
2024-08-16,SKU0004,1038,98,14,391
2024-08-23,SKU0004,1029,82,14,391
2024-08-30,SKU0004,1052,91,14,391
2024-09-06,SKU0004,998,102,14,391
2024-09-13,SKU0004,1089,112,14,391
2024-09-20,SKU0004,1077,87,14,391
2024-09-27,SKU0004,1117,100,14,391
2024-10-04,SKU0004,1077,99,14,391
2024-10-11,SKU0004,995,94,14,391
2024-10-18,SKU0004,962,95,14,391
2024-10-25,SKU0004,924,98,14,391
2024-11-01,SKU0004,961,94,14,391
2024-11-08,SKU0004,983,106,14,391
2024-11-15,SKU0004,839,94,14,391
2024-11-22,SKU0004,801,111,14,391
2024-11-29,SKU0004,843,99,14,391
2024-12-06,SKU0004,878,98,14,391
2024-12-13,SKU0004,829,84,14,391
2024-12-20,SKU0004,782,90,14,391
2024-12-27,SKU0004,715,88,14,391
2025-01-03,SKU0004,578,100,14,391
2025-01-10,SKU0004,551,93,14,391
2025-01-17,SKU0004,550,108,14,391
2025-01-24,SKU0004,495,79,14,391
2025-01-31,SKU0004,531,107,14,391
2025-02-07,SKU0004,520,97,14,391
2025-02-14,SKU0004,565,85,14,391
2025-02-21,SKU0004,503,105,14,391
2025-02-28,SKU0004,474,74,14,391
2025-03-07,SKU0004,419,95,14,391
2025-03-14,SKU0004,386,84,14,391
2025-03-21,SKU0004,408,90,14,391
2025-03-28,SKU0004,369,119,14,391
2025-04-04,SKU0004,358,105,14,391
2025-04-11,SKU0004,413,94,14,391
2025-04-18,SKU0004,449,109,14,391
2025-04-25,SKU0004,454,92,14,391
2025-05-02,SKU0004,437,100,14,391
2025-05-09,SKU0004,441,94,14,391
2025-05-16,SKU0004,467,90,14,391
2025-05-23,SKU0004,479,83,14,391
2025-05-30,SKU0004,511,98,14,391
2025-06-06,SKU0004,332,85,14,391
2025-06-13,SKU0004,346,109,14,391
2025-06-20,SKU0004,352,104,14,391
2025-06-27,SKU0004,317,84,14,391
2025-07-04,SKU0004,365,87,14,391
2025-07-11,SKU0004,340,84,14,391
2025-07-18,SKU0004,317,98,14,391
2025-07-25,SKU0004,351,90,14,391
2025-08-01,SKU0004,281,75,14,391
2025-08-08,SKU0004,354,92,14,391
2025-08-15,SKU0004,420,104,14,391
2025-08-22,SKU0004,448,126,14,391
2025-08-29,SKU0004,501,102,14,391
2024-11-16,SKU0005,625,136,18,597
2024-11-23,SKU0005,520,151,18,597
2024-11-30,SKU0005,541,123,18,597
2024-12-07,SKU0005,534,123,18,597
2024-12-14,SKU0005,413,122,18,597
2024-12-21,SKU0005,378,135,18,597
2024-12-28,SKU0005,230,131,18,597
2025-01-04,SKU0005,89,116,18,597
2025-01-11,SKU0005,61,116,18,597
2025-01-18,SKU0005,129,102,18,597
2025-01-25,SKU0005,91,124,18,597
2025-02-01,SKU0005,138,114,18,597
2025-02-08,SKU0005,210,129,18,597
2025-02-15,SKU0005,172,107,18,597
2025-02-22,SKU0005,83,125,18,597
2025-03-01,SKU0005,74,152,18,597
2025-03-08,SKU0005,34,132,18,597
2025-03-15,SKU0005,2,148,18,597
2025-03-22,SKU0005,10,153,18,597
2025-03-29,SKU0005,0,112,18,597
2025-04-05,SKU0005,83,125,18,597
2025-04-12,SKU0005,184,125,18,597
2025-04-19,SKU0005,228,103,18,597
2025-04-26,SKU0005,268,115,18,597
2025-05-03,SKU0005,235,122,18,597
2025-05-10,SKU0005,207,136,18,597
2025-05-17,SKU0005,201,114,18,597
2025-05-24,SKU0005,239,124,18,597
2025-05-31,SKU0005,233,137,18,597
2025-06-07,SKU0005,69,117,18,597
2025-06-14,SKU0005,52,137,18,597
2025-06-21,SKU0005,94,121,18,597
2025-06-28,SKU0005,60,113,18,597
2025-07-05,SKU0005,128,123,18,597
2025-07-12,SKU0005,130,123,18,597
2025-07-19,SKU0005,199,100,18,597
2025-07-26,SKU0005,238,138,18,597
2025-08-02,SKU0005,229,121,18,597
2025-08-09,SKU0005,274,104,18,597
2025-08-16,SKU0005,320,130,18,597
2025-08-23,SKU0005,294,126,18,597
2025-08-30,SKU0005,360,136,18,597
2024-12-18,SKU0006,269,61,20,298
2024-12-25,SKU0006,252,73,20,298
2025-01-01,SKU0006,200,77,20,298
2025-01-08,SKU0006,206,60,20,298
2025-01-15,SKU0006,194,77,20,298
2025-01-22,SKU0006,189,84,20,298
2025-01-29,SKU0006,146,72,20,298
2025-02-05,SKU0006,153,69,20,298
2025-02-12,SKU0006,122,78,20,298
2025-02-19,SKU0006,124,61,20,298
2025-02-26,SKU0006,163,100,20,298
2025-03-05,SKU0006,165,87,20,298
2025-03-12,SKU0006,212,80,20,298
2025-03-19,SKU0006,249,75,20,298
2025-03-26,SKU0006,283,67,20,298
2025-04-02,SKU0006,268,85,20,298
2025-04-09,SKU0006,284,69,20,298
2025-04-16,SKU0006,236,71,20,298
2025-04-23,SKU0006,229,82,20,298
2025-04-30,SKU0006,176,72,20,298
2025-05-07,SKU0006,133,78,20,298
2025-05-14,SKU0006,172,75,20,298
2025-05-21,SKU0006,193,87,20,298
2025-05-28,SKU0006,175,61,20,298
2025-06-04,SKU0006,165,79,20,298
2025-06-11,SKU0006,139,68,20,298
2025-06-18,SKU0006,142,90,20,298
2025-06-25,SKU0006,161,87,20,298
2025-07-02,SKU0006,214,71,20,298
2025-07-09,SKU0006,187,75,20,298
2025-07-16,SKU0006,154,77,20,298
2025-07-23,SKU0006,99,76,20,298
2025-07-30,SKU0006,88,69,20,298
2025-08-06,SKU0006,105,69,20,298
2025-08-13,SKU0006,110,68,20,298
2025-08-20,SKU0006,118,82,20,298
2025-08-27,SKU0006,121,69,20,298
2023-12-18,SKU0007,480,151,19,677
2023-12-25,SKU0007,408,172,19,677
2024-01-01,SKU0007,281,154,19,677
2024-01-08,SKU0007,367,130,19,677
2024-01-15,SKU0007,415,144,19,677
2024-01-22,SKU0007,395,176,19,677
2024-01-29,SKU0007,416,153,19,677
2024-02-05,SKU0007,385,139,19,677
2024-02-12,SKU0007,385,142,19,677
2024-02-19,SKU0007,386,133,19,677
2024-02-26,SKU0007,384,149,19,677
2024-03-04,SKU0007,434,122,19,677
2024-03-11,SKU0007,488,141,19,677
2024-03-18,SKU0007,472,176,19,677
2024-03-25,SKU0007,500,158,19,677
2024-04-01,SKU0007,517,152,19,677
2024-04-08,SKU0007,549,156,19,677
2024-04-15,SKU0007,613,138,19,677
2024-04-22,SKU0007,719,146,19,677
2024-04-29,SKU0007,786,123,19,677
2024-05-06,SKU0007,762,141,19,677
2024-05-13,SKU0007,732,146,19,677
2024-05-20,SKU0007,659,149,19,677
2024-05-27,SKU0007,683,144,19,677
2024-06-03,SKU0007,702,152,19,677
2024-06-10,SKU0007,581,147,19,677
2024-06-17,SKU0007,616,155,19,677
2024-06-24,SKU0007,726,160,19,677
2024-07-01,SKU0007,645,137,19,677
2024-07-08,SKU0007,756,139,19,677
2024-07-15,SKU0007,704,124,19,677
2024-07-22,SKU0007,668,120,19,677
2024-07-29,SKU0007,642,150,19,677
2024-08-05,SKU0007,704,153,19,677
2024-08-12,SKU0007,686,152,19,677
2024-08-19,SKU0007,638,137,19,677
2024-08-26,SKU0007,678,149,19,677
2024-09-02,SKU0007,687,136,19,677
2024-09-09,SKU0007,679,151,19,677
2024-09-16,SKU0007,678,160,19,677
2024-09-23,SKU0007,667,159,19,677
2024-09-30,SKU0007,739,169,19,677
2024-10-07,SKU0007,737,152,19,677
2024-10-14,SKU0007,714,132,19,677
2024-10-21,SKU0007,681,135,19,677
2024-10-28,SKU0007,691,157,19,677
2024-11-04,SKU0007,665,154,19,677
2024-11-11,SKU0007,624,143,19,677
2024-11-18,SKU0007,492,143,19,677
2024-11-25,SKU0007,484,162,19,677
2024-12-02,SKU0007,486,147,19,677
2024-12-09,SKU0007,507,146,19,677
2024-12-16,SKU0007,534,161,19,677
2024-12-23,SKU0007,507,144,19,677
2024-12-30,SKU0007,302,138,19,677
2025-01-06,SKU0007,192,113,19,677
2025-01-13,SKU0007,194,144,19,677
2025-01-20,SKU0007,138,140,19,677
2025-01-27,SKU0007,207,130,19,677
2025-02-03,SKU0007,264,132,19,677
2025-02-10,SKU0007,297,161,19,677
2025-02-17,SKU0007,279,148,19,677
2025-02-24,SKU0007,220,161,19,677
2025-03-03,SKU0007,207,148,19,677
2025-03-10,SKU0007,191,161,19,677
2025-03-17,SKU0007,201,136,19,677
2025-03-24,SKU0007,231,157,19,677
2025-03-31,SKU0007,236,134,19,677
2025-04-07,SKU0007,216,157,19,677
2025-04-14,SKU0007,271,143,19,677
2025-04-21,SKU0007,233,134,19,677
2025-04-28,SKU0007,194,137,19,677
2025-05-05,SKU0007,100,138,19,677
2025-05-12,SKU0007,183,139,19,677
2025-05-19,SKU0007,239,151,19,677
2025-05-26,SKU0007,230,127,19,677
2025-06-02,SKU0007,85,146,19,677
2025-06-09,SKU0007,0,150,19,677
2025-06-16,SKU0007,0,162,19,677
2025-06-23,SKU0007,0,160,19,677
2025-06-30,SKU0007,7,141,19,677
2025-07-07,SKU0007,0,129,19,677
2025-07-14,SKU0007,10,160,19,677
2025-07-21,SKU0007,12,147,19,677
2025-07-28,SKU0007,0,142,19,677
2025-08-04,SKU0007,0,160,19,677
2025-08-11,SKU0007,14,147,19,677
2025-08-18,SKU0007,0,138,19,677
2025-08-25,SKU0007,0,143,19,677
2025-05-26,SKU0008,311,98,19,425
2025-06-02,SKU0008,309,108,19,425
2025-06-09,SKU0008,208,117,19,425
2025-06-16,SKU0008,209,108,19,425
2025-06-23,SKU0008,202,101,19,425
2025-06-30,SKU0008,222,118,19,425
2025-07-07,SKU0008,190,105,19,425
2025-07-14,SKU0008,203,105,19,425
2025-07-21,SKU0008,184,99,19,425
2025-07-28,SKU0008,179,106,19,425
2025-08-04,SKU0008,172,101,19,425
2025-08-11,SKU0008,126,114,19,425
2025-08-18,SKU0008,92,106,19,425
2025-08-25,SKU0008,67,107,19,425
2024-07-29,SKU0009,724,63,7,252
2024-08-05,SKU0009,776,57,7,252
2024-08-12,SKU0009,812,68,7,252
2024-08-19,SKU0009,767,58,7,252
2024-08-26,SKU0009,763,71,7,252
2024-09-02,SKU0009,751,61,7,252
2024-09-09,SKU0009,688,54,7,252
2024-09-16,SKU0009,799,64,7,252
2024-09-23,SKU0009,759,61,7,252
2024-09-30,SKU0009,762,58,7,252
2024-10-07,SKU0009,840,77,7,252
2024-10-14,SKU0009,823,63,7,252
2024-10-21,SKU0009,804,68,7,252
2024-10-28,SKU0009,820,72,7,252
2024-11-04,SKU0009,828,59,7,252
2024-11-11,SKU0009,811,58,7,252
2024-11-18,SKU0009,721,69,7,252
2024-11-25,SKU0009,732,53,7,252
2024-12-02,SKU0009,748,78,7,252
2024-12-09,SKU0009,831,58,7,252
2024-12-16,SKU0009,965,75,7,252
2024-12-23,SKU0009,762,65,7,252
2024-12-30,SKU0009,619,49,7,252
2025-01-06,SKU0009,564,63,7,252
2025-01-13,SKU0009,572,53,7,252
2025-01-20,SKU0009,615,57,7,252
2025-01-27,SKU0009,625,52,7,252
2025-02-03,SKU0009,624,65,7,252
2025-02-10,SKU0009,570,76,7,252
2025-02-17,SKU0009,452,52,7,252
2025-02-24,SKU0009,548,66,7,252
2025-03-03,SKU0009,555,70,7,252
2025-03-10,SKU0009,546,55,7,252
2025-03-17,SKU0009,602,73,7,252
2025-03-24,SKU0009,559,57,7,252
2025-03-31,SKU0009,587,63,7,252
2025-04-07,SKU0009,590,69,7,252
2025-04-14,SKU0009,664,61,7,252
2025-04-21,SKU0009,594,47,7,252
2025-04-28,SKU0009,665,76,7,252
2025-05-05,SKU0009,607,57,7,252
2025-05-12,SKU0009,617,59,7,252
2025-05-19,SKU0009,591,40,7,252
2025-05-26,SKU0009,635,71,7,252
2025-06-02,SKU0009,589,59,7,252
2025-06-09,SKU0009,368,64,7,252
2025-06-16,SKU0009,144,57,7,252
2025-06-23,SKU0009,69,65,7,252
2025-06-30,SKU0009,96,77,7,252
2025-07-07,SKU0009,0,73,7,252
2025-07-14,SKU0009,66,66,7,252
2025-07-21,SKU0009,35,53,7,252
2025-07-28,SKU0009,0,67,7,252
2025-08-04,SKU0009,0,80,7,252
2025-08-11,SKU0009,0,67,7,252
2025-08-18,SKU0009,0,75,7,252
2025-08-25,SKU0009,0,70,7,252
2024-11-14,SKU0010,980,164,17,697
2024-11-21,SKU0010,1011,165,17,697
2024-11-28,SKU0010,1094,167,17,697
2024-12-05,SKU0010,1091,155,17,697
2024-12-12,SKU0010,1201,157,17,697
2024-12-19,SKU0010,1130,170,17,697
2024-12-26,SKU0010,1001,171,17,697
2025-01-02,SKU0010,771,165,17,697
2025-01-09,SKU0010,827,141,17,697
2025-01-16,SKU0010,880,147,17,697
2025-01-23,SKU0010,795,168,17,697
2025-01-30,SKU0010,881,177,17,697
2025-02-06,SKU0010,806,164,17,697
2025-02-13,SKU0010,841,177,17,697
2025-02-20,SKU0010,930,167,17,697
2025-02-27,SKU0010,1042,168,17,697
2025-03-06,SKU0010,952,165,17,697
2025-03-13,SKU0010,892,176,17,697
2025-03-20,SKU0010,962,150,17,697
2025-03-27,SKU0010,1005,167,17,697
2025-04-03,SKU0010,922,160,17,697
2025-04-10,SKU0010,927,175,17,697
2025-04-17,SKU0010,1029,183,17,697
2025-04-24,SKU0010,1107,171,17,697
2025-05-01,SKU0010,1039,171,17,697
2025-05-08,SKU0010,1078,177,17,697
2025-05-15,SKU0010,1040,180,17,697
2025-05-22,SKU0010,1003,162,17,697
2025-05-29,SKU0010,995,160,17,697
2025-06-05,SKU0010,893,197,17,697
2025-06-12,SKU0010,735,187,17,697
2025-06-19,SKU0010,838,169,17,697
2025-06-26,SKU0010,728,169,17,697
2025-07-03,SKU0010,723,185,17,697
2025-07-10,SKU0010,809,187,17,697
2025-07-17,SKU0010,879,166,17,697
2025-07-24,SKU0010,922,187,17,697
2025-07-31,SKU0010,809,184,17,697
2025-08-07,SKU0010,775,173,17,697
2025-08-14,SKU0010,842,174,17,697
2025-08-21,SKU0010,814,190,17,697
2025-08-28,SKU0010,771,140,17,697
2024-05-29,SKU0011,177,25,13,107
2024-06-05,SKU0011,178,19,13,107
2024-06-12,SKU0011,164,19,13,107
2024-06-19,SKU0011,180,18,13,107
2024-06-26,SKU0011,203,22,13,107
2024-07-03,SKU0011,203,28,13,107
2024-07-10,SKU0011,212,23,13,107
2024-07-17,SKU0011,242,32,13,107
2024-07-24,SKU0011,255,28,13,107
2024-07-31,SKU0011,250,21,13,107
2024-08-07,SKU0011,255,26,13,107
2024-08-14,SKU0011,271,32,13,107
2024-08-21,SKU0011,277,16,13,107
2024-08-28,SKU0011,278,21,13,107
2024-09-04,SKU0011,283,18,13,107
2024-09-11,SKU0011,276,23,13,107
2024-09-18,SKU0011,268,20,13,107
2024-09-25,SKU0011,284,21,13,107
2024-10-02,SKU0011,300,25,13,107
2024-10-09,SKU0011,289,31,13,107
2024-10-16,SKU0011,291,22,13,107
2024-10-23,SKU0011,284,28,13,107
2024-10-30,SKU0011,266,19,13,107
2024-11-06,SKU0011,270,22,13,107
2024-11-13,SKU0011,243,21,13,107
2024-11-20,SKU0011,191,21,13,107
2024-11-27,SKU0011,214,24,13,107
2024-12-04,SKU0011,193,22,13,107
2024-12-11,SKU0011,174,24,13,107
2024-12-18,SKU0011,159,24,13,107
2024-12-25,SKU0011,143,16,13,107
2025-01-01,SKU0011,119,26,13,107
2025-01-08,SKU0011,108,31,13,107
2025-01-15,SKU0011,118,16,13,107
2025-01-22,SKU0011,112,20,13,107
2025-01-29,SKU0011,92,26,13,107
2025-02-05,SKU0011,97,18,13,107
2025-02-12,SKU0011,117,17,13,107
2025-02-19,SKU0011,105,24,13,107
2025-02-26,SKU0011,100,17,13,107
2025-03-05,SKU0011,105,19,13,107
2025-03-12,SKU0011,106,25,13,107
2025-03-19,SKU0011,111,18,13,107
2025-03-26,SKU0011,113,20,13,107
2025-04-02,SKU0011,130,21,13,107
2025-04-09,SKU0011,121,17,13,107
2025-04-16,SKU0011,151,17,13,107
2025-04-23,SKU0011,153,28,13,107
2025-04-30,SKU0011,163,26,13,107
2025-05-07,SKU0011,177,17,13,107
2025-05-14,SKU0011,170,29,13,107
2025-05-21,SKU0011,166,16,13,107
2025-05-28,SKU0011,170,30,13,107
2025-06-04,SKU0011,145,24,13,107
2025-06-11,SKU0011,104,22,13,107
2025-06-18,SKU0011,125,20,13,107
2025-06-25,SKU0011,103,22,13,107
2025-07-02,SKU0011,107,24,13,107
2025-07-09,SKU0011,102,22,13,107
2025-07-16,SKU0011,108,18,13,107
2025-07-23,SKU0011,93,26,13,107
2025-07-30,SKU0011,83,25,13,107
2025-08-06,SKU0011,47,25,13,107
2025-08-13,SKU0011,44,26,13,107
2025-08-20,SKU0011,52,19,13,107
2025-08-27,SKU0011,51,17,13,107
2025-03-17,SKU0012,339,31,6,133
2025-03-24,SKU0012,317,39,6,133
2025-03-31,SKU0012,325,28,6,133
2025-04-07,SKU0012,400,39,6,133
2025-04-14,SKU0012,391,30,6,133
2025-04-21,SKU0012,371,28,6,133
2025-04-28,SKU0012,403,29,6,133
2025-05-05,SKU0012,395,30,6,133
2025-05-12,SKU0012,363,21,6,133
2025-05-19,SKU0012,323,30,6,133
2025-05-26,SKU0012,258,34,6,133
2025-06-02,SKU0012,281,32,6,133
2025-06-09,SKU0012,139,36,6,133
2025-06-16,SKU0012,72,28,6,133
2025-06-23,SKU0012,97,33,6,133
2025-06-30,SKU0012,100,30,6,133
2025-07-07,SKU0012,176,32,6,133
2025-07-14,SKU0012,153,32,6,133
2025-07-21,SKU0012,121,35,6,133
2025-07-28,SKU0012,154,28,6,133
2025-08-04,SKU0012,84,24,6,133
2025-08-11,SKU0012,74,34,6,133
2025-08-18,SKU0012,63,26,6,133
2025-08-25,SKU0012,63,34,6,133
2025-02-28,SKU0013,104,14,13,68
2025-03-07,SKU0013,110,22,13,68
2025-03-14,SKU0013,104,18,13,68
2025-03-21,SKU0013,125,21,13,68
2025-03-28,SKU0013,140,19,13,68
2025-04-04,SKU0013,140,21,13,68
2025-04-11,SKU0013,156,19,13,68
2025-04-18,SKU0013,148,15,13,68
2025-04-25,SKU0013,156,18,13,68
2025-05-02,SKU0013,161,24,13,68
2025-05-09,SKU0013,164,19,13,68
2025-05-16,SKU0013,146,21,13,68
2025-05-23,SKU0013,122,16,13,68
2025-05-30,SKU0013,108,15,13,68
2025-06-06,SKU0013,100,11,13,68
2025-06-13,SKU0013,89,21,13,68
2025-06-20,SKU0013,93,24,13,68
2025-06-27,SKU0013,97,19,13,68
2025-07-04,SKU0013,96,15,13,68
2025-07-11,SKU0013,85,21,13,68
2025-07-18,SKU0013,87,16,13,68
2025-07-25,SKU0013,82,16,13,68
2025-08-01,SKU0013,63,11,13,68
2025-08-08,SKU0013,85,21,13,68
2025-08-15,SKU0013,70,15,13,68
2025-08-22,SKU0013,49,18,13,68
2025-08-29,SKU0013,55,8,13,68
2024-07-04,SKU0014,196,31,9,106
2024-07-11,SKU0014,167,26,9,106
2024-07-18,SKU0014,170,23,9,106
2024-07-25,SKU0014,202,27,9,106
2024-08-01,SKU0014,228,31,9,106
2024-08-08,SKU0014,218,42,9,106
2024-08-15,SKU0014,211,27,9,106
2024-08-22,SKU0014,205,29,9,106
2024-08-29,SKU0014,195,23,9,106
2024-09-05,SKU0014,240,21,9,106
2024-09-12,SKU0014,222,28,9,106
2024-09-19,SKU0014,220,25,9,106
2024-09-26,SKU0014,192,25,9,106
2024-10-03,SKU0014,199,27,9,106
2024-10-10,SKU0014,182,23,9,106
2024-10-17,SKU0014,153,21,9,106
2024-10-24,SKU0014,155,26,9,106
2024-10-31,SKU0014,148,25,9,106
2024-11-07,SKU0014,170,16,9,106
2024-11-14,SKU0014,104,33,9,106
2024-11-21,SKU0014,112,22,9,106
2024-11-28,SKU0014,118,26,9,106
2024-12-05,SKU0014,112,24,9,106
2024-12-12,SKU0014,134,26,9,106
2024-12-19,SKU0014,129,24,9,106
2024-12-26,SKU0014,94,28,9,106
2025-01-02,SKU0014,16,23,9,106
2025-01-09,SKU0014,35,25,9,106
2025-01-16,SKU0014,32,26,9,106
2025-01-23,SKU0014,38,27,9,106
2025-01-30,SKU0014,20,22,9,106
2025-02-06,SKU0014,16,17,9,106
2025-02-13,SKU0014,0,27,9,106
2025-02-20,SKU0014,2,21,9,106
2025-02-27,SKU0014,3,29,9,106
2025-03-06,SKU0014,30,25,9,106
2025-03-13,SKU0014,21,28,9,106
2025-03-20,SKU0014,17,28,9,106
2025-03-27,SKU0014,22,20,9,106
2025-04-03,SKU0014,0,27,9,106
2025-04-10,SKU0014,0,35,9,106
2025-04-17,SKU0014,10,26,9,106
2025-04-24,SKU0014,17,34,9,106
2025-05-01,SKU0014,33,28,9,106
2025-05-08,SKU0014,52,28,9,106
2025-05-15,SKU0014,76,18,9,106
2025-05-22,SKU0014,67,19,9,106
2025-05-29,SKU0014,80,20,9,106
2025-06-05,SKU0014,26,26,9,106
2025-06-12,SKU0014,0,37,9,106
2025-06-19,SKU0014,6,21,9,106
2025-06-26,SKU0014,0,34,9,106
2025-07-03,SKU0014,0,31,9,106
2025-07-10,SKU0014,16,31,9,106
2025-07-17,SKU0014,0,25,9,106
2025-07-24,SKU0014,49,20,9,106
2025-07-31,SKU0014,68,31,9,106
2025-08-07,SKU0014,61,27,9,106
2025-08-14,SKU0014,68,33,9,106
2025-08-21,SKU0014,85,17,9,106
2025-08-28,SKU0014,130,28,9,106
2024-11-18,SKU0015,213,29,8,100
2024-11-25,SKU0015,229,13,8,100
2024-12-02,SKU0015,248,15,8,100
2024-12-09,SKU0015,247,13,8,100
2024-12-16,SKU0015,255,22,8,100
2024-12-23,SKU0015,212,13,8,100
2024-12-30,SKU0015,183,12,8,100
2025-01-06,SKU0015,191,21,8,100
2025-01-13,SKU0015,190,15,8,100
2025-01-20,SKU0015,192,18,8,100
2025-01-27,SKU0015,235,16,8,100
2025-02-03,SKU0015,230,15,8,100
2025-02-10,SKU0015,245,28,8,100
2025-02-17,SKU0015,253,16,8,100
2025-02-24,SKU0015,253,25,8,100
2025-03-03,SKU0015,258,19,8,100
2025-03-10,SKU0015,253,20,8,100
2025-03-17,SKU0015,249,14,8,100
2025-03-24,SKU0015,239,19,8,100
2025-03-31,SKU0015,236,21,8,100
2025-04-07,SKU0015,253,18,8,100
2025-04-14,SKU0015,271,15,8,100
2025-04-21,SKU0015,262,25,8,100
2025-04-28,SKU0015,246,19,8,100
2025-05-05,SKU0015,251,29,8,100
2025-05-12,SKU0015,269,21,8,100
2025-05-19,SKU0015,267,32,8,100
2025-05-26,SKU0015,261,22,8,100
2025-06-02,SKU0015,248,30,8,100
2025-06-09,SKU0015,145,22,8,100
2025-06-16,SKU0015,124,25,8,100
2025-06-23,SKU0015,132,18,8,100
2025-06-30,SKU0015,142,21,8,100
2025-07-07,SKU0015,163,14,8,100
2025-07-14,SKU0015,166,18,8,100
2025-07-21,SKU0015,167,17,8,100
2025-07-28,SKU0015,168,19,8,100
2025-08-04,SKU0015,157,15,8,100
2025-08-11,SKU0015,157,20,8,100
2025-08-18,SKU0015,133,15,8,100
2025-08-25,SKU0015,120,22,8,100
2024-05-01,SKU0016,74,8,10,30
2024-05-08,SKU0016,84,7,10,30
2024-05-15,SKU0016,84,12,10,30
2024-05-22,SKU0016,74,9,10,30
2024-05-29,SKU0016,75,4,10,30
2024-06-05,SKU0016,82,7,10,30
2024-06-12,SKU0016,66,11,10,30
2024-06-19,SKU0016,61,4,10,30
2024-06-26,SKU0016,60,7,10,30
2024-07-03,SKU0016,67,4,10,30
2024-07-10,SKU0016,63,5,10,30
2024-07-17,SKU0016,51,4,10,30
2024-07-24,SKU0016,45,7,10,30
2024-07-31,SKU0016,42,7,10,30
2024-08-07,SKU0016,41,4,10,30
2024-08-14,SKU0016,30,4,10,30
2024-08-21,SKU0016,32,12,10,30
2024-08-28,SKU0016,41,10,10,30
2024-09-04,SKU0016,38,12,10,30
2024-09-11,SKU0016,50,7,10,30
2024-09-18,SKU0016,60,9,10,30
2024-09-25,SKU0016,51,5,10,30
2024-10-02,SKU0016,51,10,10,30
2024-10-09,SKU0016,57,8,10,30
2024-10-16,SKU0016,58,7,10,30
2024-10-23,SKU0016,55,4,10,30
2024-10-30,SKU0016,44,5,10,30
2024-11-06,SKU0016,47,6,10,30
2024-11-13,SKU0016,31,5,10,30
2024-11-20,SKU0016,28,10,10,30
2024-11-27,SKU0016,34,6,10,30
2024-12-04,SKU0016,39,7,10,30
2024-12-11,SKU0016,38,3,10,30
2024-12-18,SKU0016,41,4,10,30
2024-12-25,SKU0016,30,5,10,30
2025-01-01,SKU0016,5,10,10,30
2025-01-08,SKU0016,8,9,10,30
2025-01-15,SKU0016,9,8,10,30
2025-01-22,SKU0016,3,7,10,30
2025-01-29,SKU0016,0,10,10,30
2025-02-05,SKU0016,2,11,10,30
2025-02-12,SKU0016,0,4,10,30
2025-02-19,SKU0016,4,5,10,30
2025-02-26,SKU0016,0,11,10,30
2025-03-05,SKU0016,2,4,10,30
2025-03-12,SKU0016,6,6,10,30
2025-03-19,SKU0016,4,4,10,30
2025-03-26,SKU0016,1,5,10,30
2025-04-02,SKU0016,0,12,10,30
2025-04-09,SKU0016,0,11,10,30
2025-04-16,SKU0016,0,7,10,30
2025-04-23,SKU0016,0,4,10,30
2025-04-30,SKU0016,4,3,10,30
2025-05-07,SKU0016,0,12,10,30
2025-05-14,SKU0016,0,7,10,30
2025-05-21,SKU0016,1,7,10,30
2025-05-28,SKU0016,9,8,10,30
2025-06-04,SKU0016,16,6,10,30
2025-06-11,SKU0016,0,8,10,30
2025-06-18,SKU0016,0,7,10,30
2025-06-25,SKU0016,0,10,10,30
2025-07-02,SKU0016,0,6,10,30
2025-07-09,SKU0016,0,7,10,30
2025-07-16,SKU0016,13,9,10,30
2025-07-23,SKU0016,19,9,10,30
2025-07-30,SKU0016,19,7,10,30
2025-08-06,SKU0016,12,4,10,30
2025-08-13,SKU0016,13,6,10,30
2025-08-20,SKU0016,19,7,10,30
2025-08-27,SKU0016,37,5,10,30
2024-02-11,SKU0017,1042,61,6,262
2024-02-18,SKU0017,1093,62,6,262
2024-02-25,SKU0017,1124,71,6,262
2024-03-03,SKU0017,1024,65,6,262
2024-03-10,SKU0017,1010,64,6,262
2024-03-17,SKU0017,1039,62,6,262
2024-03-24,SKU0017,965,64,6,262
2024-03-31,SKU0017,1034,81,6,262
2024-04-07,SKU0017,1094,51,6,262
2024-04-14,SKU0017,1032,66,6,262
2024-04-21,SKU0017,936,63,6,262
2024-04-28,SKU0017,995,64,6,262
2024-05-05,SKU0017,871,82,6,262
2024-05-12,SKU0017,774,74,6,262
2024-05-19,SKU0017,821,62,6,262
2024-05-26,SKU0017,883,81,6,262
2024-06-02,SKU0017,844,66,6,262
2024-06-09,SKU0017,451,61,6,262
2024-06-16,SKU0017,398,46,6,262
2024-06-23,SKU0017,287,78,6,262
2024-06-30,SKU0017,162,59,6,262
2024-07-07,SKU0017,131,68,6,262
2024-07-14,SKU0017,53,63,6,262
2024-07-21,SKU0017,0,63,6,262
2024-07-28,SKU0017,0,76,6,262
2024-08-04,SKU0017,0,67,6,262
2024-08-11,SKU0017,0,64,6,262
2024-08-18,SKU0017,21,61,6,262
2024-08-25,SKU0017,36,54,6,262
2024-09-01,SKU0017,120,59,6,262
2024-09-08,SKU0017,175,73,6,262
2024-09-15,SKU0017,259,80,6,262
2024-09-22,SKU0017,212,63,6,262
2024-09-29,SKU0017,146,59,6,262
2024-10-06,SKU0017,255,63,6,262
2024-10-13,SKU0017,324,54,6,262
2024-10-20,SKU0017,376,57,6,262
2024-10-27,SKU0017,448,53,6,262
2024-11-03,SKU0017,525,63,6,262
2024-11-10,SKU0017,612,59,6,262
2024-11-17,SKU0017,585,61,6,262
2024-11-24,SKU0017,668,67,6,262
2024-12-01,SKU0017,845,72,6,262
2024-12-08,SKU0017,913,65,6,262
2024-12-15,SKU0017,934,52,6,262
2024-12-22,SKU0017,961,58,6,262
2024-12-29,SKU0017,875,60,6,262
2025-01-05,SKU0017,910,74,6,262
2025-01-12,SKU0017,999,54,6,262
2025-01-19,SKU0017,1014,68,6,262
2025-01-26,SKU0017,1165,71,6,262
2025-02-02,SKU0017,1285,53,6,262
2025-02-09,SKU0017,1325,52,6,262
2025-02-16,SKU0017,1271,45,6,262
2025-02-23,SKU0017,1210,60,6,262
2025-03-02,SKU0017,1274,61,6,262
2025-03-09,SKU0017,1368,67,6,262
2025-03-16,SKU0017,1375,61,6,262
2025-03-23,SKU0017,1312,72,6,262
2025-03-30,SKU0017,1338,61,6,262
2025-04-06,SKU0017,1341,71,6,262
2025-04-13,SKU0017,1322,57,6,262
2025-04-20,SKU0017,1306,61,6,262
2025-04-27,SKU0017,1273,52,6,262
2025-05-04,SKU0017,1373,42,6,262
2025-05-11,SKU0017,1440,65,6,262
2025-05-18,SKU0017,1453,65,6,262
2025-05-25,SKU0017,1338,79,6,262
2025-06-01,SKU0017,1358,71,6,262
2025-06-08,SKU0017,1096,68,6,262
2025-06-15,SKU0017,913,58,6,262
2025-06-22,SKU0017,867,64,6,262
2025-06-29,SKU0017,879,63,6,262
2025-07-06,SKU0017,818,63,6,262
2025-07-13,SKU0017,845,65,6,262
2025-07-20,SKU0017,745,80,6,262
2025-07-27,SKU0017,747,59,6,262
2025-08-03,SKU0017,731,66,6,262
2025-08-10,SKU0017,667,71,6,262
2025-08-17,SKU0017,743,61,6,262
2025-08-24,SKU0017,759,73,6,262
2025-08-31,SKU0017,694,62,6,262
2023-11-28,SKU0018,362,38,14,131
2023-12-05,SKU0018,345,33,14,131
2023-12-12,SKU0018,323,35,14,131
2023-12-19,SKU0018,336,31,14,131
2023-12-26,SKU0018,324,35,14,131
2024-01-02,SKU0018,306,38,14,131
2024-01-09,SKU0018,324,36,14,131
2024-01-16,SKU0018,356,34,14,131
2024-01-23,SKU0018,377,28,14,131
2024-01-30,SKU0018,357,42,14,131
2024-02-06,SKU0018,373,34,14,131
2024-02-13,SKU0018,409,47,14,131
2024-02-20,SKU0018,404,42,14,131
2024-02-27,SKU0018,426,23,14,131
2024-03-05,SKU0018,422,34,14,131
2024-03-12,SKU0018,425,44,14,131
2024-03-19,SKU0018,437,46,14,131
2024-03-26,SKU0018,458,34,14,131
2024-04-02,SKU0018,467,34,14,131
2024-04-09,SKU0018,482,38,14,131
2024-04-16,SKU0018,471,37,14,131
2024-04-23,SKU0018,467,31,14,131
2024-04-30,SKU0018,470,28,14,131
2024-05-07,SKU0018,503,38,14,131
2024-05-14,SKU0018,485,38,14,131
2024-05-21,SKU0018,486,36,14,131
2024-05-28,SKU0018,481,46,14,131
2024-06-04,SKU0018,437,28,14,131
2024-06-11,SKU0018,405,28,14,131
2024-06-18,SKU0018,385,32,14,131
2024-06-25,SKU0018,389,34,14,131
2024-07-02,SKU0018,379,33,14,131
2024-07-09,SKU0018,364,32,14,131
2024-07-16,SKU0018,320,31,14,131
2024-07-23,SKU0018,318,30,14,131
2024-07-30,SKU0018,284,36,14,131
2024-08-06,SKU0018,266,31,14,131
2024-08-13,SKU0018,234,21,14,131
2024-08-20,SKU0018,188,20,14,131
2024-08-27,SKU0018,195,39,14,131
2024-09-03,SKU0018,197,38,14,131
2024-09-10,SKU0018,152,50,14,131
2024-09-17,SKU0018,130,27,14,131
2024-09-24,SKU0018,140,29,14,131
2024-10-01,SKU0018,144,50,14,131
2024-10-08,SKU0018,122,31,14,131
2024-10-15,SKU0018,114,25,14,131
2024-10-22,SKU0018,74,29,14,131
2024-10-29,SKU0018,43,46,14,131
2024-11-05,SKU0018,23,31,14,131
2024-11-12,SKU0018,19,45,14,131
2024-11-19,SKU0018,0,37,14,131
2024-11-26,SKU0018,8,31,14,131
2024-12-03,SKU0018,22,26,14,131
2024-12-10,SKU0018,11,31,14,131
2024-12-17,SKU0018,8,38,14,131
2024-12-24,SKU0018,3,21,14,131
2024-12-31,SKU0018,0,38,14,131
2025-01-07,SKU0018,30,26,14,131
2025-01-14,SKU0018,30,37,14,131
2025-01-21,SKU0018,51,41,14,131
2025-01-28,SKU0018,62,32,14,131
2025-02-04,SKU0018,110,47,14,131
2025-02-11,SKU0018,124,41,14,131
2025-02-18,SKU0018,123,40,14,131
2025-02-25,SKU0018,158,34,14,131
2025-03-04,SKU0018,199,40,14,131
2025-03-11,SKU0018,210,38,14,131
2025-03-18,SKU0018,231,39,14,131
2025-03-25,SKU0018,244,29,14,131
2025-04-01,SKU0018,293,31,14,131
2025-04-08,SKU0018,310,28,14,131
2025-04-15,SKU0018,329,32,14,131
2025-04-22,SKU0018,357,37,14,131
2025-04-29,SKU0018,400,30,14,131
2025-05-06,SKU0018,402,31,14,131
2025-05-13,SKU0018,377,32,14,131
2025-05-20,SKU0018,379,45,14,131
2025-05-27,SKU0018,385,42,14,131
2025-06-03,SKU0018,351,31,14,131
2025-06-10,SKU0018,300,21,14,131
2025-06-17,SKU0018,280,33,14,131
2025-06-24,SKU0018,285,24,14,131
2025-07-01,SKU0018,234,34,14,131
2025-07-08,SKU0018,222,26,14,131
2025-07-15,SKU0018,218,33,14,131
2025-07-22,SKU0018,210,35,14,131
2025-07-29,SKU0018,195,33,14,131
2025-08-05,SKU0018,220,44,14,131
2025-08-12,SKU0018,214,41,14,131
2025-08-19,SKU0018,202,38,14,131
2025-08-26,SKU0018,171,37,14,131
2025-03-23,SKU0019,900,46,5,179
2025-03-30,SKU0019,882,40,5,179
2025-04-06,SKU0019,925,51,5,179
2025-04-13,SKU0019,877,44,5,179
2025-04-20,SKU0019,795,46,5,179
2025-04-27,SKU0019,838,61,5,179
2025-05-04,SKU0019,792,53,5,179
2025-05-11,SKU0019,832,57,5,179
2025-05-18,SKU0019,735,59,5,179
2025-05-25,SKU0019,724,56,5,179
2025-06-01,SKU0019,673,50,5,179
2025-06-08,SKU0019,559,54,5,179
2025-06-15,SKU0019,351,54,5,179
2025-06-22,SKU0019,340,62,5,179
2025-06-29,SKU0019,293,50,5,179
2025-07-06,SKU0019,290,49,5,179
2025-07-13,SKU0019,427,37,5,179
2025-07-20,SKU0019,474,47,5,179
2025-07-27,SKU0019,422,47,5,179
2025-08-03,SKU0019,535,54,5,179
2025-08-10,SKU0019,513,30,5,179
2025-08-17,SKU0019,557,45,5,179
2025-08-24,SKU0019,507,51,5,179
2025-08-31,SKU0019,600,43,5,179
2024-12-31,SKU0020,350,42,15,148
2025-01-07,SKU0020,324,60,15,148
2025-01-14,SKU0020,330,28,15,148
2025-01-21,SKU0020,323,36,15,148
2025-01-28,SKU0020,321,45,15,148
2025-02-04,SKU0020,331,38,15,148
2025-02-11,SKU0020,302,37,15,148
2025-02-18,SKU0020,307,29,15,148
2025-02-25,SKU0020,315,46,15,148
2025-03-04,SKU0020,294,46,15,148
2025-03-11,SKU0020,282,19,15,148
2025-03-18,SKU0020,265,32,15,148
2025-03-25,SKU0020,257,46,15,148
2025-04-01,SKU0020,287,38,15,148
2025-04-08,SKU0020,308,49,15,148
2025-04-15,SKU0020,328,46,15,148
2025-04-22,SKU0020,359,50,15,148
2025-04-29,SKU0020,346,43,15,148
2025-05-06,SKU0020,340,47,15,148
2025-05-13,SKU0020,311,41,15,148
2025-05-20,SKU0020,333,52,15,148
2025-05-27,SKU0020,336,33,15,148
2025-06-03,SKU0020,306,43,15,148
2025-06-10,SKU0020,236,31,15,148
2025-06-17,SKU0020,225,39,15,148
2025-06-24,SKU0020,234,37,15,148
2025-07-01,SKU0020,240,44,15,148
2025-07-08,SKU0020,230,48,15,148
2025-07-15,SKU0020,240,42,15,148
2025-07-22,SKU0020,233,47,15,148
2025-07-29,SKU0020,240,45,15,148
2025-08-05,SKU0020,245,43,15,148
2025-08-12,SKU0020,231,53,15,148
2025-08-19,SKU0020,228,34,15,148
2025-08-26,SKU0020,222,47,15,148
2024-12-31,SKU0021,108,13,9,58
2025-01-07,SKU0021,111,8,9,58
2025-01-14,SKU0021,107,24,9,58
2025-01-21,SKU0021,113,7,9,58
2025-01-28,SKU0021,129,15,9,58
2025-02-04,SKU0021,136,7,9,58
2025-02-11,SKU0021,132,11,9,58
2025-02-18,SKU0021,121,12,9,58
2025-02-25,SKU0021,119,11,9,58
2025-03-04,SKU0021,144,12,9,58
2025-03-11,SKU0021,157,11,9,58
2025-03-18,SKU0021,164,13,9,58
2025-03-25,SKU0021,169,15,9,58
2025-04-01,SKU0021,184,8,9,58
2025-04-08,SKU0021,179,14,9,58
2025-04-15,SKU0021,173,16,9,58
2025-04-22,SKU0021,191,6,9,58
2025-04-29,SKU0021,190,11,9,58
2025-05-06,SKU0021,190,13,9,58
2025-05-13,SKU0021,195,7,9,58
2025-05-20,SKU0021,222,14,9,58
2025-05-27,SKU0021,214,12,9,58
2025-06-03,SKU0021,224,18,9,58
2025-06-10,SKU0021,193,13,9,58
2025-06-17,SKU0021,183,10,9,58
2025-06-24,SKU0021,199,10,9,58
2025-07-01,SKU0021,182,15,9,58
2025-07-08,SKU0021,164,9,9,58
2025-07-15,SKU0021,144,6,9,58
2025-07-22,SKU0021,151,15,9,58
2025-07-29,SKU0021,136,16,9,58
2025-08-05,SKU0021,171,10,9,58
2025-08-12,SKU0021,146,15,9,58
2025-08-19,SKU0021,150,13,9,58
2025-08-26,SKU0021,140,14,9,58
2024-10-30,SKU0022,1268,81,8,364
2024-11-06,SKU0022,1295,80,8,364
2024-11-13,SKU0022,1209,109,8,364
2024-11-20,SKU0022,1250,97,8,364
2024-11-27,SKU0022,1395,85,8,364
2024-12-04,SKU0022,1443,99,8,364
2024-12-11,SKU0022,1424,99,8,364
2024-12-18,SKU0022,1343,98,8,364
2024-12-25,SKU0022,1115,96,8,364
2025-01-01,SKU0022,865,89,8,364
2025-01-08,SKU0022,875,88,8,364
2025-01-15,SKU0022,955,81,8,364
2025-01-22,SKU0022,890,113,8,364
2025-01-29,SKU0022,798,100,8,364
2025-02-05,SKU0022,846,96,8,364
2025-02-12,SKU0022,758,107,8,364
2025-02-19,SKU0022,865,80,8,364
2025-02-26,SKU0022,805,91,8,364
2025-03-05,SKU0022,754,73,8,364
2025-03-12,SKU0022,715,93,8,364
2025-03-19,SKU0022,687,110,8,364
2025-03-26,SKU0022,549,97,8,364
2025-04-02,SKU0022,444,97,8,364
2025-04-09,SKU0022,526,93,8,364
2025-04-16,SKU0022,535,97,8,364
2025-04-23,SKU0022,660,91,8,364
2025-04-30,SKU0022,642,112,8,364
2025-05-07,SKU0022,622,92,8,364
2025-05-14,SKU0022,647,91,8,364
2025-05-21,SKU0022,679,97,8,364
2025-05-28,SKU0022,681,94,8,364
2025-06-04,SKU0022,708,93,8,364
2025-06-11,SKU0022,373,96,8,364
2025-06-18,SKU0022,296,93,8,364
2025-06-25,SKU0022,278,84,8,364
2025-07-02,SKU0022,350,94,8,364
2025-07-09,SKU0022,376,92,8,364
2025-07-16,SKU0022,338,99,8,364
2025-07-23,SKU0022,317,100,8,364
2025-07-30,SKU0022,328,84,8,364
2025-08-06,SKU0022,372,86,8,364
2025-08-13,SKU0022,375,97,8,364
2025-08-20,SKU0022,412,117,8,364
2025-08-27,SKU0022,390,83,8,364
2025-05-29,SKU0023,747,123,12,526
2025-06-05,SKU0023,643,146,12,526
2025-06-12,SKU0023,622,135,12,526
2025-06-19,SKU0023,595,123,12,526
2025-06-26,SKU0023,623,151,12,526
2025-07-03,SKU0023,582,130,12,526
2025-07-10,SKU0023,539,125,12,526
2025-07-17,SKU0023,591,138,12,526
2025-07-24,SKU0023,649,138,12,526
2025-07-31,SKU0023,688,151,12,526
2025-08-07,SKU0023,716,145,12,526
2025-08-14,SKU0023,591,162,12,526
2025-08-21,SKU0023,519,138,12,526
2025-08-28,SKU0023,506,137,12,526
2024-03-01,SKU0024,1459,216,16,1016
2024-03-08,SKU0024,1543,219,16,1016
2024-03-15,SKU0024,1586,245,16,1016
2024-03-22,SKU0024,1484,217,16,1016
2024-03-29,SKU0024,1472,224,16,1016
2024-04-05,SKU0024,1605,223,16,1016
2024-04-12,SKU0024,1573,213,16,1016
2024-04-19,SKU0024,1605,207,16,1016
2024-04-26,SKU0024,1592,172,16,1016
2024-05-03,SKU0024,1438,227,16,1016
2024-05-10,SKU0024,1432,202,16,1016
2024-05-17,SKU0024,1461,209,16,1016
2024-05-24,SKU0024,1345,229,16,1016
2024-05-31,SKU0024,1381,185,16,1016
2024-06-07,SKU0024,1059,218,16,1016
2024-06-14,SKU0024,974,222,16,1016
2024-06-21,SKU0024,956,242,16,1016
2024-06-28,SKU0024,852,233,16,1016
2024-07-05,SKU0024,778,235,16,1016
2024-07-12,SKU0024,660,221,16,1016
2024-07-19,SKU0024,520,212,16,1016
2024-07-26,SKU0024,399,208,16,1016
2024-08-02,SKU0024,342,229,16,1016
2024-08-09,SKU0024,195,221,16,1016
2024-08-16,SKU0024,82,209,16,1016
2024-08-23,SKU0024,153,229,16,1016
2024-08-30,SKU0024,55,203,16,1016
2024-09-06,SKU0024,0,223,16,1016
2024-09-13,SKU0024,0,211,16,1016
2024-09-20,SKU0024,48,230,16,1016
2024-09-27,SKU0024,146,216,16,1016
2024-10-04,SKU0024,148,259,16,1016
2024-10-11,SKU0024,191,221,16,1016
2024-10-18,SKU0024,394,225,16,1016
2024-10-25,SKU0024,507,204,16,1016
2024-11-01,SKU0024,484,227,16,1016
2024-11-08,SKU0024,525,201,16,1016
2024-11-15,SKU0024,455,224,16,1016
2024-11-22,SKU0024,610,213,16,1016
2024-11-29,SKU0024,641,207,16,1016
2024-12-06,SKU0024,692,232,16,1016
2024-12-13,SKU0024,791,231,16,1016
2024-12-20,SKU0024,951,236,16,1016
2024-12-27,SKU0024,892,243,16,1016
2025-01-03,SKU0024,815,227,16,1016
2025-01-10,SKU0024,811,206,16,1016
2025-01-17,SKU0024,902,225,16,1016
2025-01-24,SKU0024,905,234,16,1016
2025-01-31,SKU0024,941,229,16,1016
2025-02-07,SKU0024,1023,175,16,1016
2025-02-14,SKU0024,1168,217,16,1016
2025-02-21,SKU0024,1138,239,16,1016
2025-02-28,SKU0024,1132,214,16,1016
2025-03-07,SKU0024,1254,210,16,1016
2025-03-14,SKU0024,1330,224,16,1016
2025-03-21,SKU0024,1223,234,16,1016
2025-03-28,SKU0024,1283,209,16,1016
2025-04-04,SKU0024,1215,222,16,1016
2025-04-11,SKU0024,1181,204,16,1016
2025-04-18,SKU0024,1270,186,16,1016
2025-04-25,SKU0024,1341,224,16,1016
2025-05-02,SKU0024,1359,211,16,1016
2025-05-09,SKU0024,1264,207,16,1016
2025-05-16,SKU0024,1154,271,16,1016
2025-05-23,SKU0024,1084,230,16,1016
2025-05-30,SKU0024,856,223,16,1016
2025-06-06,SKU0024,298,242,16,1016
2025-06-13,SKU0024,20,212,16,1016
2025-06-20,SKU0024,0,213,16,1016
2025-06-27,SKU0024,0,190,16,1016
2025-07-04,SKU0024,0,202,16,1016
2025-07-11,SKU0024,0,217,16,1016
2025-07-18,SKU0024,0,205,16,1016
2025-07-25,SKU0024,0,210,16,1016
2025-08-01,SKU0024,0,214,16,1016
2025-08-08,SKU0024,32,243,16,1016
2025-08-15,SKU0024,133,232,16,1016
2025-08-22,SKU0024,128,197,16,1016
2025-08-29,SKU0024,0,238,16,1016
2025-05-24,SKU0025,817,92,15,333
2025-05-31,SKU0025,852,90,15,333
2025-06-07,SKU0025,819,96,15,333
2025-06-14,SKU0025,667,90,15,333
2025-06-21,SKU0025,682,102,15,333
2025-06-28,SKU0025,695,110,15,333
2025-07-05,SKU0025,726,86,15,333
2025-07-12,SKU0025,731,85,15,333
2025-07-19,SKU0025,667,95,15,333
2025-07-26,SKU0025,666,111,15,333
2025-08-02,SKU0025,653,104,15,333
2025-08-09,SKU0025,634,96,15,333
2025-08-16,SKU0025,749,76,15,333
2025-08-23,SKU0025,840,85,15,333
2025-08-30,SKU0025,865,103,15,333
2024-09-17,SKU0026,1129,216,19,717
2024-09-24,SKU0026,1291,196,19,717
2024-10-01,SKU0026,1424,236,19,717
2024-10-08,SKU0026,1509,208,19,717
2024-10-15,SKU0026,1645,207,19,717
2024-10-22,SKU0026,1709,196,19,717
2024-10-29,SKU0026,1753,214,19,717
2024-11-05,SKU0026,1766,225,19,717
2024-11-12,SKU0026,1582,205,19,717
2024-11-19,SKU0026,1346,236,19,717
2024-11-26,SKU0026,1317,242,19,717
2024-12-03,SKU0026,1289,214,19,717
2024-12-10,SKU0026,1326,205,19,717
2024-12-17,SKU0026,1281,195,19,717
2024-12-24,SKU0026,1295,193,19,717
2024-12-31,SKU0026,999,193,19,717
2025-01-07,SKU0026,1015,235,19,717
2025-01-14,SKU0026,960,222,19,717
2025-01-21,SKU0026,899,219,19,717
2025-01-28,SKU0026,864,212,19,717
2025-02-04,SKU0026,880,211,19,717
2025-02-11,SKU0026,839,223,19,717
2025-02-18,SKU0026,883,219,19,717
2025-02-25,SKU0026,868,206,19,717
2025-03-04,SKU0026,818,206,19,717
2025-03-11,SKU0026,812,209,19,717
2025-03-18,SKU0026,771,185,19,717
2025-03-25,SKU0026,767,204,19,717
2025-04-01,SKU0026,801,185,19,717
2025-04-08,SKU0026,817,225,19,717
2025-04-15,SKU0026,848,211,19,717
2025-04-22,SKU0026,797,206,19,717
2025-04-29,SKU0026,771,196,19,717
2025-05-06,SKU0026,712,214,19,717
2025-05-13,SKU0026,616,228,19,717
2025-05-20,SKU0026,558,220,19,717
2025-05-27,SKU0026,604,214,19,717
2025-06-03,SKU0026,476,198,19,717
2025-06-10,SKU0026,350,195,19,717
2025-06-17,SKU0026,239,210,19,717
2025-06-24,SKU0026,349,227,19,717
2025-07-01,SKU0026,302,215,19,717
2025-07-08,SKU0026,265,224,19,717
2025-07-15,SKU0026,138,200,19,717
2025-07-22,SKU0026,87,210,19,717
2025-07-29,SKU0026,3,237,19,717
2025-08-05,SKU0026,63,191,19,717
2025-08-12,SKU0026,38,228,19,717
2025-08-19,SKU0026,0,231,19,717
2025-08-26,SKU0026,0,212,19,717
2024-06-29,SKU0027,1489,118,11,479
2024-07-06,SKU0027,1460,108,11,479
2024-07-13,SKU0027,1483,115,11,479
2024-07-20,SKU0027,1525,124,11,479
2024-07-27,SKU0027,1572,120,11,479
2024-08-03,SKU0027,1530,112,11,479
2024-08-10,SKU0027,1576,103,11,479
2024-08-17,SKU0027,1704,123,11,479
2024-08-24,SKU0027,1836,120,11,479
2024-08-31,SKU0027,1842,137,11,479
2024-09-07,SKU0027,2021,127,11,479
2024-09-14,SKU0027,2121,112,11,479
2024-09-21,SKU0027,2096,120,11,479
2024-09-28,SKU0027,2022,123,11,479
2024-10-05,SKU0027,2112,132,11,479
2024-10-12,SKU0027,2135,110,11,479
2024-10-19,SKU0027,2132,130,11,479
2024-10-26,SKU0027,2204,108,11,479
2024-11-02,SKU0027,2216,116,11,479
2024-11-09,SKU0027,2266,128,11,479
2024-11-16,SKU0027,2061,123,11,479
2024-11-23,SKU0027,2206,131,11,479
2024-11-30,SKU0027,2092,156,11,479
2024-12-07,SKU0027,2033,132,11,479
2024-12-14,SKU0027,1962,110,11,479
2024-12-21,SKU0027,1827,129,11,479
2024-12-28,SKU0027,1420,125,11,479
2025-01-04,SKU0027,1160,136,11,479
2025-01-11,SKU0027,1175,130,11,479
2025-01-18,SKU0027,1171,131,11,479
2025-01-25,SKU0027,1104,108,11,479
2025-02-01,SKU0027,1100,109,11,479
2025-02-08,SKU0027,1122,123,11,479
2025-02-15,SKU0027,1078,131,11,479
2025-02-22,SKU0027,1014,122,11,479
2025-03-01,SKU0027,849,142,11,479
2025-03-08,SKU0027,783,110,11,479
2025-03-15,SKU0027,768,115,11,479
2025-03-22,SKU0027,696,112,11,479
2025-03-29,SKU0027,677,104,11,479
2025-04-05,SKU0027,594,134,11,479
2025-04-12,SKU0027,576,123,11,479
2025-04-19,SKU0027,527,116,11,479
2025-04-26,SKU0027,487,101,11,479
2025-05-03,SKU0027,471,116,11,479
2025-05-10,SKU0027,447,143,11,479
2025-05-17,SKU0027,443,108,11,479
2025-05-24,SKU0027,421,115,11,479
2025-05-31,SKU0027,579,115,11,479
2025-06-07,SKU0027,345,139,11,479
2025-06-14,SKU0027,200,106,11,479
2025-06-21,SKU0027,269,125,11,479
2025-06-28,SKU0027,274,119,11,479
2025-07-05,SKU0027,327,100,11,479
2025-07-12,SKU0027,361,116,11,479
2025-07-19,SKU0027,411,123,11,479
2025-07-26,SKU0027,495,117,11,479
2025-08-02,SKU0027,633,110,11,479
2025-08-09,SKU0027,598,111,11,479
2025-08-16,SKU0027,782,116,11,479
2025-08-23,SKU0027,647,126,11,479
2025-08-30,SKU0027,604,113,11,479
2025-02-12,SKU0028,954,108,9,316
2025-02-19,SKU0028,1032,96,9,316
2025-02-26,SKU0028,1072,94,9,316
2025-03-05,SKU0028,1080,102,9,316
2025-03-12,SKU0028,1171,87,9,316
2025-03-19,SKU0028,1193,109,9,316
2025-03-26,SKU0028,1292,80,9,316
2025-04-02,SKU0028,1341,93,9,316
2025-04-09,SKU0028,1422,99,9,316
2025-04-16,SKU0028,1411,93,9,316
2025-04-23,SKU0028,1461,95,9,316
2025-04-30,SKU0028,1464,74,9,316
2025-05-07,SKU0028,1587,100,9,316
2025-05-14,SKU0028,1575,113,9,316
2025-05-21,SKU0028,1564,75,9,316
2025-05-28,SKU0028,1489,83,9,316
2025-06-04,SKU0028,1463,83,9,316
2025-06-11,SKU0028,1318,98,9,316
2025-06-18,SKU0028,1268,93,9,316
2025-06-25,SKU0028,1245,89,9,316
2025-07-02,SKU0028,1272,100,9,316
2025-07-09,SKU0028,1185,99,9,316
2025-07-16,SKU0028,1188,92,9,316
2025-07-23,SKU0028,1189,82,9,316
2025-07-30,SKU0028,1066,89,9,316
2025-08-06,SKU0028,1005,78,9,316
2025-08-13,SKU0028,951,88,9,316
2025-08-20,SKU0028,954,76,9,316
2025-08-27,SKU0028,976,74,9,316
2023-12-11,SKU0029,409,34,11,127
2023-12-18,SKU0029,425,25,11,127
2023-12-25,SKU0029,384,34,11,127
2024-01-01,SKU0029,344,26,11,127
2024-01-08,SKU0029,339,29,11,127
2024-01-15,SKU0029,360,35,11,127
2024-01-22,SKU0029,385,34,11,127
2024-01-29,SKU0029,402,36,11,127
2024-02-05,SKU0029,409,37,11,127
2024-02-12,SKU0029,424,23,11,127
2024-02-19,SKU0029,434,22,11,127
2024-02-26,SKU0029,450,32,11,127
2024-03-04,SKU0029,457,36,11,127
2024-03-11,SKU0029,519,40,11,127
2024-03-18,SKU0029,536,27,11,127
2024-03-25,SKU0029,562,29,11,127
2024-04-01,SKU0029,598,32,11,127
2024-04-08,SKU0029,603,26,11,127
2024-04-15,SKU0029,637,37,11,127
2024-04-22,SKU0029,651,25,11,127
2024-04-29,SKU0029,675,30,11,127
2024-05-06,SKU0029,705,24,11,127
2024-05-13,SKU0029,745,28,11,127
2024-05-20,SKU0029,760,23,11,127
2024-05-27,SKU0029,778,20,11,127
2024-06-03,SKU0029,768,28,11,127
2024-06-10,SKU0029,752,27,11,127
2024-06-17,SKU0029,742,35,11,127
2024-06-24,SKU0029,747,31,11,127
2024-07-01,SKU0029,775,33,11,127
2024-07-08,SKU0029,779,35,11,127
2024-07-15,SKU0029,771,31,11,127
2024-07-22,SKU0029,754,30,11,127
2024-07-29,SKU0029,708,31,11,127
2024-08-05,SKU0029,677,29,11,127
2024-08-12,SKU0029,683,26,11,127
2024-08-19,SKU0029,685,31,11,127
2024-08-26,SKU0029,665,31,11,127
2024-09-02,SKU0029,609,32,11,127
2024-09-09,SKU0029,562,32,11,127
2024-09-16,SKU0029,550,38,11,127
2024-09-23,SKU0029,521,30,11,127
2024-09-30,SKU0029,514,29,11,127
2024-10-07,SKU0029,483,22,11,127
2024-10-14,SKU0029,460,29,11,127
2024-10-21,SKU0029,430,22,11,127
2024-10-28,SKU0029,397,30,11,127
2024-11-04,SKU0029,363,29,11,127
2024-11-11,SKU0029,281,32,11,127
2024-11-18,SKU0029,202,39,11,127
2024-11-25,SKU0029,205,29,11,127
2024-12-02,SKU0029,180,26,11,127
2024-12-09,SKU0029,168,33,11,127
2024-12-16,SKU0029,198,37,11,127
2024-12-23,SKU0029,161,22,11,127
2024-12-30,SKU0029,121,28,11,127
2025-01-06,SKU0029,109,31,11,127
2025-01-13,SKU0029,103,28,11,127
2025-01-20,SKU0029,110,30,11,127
2025-01-27,SKU0029,117,25,11,127
2025-02-03,SKU0029,134,30,11,127
2025-02-10,SKU0029,154,34,11,127
2025-02-17,SKU0029,161,35,11,127
2025-02-24,SKU0029,141,23,11,127
2025-03-03,SKU0029,181,29,11,127
2025-03-10,SKU0029,210,31,11,127
2025-03-17,SKU0029,239,14,11,127
2025-03-24,SKU0029,254,35,11,127
2025-03-31,SKU0029,281,31,11,127
2025-04-07,SKU0029,255,35,11,127
2025-04-14,SKU0029,246,30,11,127
2025-04-21,SKU0029,283,36,11,127
2025-04-28,SKU0029,303,41,11,127
2025-05-05,SKU0029,315,29,11,127
2025-05-12,SKU0029,326,23,11,127
2025-05-19,SKU0029,297,31,11,127
2025-05-26,SKU0029,270,30,11,127
2025-06-02,SKU0029,288,23,11,127
2025-06-09,SKU0029,237,28,11,127
2025-06-16,SKU0029,258,27,11,127
2025-06-23,SKU0029,291,31,11,127
2025-06-30,SKU0029,282,40,11,127
2025-07-07,SKU0029,279,27,11,127
2025-07-14,SKU0029,290,23,11,127
2025-07-21,SKU0029,281,24,11,127
2025-07-28,SKU0029,274,31,11,127
2025-08-04,SKU0029,263,26,11,127
2025-08-11,SKU0029,267,21,11,127
2025-08-18,SKU0029,280,28,11,127
2025-08-25,SKU0029,289,28,11,127
2025-07-24,SKU0030,429,36,14,188
2025-07-31,SKU0030,427,32,14,188
2025-08-07,SKU0030,408,36,14,188
2025-08-14,SKU0030,383,26,14,188
2025-08-21,SKU0030,361,42,14,188
2025-08-28,SKU0030,345,42,14,188
2025-07-02,SKU0031,1350,156,14,491
2025-07-09,SKU0031,1373,158,14,491
2025-07-16,SKU0031,1359,157,14,491
2025-07-23,SKU0031,1377,141,14,491
2025-07-30,SKU0031,1268,138,14,491
2025-08-06,SKU0031,1142,168,14,491
2025-08-13,SKU0031,1061,143,14,491
2025-08-20,SKU0031,1002,162,14,491
2025-08-27,SKU0031,1017,146,14,491
2024-12-13,SKU0032,1437,144,14,568
2024-12-20,SKU0032,1321,158,14,568
2024-12-27,SKU0032,1243,157,14,568
2025-01-03,SKU0032,1327,194,14,568
2025-01-10,SKU0032,1314,172,14,568
2025-01-17,SKU0032,1256,160,14,568
2025-01-24,SKU0032,1326,177,14,568
2025-01-31,SKU0032,1299,162,14,568
2025-02-07,SKU0032,1412,167,14,568
2025-02-14,SKU0032,1383,153,14,568
2025-02-21,SKU0032,1398,162,14,568
2025-02-28,SKU0032,1373,171,14,568
2025-03-07,SKU0032,1273,179,14,568
2025-03-14,SKU0032,1405,174,14,568
2025-03-21,SKU0032,1404,153,14,568
2025-03-28,SKU0032,1453,158,14,568
2025-04-04,SKU0032,1415,167,14,568
2025-04-11,SKU0032,1364,163,14,568
2025-04-18,SKU0032,1326,167,14,568
2025-04-25,SKU0032,1404,136,14,568
2025-05-02,SKU0032,1352,153,14,568
2025-05-09,SKU0032,1432,152,14,568
2025-05-16,SKU0032,1535,156,14,568
2025-05-23,SKU0032,1504,148,14,568
2025-05-30,SKU0032,1593,169,14,568
2025-06-06,SKU0032,1329,164,14,568
2025-06-13,SKU0032,1149,156,14,568
2025-06-20,SKU0032,1172,154,14,568
2025-06-27,SKU0032,1084,160,14,568
2025-07-04,SKU0032,1118,159,14,568
2025-07-11,SKU0032,1043,164,14,568
2025-07-18,SKU0032,1155,161,14,568
2025-07-25,SKU0032,1096,157,14,568
2025-08-01,SKU0032,1067,164,14,568
2025-08-08,SKU0032,1161,153,14,568
2025-08-15,SKU0032,1201,137,14,568
2025-08-22,SKU0032,1177,160,14,568
2025-08-29,SKU0032,1159,164,14,568
2024-03-05,SKU0033,461,98,19,386
2024-03-12,SKU0033,507,114,19,386
2024-03-19,SKU0033,532,113,19,386
2024-03-26,SKU0033,550,116,19,386
2024-04-02,SKU0033,522,112,19,386
2024-04-09,SKU0033,500,117,19,386
2024-04-16,SKU0033,573,112,19,386
2024-04-23,SKU0033,634,116,19,386
2024-04-30,SKU0033,722,112,19,386
2024-05-07,SKU0033,767,113,19,386
2024-05-14,SKU0033,848,108,19,386
2024-05-21,SKU0033,890,115,19,386
2024-05-28,SKU0033,926,124,19,386
2024-06-04,SKU0033,1001,131,19,386
2024-06-11,SKU0033,1028,117,19,386
2024-06-18,SKU0033,1049,118,19,386
2024-06-25,SKU0033,1089,132,19,386
2024-07-02,SKU0033,1151,136,19,386
2024-07-09,SKU0033,1146,106,19,386
2024-07-16,SKU0033,1148,128,19,386
2024-07-23,SKU0033,1161,121,19,386
2024-07-30,SKU0033,1170,110,19,386
2024-08-06,SKU0033,1144,112,19,386
2024-08-13,SKU0033,1204,130,19,386
2024-08-20,SKU0033,1198,122,19,386
2024-08-27,SKU0033,1171,112,19,386
2024-09-03,SKU0033,1230,108,19,386
2024-09-10,SKU0033,1226,92,19,386
2024-09-17,SKU0033,1212,127,19,386
2024-09-24,SKU0033,1225,117,19,386
2024-10-01,SKU0033,1121,116,19,386
2024-10-08,SKU0033,1057,125,19,386
2024-10-15,SKU0033,1065,119,19,386
2024-10-22,SKU0033,1001,110,19,386
2024-10-29,SKU0033,946,130,19,386
2024-11-05,SKU0033,904,104,19,386
2024-11-12,SKU0033,708,123,19,386
2024-11-19,SKU0033,630,105,19,386
2024-11-26,SKU0033,580,107,19,386
2024-12-03,SKU0033,536,115,19,386
2024-12-10,SKU0033,570,125,19,386
2024-12-17,SKU0033,498,120,19,386
2024-12-24,SKU0033,353,111,19,386
2024-12-31,SKU0033,2,117,19,386
2025-01-07,SKU0033,0,116,19,386
2025-01-14,SKU0033,0,131,19,386
2025-01-21,SKU0033,0,124,19,386
2025-01-28,SKU0033,0,104,19,386
2025-02-04,SKU0033,0,125,19,386
2025-02-11,SKU0033,0,98,19,386
2025-02-18,SKU0033,18,119,19,386
2025-02-25,SKU0033,0,119,19,386
2025-03-04,SKU0033,0,116,19,386
2025-03-11,SKU0033,0,102,19,386
2025-03-18,SKU0033,0,143,19,386
2025-03-25,SKU0033,38,111,19,386
2025-04-01,SKU0033,107,109,19,386
2025-04-08,SKU0033,117,111,19,386
2025-04-15,SKU0033,150,118,19,386
2025-04-22,SKU0033,199,140,19,386
2025-04-29,SKU0033,272,98,19,386
2025-05-06,SKU0033,241,119,19,386
2025-05-13,SKU0033,271,121,19,386
2025-05-20,SKU0033,297,115,19,386
2025-05-27,SKU0033,360,103,19,386
2025-06-03,SKU0033,378,127,19,386
2025-06-10,SKU0033,351,131,19,386
2025-06-17,SKU0033,367,131,19,386
2025-06-24,SKU0033,451,127,19,386
2025-07-01,SKU0033,460,101,19,386
2025-07-08,SKU0033,446,102,19,386
2025-07-15,SKU0033,457,125,19,386
2025-07-22,SKU0033,507,98,19,386
2025-07-29,SKU0033,472,118,19,386
2025-08-05,SKU0033,505,110,19,386
2025-08-12,SKU0033,442,107,19,386
2025-08-19,SKU0033,475,101,19,386
2025-08-26,SKU0033,434,138,19,386
2024-05-12,SKU0034,1538,179,16,827
2024-05-19,SKU0034,1634,154,16,827
2024-05-26,SKU0034,1768,150,16,827
2024-06-02,SKU0034,1794,151,16,827
2024-06-09,SKU0034,1620,153,16,827
2024-06-16,SKU0034,1680,186,16,827
2024-06-23,SKU0034,1761,174,16,827
2024-06-30,SKU0034,1780,158,16,827
2024-07-07,SKU0034,1767,197,16,827
2024-07-14,SKU0034,1786,165,16,827
2024-07-21,SKU0034,1835,175,16,827
2024-07-28,SKU0034,1899,170,16,827
2024-08-04,SKU0034,1910,169,16,827
2024-08-11,SKU0034,1998,180,16,827
2024-08-18,SKU0034,1951,175,16,827
2024-08-25,SKU0034,1903,160,16,827
2024-09-01,SKU0034,2012,183,16,827
2024-09-08,SKU0034,2033,162,16,827
2024-09-15,SKU0034,2132,171,16,827
2024-09-22,SKU0034,2200,166,16,827
2024-09-29,SKU0034,2256,182,16,827
2024-10-06,SKU0034,2152,160,16,827
2024-10-13,SKU0034,2187,156,16,827
2024-10-20,SKU0034,2187,165,16,827
2024-10-27,SKU0034,2083,160,16,827
2024-11-03,SKU0034,2095,174,16,827
2024-11-10,SKU0034,1869,173,16,827
2024-11-17,SKU0034,1757,155,16,827
2024-11-24,SKU0034,1642,177,16,827
2024-12-01,SKU0034,1580,170,16,827
2024-12-08,SKU0034,1512,190,16,827
2024-12-15,SKU0034,1521,167,16,827
2024-12-22,SKU0034,1412,153,16,827
2024-12-29,SKU0034,1034,179,16,827
2025-01-05,SKU0034,767,171,16,827
2025-01-12,SKU0034,701,178,16,827
2025-01-19,SKU0034,678,152,16,827
2025-01-26,SKU0034,587,159,16,827
2025-02-02,SKU0034,578,168,16,827
2025-02-09,SKU0034,557,159,16,827
2025-02-16,SKU0034,534,169,16,827
2025-02-23,SKU0034,448,168,16,827
2025-03-02,SKU0034,411,181,16,827
2025-03-09,SKU0034,492,158,16,827
2025-03-16,SKU0034,481,194,16,827
2025-03-23,SKU0034,443,164,16,827
2025-03-30,SKU0034,332,199,16,827
2025-04-06,SKU0034,308,156,16,827
2025-04-13,SKU0034,310,157,16,827
2025-04-20,SKU0034,394,180,16,827
2025-04-27,SKU0034,378,163,16,827
2025-05-04,SKU0034,284,168,16,827
2025-05-11,SKU0034,268,150,16,827
2025-05-18,SKU0034,347,160,16,827
2025-05-25,SKU0034,421,150,16,827
2025-06-01,SKU0034,444,161,16,827
2025-06-08,SKU0034,252,174,16,827
2025-06-15,SKU0034,176,176,16,827
2025-06-22,SKU0034,230,167,16,827
2025-06-29,SKU0034,307,170,16,827
2025-07-06,SKU0034,400,171,16,827
2025-07-13,SKU0034,431,162,16,827
2025-07-20,SKU0034,363,168,16,827
2025-07-27,SKU0034,320,160,16,827
2025-08-03,SKU0034,260,164,16,827
2025-08-10,SKU0034,273,171,16,827
2025-08-17,SKU0034,263,174,16,827
2025-08-24,SKU0034,346,153,16,827
2025-08-31,SKU0034,423,165,16,827
2023-11-16,SKU0035,406,111,16,504
2023-11-23,SKU0035,382,121,16,504
2023-11-30,SKU0035,337,104,16,504
2023-12-07,SKU0035,256,116,16,504
2023-12-14,SKU0035,237,114,16,504
2023-12-21,SKU0035,257,122,16,504
2023-12-28,SKU0035,190,128,16,504
2024-01-04,SKU0035,178,117,16,504
2024-01-11,SKU0035,242,100,16,504
2024-01-18,SKU0035,235,129,16,504
2024-01-25,SKU0035,235,138,16,504
2024-02-01,SKU0035,252,126,16,504
2024-02-08,SKU0035,340,123,16,504
2024-02-15,SKU0035,366,113,16,504
2024-02-22,SKU0035,491,103,16,504
2024-02-29,SKU0035,505,122,16,504
2024-03-07,SKU0035,516,105,16,504
2024-03-14,SKU0035,565,110,16,504
2024-03-21,SKU0035,661,99,16,504
2024-03-28,SKU0035,700,113,16,504
2024-04-04,SKU0035,721,118,16,504
2024-04-11,SKU0035,702,118,16,504
2024-04-18,SKU0035,733,115,16,504
2024-04-25,SKU0035,780,115,16,504
2024-05-02,SKU0035,846,98,16,504
2024-05-09,SKU0035,818,117,16,504
2024-05-16,SKU0035,876,107,16,504
2024-05-23,SKU0035,902,116,16,504
2024-05-30,SKU0035,837,92,16,504
2024-06-06,SKU0035,699,143,16,504
2024-06-13,SKU0035,620,129,16,504
2024-06-20,SKU0035,565,104,16,504
2024-06-27,SKU0035,612,103,16,504
2024-07-04,SKU0035,587,110,16,504
2024-07-11,SKU0035,588,120,16,504
2024-07-18,SKU0035,612,136,16,504
2024-07-25,SKU0035,573,104,16,504
2024-08-01,SKU0035,471,131,16,504
2024-08-08,SKU0035,335,93,16,504
2024-08-15,SKU0035,320,120,16,504
2024-08-22,SKU0035,261,109,16,504
2024-08-29,SKU0035,269,112,16,504
2024-09-05,SKU0035,171,112,16,504
2024-09-12,SKU0035,182,119,16,504
2024-09-19,SKU0035,133,97,16,504
2024-09-26,SKU0035,31,107,16,504
2024-10-03,SKU0035,0,123,16,504
2024-10-10,SKU0035,0,133,16,504
2024-10-17,SKU0035,57,135,16,504
2024-10-24,SKU0035,0,119,16,504
2024-10-31,SKU0035,0,107,16,504
2024-11-07,SKU0035,20,133,16,504
2024-11-14,SKU0035,0,105,16,504
2024-11-21,SKU0035,0,116,16,504
2024-11-28,SKU0035,0,118,16,504
2024-12-05,SKU0035,0,140,16,504
2024-12-12,SKU0035,13,100,16,504
2024-12-19,SKU0035,22,98,16,504
2024-12-26,SKU0035,0,110,16,504
2025-01-02,SKU0035,0,118,16,504
2025-01-09,SKU0035,38,119,16,504
2025-01-16,SKU0035,43,133,16,504
2025-01-23,SKU0035,0,127,16,504
2025-01-30,SKU0035,34,131,16,504
2025-02-06,SKU0035,14,123,16,504
2025-02-13,SKU0035,12,131,16,504
2025-02-20,SKU0035,0,132,16,504
2025-02-27,SKU0035,88,120,16,504
2025-03-06,SKU0035,48,112,16,504
2025-03-13,SKU0035,152,131,16,504
2025-03-20,SKU0035,175,103,16,504
2025-03-27,SKU0035,112,109,16,504
2025-04-03,SKU0035,162,131,16,504
2025-04-10,SKU0035,210,96,16,504
2025-04-17,SKU0035,199,101,16,504
2025-04-24,SKU0035,224,125,16,504
2025-05-01,SKU0035,216,112,16,504
2025-05-08,SKU0035,237,123,16,504
2025-05-15,SKU0035,348,126,16,504
2025-05-22,SKU0035,438,108,16,504
2025-05-29,SKU0035,483,110,16,504
2025-06-05,SKU0035,443,111,16,504
2025-06-12,SKU0035,370,133,16,504
2025-06-19,SKU0035,382,104,16,504
2025-06-26,SKU0035,369,108,16,504
2025-07-03,SKU0035,375,117,16,504
2025-07-10,SKU0035,302,135,16,504
2025-07-17,SKU0035,236,112,16,504
2025-07-24,SKU0035,224,100,16,504
2025-07-31,SKU0035,149,105,16,504
2025-08-07,SKU0035,168,115,16,504
2025-08-14,SKU0035,101,104,16,504
2025-08-21,SKU0035,2,124,16,504
2025-08-28,SKU0035,43,111,16,504
2025-06-19,SKU0036,734,110,19,445
2025-06-26,SKU0036,728,105,19,445
2025-07-03,SKU0036,788,124,19,445
2025-07-10,SKU0036,784,121,19,445
2025-07-17,SKU0036,748,132,19,445
2025-07-24,SKU0036,735,113,19,445
2025-07-31,SKU0036,669,115,19,445
2025-08-07,SKU0036,657,118,19,445
2025-08-14,SKU0036,646,108,19,445
2025-08-21,SKU0036,575,116,19,445
2025-08-28,SKU0036,599,128,19,445
2023-09-27,SKU0037,714,54,7,188
2023-10-04,SKU0037,699,61,7,188
2023-10-11,SKU0037,747,47,7,188
2023-10-18,SKU0037,760,56,7,188
2023-10-25,SKU0037,752,63,7,188
2023-11-01,SKU0037,812,52,7,188
2023-11-08,SKU0037,946,56,7,188
2023-11-15,SKU0037,984,45,7,188
2023-11-22,SKU0037,912,50,7,188
2023-11-29,SKU0037,807,65,7,188
2023-12-06,SKU0037,847,45,7,188
2023-12-13,SKU0037,826,51,7,188
2023-12-20,SKU0037,913,51,7,188
2023-12-27,SKU0037,799,56,7,188
2024-01-03,SKU0037,577,43,7,188
2024-01-10,SKU0037,531,55,7,188
2024-01-17,SKU0037,573,51,7,188
2024-01-24,SKU0037,557,52,7,188
2024-01-31,SKU0037,534,40,7,188
2024-02-07,SKU0037,604,51,7,188
2024-02-14,SKU0037,558,52,7,188
2024-02-21,SKU0037,514,67,7,188
2024-02-28,SKU0037,573,57,7,188
2024-03-06,SKU0037,640,44,7,188
2024-03-13,SKU0037,498,49,7,188
2024-03-20,SKU0037,535,51,7,188
2024-03-27,SKU0037,532,38,7,188
2024-04-03,SKU0037,582,58,7,188
2024-04-10,SKU0037,571,43,7,188
2024-04-17,SKU0037,540,55,7,188
2024-04-24,SKU0037,467,65,7,188
2024-05-01,SKU0037,448,43,7,188
2024-05-08,SKU0037,357,50,7,188
2024-05-15,SKU0037,368,45,7,188
2024-05-22,SKU0037,248,49,7,188
2024-05-29,SKU0037,221,47,7,188
2024-06-05,SKU0037,97,45,7,188
2024-06-12,SKU0037,0,44,7,188
2024-06-19,SKU0037,0,44,7,188
2024-06-26,SKU0037,0,42,7,188
2024-07-03,SKU0037,8,53,7,188
2024-07-10,SKU0037,20,63,7,188
2024-07-17,SKU0037,0,41,7,188
2024-07-24,SKU0037,49,54,7,188
2024-07-31,SKU0037,84,63,7,188
2024-08-07,SKU0037,51,69,7,188
2024-08-14,SKU0037,165,63,7,188
2024-08-21,SKU0037,107,45,7,188
2024-08-28,SKU0037,189,52,7,188
2024-09-04,SKU0037,207,57,7,188
2024-09-11,SKU0037,170,52,7,188
2024-09-18,SKU0037,284,72,7,188
2024-09-25,SKU0037,411,48,7,188
2024-10-02,SKU0037,479,44,7,188
2024-10-09,SKU0037,412,51,7,188
2024-10-16,SKU0037,471,52,7,188
2024-10-23,SKU0037,513,47,7,188
2024-10-30,SKU0037,526,57,7,188
2024-11-06,SKU0037,565,35,7,188
2024-11-13,SKU0037,557,49,7,188
2024-11-20,SKU0037,513,50,7,188
2024-11-27,SKU0037,500,60,7,188
2024-12-04,SKU0037,472,42,7,188
2024-12-11,SKU0037,483,58,7,188
2024-12-18,SKU0037,491,37,7,188
2024-12-25,SKU0037,434,65,7,188
2025-01-01,SKU0037,285,46,7,188
2025-01-08,SKU0037,359,53,7,188
2025-01-15,SKU0037,435,43,7,188
2025-01-22,SKU0037,489,53,7,188
2025-01-29,SKU0037,504,45,7,188
2025-02-05,SKU0037,454,58,7,188
2025-02-12,SKU0037,472,53,7,188
2025-02-19,SKU0037,432,46,7,188
2025-02-26,SKU0037,514,58,7,188
2025-03-05,SKU0037,523,57,7,188
2025-03-12,SKU0037,440,58,7,188
2025-03-19,SKU0037,376,53,7,188
2025-03-26,SKU0037,331,47,7,188
2025-04-02,SKU0037,260,47,7,188
2025-04-09,SKU0037,276,63,7,188
2025-04-16,SKU0037,204,48,7,188
2025-04-23,SKU0037,190,58,7,188
2025-04-30,SKU0037,235,61,7,188
2025-05-07,SKU0037,284,43,7,188
2025-05-14,SKU0037,256,67,7,188
2025-05-21,SKU0037,255,49,7,188
2025-05-28,SKU0037,254,46,7,188
2025-06-04,SKU0037,79,54,7,188
2025-06-11,SKU0037,0,48,7,188
2025-06-18,SKU0037,0,56,7,188
2025-06-25,SKU0037,0,68,7,188
2025-07-02,SKU0037,67,52,7,188
2025-07-09,SKU0037,0,47,7,188
2025-07-16,SKU0037,0,62,7,188
2025-07-23,SKU0037,0,61,7,188
2025-07-30,SKU0037,59,49,7,188
2025-08-06,SKU0037,74,45,7,188
2025-08-13,SKU0037,20,46,7,188
2025-08-20,SKU0037,0,44,7,188
2025-08-27,SKU0037,96,49,7,188
2025-07-06,SKU0038,216,21,9,76
2025-07-13,SKU0038,201,22,9,76
2025-07-20,SKU0038,201,18,9,76
2025-07-27,SKU0038,187,18,9,76
2025-08-03,SKU0038,173,22,9,76
2025-08-10,SKU0038,162,18,9,76
2025-08-17,SKU0038,182,11,9,76
2025-08-24,SKU0038,197,22,9,76
2025-08-31,SKU0038,201,16,9,76
2024-02-27,SKU0039,1288,117,12,404
2024-03-05,SKU0039,1294,129,12,404
2024-03-12,SKU0039,1357,99,12,404
2024-03-19,SKU0039,1247,119,12,404
2024-03-26,SKU0039,1174,115,12,404
2024-04-02,SKU0039,1038,99,12,404
2024-04-09,SKU0039,917,126,12,404
2024-04-16,SKU0039,869,118,12,404
2024-04-23,SKU0039,819,122,12,404
2024-04-30,SKU0039,837,124,12,404
2024-05-07,SKU0039,789,116,12,404
2024-05-14,SKU0039,779,113,12,404
2024-05-21,SKU0039,801,114,12,404
2024-05-28,SKU0039,806,102,12,404
2024-06-04,SKU0039,718,112,12,404
2024-06-11,SKU0039,395,117,12,404
2024-06-18,SKU0039,352,110,12,404
2024-06-25,SKU0039,380,133,12,404
2024-07-02,SKU0039,348,119,12,404
2024-07-09,SKU0039,351,115,12,404
2024-07-16,SKU0039,364,114,12,404
2024-07-23,SKU0039,330,113,12,404
2024-07-30,SKU0039,225,118,12,404
2024-08-06,SKU0039,164,117,12,404
2024-08-13,SKU0039,204,106,12,404
2024-08-20,SKU0039,200,127,12,404
2024-08-27,SKU0039,327,128,12,404
2024-09-03,SKU0039,351,117,12,404
2024-09-10,SKU0039,299,99,12,404
2024-09-17,SKU0039,328,111,12,404
2024-09-24,SKU0039,437,102,12,404
2024-10-01,SKU0039,467,128,12,404
2024-10-08,SKU0039,521,130,12,404
2024-10-15,SKU0039,610,132,12,404
2024-10-22,SKU0039,731,136,12,404
2024-10-29,SKU0039,834,105,12,404
2024-11-05,SKU0039,959,133,12,404
2024-11-12,SKU0039,894,114,12,404
2024-11-19,SKU0039,869,127,12,404
2024-11-26,SKU0039,950,126,12,404
2024-12-03,SKU0039,1015,122,12,404
2024-12-10,SKU0039,1107,118,12,404
2024-12-17,SKU0039,1061,119,12,404
2024-12-24,SKU0039,1003,106,12,404
2024-12-31,SKU0039,936,112,12,404
2025-01-07,SKU0039,993,96,12,404
2025-01-14,SKU0039,1047,127,12,404
2025-01-21,SKU0039,1087,104,12,404
2025-01-28,SKU0039,1139,105,12,404
2025-02-04,SKU0039,1170,108,12,404
2025-02-11,SKU0039,1110,115,12,404
2025-02-18,SKU0039,1126,119,12,404
2025-02-25,SKU0039,1194,115,12,404
2025-03-04,SKU0039,1161,116,12,404
2025-03-11,SKU0039,1214,120,12,404
2025-03-18,SKU0039,1203,112,12,404
2025-03-25,SKU0039,1322,127,12,404
2025-04-01,SKU0039,1191,116,12,404
2025-04-08,SKU0039,1037,111,12,404
2025-04-15,SKU0039,958,105,12,404
2025-04-22,SKU0039,888,132,12,404
2025-04-29,SKU0039,912,109,12,404
2025-05-06,SKU0039,782,137,12,404
2025-05-13,SKU0039,747,131,12,404
2025-05-20,SKU0039,713,120,12,404
2025-05-27,SKU0039,743,120,12,404
2025-06-03,SKU0039,555,112,12,404
2025-06-10,SKU0039,368,114,12,404
2025-06-17,SKU0039,263,117,12,404
2025-06-24,SKU0039,267,107,12,404
2025-07-01,SKU0039,237,120,12,404
2025-07-08,SKU0039,288,108,12,404
2025-07-15,SKU0039,262,120,12,404
2025-07-22,SKU0039,319,93,12,404
2025-07-29,SKU0039,290,110,12,404
2025-08-05,SKU0039,228,100,12,404
2025-08-12,SKU0039,133,112,12,404
2025-08-19,SKU0039,210,122,12,404
2025-08-26,SKU0039,192,113,12,404
2025-07-10,SKU0040,524,141,14,474
2025-07-17,SKU0040,456,113,14,474
2025-07-24,SKU0040,478,147,14,474
2025-07-31,SKU0040,404,141,14,474
2025-08-07,SKU0040,346,128,14,474
2025-08-14,SKU0040,332,119,14,474
2025-08-21,SKU0040,284,126,14,474
2025-08-28,SKU0040,364,118,14,474
2025-05-18,SKU0041,658,130,17,590
2025-05-25,SKU0041,632,146,17,590
2025-06-01,SKU0041,550,160,17,590
2025-06-08,SKU0041,420,158,17,590
2025-06-15,SKU0041,380,147,17,590
2025-06-22,SKU0041,382,146,17,590
2025-06-29,SKU0041,328,133,17,590
2025-07-06,SKU0041,267,124,17,590
2025-07-13,SKU0041,329,132,17,590
2025-07-20,SKU0041,294,125,17,590
2025-07-27,SKU0041,218,101,17,590
2025-08-03,SKU0041,244,145,17,590
2025-08-10,SKU0041,299,142,17,590
2025-08-17,SKU0041,259,141,17,590
2025-08-24,SKU0041,178,138,17,590
2025-08-31,SKU0041,290,136,17,590
2024-06-14,SKU0042,95,30,15,97
2024-06-21,SKU0042,96,35,15,97
2024-06-28,SKU0042,89,16,15,97
2024-07-05,SKU0042,71,20,15,97
2024-07-12,SKU0042,95,23,15,97
2024-07-19,SKU0042,89,29,15,97
2024-07-26,SKU0042,91,26,15,97
2024-08-02,SKU0042,85,38,15,97
2024-08-09,SKU0042,54,35,15,97
2024-08-16,SKU0042,72,20,15,97
2024-08-23,SKU0042,98,25,15,97
2024-08-30,SKU0042,100,22,15,97
2024-09-06,SKU0042,75,39,15,97
2024-09-13,SKU0042,77,30,15,97
2024-09-20,SKU0042,85,27,15,97
2024-09-27,SKU0042,90,21,15,97
2024-10-04,SKU0042,91,29,15,97
2024-10-11,SKU0042,81,31,15,97
2024-10-18,SKU0042,95,25,15,97
2024-10-25,SKU0042,123,19,15,97
2024-11-01,SKU0042,131,25,15,97
2024-11-08,SKU0042,114,17,15,97
2024-11-15,SKU0042,98,23,15,97
2024-11-22,SKU0042,102,25,15,97
2024-11-29,SKU0042,113,24,15,97
2024-12-06,SKU0042,134,26,15,97
2024-12-13,SKU0042,140,23,15,97
2024-12-20,SKU0042,131,19,15,97
2024-12-27,SKU0042,88,19,15,97
2025-01-03,SKU0042,80,19,15,97
2025-01-10,SKU0042,83,30,15,97
2025-01-17,SKU0042,81,28,15,97
2025-01-24,SKU0042,90,28,15,97
2025-01-31,SKU0042,85,20,15,97
2025-02-07,SKU0042,98,17,15,97
2025-02-14,SKU0042,90,27,15,97
2025-02-21,SKU0042,98,23,15,97
2025-02-28,SKU0042,104,35,15,97
2025-03-07,SKU0042,112,28,15,97
2025-03-14,SKU0042,119,37,15,97
2025-03-21,SKU0042,117,24,15,97
2025-03-28,SKU0042,109,28,15,97
2025-04-04,SKU0042,114,22,15,97
2025-04-11,SKU0042,127,25,15,97
2025-04-18,SKU0042,131,21,15,97
2025-04-25,SKU0042,100,29,15,97
2025-05-02,SKU0042,99,22,15,97
2025-05-09,SKU0042,111,30,15,97
2025-05-16,SKU0042,120,30,15,97
2025-05-23,SKU0042,135,25,15,97
2025-05-30,SKU0042,130,22,15,97
2025-06-06,SKU0042,115,19,15,97
2025-06-13,SKU0042,72,25,15,97
2025-06-20,SKU0042,76,22,15,97
2025-06-27,SKU0042,58,28,15,97
2025-07-04,SKU0042,49,31,15,97
2025-07-11,SKU0042,59,29,15,97
2025-07-18,SKU0042,84,24,15,97
2025-07-25,SKU0042,81,28,15,97
2025-08-01,SKU0042,99,23,15,97
2025-08-08,SKU0042,87,26,15,97
2025-08-15,SKU0042,70,10,15,97
2025-08-22,SKU0042,59,22,15,97
2025-08-29,SKU0042,46,33,15,97
2025-06-17,SKU0043,129,20,10,97
2025-06-24,SKU0043,113,21,10,97
2025-07-01,SKU0043,119,41,10,97
2025-07-08,SKU0043,124,20,10,97
2025-07-15,SKU0043,151,32,10,97
2025-07-22,SKU0043,129,16,10,97
2025-07-29,SKU0043,114,30,10,97
2025-08-05,SKU0043,97,22,10,97
2025-08-12,SKU0043,90,34,10,97
2025-08-19,SKU0043,80,22,10,97
2025-08-26,SKU0043,108,22,10,97
2025-02-04,SKU0044,267,6,5,35
2025-02-11,SKU0044,251,10,5,35
2025-02-18,SKU0044,207,5,5,35
2025-02-25,SKU0044,180,13,5,35
2025-03-04,SKU0044,166,7,5,35
2025-03-11,SKU0044,141,12,5,35
2025-03-18,SKU0044,132,12,5,35
2025-03-25,SKU0044,101,4,5,35
2025-04-01,SKU0044,85,9,5,35
2025-04-08,SKU0044,62,9,5,35
2025-04-15,SKU0044,56,10,5,35
2025-04-22,SKU0044,46,10,5,35
2025-04-29,SKU0044,47,7,5,35
2025-05-06,SKU0044,76,6,5,35
2025-05-13,SKU0044,42,10,5,35
2025-05-20,SKU0044,52,6,5,35
2025-05-27,SKU0044,62,12,5,35
2025-06-03,SKU0044,84,6,5,35
2025-06-10,SKU0044,77,11,5,35
2025-06-17,SKU0044,96,8,5,35
2025-06-24,SKU0044,118,6,5,35
2025-07-01,SKU0044,113,5,5,35
2025-07-08,SKU0044,102,13,5,35
2025-07-15,SKU0044,122,9,5,35
2025-07-22,SKU0044,117,5,5,35
2025-07-29,SKU0044,128,13,5,35
2025-08-05,SKU0044,151,7,5,35
2025-08-12,SKU0044,132,11,5,35
2025-08-19,SKU0044,136,11,5,35
2025-08-26,SKU0044,126,8,5,35
2024-04-05,SKU0045,969,89,11,388
2024-04-12,SKU0045,1020,98,11,388
2024-04-19,SKU0045,1020,78,11,388
2024-04-26,SKU0045,976,88,11,388
2024-05-03,SKU0045,1010,93,11,388
2024-05-10,SKU0045,1049,79,11,388
2024-05-17,SKU0045,999,93,11,388
2024-05-24,SKU0045,1009,73,11,388
2024-05-31,SKU0045,1045,82,11,388
2024-06-07,SKU0045,901,90,11,388
2024-06-14,SKU0045,925,73,11,388
2024-06-21,SKU0045,952,91,11,388
2024-06-28,SKU0045,938,76,11,388
2024-07-05,SKU0045,975,63,11,388
2024-07-12,SKU0045,954,74,11,388
2024-07-19,SKU0045,1041,90,11,388
2024-07-26,SKU0045,1071,75,11,388
2024-08-02,SKU0045,1091,85,11,388
2024-08-09,SKU0045,1082,86,11,388
2024-08-16,SKU0045,1057,91,11,388
2024-08-23,SKU0045,1052,81,11,388
2024-08-30,SKU0045,1054,90,11,388
2024-09-06,SKU0045,1129,64,11,388
2024-09-13,SKU0045,1141,77,11,388
2024-09-20,SKU0045,1215,84,11,388
2024-09-27,SKU0045,1311,82,11,388
2024-10-04,SKU0045,1345,76,11,388
2024-10-11,SKU0045,1337,76,11,388
2024-10-18,SKU0045,1314,83,11,388
2024-10-25,SKU0045,1318,70,11,388
2024-11-01,SKU0045,1289,70,11,388
2024-11-08,SKU0045,1314,73,11,388
2024-11-15,SKU0045,1291,77,11,388
2024-11-22,SKU0045,1284,92,11,388
2024-11-29,SKU0045,1286,68,11,388
2024-12-06,SKU0045,1298,99,11,388
2024-12-13,SKU0045,1284,80,11,388
2024-12-20,SKU0045,1256,83,11,388
2024-12-27,SKU0045,1114,83,11,388
2025-01-03,SKU0045,940,74,11,388
2025-01-10,SKU0045,941,85,11,388
2025-01-17,SKU0045,949,97,11,388
2025-01-24,SKU0045,943,85,11,388
2025-01-31,SKU0045,956,82,11,388
2025-02-07,SKU0045,867,79,11,388
2025-02-14,SKU0045,830,95,11,388
2025-02-21,SKU0045,767,86,11,388
2025-02-28,SKU0045,733,84,11,388
2025-03-07,SKU0045,716,87,11,388
2025-03-14,SKU0045,672,86,11,388
2025-03-21,SKU0045,606,91,11,388
2025-03-28,SKU0045,607,83,11,388
2025-04-04,SKU0045,515,81,11,388
2025-04-11,SKU0045,512,77,11,388
2025-04-18,SKU0045,456,77,11,388
2025-04-25,SKU0045,503,95,11,388
2025-05-02,SKU0045,474,97,11,388
2025-05-09,SKU0045,433,82,11,388
2025-05-16,SKU0045,426,71,11,388
2025-05-23,SKU0045,398,77,11,388
2025-05-30,SKU0045,430,84,11,388
2025-06-06,SKU0045,261,76,11,388
2025-06-13,SKU0045,162,82,11,388
2025-06-20,SKU0045,195,76,11,388
2025-06-27,SKU0045,240,82,11,388
2025-07-04,SKU0045,273,71,11,388
2025-07-11,SKU0045,322,56,11,388
2025-07-18,SKU0045,366,85,11,388
2025-07-25,SKU0045,382,80,11,388
2025-08-01,SKU0045,343,86,11,388
2025-08-08,SKU0045,428,72,11,388
2025-08-15,SKU0045,492,89,11,388
2025-08-22,SKU0045,517,84,11,388
2025-08-29,SKU0045,545,85,11,388
2025-06-16,SKU0046,540,50,11,207
2025-06-23,SKU0046,520,36,11,207
2025-06-30,SKU0046,543,46,11,207
2025-07-07,SKU0046,539,53,11,207
2025-07-14,SKU0046,541,50,11,207
2025-07-21,SKU0046,516,49,11,207
2025-07-28,SKU0046,474,62,11,207
2025-08-04,SKU0046,484,38,11,207
2025-08-11,SKU0046,489,49,11,207
2025-08-18,SKU0046,518,46,11,207
2025-08-25,SKU0046,547,43,11,207
2023-11-25,SKU0047,1007,128,15,636
2023-12-02,SKU0047,964,99,15,636
2023-12-09,SKU0047,990,135,15,636
2023-12-16,SKU0047,1046,130,15,636
2023-12-23,SKU0047,995,119,15,636
2023-12-30,SKU0047,897,130,15,636
2024-01-06,SKU0047,922,123,15,636
2024-01-13,SKU0047,928,144,15,636
2024-01-20,SKU0047,1024,147,15,636
2024-01-27,SKU0047,1086,133,15,636
2024-02-03,SKU0047,1046,125,15,636
2024-02-10,SKU0047,1134,140,15,636
2024-02-17,SKU0047,1188,121,15,636
2024-02-24,SKU0047,1235,113,15,636
2024-03-02,SKU0047,1245,137,15,636
2024-03-09,SKU0047,1300,140,15,636
2024-03-16,SKU0047,1324,126,15,636
2024-03-23,SKU0047,1318,141,15,636
2024-03-30,SKU0047,1279,121,15,636
2024-04-06,SKU0047,1259,135,15,636
2024-04-13,SKU0047,1239,130,15,636
2024-04-20,SKU0047,1260,136,15,636
2024-04-27,SKU0047,1252,149,15,636
2024-05-04,SKU0047,1175,129,15,636
2024-05-11,SKU0047,1103,127,15,636
2024-05-18,SKU0047,1003,124,15,636
2024-05-25,SKU0047,900,143,15,636
2024-06-01,SKU0047,892,141,15,636
2024-06-08,SKU0047,738,110,15,636
2024-06-15,SKU0047,621,127,15,636
2024-06-22,SKU0047,661,139,15,636
2024-06-29,SKU0047,718,151,15,636
2024-07-06,SKU0047,677,153,15,636
2024-07-13,SKU0047,717,151,15,636
2024-07-20,SKU0047,684,126,15,636
2024-07-27,SKU0047,704,137,15,636
2024-08-03,SKU0047,716,126,15,636
2024-08-10,SKU0047,680,121,15,636
2024-08-17,SKU0047,641,147,15,636
2024-08-24,SKU0047,711,134,15,636
2024-08-31,SKU0047,838,119,15,636
2024-09-07,SKU0047,816,128,15,636
2024-09-14,SKU0047,776,115,15,636
2024-09-21,SKU0047,807,136,15,636
2024-09-28,SKU0047,847,120,15,636
2024-10-05,SKU0047,901,119,15,636
2024-10-12,SKU0047,980,143,15,636
2024-10-19,SKU0047,930,132,15,636
2024-10-26,SKU0047,910,131,15,636
2024-11-02,SKU0047,946,140,15,636
2024-11-09,SKU0047,969,109,15,636
2024-11-16,SKU0047,877,131,15,636
2024-11-23,SKU0047,809,130,15,636
2024-11-30,SKU0047,884,138,15,636
2024-12-07,SKU0047,974,125,15,636
2024-12-14,SKU0047,1013,145,15,636
2024-12-21,SKU0047,968,121,15,636
2024-12-28,SKU0047,771,125,15,636
2025-01-04,SKU0047,735,138,15,636
2025-01-11,SKU0047,738,150,15,636
2025-01-18,SKU0047,743,133,15,636
2025-01-25,SKU0047,837,128,15,636
2025-02-01,SKU0047,830,116,15,636
2025-02-08,SKU0047,804,143,15,636
2025-02-15,SKU0047,850,132,15,636
2025-02-22,SKU0047,718,148,15,636
2025-03-01,SKU0047,697,129,15,636
2025-03-08,SKU0047,641,122,15,636
2025-03-15,SKU0047,536,122,15,636
2025-03-22,SKU0047,508,137,15,636
2025-03-29,SKU0047,525,133,15,636
2025-04-05,SKU0047,514,125,15,636
2025-04-12,SKU0047,404,151,15,636
2025-04-19,SKU0047,411,121,15,636
2025-04-26,SKU0047,489,134,15,636
2025-05-03,SKU0047,474,132,15,636
2025-05-10,SKU0047,380,120,15,636
2025-05-17,SKU0047,452,131,15,636
2025-05-24,SKU0047,466,124,15,636
2025-05-31,SKU0047,466,132,15,636
2025-06-07,SKU0047,159,115,15,636
2025-06-14,SKU0047,50,140,15,636
2025-06-21,SKU0047,0,138,15,636
2025-06-28,SKU0047,0,140,15,636
2025-07-05,SKU0047,50,133,15,636
2025-07-12,SKU0047,0,141,15,636
2025-07-19,SKU0047,0,135,15,636
2025-07-26,SKU0047,0,123,15,636
2025-08-02,SKU0047,12,138,15,636
2025-08-09,SKU0047,89,138,15,636
2025-08-16,SKU0047,81,132,15,636
2025-08-23,SKU0047,75,128,15,636
2025-08-30,SKU0047,12,132,15,636
2025-04-28,SKU0048,1495,57,5,237
2025-05-05,SKU0048,1595,66,5,237
2025-05-12,SKU0048,1624,54,5,237
2025-05-19,SKU0048,1671,41,5,237
2025-05-26,SKU0048,1701,44,5,237
2025-06-02,SKU0048,1662,66,5,237
2025-06-09,SKU0048,1468,46,5,237
2025-06-16,SKU0048,1426,51,5,237
2025-06-23,SKU0048,1322,47,5,237
2025-06-30,SKU0048,1382,51,5,237
2025-07-07,SKU0048,1353,58,5,237
2025-07-14,SKU0048,1267,64,5,237
2025-07-21,SKU0048,1248,52,5,237
2025-07-28,SKU0048,1286,62,5,237
2025-08-04,SKU0048,1232,60,5,237
2025-08-11,SKU0048,1213,64,5,237
2025-08-18,SKU0048,1123,49,5,237
2025-08-25,SKU0048,1240,62,5,237
2023-11-26,SKU0049,448,78,17,314
2023-12-03,SKU0049,437,88,17,314
2023-12-10,SKU0049,491,82,17,314
2023-12-17,SKU0049,520,80,17,314
2023-12-24,SKU0049,516,69,17,314
2023-12-31,SKU0049,525,73,17,314
2024-01-07,SKU0049,573,68,17,314
2024-01-14,SKU0049,632,82,17,314
2024-01-21,SKU0049,641,62,17,314
2024-01-28,SKU0049,666,77,17,314
2024-02-04,SKU0049,713,72,17,314
2024-02-11,SKU0049,750,69,17,314
2024-02-18,SKU0049,796,84,17,314
2024-02-25,SKU0049,802,87,17,314
2024-03-03,SKU0049,869,87,17,314
2024-03-10,SKU0049,925,71,17,314
2024-03-17,SKU0049,973,79,17,314
2024-03-24,SKU0049,1008,81,17,314
2024-03-31,SKU0049,993,69,17,314
2024-04-07,SKU0049,999,83,17,314
2024-04-14,SKU0049,1029,78,17,314
2024-04-21,SKU0049,1066,70,17,314
2024-04-28,SKU0049,1101,87,17,314
2024-05-05,SKU0049,1078,67,17,314
2024-05-12,SKU0049,1054,83,17,314
2024-05-19,SKU0049,1012,69,17,314
2024-05-26,SKU0049,1029,91,17,314
2024-06-02,SKU0049,1061,74,17,314
2024-06-09,SKU0049,971,90,17,314
2024-06-16,SKU0049,937,83,17,314
2024-06-23,SKU0049,928,70,17,314
2024-06-30,SKU0049,946,65,17,314
2024-07-07,SKU0049,957,75,17,314
2024-07-14,SKU0049,928,71,17,314
2024-07-21,SKU0049,905,67,17,314
2024-07-28,SKU0049,889,87,17,314
2024-08-04,SKU0049,921,76,17,314
2024-08-11,SKU0049,885,69,17,314
2024-08-18,SKU0049,913,69,17,314
2024-08-25,SKU0049,894,79,17,314
2024-09-01,SKU0049,911,71,17,314
2024-09-08,SKU0049,911,83,17,314
2024-09-15,SKU0049,885,74,17,314
2024-09-22,SKU0049,862,77,17,314
2024-09-29,SKU0049,842,71,17,314
2024-10-06,SKU0049,845,69,17,314
2024-10-13,SKU0049,847,89,17,314
2024-10-20,SKU0049,877,83,17,314
2024-10-27,SKU0049,897,71,17,314
2024-11-03,SKU0049,919,68,17,314
2024-11-10,SKU0049,978,79,17,314
2024-11-17,SKU0049,915,70,17,314
2024-11-24,SKU0049,972,70,17,314
2024-12-01,SKU0049,949,64,17,314
2024-12-08,SKU0049,940,77,17,314
2024-12-15,SKU0049,973,73,17,314
2024-12-22,SKU0049,1032,81,17,314
2024-12-29,SKU0049,986,82,17,314
2025-01-05,SKU0049,969,68,17,314
2025-01-12,SKU0049,1041,82,17,314
2025-01-19,SKU0049,1074,74,17,314
2025-01-26,SKU0049,1107,81,17,314
2025-02-02,SKU0049,1118,84,17,314
2025-02-09,SKU0049,1174,63,17,314
2025-02-16,SKU0049,1193,90,17,314
2025-02-23,SKU0049,1211,81,17,314
2025-03-02,SKU0049,1201,66,17,314
2025-03-09,SKU0049,1194,82,17,314
2025-03-16,SKU0049,1177,73,17,314
2025-03-23,SKU0049,1206,71,17,314
2025-03-30,SKU0049,1208,77,17,314
2025-04-06,SKU0049,1195,86,17,314
2025-04-13,SKU0049,1175,73,17,314
2025-04-20,SKU0049,1160,74,17,314
2025-04-27,SKU0049,1183,83,17,314
2025-05-04,SKU0049,1125,65,17,314
2025-05-11,SKU0049,1157,77,17,314
2025-05-18,SKU0049,1142,71,17,314
2025-05-25,SKU0049,1117,87,17,314
2025-06-01,SKU0049,1096,95,17,314
2025-06-08,SKU0049,920,78,17,314
2025-06-15,SKU0049,866,74,17,314
2025-06-22,SKU0049,858,74,17,314
2025-06-29,SKU0049,828,69,17,314
2025-07-06,SKU0049,800,73,17,314
2025-07-13,SKU0049,753,77,17,314
2025-07-20,SKU0049,704,69,17,314
2025-07-27,SKU0049,695,78,17,314
2025-08-03,SKU0049,655,75,17,314
2025-08-10,SKU0049,611,98,17,314
2025-08-17,SKU0049,540,59,17,314
2025-08-24,SKU0049,487,69,17,314
2025-08-31,SKU0049,454,74,17,314
2024-08-21,SKU0050,354,146,20,480
2024-08-28,SKU0050,416,135,20,480
2024-09-04,SKU0050,412,123,20,480
2024-09-11,SKU0050,443,142,20,480
2024-09-18,SKU0050,449,128,20,480
2024-09-25,SKU0050,546,133,20,480
2024-10-02,SKU0050,594,113,20,480
2024-10-09,SKU0050,597,120,20,480
2024-10-16,SKU0050,577,111,20,480
2024-10-23,SKU0050,591,141,20,480
2024-10-30,SKU0050,650,143,20,480
2024-11-06,SKU0050,556,105,20,480
2024-11-13,SKU0050,322,124,20,480
2024-11-20,SKU0050,325,125,20,480
2024-11-27,SKU0050,323,128,20,480
2024-12-04,SKU0050,303,130,20,480
2024-12-11,SKU0050,299,129,20,480
2024-12-18,SKU0050,189,119,20,480
2024-12-25,SKU0050,0,116,20,480
2025-01-01,SKU0050,0,107,20,480
2025-01-08,SKU0050,0,110,20,480
2025-01-15,SKU0050,31,112,20,480
2025-01-22,SKU0050,0,123,20,480
2025-01-29,SKU0050,25,99,20,480
2025-02-05,SKU0050,0,128,20,480
2025-02-12,SKU0050,43,121,20,480
2025-02-19,SKU0050,29,122,20,480
2025-02-26,SKU0050,0,123,20,480
2025-03-05,SKU0050,7,115,20,480
2025-03-12,SKU0050,0,134,20,480
2025-03-19,SKU0050,0,107,20,480
2025-03-26,SKU0050,31,130,20,480
2025-04-02,SKU0050,0,152,20,480
2025-04-09,SKU0050,0,116,20,480
2025-04-16,SKU0050,0,133,20,480
2025-04-23,SKU0050,0,130,20,480
2025-04-30,SKU0050,44,158,20,480
2025-05-07,SKU0050,52,136,20,480
2025-05-14,SKU0050,32,134,20,480
2025-05-21,SKU0050,55,130,20,480
2025-05-28,SKU0050,51,136,20,480
2025-06-04,SKU0050,1,143,20,480
2025-06-11,SKU0050,0,140,20,480
2025-06-18,SKU0050,99,114,20,480
2025-06-25,SKU0050,204,136,20,480
2025-07-02,SKU0050,177,132,20,480
2025-07-09,SKU0050,296,143,20,480
2025-07-16,SKU0050,384,131,20,480
2025-07-23,SKU0050,417,125,20,480
2025-07-30,SKU0050,408,126,20,480
2025-08-06,SKU0050,418,130,20,480
2025-08-13,SKU0050,449,143,20,480
2025-08-20,SKU0050,469,139,20,480
2025-08-27,SKU0050,469,120,20,480
2023-09-18,SKU0051,1245,117,15,614
2023-09-25,SKU0051,1274,142,15,614
2023-10-02,SKU0051,1285,130,15,614
2023-10-09,SKU0051,1272,115,15,614
2023-10-16,SKU0051,1248,123,15,614
2023-10-23,SKU0051,1261,122,15,614
2023-10-30,SKU0051,1255,135,15,614
2023-11-06,SKU0051,1194,119,15,614
2023-11-13,SKU0051,1133,132,15,614
2023-11-20,SKU0051,1188,118,15,614
2023-11-27,SKU0051,1107,119,15,614
2023-12-04,SKU0051,1084,117,15,614
2023-12-11,SKU0051,1070,110,15,614
2023-12-18,SKU0051,1086,147,15,614
2023-12-25,SKU0051,1001,133,15,614
2024-01-01,SKU0051,832,129,15,614
2024-01-08,SKU0051,739,160,15,614
2024-01-15,SKU0051,791,132,15,614
2024-01-22,SKU0051,809,118,15,614
2024-01-29,SKU0051,758,125,15,614
2024-02-05,SKU0051,669,130,15,614
2024-02-12,SKU0051,614,133,15,614
2024-02-19,SKU0051,538,131,15,614
2024-02-26,SKU0051,496,115,15,614
2024-03-04,SKU0051,423,147,15,614
2024-03-11,SKU0051,421,149,15,614
2024-03-18,SKU0051,367,108,15,614
2024-03-25,SKU0051,366,121,15,614
2024-04-01,SKU0051,330,113,15,614
2024-04-08,SKU0051,345,126,15,614
2024-04-15,SKU0051,329,111,15,614
2024-04-22,SKU0051,309,123,15,614
2024-04-29,SKU0051,300,116,15,614
2024-05-06,SKU0051,328,137,15,614
2024-05-13,SKU0051,335,134,15,614
2024-05-20,SKU0051,332,144,15,614
2024-05-27,SKU0051,322,121,15,614
2024-06-03,SKU0051,281,136,15,614
2024-06-10,SKU0051,90,106,15,614
2024-06-17,SKU0051,0,143,15,614
2024-06-24,SKU0051,70,138,15,614
2024-07-01,SKU0051,132,116,15,614
2024-07-08,SKU0051,193,126,15,614
2024-07-15,SKU0051,202,131,15,614
2024-07-22,SKU0051,145,134,15,614
2024-07-29,SKU0051,229,142,15,614
2024-08-05,SKU0051,256,137,15,614
2024-08-12,SKU0051,237,131,15,614
2024-08-19,SKU0051,212,133,15,614
2024-08-26,SKU0051,278,134,15,614
2024-09-02,SKU0051,301,123,15,614
2024-09-09,SKU0051,332,151,15,614
2024-09-16,SKU0051,396,119,15,614
2024-09-23,SKU0051,338,127,15,614
2024-09-30,SKU0051,447,147,15,614
2024-10-07,SKU0051,441,121,15,614
2024-10-14,SKU0051,449,114,15,614
2024-10-21,SKU0051,517,110,15,614
2024-10-28,SKU0051,624,132,15,614
2024-11-04,SKU0051,601,121,15,614
2024-11-11,SKU0051,573,125,15,614
2024-11-18,SKU0051,437,130,15,614
2024-11-25,SKU0051,410,144,15,614
2024-12-02,SKU0051,477,135,15,614
2024-12-09,SKU0051,412,122,15,614
2024-12-16,SKU0051,478,103,15,614
2024-12-23,SKU0051,395,123,15,614
2024-12-30,SKU0051,228,142,15,614
2025-01-06,SKU0051,178,141,15,614
2025-01-13,SKU0051,242,139,15,614
2025-01-20,SKU0051,274,111,15,614
2025-01-27,SKU0051,329,130,15,614
2025-02-03,SKU0051,286,126,15,614
2025-02-10,SKU0051,201,114,15,614
2025-02-17,SKU0051,128,128,15,614
2025-02-24,SKU0051,65,106,15,614
2025-03-03,SKU0051,58,109,15,614
2025-03-10,SKU0051,38,125,15,614
2025-03-17,SKU0051,75,128,15,614
2025-03-24,SKU0051,107,130,15,614
2025-03-31,SKU0051,93,138,15,614
2025-04-07,SKU0051,30,123,15,614
2025-04-14,SKU0051,20,114,15,614
2025-04-21,SKU0051,49,129,15,614
2025-04-28,SKU0051,81,118,15,614
2025-05-05,SKU0051,26,140,15,614
2025-05-12,SKU0051,0,136,15,614
2025-05-19,SKU0051,41,130,15,614
2025-05-26,SKU0051,23,138,15,614
2025-06-02,SKU0051,0,128,15,614
2025-06-09,SKU0051,0,123,15,614
2025-06-16,SKU0051,0,141,15,614
2025-06-23,SKU0051,21,137,15,614
2025-06-30,SKU0051,34,136,15,614
2025-07-07,SKU0051,0,125,15,614
2025-07-14,SKU0051,0,131,15,614
2025-07-21,SKU0051,62,139,15,614
2025-07-28,SKU0051,189,168,15,614
2025-08-04,SKU0051,189,145,15,614
2025-08-11,SKU0051,142,115,15,614
2025-08-18,SKU0051,111,133,15,614
2025-08-25,SKU0051,104,132,15,614
2025-02-06,SKU0052,1081,251,20,1100
2025-02-13,SKU0052,1044,245,20,1100
2025-02-20,SKU0052,1035,235,20,1100
2025-02-27,SKU0052,906,212,20,1100
2025-03-06,SKU0052,961,209,20,1100
2025-03-13,SKU0052,1051,210,20,1100
2025-03-20,SKU0052,981,203,20,1100
2025-03-27,SKU0052,953,228,20,1100
2025-04-03,SKU0052,1010,201,20,1100
2025-04-10,SKU0052,1085,225,20,1100
2025-04-17,SKU0052,1223,214,20,1100
2025-04-24,SKU0052,1234,190,20,1100
2025-05-01,SKU0052,1232,195,20,1100
2025-05-08,SKU0052,1256,199,20,1100
2025-05-15,SKU0052,1167,233,20,1100
2025-05-22,SKU0052,1216,198,20,1100
2025-05-29,SKU0052,1150,245,20,1100
2025-06-05,SKU0052,992,223,20,1100
2025-06-12,SKU0052,711,197,20,1100
2025-06-19,SKU0052,700,243,20,1100
2025-06-26,SKU0052,783,210,20,1100
2025-07-03,SKU0052,780,250,20,1100
2025-07-10,SKU0052,657,258,20,1100
2025-07-17,SKU0052,595,219,20,1100
2025-07-24,SKU0052,641,197,20,1100
2025-07-31,SKU0052,629,196,20,1100
2025-08-07,SKU0052,646,214,20,1100
2025-08-14,SKU0052,562,240,20,1100
2025-08-21,SKU0052,472,241,20,1100
2025-08-28,SKU0052,360,232,20,1100
2025-03-17,SKU0053,462,149,16,554
2025-03-24,SKU0053,374,142,16,554
2025-03-31,SKU0053,510,145,16,554
2025-04-07,SKU0053,511,120,16,554
2025-04-14,SKU0053,519,168,16,554
2025-04-21,SKU0053,453,164,16,554
2025-04-28,SKU0053,476,144,16,554
2025-05-05,SKU0053,525,134,16,554
2025-05-12,SKU0053,558,145,16,554
2025-05-19,SKU0053,597,160,16,554
2025-05-26,SKU0053,753,142,16,554
2025-06-02,SKU0053,812,136,16,554
2025-06-09,SKU0053,674,143,16,554
2025-06-16,SKU0053,562,142,16,554
2025-06-23,SKU0053,496,170,16,554
2025-06-30,SKU0053,453,134,16,554
2025-07-07,SKU0053,476,155,16,554
2025-07-14,SKU0053,378,153,16,554
2025-07-21,SKU0053,338,137,16,554
2025-07-28,SKU0053,388,124,16,554
2025-08-04,SKU0053,470,158,16,554
2025-08-11,SKU0053,417,148,16,554
2025-08-18,SKU0053,355,137,16,554
2025-08-25,SKU0053,424,147,16,554
2024-03-20,SKU0054,447,78,19,376
2024-03-27,SKU0054,471,83,19,376
2024-04-03,SKU0054,521,104,19,376
2024-04-10,SKU0054,547,86,19,376
2024-04-17,SKU0054,546,92,19,376
2024-04-24,SKU0054,533,77,19,376
2024-05-01,SKU0054,514,84,19,376
2024-05-08,SKU0054,497,74,19,376
2024-05-15,SKU0054,499,87,19,376
2024-05-22,SKU0054,570,77,19,376
2024-05-29,SKU0054,564,78,19,376
2024-06-05,SKU0054,513,73,19,376
2024-06-12,SKU0054,492,90,19,376
2024-06-19,SKU0054,509,82,19,376
2024-06-26,SKU0054,545,77,19,376
2024-07-03,SKU0054,562,80,19,376
2024-07-10,SKU0054,594,83,19,376
2024-07-17,SKU0054,639,71,19,376
2024-07-24,SKU0054,656,104,19,376
2024-07-31,SKU0054,690,86,19,376
2024-08-07,SKU0054,670,73,19,376
2024-08-14,SKU0054,635,81,19,376
2024-08-21,SKU0054,605,97,19,376
2024-08-28,SKU0054,640,68,19,376
2024-09-04,SKU0054,635,101,19,376
2024-09-11,SKU0054,617,79,19,376
2024-09-18,SKU0054,595,79,19,376
2024-09-25,SKU0054,611,94,19,376
2024-10-02,SKU0054,611,73,19,376
2024-10-09,SKU0054,588,79,19,376
2024-10-16,SKU0054,549,87,19,376
2024-10-23,SKU0054,536,86,19,376
2024-10-30,SKU0054,484,73,19,376
2024-11-06,SKU0054,420,80,19,376
2024-11-13,SKU0054,281,82,19,376
2024-11-20,SKU0054,234,92,19,376
2024-11-27,SKU0054,193,85,19,376
2024-12-04,SKU0054,112,95,19,376
2024-12-11,SKU0054,80,96,19,376
2024-12-18,SKU0054,14,89,19,376
2024-12-25,SKU0054,0,91,19,376
2025-01-01,SKU0054,0,98,19,376
2025-01-08,SKU0054,0,84,19,376
2025-01-15,SKU0054,2,94,19,376
2025-01-22,SKU0054,16,85,19,376
2025-01-29,SKU0054,14,77,19,376
2025-02-05,SKU0054,45,74,19,376
2025-02-12,SKU0054,21,86,19,376
2025-02-19,SKU0054,0,93,19,376
2025-02-26,SKU0054,0,96,19,376
2025-03-05,SKU0054,0,74,19,376
2025-03-12,SKU0054,47,89,19,376
2025-03-19,SKU0054,26,76,19,376
2025-03-26,SKU0054,47,67,19,376
2025-04-02,SKU0054,50,90,19,376
2025-04-09,SKU0054,48,79,19,376
2025-04-16,SKU0054,117,87,19,376
2025-04-23,SKU0054,153,84,19,376
2025-04-30,SKU0054,117,80,19,376
2025-05-07,SKU0054,171,80,19,376
2025-05-14,SKU0054,205,84,19,376
2025-05-21,SKU0054,254,75,19,376
2025-05-28,SKU0054,247,99,19,376
2025-06-04,SKU0054,242,75,19,376
2025-06-11,SKU0054,160,91,19,376
2025-06-18,SKU0054,130,100,19,376
2025-06-25,SKU0054,131,69,19,376
2025-07-02,SKU0054,120,81,19,376
2025-07-09,SKU0054,85,90,19,376
2025-07-16,SKU0054,56,90,19,376
2025-07-23,SKU0054,101,72,19,376
2025-07-30,SKU0054,146,84,19,376
2025-08-06,SKU0054,141,82,19,376
2025-08-13,SKU0054,149,92,19,376
2025-08-20,SKU0054,162,80,19,376
2025-08-27,SKU0054,187,79,19,376
2024-10-29,SKU0055,600,103,17,408
2024-11-05,SKU0055,584,94,17,408
2024-11-12,SKU0055,542,88,17,408
2024-11-19,SKU0055,462,89,17,408
2024-11-26,SKU0055,495,93,17,408
2024-12-03,SKU0055,465,94,17,408
2024-12-10,SKU0055,456,81,17,408
2024-12-17,SKU0055,406,81,17,408
2024-12-24,SKU0055,301,99,17,408
2024-12-31,SKU0055,211,96,17,408
2025-01-07,SKU0055,182,104,17,408
2025-01-14,SKU0055,142,74,17,408
2025-01-21,SKU0055,144,101,17,408
2025-01-28,SKU0055,170,96,17,408
2025-02-04,SKU0055,156,97,17,408
2025-02-11,SKU0055,103,106,17,408
2025-02-18,SKU0055,145,102,17,408
2025-02-25,SKU0055,124,98,17,408
2025-03-04,SKU0055,17,95,17,408
2025-03-11,SKU0055,0,104,17,408
2025-03-18,SKU0055,0,83,17,408
2025-03-25,SKU0055,20,98,17,408
2025-04-01,SKU0055,5,112,17,408
2025-04-08,SKU0055,58,107,17,408
2025-04-15,SKU0055,73,110,17,408
2025-04-22,SKU0055,88,90,17,408
2025-04-29,SKU0055,100,82,17,408
2025-05-06,SKU0055,18,70,17,408
2025-05-13,SKU0055,109,118,17,408
2025-05-20,SKU0055,107,120,17,408
2025-05-27,SKU0055,153,99,17,408
2025-06-03,SKU0055,84,98,17,408
2025-06-10,SKU0055,90,107,17,408
2025-06-17,SKU0055,193,111,17,408
2025-06-24,SKU0055,216,108,17,408
2025-07-01,SKU0055,253,84,17,408
2025-07-08,SKU0055,257,93,17,408
2025-07-15,SKU0055,257,101,17,408
2025-07-22,SKU0055,269,83,17,408
2025-07-29,SKU0055,232,94,17,408
2025-08-05,SKU0055,182,82,17,408
2025-08-12,SKU0055,205,100,17,408
2025-08-19,SKU0055,168,88,17,408
2025-08-26,SKU0055,175,103,17,408
2025-06-10,SKU0056,292,29,12,157
2025-06-17,SKU0056,291,22,12,157
2025-06-24,SKU0056,293,40,12,157
2025-07-01,SKU0056,310,38,12,157
2025-07-08,SKU0056,320,23,12,157
2025-07-15,SKU0056,309,34,12,157
2025-07-22,SKU0056,304,28,12,157
2025-07-29,SKU0056,291,31,12,157
2025-08-05,SKU0056,286,32,12,157
2025-08-12,SKU0056,283,35,12,157
2025-08-19,SKU0056,284,26,12,157
2025-08-26,SKU0056,279,24,12,157
2024-02-21,SKU0057,265,52,18,212
2024-02-28,SKU0057,244,50,18,212
2024-03-06,SKU0057,248,50,18,212
2024-03-13,SKU0057,261,53,18,212
2024-03-20,SKU0057,251,51,18,212
2024-03-27,SKU0057,254,50,18,212
2024-04-03,SKU0057,295,46,18,212
2024-04-10,SKU0057,333,48,18,212
2024-04-17,SKU0057,365,44,18,212
2024-04-24,SKU0057,364,49,18,212
2024-05-01,SKU0057,355,44,18,212
2024-05-08,SKU0057,338,35,18,212
2024-05-15,SKU0057,357,45,18,212
2024-05-22,SKU0057,330,41,18,212
2024-05-29,SKU0057,344,49,18,212
2024-06-05,SKU0057,367,62,18,212
2024-06-12,SKU0057,325,58,18,212
2024-06-19,SKU0057,347,41,18,212
2024-06-26,SKU0057,379,53,18,212
2024-07-03,SKU0057,392,44,18,212
2024-07-10,SKU0057,391,55,18,212
2024-07-17,SKU0057,414,49,18,212
2024-07-24,SKU0057,457,51,18,212
2024-07-31,SKU0057,436,49,18,212
2024-08-07,SKU0057,427,58,18,212
2024-08-14,SKU0057,444,45,18,212
2024-08-21,SKU0057,449,53,18,212
2024-08-28,SKU0057,465,56,18,212
2024-09-04,SKU0057,458,51,18,212
2024-09-11,SKU0057,493,43,18,212
2024-09-18,SKU0057,516,48,18,212
2024-09-25,SKU0057,519,50,18,212
2024-10-02,SKU0057,506,58,18,212
2024-10-09,SKU0057,481,47,18,212
2024-10-16,SKU0057,483,56,18,212
2024-10-23,SKU0057,496,58,18,212
2024-10-30,SKU0057,465,52,18,212
2024-11-06,SKU0057,435,51,18,212
2024-11-13,SKU0057,392,45,18,212
2024-11-20,SKU0057,339,51,18,212
2024-11-27,SKU0057,294,44,18,212
2024-12-04,SKU0057,281,50,18,212
2024-12-11,SKU0057,247,57,18,212
2024-12-18,SKU0057,214,40,18,212
2024-12-25,SKU0057,170,43,18,212
2025-01-01,SKU0057,94,62,18,212
2025-01-08,SKU0057,81,53,18,212
2025-01-15,SKU0057,35,45,18,212
2025-01-22,SKU0057,7,56,18,212
2025-01-29,SKU0057,0,49,18,212
2025-02-05,SKU0057,0,61,18,212
2025-02-12,SKU0057,25,37,18,212
2025-02-19,SKU0057,20,51,18,212
2025-02-26,SKU0057,13,41,18,212
2025-03-05,SKU0057,0,37,18,212
2025-03-12,SKU0057,1,50,18,212
2025-03-19,SKU0057,0,36,18,212
2025-03-26,SKU0057,0,51,18,212
2025-04-02,SKU0057,11,51,18,212
2025-04-09,SKU0057,18,37,18,212
2025-04-16,SKU0057,49,50,18,212
2025-04-23,SKU0057,60,62,18,212
2025-04-30,SKU0057,56,38,18,212
2025-05-07,SKU0057,96,61,18,212
2025-05-14,SKU0057,126,55,18,212
2025-05-21,SKU0057,138,39,18,212
2025-05-28,SKU0057,119,42,18,212
2025-06-04,SKU0057,116,42,18,212
2025-06-11,SKU0057,54,49,18,212
2025-06-18,SKU0057,95,53,18,212
2025-06-25,SKU0057,56,51,18,212
2025-07-02,SKU0057,80,53,18,212
2025-07-09,SKU0057,112,39,18,212
2025-07-16,SKU0057,131,52,18,212
2025-07-23,SKU0057,110,53,18,212
2025-07-30,SKU0057,105,47,18,212
2025-08-06,SKU0057,90,49,18,212
2025-08-13,SKU0057,103,51,18,212
2025-08-20,SKU0057,92,51,18,212
2025-08-27,SKU0057,77,55,18,212
2025-05-10,SKU0058,929,91,15,424
2025-05-17,SKU0058,925,105,15,424
2025-05-24,SKU0058,879,89,15,424
2025-05-31,SKU0058,920,97,15,424
2025-06-07,SKU0058,766,90,15,424
2025-06-14,SKU0058,673,87,15,424
2025-06-21,SKU0058,684,115,15,424
2025-06-28,SKU0058,705,132,15,424
2025-07-05,SKU0058,668,103,15,424
2025-07-12,SKU0058,677,102,15,424
2025-07-19,SKU0058,644,113,15,424
2025-07-26,SKU0058,660,104,15,424
2025-08-02,SKU0058,617,96,15,424
2025-08-09,SKU0058,598,97,15,424
2025-08-16,SKU0058,598,99,15,424
2025-08-23,SKU0058,584,106,15,424
2025-08-30,SKU0058,527,92,15,424
2024-04-05,SKU0059,1286,107,10,419
2024-04-12,SKU0059,1192,83,10,419
2024-04-19,SKU0059,1096,95,10,419
2024-04-26,SKU0059,1106,89,10,419
2024-05-03,SKU0059,1128,92,10,419
2024-05-10,SKU0059,1054,81,10,419
2024-05-17,SKU0059,1004,91,10,419
2024-05-24,SKU0059,996,92,10,419
2024-05-31,SKU0059,991,100,10,419
2024-06-07,SKU0059,852,103,10,419
2024-06-14,SKU0059,827,103,10,419
2024-06-21,SKU0059,886,118,10,419
2024-06-28,SKU0059,971,91,10,419
2024-07-05,SKU0059,948,115,10,419
2024-07-12,SKU0059,1086,97,10,419
2024-07-19,SKU0059,1109,79,10,419
2024-07-26,SKU0059,1195,99,10,419
2024-08-02,SKU0059,1202,107,10,419
2024-08-09,SKU0059,1216,85,10,419
2024-08-16,SKU0059,1267,96,10,419
2024-08-23,SKU0059,1282,103,10,419
2024-08-30,SKU0059,1329,89,10,419
2024-09-06,SKU0059,1315,101,10,419
2024-09-13,SKU0059,1490,97,10,419
2024-09-20,SKU0059,1660,110,10,419
2024-09-27,SKU0059,1796,88,10,419
2024-10-04,SKU0059,1901,92,10,419
2024-10-11,SKU0059,2045,106,10,419
2024-10-18,SKU0059,2166,98,10,419
2024-10-25,SKU0059,2257,109,10,419
2024-11-01,SKU0059,2213,112,10,419
2024-11-08,SKU0059,2232,97,10,419
2024-11-15,SKU0059,2161,103,10,419
2024-11-22,SKU0059,2199,93,10,419
2024-11-29,SKU0059,2249,105,10,419
2024-12-06,SKU0059,2233,108,10,419
2024-12-13,SKU0059,2221,102,10,419
2024-12-20,SKU0059,2068,105,10,419
2024-12-27,SKU0059,1698,98,10,419
2025-01-03,SKU0059,1496,87,10,419
2025-01-10,SKU0059,1443,103,10,419
2025-01-17,SKU0059,1495,101,10,419
2025-01-24,SKU0059,1397,94,10,419
2025-01-31,SKU0059,1427,93,10,419
2025-02-07,SKU0059,1331,85,10,419
2025-02-14,SKU0059,1195,98,10,419
2025-02-21,SKU0059,1106,90,10,419
2025-02-28,SKU0059,1096,89,10,419
2025-03-07,SKU0059,1035,95,10,419
2025-03-14,SKU0059,951,106,10,419
2025-03-21,SKU0059,874,107,10,419
2025-03-28,SKU0059,765,103,10,419
2025-04-04,SKU0059,595,102,10,419
2025-04-11,SKU0059,502,87,10,419
2025-04-18,SKU0059,373,104,10,419
2025-04-25,SKU0059,338,92,10,419
2025-05-02,SKU0059,367,91,10,419
2025-05-09,SKU0059,277,81,10,419
2025-05-16,SKU0059,302,110,10,419
2025-05-23,SKU0059,252,89,10,419
2025-05-30,SKU0059,188,100,10,419
2025-06-06,SKU0059,61,104,10,419
2025-06-13,SKU0059,0,93,10,419
2025-06-20,SKU0059,41,86,10,419
2025-06-27,SKU0059,101,81,10,419
2025-07-04,SKU0059,110,93,10,419
2025-07-11,SKU0059,126,78,10,419
2025-07-18,SKU0059,153,115,10,419
2025-07-25,SKU0059,149,97,10,419
2025-08-01,SKU0059,242,103,10,419
2025-08-08,SKU0059,237,96,10,419
2025-08-15,SKU0059,337,85,10,419
2025-08-22,SKU0059,465,96,10,419
2025-08-29,SKU0059,535,97,10,419
2024-10-09,SKU0060,758,70,12,281
2024-10-16,SKU0060,789,80,12,281
2024-10-23,SKU0060,828,72,12,281
2024-10-30,SKU0060,898,73,12,281
2024-11-06,SKU0060,974,79,12,281
2024-11-13,SKU0060,903,76,12,281
2024-11-20,SKU0060,886,71,12,281
2024-11-27,SKU0060,900,71,12,281
2024-12-04,SKU0060,953,84,12,281
2024-12-11,SKU0060,971,84,12,281
2024-12-18,SKU0060,994,73,12,281
2024-12-25,SKU0060,914,70,12,281
2025-01-01,SKU0060,777,72,12,281
2025-01-08,SKU0060,755,70,12,281
2025-01-15,SKU0060,768,70,12,281
2025-01-22,SKU0060,810,76,12,281
2025-01-29,SKU0060,863,74,12,281
2025-02-05,SKU0060,852,73,12,281
2025-02-12,SKU0060,900,74,12,281
2025-02-19,SKU0060,914,86,12,281
2025-02-26,SKU0060,886,81,12,281
2025-03-05,SKU0060,946,69,12,281
2025-03-12,SKU0060,916,77,12,281
2025-03-19,SKU0060,906,77,12,281
2025-03-26,SKU0060,876,82,12,281
2025-04-02,SKU0060,964,71,12,281
2025-04-09,SKU0060,985,71,12,281
2025-04-16,SKU0060,976,76,12,281
2025-04-23,SKU0060,989,75,12,281
2025-04-30,SKU0060,1014,68,12,281
2025-05-07,SKU0060,1036,72,12,281
2025-05-14,SKU0060,959,60,12,281
2025-05-21,SKU0060,961,80,12,281
2025-05-28,SKU0060,949,63,12,281
2025-06-04,SKU0060,833,75,12,281
2025-06-11,SKU0060,699,67,12,281
2025-06-18,SKU0060,724,72,12,281
2025-06-25,SKU0060,678,72,12,281
2025-07-02,SKU0060,638,81,12,281
2025-07-09,SKU0060,598,62,12,281
2025-07-16,SKU0060,569,70,12,281
2025-07-23,SKU0060,592,84,12,281
2025-07-30,SKU0060,647,66,12,281
2025-08-06,SKU0060,694,78,12,281
2025-08-13,SKU0060,736,55,12,281
2025-08-20,SKU0060,714,66,12,281
2025-08-27,SKU0060,709,63,12,281
2024-01-01,SKU0061,930,244,18,1042
2024-01-08,SKU0061,1003,257,18,1042
2024-01-15,SKU0061,1164,261,18,1042
2024-01-22,SKU0061,1286,222,18,1042
2024-01-29,SKU0061,1565,237,18,1042
2024-02-05,SKU0061,1742,244,18,1042
2024-02-12,SKU0061,1752,209,18,1042
2024-02-19,SKU0061,1887,205,18,1042
2024-02-26,SKU0061,2013,236,18,1042
2024-03-04,SKU0061,2119,238,18,1042
2024-03-11,SKU0061,2278,232,18,1042
2024-03-18,SKU0061,2335,233,18,1042
2024-03-25,SKU0061,2483,247,18,1042
2024-04-01,SKU0061,2607,254,18,1042
2024-04-08,SKU0061,2608,242,18,1042
2024-04-15,SKU0061,2626,217,18,1042
2024-04-22,SKU0061,2518,231,18,1042
2024-04-29,SKU0061,2405,218,18,1042
2024-05-06,SKU0061,2487,235,18,1042
2024-05-13,SKU0061,2568,232,18,1042
2024-05-20,SKU0061,2475,236,18,1042
2024-05-27,SKU0061,2410,223,18,1042
2024-06-03,SKU0061,2196,239,18,1042
2024-06-10,SKU0061,1621,225,18,1042
2024-06-17,SKU0061,1531,219,18,1042
2024-06-24,SKU0061,1537,210,18,1042
2024-07-01,SKU0061,1434,241,18,1042
2024-07-08,SKU0061,1422,218,18,1042
2024-07-15,SKU0061,1500,223,18,1042
2024-07-22,SKU0061,1419,264,18,1042
2024-07-29,SKU0061,1390,246,18,1042
2024-08-05,SKU0061,1444,225,18,1042
2024-08-12,SKU0061,1387,223,18,1042
2024-08-19,SKU0061,1324,207,18,1042
2024-08-26,SKU0061,1418,252,18,1042
2024-09-02,SKU0061,1434,231,18,1042
2024-09-09,SKU0061,1373,233,18,1042
2024-09-16,SKU0061,1346,224,18,1042
2024-09-23,SKU0061,1276,246,18,1042
2024-09-30,SKU0061,1148,242,18,1042
2024-10-07,SKU0061,1109,219,18,1042
2024-10-14,SKU0061,1006,237,18,1042
2024-10-21,SKU0061,993,234,18,1042
2024-10-28,SKU0061,1172,232,18,1042
2024-11-04,SKU0061,1118,233,18,1042
2024-11-11,SKU0061,967,223,18,1042
2024-11-18,SKU0061,880,239,18,1042
2024-11-25,SKU0061,974,220,18,1042
2024-12-02,SKU0061,1059,226,18,1042
2024-12-09,SKU0061,1205,222,18,1042
2024-12-16,SKU0061,1168,254,18,1042
2024-12-23,SKU0061,1131,251,18,1042
2024-12-30,SKU0061,981,252,18,1042
2025-01-06,SKU0061,1005,240,18,1042
2025-01-13,SKU0061,1192,216,18,1042
2025-01-20,SKU0061,1478,268,18,1042
2025-01-27,SKU0061,1508,210,18,1042
2025-02-03,SKU0061,1528,238,18,1042
2025-02-10,SKU0061,1531,244,18,1042
2025-02-17,SKU0061,1540,229,18,1042
2025-02-24,SKU0061,1502,211,18,1042
2025-03-03,SKU0061,1473,224,18,1042
2025-03-10,SKU0061,1511,234,18,1042
2025-03-17,SKU0061,1458,232,18,1042
2025-03-24,SKU0061,1549,245,18,1042
2025-03-31,SKU0061,1605,220,18,1042
2025-04-07,SKU0061,1668,217,18,1042
2025-04-14,SKU0061,1655,243,18,1042
2025-04-21,SKU0061,1620,241,18,1042
2025-04-28,SKU0061,1643,223,18,1042
2025-05-05,SKU0061,1484,253,18,1042
2025-05-12,SKU0061,1373,228,18,1042
2025-05-19,SKU0061,1256,256,18,1042
2025-05-26,SKU0061,1280,237,18,1042
2025-06-02,SKU0061,1179,216,18,1042
2025-06-09,SKU0061,868,257,18,1042
2025-06-16,SKU0061,749,206,18,1042
2025-06-23,SKU0061,688,235,18,1042
2025-06-30,SKU0061,698,237,18,1042
2025-07-07,SKU0061,592,221,18,1042
2025-07-14,SKU0061,475,217,18,1042
2025-07-21,SKU0061,416,210,18,1042
2025-07-28,SKU0061,260,241,18,1042
2025-08-04,SKU0061,114,263,18,1042
2025-08-11,SKU0061,0,258,18,1042
2025-08-18,SKU0061,0,236,18,1042
2025-08-25,SKU0061,0,247,18,1042
2025-04-02,SKU0062,681,87,15,326
2025-04-09,SKU0062,562,66,15,326
2025-04-16,SKU0062,522,82,15,326
2025-04-23,SKU0062,508,86,15,326
2025-04-30,SKU0062,510,84,15,326
2025-05-07,SKU0062,425,65,15,326
2025-05-14,SKU0062,480,70,15,326
2025-05-21,SKU0062,467,76,15,326
2025-05-28,SKU0062,458,85,15,326
2025-06-04,SKU0062,501,75,15,326
2025-06-11,SKU0062,398,73,15,326
2025-06-18,SKU0062,363,68,15,326
2025-06-25,SKU0062,349,75,15,326
2025-07-02,SKU0062,354,88,15,326
2025-07-09,SKU0062,349,75,15,326
2025-07-16,SKU0062,395,71,15,326
2025-07-23,SKU0062,401,71,15,326
2025-07-30,SKU0062,410,78,15,326
2025-08-06,SKU0062,378,57,15,326
2025-08-13,SKU0062,377,74,15,326
2025-08-20,SKU0062,404,58,15,326
2025-08-27,SKU0062,451,65,15,326
2023-10-01,SKU0063,1045,100,9,365
2023-10-08,SKU0063,1032,99,9,365
2023-10-15,SKU0063,1047,99,9,365
2023-10-22,SKU0063,1012,110,9,365
2023-10-29,SKU0063,1108,110,9,365
2023-11-05,SKU0063,1126,91,9,365
2023-11-12,SKU0063,1059,81,9,365
2023-11-19,SKU0063,1099,87,9,365
2023-11-26,SKU0063,905,119,9,365
2023-12-03,SKU0063,1069,115,9,365
2023-12-10,SKU0063,1113,80,9,365
2023-12-17,SKU0063,1238,84,9,365
2023-12-24,SKU0063,1084,94,9,365
2023-12-31,SKU0063,848,85,9,365
2024-01-07,SKU0063,950,84,9,365
2024-01-14,SKU0063,1001,98,9,365
2024-01-21,SKU0063,1132,94,9,365
2024-01-28,SKU0063,1251,114,9,365
2024-02-04,SKU0063,1354,109,9,365
2024-02-11,SKU0063,1374,101,9,365
2024-02-18,SKU0063,1486,87,9,365
2024-02-25,SKU0063,1561,80,9,365
2024-03-03,SKU0063,1603,83,9,365
2024-03-10,SKU0063,1747,94,9,365
2024-03-17,SKU0063,1768,96,9,365
2024-03-24,SKU0063,1804,104,9,365
2024-03-31,SKU0063,1731,89,9,365
2024-04-07,SKU0063,1636,93,9,365
2024-04-14,SKU0063,1575,86,9,365
2024-04-21,SKU0063,1571,108,9,365
2024-04-28,SKU0063,1512,103,9,365
2024-05-05,SKU0063,1390,101,9,365
2024-05-12,SKU0063,1542,97,9,365
2024-05-19,SKU0063,1523,73,9,365
2024-05-26,SKU0063,1422,100,9,365
2024-06-02,SKU0063,1404,98,9,365
2024-06-09,SKU0063,1014,111,9,365
2024-06-16,SKU0063,989,94,9,365
2024-06-23,SKU0063,752,88,9,365
2024-06-30,SKU0063,562,95,9,365
2024-07-07,SKU0063,593,81,9,365
2024-07-14,SKU0063,513,78,9,365
2024-07-21,SKU0063,436,82,9,365
2024-07-28,SKU0063,392,100,9,365
2024-08-04,SKU0063,364,107,9,365
2024-08-11,SKU0063,210,113,9,365
2024-08-18,SKU0063,47,84,9,365
2024-08-25,SKU0063,104,91,9,365
2024-09-01,SKU0063,213,102,9,365
2024-09-08,SKU0063,275,92,9,365
2024-09-15,SKU0063,234,81,9,365
2024-09-22,SKU0063,259,111,9,365
2024-09-29,SKU0063,272,91,9,365
2024-10-06,SKU0063,238,99,9,365
2024-10-13,SKU0063,306,95,9,365
2024-10-20,SKU0063,364,70,9,365
2024-10-27,SKU0063,345,99,9,365
2024-11-03,SKU0063,349,98,9,365
2024-11-10,SKU0063,295,105,9,365
2024-11-17,SKU0063,218,94,9,365
2024-11-24,SKU0063,320,104,9,365
2024-12-01,SKU0063,471,81,9,365
2024-12-08,SKU0063,567,101,9,365
2024-12-15,SKU0063,624,92,9,365
2024-12-22,SKU0063,645,85,9,365
2024-12-29,SKU0063,678,95,9,365
2025-01-05,SKU0063,754,82,9,365
2025-01-12,SKU0063,847,92,9,365
2025-01-19,SKU0063,946,103,9,365
2025-01-26,SKU0063,997,104,9,365
2025-02-02,SKU0063,1112,103,9,365
2025-02-09,SKU0063,1197,91,9,365
2025-02-16,SKU0063,1220,106,9,365
2025-02-23,SKU0063,1383,94,9,365
2025-03-02,SKU0063,1365,100,9,365
2025-03-09,SKU0063,1438,89,9,365
2025-03-16,SKU0063,1405,91,9,365
2025-03-23,SKU0063,1391,97,9,365
2025-03-30,SKU0063,1451,96,9,365
2025-04-06,SKU0063,1379,96,9,365
2025-04-13,SKU0063,1385,87,9,365
2025-04-20,SKU0063,1338,112,9,365
2025-04-27,SKU0063,1422,105,9,365
2025-05-04,SKU0063,1473,93,9,365
2025-05-11,SKU0063,1397,85,9,365
2025-05-18,SKU0063,1419,70,9,365
2025-05-25,SKU0063,1380,83,9,365
2025-06-01,SKU0063,1337,99,9,365
2025-06-08,SKU0063,1064,91,9,365
2025-06-15,SKU0063,851,98,9,365
2025-06-22,SKU0063,831,90,9,365
2025-06-29,SKU0063,659,89,9,365
2025-07-06,SKU0063,663,105,9,365
2025-07-13,SKU0063,635,88,9,365
2025-07-20,SKU0063,603,86,9,365
2025-07-27,SKU0063,632,105,9,365
2025-08-03,SKU0063,627,79,9,365
2025-08-10,SKU0063,705,101,9,365
2025-08-17,SKU0063,712,87,9,365
2025-08-24,SKU0063,685,85,9,365
2025-08-31,SKU0063,682,101,9,365
2025-06-26,SKU0064,996,126,19,483
2025-07-03,SKU0064,1064,123,19,483
2025-07-10,SKU0064,1094,131,19,483
2025-07-17,SKU0064,1005,119,19,483
2025-07-24,SKU0064,997,114,19,483
2025-07-31,SKU0064,937,120,19,483
2025-08-07,SKU0064,868,120,19,483
2025-08-14,SKU0064,875,135,19,483
2025-08-21,SKU0064,878,145,19,483
2025-08-28,SKU0064,889,130,19,483
2023-11-11,SKU0065,962,210,20,917
2023-11-18,SKU0065,831,201,20,917
2023-11-25,SKU0065,524,184,20,917
2023-12-02,SKU0065,506,192,20,917
2023-12-09,SKU0065,487,200,20,917
2023-12-16,SKU0065,532,195,20,917
2023-12-23,SKU0065,410,194,20,917
2023-12-30,SKU0065,322,188,20,917
2024-01-06,SKU0065,210,222,20,917
2024-01-13,SKU0065,115,201,20,917
2024-01-20,SKU0065,144,220,20,917
2024-01-27,SKU0065,271,195,20,917
2024-02-03,SKU0065,295,225,20,917
2024-02-10,SKU0065,282,203,20,917
2024-02-17,SKU0065,353,221,20,917
2024-02-24,SKU0065,414,205,20,917
2024-03-02,SKU0065,442,204,20,917
2024-03-09,SKU0065,453,237,20,917
2024-03-16,SKU0065,492,202,20,917
2024-03-23,SKU0065,489,220,20,917
2024-03-30,SKU0065,668,208,20,917
2024-04-06,SKU0065,688,194,20,917
2024-04-13,SKU0065,749,201,20,917
2024-04-20,SKU0065,903,197,20,917
2024-04-27,SKU0065,1033,208,20,917
2024-05-04,SKU0065,1127,205,20,917
2024-05-11,SKU0065,1213,167,20,917
2024-05-18,SKU0065,1248,200,20,917
2024-05-25,SKU0065,1197,202,20,917
2024-06-01,SKU0065,1281,217,20,917
2024-06-08,SKU0065,1086,215,20,917
2024-06-15,SKU0065,1121,214,20,917
2024-06-22,SKU0065,1145,201,20,917
2024-06-29,SKU0065,1161,201,20,917
2024-07-06,SKU0065,1000,192,20,917
2024-07-13,SKU0065,964,225,20,917
2024-07-20,SKU0065,882,193,20,917
2024-07-27,SKU0065,808,216,20,917
2024-08-03,SKU0065,695,199,20,917
2024-08-10,SKU0065,747,187,20,917
2024-08-17,SKU0065,708,227,20,917
2024-08-24,SKU0065,690,215,20,917
2024-08-31,SKU0065,706,198,20,917
2024-09-07,SKU0065,753,209,20,917
2024-09-14,SKU0065,610,201,20,917
2024-09-21,SKU0065,601,178,20,917
2024-09-28,SKU0065,612,197,20,917
2024-10-05,SKU0065,476,190,20,917
2024-10-12,SKU0065,303,204,20,917
2024-10-19,SKU0065,386,188,20,917
2024-10-26,SKU0065,473,185,20,917
2024-11-02,SKU0065,386,205,20,917
2024-11-09,SKU0065,361,220,20,917
2024-11-16,SKU0065,57,209,20,917
2024-11-23,SKU0065,0,193,20,917
2024-11-30,SKU0065,0,218,20,917
2024-12-07,SKU0065,0,183,20,917
2024-12-14,SKU0065,28,217,20,917
2024-12-21,SKU0065,0,213,20,917
2024-12-28,SKU0065,0,215,20,917
2025-01-04,SKU0065,0,213,20,917
2025-01-11,SKU0065,65,195,20,917
2025-01-18,SKU0065,148,203,20,917
2025-01-25,SKU0065,134,205,20,917
2025-02-01,SKU0065,191,223,20,917
2025-02-08,SKU0065,108,199,20,917
2025-02-15,SKU0065,83,188,20,917
2025-02-22,SKU0065,162,188,20,917
2025-03-01,SKU0065,189,220,20,917
2025-03-08,SKU0065,188,210,20,917
2025-03-15,SKU0065,204,189,20,917
2025-03-22,SKU0065,222,193,20,917
2025-03-29,SKU0065,201,180,20,917
2025-04-05,SKU0065,302,218,20,917
2025-04-12,SKU0065,368,211,20,917
2025-04-19,SKU0065,552,201,20,917
2025-04-26,SKU0065,632,217,20,917
2025-05-03,SKU0065,678,188,20,917
2025-05-10,SKU0065,766,195,20,917
2025-05-17,SKU0065,666,209,20,917
2025-05-24,SKU0065,547,206,20,917
2025-05-31,SKU0065,578,202,20,917
2025-06-07,SKU0065,435,195,20,917
2025-06-14,SKU0065,415,196,20,917
2025-06-21,SKU0065,270,161,20,917
2025-06-28,SKU0065,318,212,20,917
2025-07-05,SKU0065,250,206,20,917
2025-07-12,SKU0065,150,175,20,917
2025-07-19,SKU0065,112,197,20,917
2025-07-26,SKU0065,0,204,20,917
2025-08-02,SKU0065,0,237,20,917
2025-08-09,SKU0065,0,200,20,917
2025-08-16,SKU0065,81,180,20,917
2025-08-23,SKU0065,0,227,20,917
2025-08-30,SKU0065,0,215,20,917
2025-04-08,SKU0066,60,19,20,81
2025-04-15,SKU0066,67,22,20,81
2025-04-22,SKU0066,76,24,20,81
2025-04-29,SKU0066,75,24,20,81
2025-05-06,SKU0066,87,26,20,81
2025-05-13,SKU0066,88,19,20,81
2025-05-20,SKU0066,92,23,20,81
2025-05-27,SKU0066,91,20,20,81
2025-06-03,SKU0066,87,21,20,81
2025-06-10,SKU0066,68,18,20,81
2025-06-17,SKU0066,77,23,20,81
2025-06-24,SKU0066,78,20,20,81
2025-07-01,SKU0066,70,20,20,81
2025-07-08,SKU0066,82,16,20,81
2025-07-15,SKU0066,83,19,20,81
2025-07-22,SKU0066,81,21,20,81
2025-07-29,SKU0066,72,17,20,81
2025-08-05,SKU0066,55,20,20,81
2025-08-12,SKU0066,42,17,20,81
2025-08-19,SKU0066,41,17,20,81
2025-08-26,SKU0066,29,12,20,81
2025-02-27,SKU0067,1577,111,9,365
2025-03-06,SKU0067,1547,93,9,365
2025-03-13,SKU0067,1352,70,9,365
2025-03-20,SKU0067,1393,99,9,365
2025-03-27,SKU0067,1275,104,9,365
2025-04-03,SKU0067,1283,101,9,365
2025-04-10,SKU0067,1198,91,9,365
2025-04-17,SKU0067,1174,107,9,365
2025-04-24,SKU0067,1305,99,9,365
2025-05-01,SKU0067,1203,88,9,365
2025-05-08,SKU0067,1305,88,9,365
2025-05-15,SKU0067,1396,102,9,365
2025-05-22,SKU0067,1428,85,9,365
2025-05-29,SKU0067,1416,109,9,365
2025-06-05,SKU0067,1337,119,9,365
2025-06-12,SKU0067,1310,107,9,365
2025-06-19,SKU0067,1338,110,9,365
2025-06-26,SKU0067,1418,94,9,365
2025-07-03,SKU0067,1508,95,9,365
2025-07-10,SKU0067,1478,87,9,365
2025-07-17,SKU0067,1506,105,9,365
2025-07-24,SKU0067,1618,94,9,365
2025-07-31,SKU0067,1611,99,9,365
2025-08-07,SKU0067,1706,124,9,365
2025-08-14,SKU0067,1618,84,9,365
2025-08-21,SKU0067,1605,115,9,365
2025-08-28,SKU0067,1590,87,9,365
2024-04-14,SKU0068,861,215,18,930
2024-04-21,SKU0068,842,203,18,930
2024-04-28,SKU0068,872,229,18,930
2024-05-05,SKU0068,886,249,18,930
2024-05-12,SKU0068,913,204,18,930
2024-05-19,SKU0068,1053,213,18,930
2024-05-26,SKU0068,1234,218,18,930
2024-06-02,SKU0068,1221,247,18,930
2024-06-09,SKU0068,1056,203,18,930
2024-06-16,SKU0068,1081,214,18,930
2024-06-23,SKU0068,1282,225,18,930
2024-06-30,SKU0068,1356,205,18,930
2024-07-07,SKU0068,1512,215,18,930
2024-07-14,SKU0068,1543,251,18,930
2024-07-21,SKU0068,1471,219,18,930
2024-07-28,SKU0068,1546,192,18,930
2024-08-04,SKU0068,1498,239,18,930
2024-08-11,SKU0068,1565,235,18,930
2024-08-18,SKU0068,1619,209,18,930
2024-08-25,SKU0068,1546,230,18,930
2024-09-01,SKU0068,1640,205,18,930
2024-09-08,SKU0068,1718,220,18,930
2024-09-15,SKU0068,1893,215,18,930
2024-09-22,SKU0068,2044,223,18,930
2024-09-29,SKU0068,2092,204,18,930
2024-10-06,SKU0068,1991,231,18,930
2024-10-13,SKU0068,1993,235,18,930
2024-10-20,SKU0068,2116,239,18,930
2024-10-27,SKU0068,2013,217,18,930
2024-11-03,SKU0068,1833,234,18,930
2024-11-10,SKU0068,1647,226,18,930
2024-11-17,SKU0068,1304,217,18,930
2024-11-24,SKU0068,1091,221,18,930
2024-12-01,SKU0068,990,243,18,930
2024-12-08,SKU0068,823,218,18,930
2024-12-15,SKU0068,766,218,18,930
2024-12-22,SKU0068,467,230,18,930
2024-12-29,SKU0068,187,201,18,930
2025-01-05,SKU0068,0,217,18,930
2025-01-12,SKU0068,0,200,18,930
2025-01-19,SKU0068,19,222,18,930
2025-01-26,SKU0068,0,226,18,930
2025-02-02,SKU0068,0,198,18,930
2025-02-09,SKU0068,0,243,18,930
2025-02-16,SKU0068,0,196,18,930
2025-02-23,SKU0068,17,202,18,930
2025-03-02,SKU0068,51,241,18,930
2025-03-09,SKU0068,70,238,18,930
2025-03-16,SKU0068,0,208,18,930
2025-03-23,SKU0068,0,222,18,930
2025-03-30,SKU0068,0,218,18,930
2025-04-06,SKU0068,74,207,18,930
2025-04-13,SKU0068,63,231,18,930
2025-04-20,SKU0068,0,205,18,930
2025-04-27,SKU0068,71,220,18,930
2025-05-04,SKU0068,122,232,18,930
2025-05-11,SKU0068,116,239,18,930
2025-05-18,SKU0068,244,196,18,930
2025-05-25,SKU0068,164,240,18,930
2025-06-01,SKU0068,369,226,18,930
2025-06-08,SKU0068,294,199,18,930
2025-06-15,SKU0068,177,197,18,930
2025-06-22,SKU0068,319,255,18,930
2025-06-29,SKU0068,368,232,18,930
2025-07-06,SKU0068,367,227,18,930
2025-07-13,SKU0068,474,201,18,930
2025-07-20,SKU0068,506,234,18,930
2025-07-27,SKU0068,541,213,18,930
2025-08-03,SKU0068,575,241,18,930
2025-08-10,SKU0068,660,228,18,930
2025-08-17,SKU0068,651,211,18,930
2025-08-24,SKU0068,701,216,18,930
2025-08-31,SKU0068,713,203,18,930
2024-11-21,SKU0069,1328,86,8,302
2024-11-28,SKU0069,1337,76,8,302
2024-12-05,SKU0069,1374,81,8,302
2024-12-12,SKU0069,1351,77,8,302
2024-12-19,SKU0069,1365,87,8,302
2024-12-26,SKU0069,1183,79,8,302
2025-01-02,SKU0069,975,77,8,302
2025-01-09,SKU0069,899,78,8,302
2025-01-16,SKU0069,841,79,8,302
2025-01-23,SKU0069,887,81,8,302
2025-01-30,SKU0069,786,79,8,302
2025-02-06,SKU0069,850,68,8,302
2025-02-13,SKU0069,850,77,8,302
2025-02-20,SKU0069,728,94,8,302
2025-02-27,SKU0069,620,85,8,302
2025-03-06,SKU0069,508,68,8,302
2025-03-13,SKU0069,466,76,8,302
2025-03-20,SKU0069,367,85,8,302
2025-03-27,SKU0069,326,98,8,302
2025-04-03,SKU0069,222,76,8,302
2025-04-10,SKU0069,108,85,8,302
2025-04-17,SKU0069,0,81,8,302
2025-04-24,SKU0069,41,79,8,302
2025-05-01,SKU0069,136,82,8,302
2025-05-08,SKU0069,152,78,8,302
2025-05-15,SKU0069,132,83,8,302
2025-05-22,SKU0069,119,100,8,302
2025-05-29,SKU0069,109,91,8,302
2025-06-05,SKU0069,74,79,8,302
2025-06-12,SKU0069,0,85,8,302
2025-06-19,SKU0069,0,84,8,302
2025-06-26,SKU0069,57,89,8,302
2025-07-03,SKU0069,52,83,8,302
2025-07-10,SKU0069,154,96,8,302
2025-07-17,SKU0069,256,75,8,302
2025-07-24,SKU0069,294,75,8,302
2025-07-31,SKU0069,372,76,8,302
2025-08-07,SKU0069,472,88,8,302
2025-08-14,SKU0069,533,87,8,302
2025-08-21,SKU0069,649,71,8,302
2025-08-28,SKU0069,718,76,8,302
2024-10-27,SKU0070,377,70,19,375
2024-11-03,SKU0070,394,92,19,375
2024-11-10,SKU0070,295,80,19,375
2024-11-17,SKU0070,209,72,19,375
2024-11-24,SKU0070,196,76,19,375
2024-12-01,SKU0070,241,66,19,375
2024-12-08,SKU0070,188,79,19,375
2024-12-15,SKU0070,125,69,19,375
2024-12-22,SKU0070,69,80,19,375
2024-12-29,SKU0070,0,72,19,375
2025-01-05,SKU0070,0,88,19,375
2025-01-12,SKU0070,28,71,19,375
2025-01-19,SKU0070,0,70,19,375
2025-01-26,SKU0070,0,72,19,375
2025-02-02,SKU0070,27,67,19,375
2025-02-09,SKU0070,5,70,19,375
2025-02-16,SKU0070,3,61,19,375
2025-02-23,SKU0070,0,88,19,375
2025-03-02,SKU0070,0,87,19,375
2025-03-09,SKU0070,34,76,19,375
2025-03-16,SKU0070,68,102,19,375
2025-03-23,SKU0070,107,79,19,375
2025-03-30,SKU0070,32,80,19,375
2025-04-06,SKU0070,91,76,19,375
2025-04-13,SKU0070,117,89,19,375
2025-04-20,SKU0070,148,65,19,375
2025-04-27,SKU0070,195,73,19,375
2025-05-04,SKU0070,215,65,19,375
2025-05-11,SKU0070,283,80,19,375
2025-05-18,SKU0070,291,81,19,375
2025-05-25,SKU0070,310,67,19,375
2025-06-01,SKU0070,326,59,19,375
2025-06-08,SKU0070,269,77,19,375
2025-06-15,SKU0070,256,86,19,375
2025-06-22,SKU0070,292,74,19,375
2025-06-29,SKU0070,285,83,19,375
2025-07-06,SKU0070,261,80,19,375
2025-07-13,SKU0070,290,94,19,375
2025-07-20,SKU0070,284,78,19,375
2025-07-27,SKU0070,274,65,19,375
2025-08-03,SKU0070,246,76,19,375
2025-08-10,SKU0070,259,78,19,375
2025-08-17,SKU0070,265,62,19,375
2025-08-24,SKU0070,257,85,19,375
2025-08-31,SKU0070,229,59,19,375
2024-05-23,SKU0071,323,37,7,113
2024-05-30,SKU0071,336,27,7,113
2024-06-06,SKU0071,324,25,7,113
2024-06-13,SKU0071,293,30,7,113
2024-06-20,SKU0071,298,28,7,113
2024-06-27,SKU0071,269,24,7,113
2024-07-04,SKU0071,267,28,7,113
2024-07-11,SKU0071,267,22,7,113
2024-07-18,SKU0071,237,24,7,113
2024-07-25,SKU0071,256,29,7,113
2024-08-01,SKU0071,230,12,7,113
2024-08-08,SKU0071,205,28,7,113
2024-08-15,SKU0071,180,28,7,113
2024-08-22,SKU0071,189,29,7,113
2024-08-29,SKU0071,195,34,7,113
2024-09-05,SKU0071,163,24,7,113
2024-09-12,SKU0071,174,33,7,113
2024-09-19,SKU0071,180,40,7,113
2024-09-26,SKU0071,160,24,7,113
2024-10-03,SKU0071,141,21,7,113
2024-10-10,SKU0071,153,29,7,113
2024-10-17,SKU0071,198,22,7,113
2024-10-24,SKU0071,164,36,7,113
2024-10-31,SKU0071,142,27,7,113
2024-11-07,SKU0071,135,19,7,113
2024-11-14,SKU0071,58,19,7,113
2024-11-21,SKU0071,13,33,7,113
2024-11-28,SKU0071,0,28,7,113
2024-12-05,SKU0071,0,26,7,113
2024-12-12,SKU0071,0,19,7,113
2024-12-19,SKU0071,0,20,7,113
2024-12-26,SKU0071,0,28,7,113
2025-01-02,SKU0071,0,22,7,113
2025-01-09,SKU0071,0,19,7,113
2025-01-16,SKU0071,0,23,7,113
2025-01-23,SKU0071,0,27,7,113
2025-01-30,SKU0071,0,20,7,113
2025-02-06,SKU0071,6,26,7,113
2025-02-13,SKU0071,4,23,7,113
2025-02-20,SKU0071,0,15,7,113
2025-02-27,SKU0071,0,26,7,113
2025-03-06,SKU0071,1,23,7,113
2025-03-13,SKU0071,21,34,7,113
2025-03-20,SKU0071,40,21,7,113
2025-03-27,SKU0071,47,28,7,113
2025-04-03,SKU0071,12,13,7,113
2025-04-10,SKU0071,22,25,7,113
2025-04-17,SKU0071,31,19,7,113
2025-04-24,SKU0071,60,27,7,113
2025-05-01,SKU0071,74,18,7,113
2025-05-08,SKU0071,82,19,7,113
2025-05-15,SKU0071,106,24,7,113
2025-05-22,SKU0071,113,29,7,113
2025-05-29,SKU0071,119,25,7,113
2025-06-05,SKU0071,92,23,7,113
2025-06-12,SKU0071,31,33,7,113
2025-06-19,SKU0071,86,31,7,113
2025-06-26,SKU0071,124,20,7,113
2025-07-03,SKU0071,130,30,7,113
2025-07-10,SKU0071,117,27,7,113
2025-07-17,SKU0071,142,26,7,113
2025-07-24,SKU0071,163,33,7,113
2025-07-31,SKU0071,175,19,7,113
2025-08-07,SKU0071,186,28,7,113
2025-08-14,SKU0071,193,20,7,113
2025-08-21,SKU0071,204,26,7,113
2025-08-28,SKU0071,185,35,7,113
2025-04-20,SKU0072,1035,171,18,764
2025-04-27,SKU0072,1066,146,18,764
2025-05-04,SKU0072,1085,174,18,764
2025-05-11,SKU0072,1000,169,18,764
2025-05-18,SKU0072,866,145,18,764
2025-05-25,SKU0072,856,185,18,764
2025-06-01,SKU0072,862,181,18,764
2025-06-08,SKU0072,730,173,18,764
2025-06-15,SKU0072,523,176,18,764
2025-06-22,SKU0072,493,171,18,764
2025-06-29,SKU0072,527,183,18,764
2025-07-06,SKU0072,424,178,18,764
2025-07-13,SKU0072,447,170,18,764
2025-07-20,SKU0072,502,166,18,764
2025-07-27,SKU0072,493,169,18,764
2025-08-03,SKU0072,505,171,18,764
2025-08-10,SKU0072,507,162,18,764
2025-08-17,SKU0072,519,181,18,764
2025-08-24,SKU0072,570,163,18,764
2025-08-31,SKU0072,541,164,18,764
2024-11-30,SKU0073,843,84,7,394
2024-12-07,SKU0073,832,81,7,394
2024-12-14,SKU0073,826,76,7,394
2024-12-21,SKU0073,802,99,7,394
2024-12-28,SKU0073,590,106,7,394
2025-01-04,SKU0073,422,80,7,394
2025-01-11,SKU0073,369,86,7,394
2025-01-18,SKU0073,420,89,7,394
2025-01-25,SKU0073,403,71,7,394
2025-02-01,SKU0073,332,65,7,394
2025-02-08,SKU0073,514,93,7,394
2025-02-15,SKU0073,584,70,7,394
2025-02-22,SKU0073,570,81,7,394
2025-03-01,SKU0073,634,87,7,394
2025-03-08,SKU0073,660,75,7,394
2025-03-15,SKU0073,692,71,7,394
2025-03-22,SKU0073,820,76,7,394
2025-03-29,SKU0073,955,97,7,394
2025-04-05,SKU0073,1103,81,7,394
2025-04-12,SKU0073,1189,86,7,394
2025-04-19,SKU0073,1358,86,7,394
2025-04-26,SKU0073,1437,87,7,394
2025-05-03,SKU0073,1400,91,7,394
2025-05-10,SKU0073,1534,89,7,394
2025-05-17,SKU0073,1660,82,7,394
2025-05-24,SKU0073,1705,77,7,394
2025-05-31,SKU0073,1832,74,7,394
2025-06-07,SKU0073,1803,84,7,394
2025-06-14,SKU0073,1645,83,7,394
2025-06-21,SKU0073,1628,92,7,394
2025-06-28,SKU0073,1686,86,7,394
2025-07-05,SKU0073,1548,88,7,394
2025-07-12,SKU0073,1400,105,7,394
2025-07-19,SKU0073,1230,99,7,394
2025-07-26,SKU0073,1216,71,7,394
2025-08-02,SKU0073,1101,85,7,394
2025-08-09,SKU0073,1039,90,7,394
2025-08-16,SKU0073,857,78,7,394
2025-08-23,SKU0073,725,82,7,394
2025-08-30,SKU0073,601,88,7,394
2024-01-02,SKU0074,965,110,10,392
2024-01-09,SKU0074,902,106,10,392
2024-01-16,SKU0074,871,104,10,392
2024-01-23,SKU0074,821,110,10,392
2024-01-30,SKU0074,855,99,10,392
2024-02-06,SKU0074,876,102,10,392
2024-02-13,SKU0074,911,99,10,392
2024-02-20,SKU0074,929,89,10,392
2024-02-27,SKU0074,963,101,10,392
2024-03-05,SKU0074,1000,95,10,392
2024-03-12,SKU0074,854,86,10,392
2024-03-19,SKU0074,884,72,10,392
2024-03-26,SKU0074,851,111,10,392
2024-04-02,SKU0074,965,111,10,392
2024-04-09,SKU0074,985,111,10,392
2024-04-16,SKU0074,1003,97,10,392
2024-04-23,SKU0074,1049,95,10,392
2024-04-30,SKU0074,1042,96,10,392
2024-05-07,SKU0074,972,99,10,392
2024-05-14,SKU0074,962,98,10,392
2024-05-21,SKU0074,948,100,10,392
2024-05-28,SKU0074,1040,84,10,392
2024-06-04,SKU0074,997,85,10,392
2024-06-11,SKU0074,769,97,10,392
2024-06-18,SKU0074,704,94,10,392
2024-06-25,SKU0074,625,102,10,392
2024-07-02,SKU0074,573,95,10,392
2024-07-09,SKU0074,573,101,10,392
2024-07-16,SKU0074,554,93,10,392
2024-07-23,SKU0074,477,91,10,392
2024-07-30,SKU0074,493,78,10,392
2024-08-06,SKU0074,381,99,10,392
2024-08-13,SKU0074,293,97,10,392
2024-08-20,SKU0074,214,102,10,392
2024-08-27,SKU0074,198,108,10,392
2024-09-03,SKU0074,42,113,10,392
2024-09-10,SKU0074,6,102,10,392
2024-09-17,SKU0074,0,103,10,392
2024-09-24,SKU0074,0,89,10,392
2024-10-01,SKU0074,0,95,10,392
2024-10-08,SKU0074,0,102,10,392
2024-10-15,SKU0074,56,91,10,392
2024-10-22,SKU0074,0,109,10,392
2024-10-29,SKU0074,0,113,10,392
2024-11-05,SKU0074,29,103,10,392
2024-11-12,SKU0074,0,124,10,392
2024-11-19,SKU0074,0,81,10,392
2024-11-26,SKU0074,50,98,10,392
2024-12-03,SKU0074,88,100,10,392
2024-12-10,SKU0074,98,99,10,392
2024-12-17,SKU0074,71,101,10,392
2024-12-24,SKU0074,20,95,10,392
2024-12-31,SKU0074,0,75,10,392
2025-01-07,SKU0074,0,105,10,392
2025-01-14,SKU0074,0,100,10,392
2025-01-21,SKU0074,55,102,10,392
2025-01-28,SKU0074,59,122,10,392
2025-02-04,SKU0074,45,91,10,392
2025-02-11,SKU0074,156,118,10,392
2025-02-18,SKU0074,143,97,10,392
2025-02-25,SKU0074,172,108,10,392
2025-03-04,SKU0074,234,113,10,392
2025-03-11,SKU0074,215,107,10,392
2025-03-18,SKU0074,234,103,10,392
2025-03-25,SKU0074,274,90,10,392
2025-04-01,SKU0074,366,96,10,392
2025-04-08,SKU0074,479,106,10,392
2025-04-15,SKU0074,510,84,10,392
2025-04-22,SKU0074,503,89,10,392
2025-04-29,SKU0074,607,103,10,392
2025-05-06,SKU0074,635,100,10,392
2025-05-13,SKU0074,655,92,10,392
2025-05-20,SKU0074,694,93,10,392
2025-05-27,SKU0074,638,100,10,392
2025-06-03,SKU0074,624,90,10,392
2025-06-10,SKU0074,436,114,10,392
2025-06-17,SKU0074,335,90,10,392
2025-06-24,SKU0074,472,84,10,392
2025-07-01,SKU0074,534,96,10,392
2025-07-08,SKU0074,524,103,10,392
2025-07-15,SKU0074,514,112,10,392
2025-07-22,SKU0074,640,88,10,392
2025-07-29,SKU0074,547,108,10,392
2025-08-05,SKU0074,601,107,10,392
2025-08-12,SKU0074,615,113,10,392
2025-08-19,SKU0074,477,103,10,392
2025-08-26,SKU0074,432,95,10,392
2023-12-02,SKU0075,1440,91,7,283
2023-12-09,SKU0075,1386,88,7,283
2023-12-16,SKU0075,1308,83,7,283
2023-12-23,SKU0075,1190,83,7,283
2023-12-30,SKU0075,1006,76,7,283
2024-01-06,SKU0075,869,69,7,283
2024-01-13,SKU0075,888,91,7,283
2024-01-20,SKU0075,932,82,7,283
2024-01-27,SKU0075,839,85,7,283
2024-02-03,SKU0075,735,83,7,283
2024-02-10,SKU0075,647,76,7,283
2024-02-17,SKU0075,793,97,7,283
2024-02-24,SKU0075,730,75,7,283
2024-03-02,SKU0075,791,78,7,283
2024-03-09,SKU0075,829,77,7,283
2024-03-16,SKU0075,844,84,7,283
2024-03-23,SKU0075,824,93,7,283
2024-03-30,SKU0075,728,75,7,283
2024-04-06,SKU0075,809,88,7,283
2024-04-13,SKU0075,836,70,7,283
2024-04-20,SKU0075,978,72,7,283
2024-04-27,SKU0075,1010,99,7,283
2024-05-04,SKU0075,983,83,7,283
2024-05-11,SKU0075,1099,88,7,283
2024-05-18,SKU0075,1171,78,7,283
2024-05-25,SKU0075,1240,88,7,283
2024-06-01,SKU0075,1229,88,7,283
2024-06-08,SKU0075,1079,79,7,283
2024-06-15,SKU0075,1097,71,7,283
2024-06-22,SKU0075,1201,88,7,283
2024-06-29,SKU0075,1192,79,7,283
2024-07-06,SKU0075,1316,84,7,283
2024-07-13,SKU0075,1292,84,7,283
2024-07-20,SKU0075,1335,85,7,283
2024-07-27,SKU0075,1216,88,7,283
2024-08-03,SKU0075,1216,76,7,283
2024-08-10,SKU0075,1234,82,7,283
2024-08-17,SKU0075,1349,81,7,283
2024-08-24,SKU0075,1512,79,7,283
2024-08-31,SKU0075,1624,70,7,283
2024-09-07,SKU0075,1541,81,7,283
2024-09-14,SKU0075,1470,81,7,283
2024-09-21,SKU0075,1571,73,7,283
2024-09-28,SKU0075,1531,85,7,283
2024-10-05,SKU0075,1461,77,7,283
2024-10-12,SKU0075,1554,80,7,283
2024-10-19,SKU0075,1608,65,7,283
2024-10-26,SKU0075,1547,84,7,283
2024-11-02,SKU0075,1666,86,7,283
2024-11-09,SKU0075,1480,78,7,283
2024-11-16,SKU0075,1178,82,7,283
2024-11-23,SKU0075,1149,76,7,283
2024-11-30,SKU0075,1103,75,7,283
2024-12-07,SKU0075,1060,91,7,283
2024-12-14,SKU0075,1047,81,7,283
2024-12-21,SKU0075,938,74,7,283
2024-12-28,SKU0075,746,78,7,283
2025-01-04,SKU0075,682,76,7,283
2025-01-11,SKU0075,652,88,7,283
2025-01-18,SKU0075,736,81,7,283
2025-01-25,SKU0075,790,72,7,283
2025-02-01,SKU0075,920,88,7,283
2025-02-08,SKU0075,983,87,7,283
2025-02-15,SKU0075,926,65,7,283
2025-02-22,SKU0075,906,83,7,283
2025-03-01,SKU0075,899,79,7,283
2025-03-08,SKU0075,869,97,7,283
2025-03-15,SKU0075,931,95,7,283
2025-03-22,SKU0075,1060,92,7,283
2025-03-29,SKU0075,1039,92,7,283
2025-04-05,SKU0075,1053,86,7,283
2025-04-12,SKU0075,938,85,7,283
2025-04-19,SKU0075,974,81,7,283
2025-04-26,SKU0075,1035,74,7,283
2025-05-03,SKU0075,1092,65,7,283
2025-05-10,SKU0075,1050,95,7,283
2025-05-17,SKU0075,1065,93,7,283
2025-05-24,SKU0075,1194,95,7,283
2025-05-31,SKU0075,1133,76,7,283
2025-06-07,SKU0075,918,73,7,283
2025-06-14,SKU0075,777,110,7,283
2025-06-21,SKU0075,954,86,7,283
2025-06-28,SKU0075,1078,86,7,283
2025-07-05,SKU0075,1136,83,7,283
2025-07-12,SKU0075,1283,83,7,283
2025-07-19,SKU0075,1359,74,7,283
2025-07-26,SKU0075,1399,93,7,283
2025-08-02,SKU0075,1442,95,7,283
2025-08-09,SKU0075,1434,73,7,283
2025-08-16,SKU0075,1517,89,7,283
2025-08-23,SKU0075,1556,75,7,283
2025-08-30,SKU0075,1540,83,7,283
2024-09-01,SKU0076,280,81,17,338
2024-09-08,SKU0076,353,55,17,338
2024-09-15,SKU0076,358,76,17,338
2024-09-22,SKU0076,410,73,17,338
2024-09-29,SKU0076,412,67,17,338
2024-10-06,SKU0076,442,60,17,338
2024-10-13,SKU0076,431,80,17,338
2024-10-20,SKU0076,398,67,17,338
2024-10-27,SKU0076,345,76,17,338
2024-11-03,SKU0076,352,62,17,338
2024-11-10,SKU0076,342,73,17,338
2024-11-17,SKU0076,207,81,17,338
2024-11-24,SKU0076,192,58,17,338
2024-12-01,SKU0076,155,78,17,338
2024-12-08,SKU0076,133,69,17,338
2024-12-15,SKU0076,67,68,17,338
2024-12-22,SKU0076,4,62,17,338
2024-12-29,SKU0076,0,60,17,338
2025-01-05,SKU0076,0,63,17,338
2025-01-12,SKU0076,0,52,17,338
2025-01-19,SKU0076,27,75,17,338
2025-01-26,SKU0076,0,81,17,338
2025-02-02,SKU0076,0,85,17,338
2025-02-09,SKU0076,0,74,17,338
2025-02-16,SKU0076,0,56,17,338
2025-02-23,SKU0076,0,75,17,338
2025-03-02,SKU0076,0,58,17,338
2025-03-09,SKU0076,54,80,17,338
2025-03-16,SKU0076,49,72,17,338
2025-03-23,SKU0076,45,70,17,338
2025-03-30,SKU0076,100,84,17,338
2025-04-06,SKU0076,119,54,17,338
2025-04-13,SKU0076,115,64,17,338
2025-04-20,SKU0076,104,63,17,338
2025-04-27,SKU0076,128,45,17,338
2025-05-04,SKU0076,152,58,17,338
2025-05-11,SKU0076,179,64,17,338
2025-05-18,SKU0076,261,81,17,338
2025-05-25,SKU0076,320,70,17,338
2025-06-01,SKU0076,370,65,17,338
2025-06-08,SKU0076,313,64,17,338
2025-06-15,SKU0076,352,54,17,338
2025-06-22,SKU0076,350,65,17,338
2025-06-29,SKU0076,345,92,17,338
2025-07-06,SKU0076,393,61,17,338
2025-07-13,SKU0076,451,57,17,338
2025-07-20,SKU0076,485,76,17,338
2025-07-27,SKU0076,478,66,17,338
2025-08-03,SKU0076,486,66,17,338
2025-08-10,SKU0076,495,77,17,338
2025-08-17,SKU0076,516,69,17,338
2025-08-24,SKU0076,528,70,17,338
2025-08-31,SKU0076,551,82,17,338
2024-10-20,SKU0077,111,14,16,60
2024-10-27,SKU0077,118,13,16,60
2024-11-03,SKU0077,117,12,16,60
2024-11-10,SKU0077,113,7,16,60
2024-11-17,SKU0077,96,10,16,60
2024-11-24,SKU0077,103,10,16,60
2024-12-01,SKU0077,99,18,16,60
2024-12-08,SKU0077,108,16,16,60
2024-12-15,SKU0077,113,16,16,60
2024-12-22,SKU0077,100,13,16,60
2024-12-29,SKU0077,89,9,16,60
2025-01-05,SKU0077,74,20,16,60
2025-01-12,SKU0077,65,8,16,60
2025-01-19,SKU0077,80,11,16,60
2025-01-26,SKU0077,75,8,16,60
2025-02-02,SKU0077,75,12,16,60
2025-02-09,SKU0077,82,13,16,60
2025-02-16,SKU0077,88,12,16,60
2025-02-23,SKU0077,84,16,16,60
2025-03-02,SKU0077,94,20,16,60
2025-03-09,SKU0077,88,17,16,60
2025-03-16,SKU0077,86,10,16,60
2025-03-23,SKU0077,85,10,16,60
2025-03-30,SKU0077,82,15,16,60
2025-04-06,SKU0077,76,10,16,60
2025-04-13,SKU0077,82,14,16,60
2025-04-20,SKU0077,99,14,16,60
2025-04-27,SKU0077,102,11,16,60
2025-05-04,SKU0077,102,9,16,60
2025-05-11,SKU0077,114,11,16,60
2025-05-18,SKU0077,124,14,16,60
2025-05-25,SKU0077,134,9,16,60
2025-06-01,SKU0077,140,9,16,60
2025-06-08,SKU0077,125,14,16,60
2025-06-15,SKU0077,117,13,16,60
2025-06-22,SKU0077,112,11,16,60
2025-06-29,SKU0077,113,12,16,60
2025-07-06,SKU0077,111,7,16,60
2025-07-13,SKU0077,102,14,16,60
2025-07-20,SKU0077,115,6,16,60
2025-07-27,SKU0077,115,10,16,60
2025-08-03,SKU0077,110,13,16,60
2025-08-10,SKU0077,111,10,16,60
2025-08-17,SKU0077,104,12,16,60
2025-08-24,SKU0077,115,10,16,60
2025-08-31,SKU0077,127,6,16,60
2025-01-18,SKU0078,735,132,17,594
2025-01-25,SKU0078,808,147,17,594
2025-02-01,SKU0078,846,127,17,594
2025-02-08,SKU0078,896,113,17,594
2025-02-15,SKU0078,918,127,17,594
2025-02-22,SKU0078,852,127,17,594
2025-03-01,SKU0078,777,124,17,594
2025-03-08,SKU0078,696,131,17,594
2025-03-15,SKU0078,672,147,17,594
2025-03-22,SKU0078,662,131,17,594
2025-03-29,SKU0078,723,114,17,594
2025-04-05,SKU0078,791,123,17,594
2025-04-12,SKU0078,831,126,17,594
2025-04-19,SKU0078,795,116,17,594
2025-04-26,SKU0078,763,117,17,594
2025-05-03,SKU0078,893,129,17,594
2025-05-10,SKU0078,897,120,17,594
2025-05-17,SKU0078,928,147,17,594
2025-05-24,SKU0078,955,127,17,594
2025-05-31,SKU0078,891,113,17,594
2025-06-07,SKU0078,661,125,17,594
2025-06-14,SKU0078,632,143,17,594
2025-06-21,SKU0078,643,101,17,594
2025-06-28,SKU0078,624,123,17,594
2025-07-05,SKU0078,630,124,17,594
2025-07-12,SKU0078,688,116,17,594
2025-07-19,SKU0078,620,125,17,594
2025-07-26,SKU0078,615,128,17,594
2025-08-02,SKU0078,651,133,17,594
2025-08-09,SKU0078,666,112,17,594
2025-08-16,SKU0078,590,126,17,594
2025-08-23,SKU0078,653,122,17,594
2025-08-30,SKU0078,708,99,17,594
2024-09-30,SKU0079,1127,156,15,659
2024-10-07,SKU0079,954,159,15,659
2024-10-14,SKU0079,766,142,15,659
2024-10-21,SKU0079,754,152,15,659
2024-10-28,SKU0079,758,162,15,659
2024-11-04,SKU0079,789,149,15,659
2024-11-11,SKU0079,625,161,15,659
2024-11-18,SKU0079,275,144,15,659
2024-11-25,SKU0079,171,147,15,659
2024-12-02,SKU0079,165,156,15,659
2024-12-09,SKU0079,75,156,15,659
2024-12-16,SKU0079,10,165,15,659
2024-12-23,SKU0079,0,152,15,659
2024-12-30,SKU0079,0,155,15,659
2025-01-06,SKU0079,0,150,15,659
2025-01-13,SKU0079,0,132,15,659
2025-01-20,SKU0079,0,143,15,659
2025-01-27,SKU0079,0,145,15,659
2025-02-03,SKU0079,0,150,15,659
2025-02-10,SKU0079,54,181,15,659
2025-02-17,SKU0079,104,152,15,659
2025-02-24,SKU0079,191,132,15,659
2025-03-03,SKU0079,231,158,15,659
2025-03-10,SKU0079,197,161,15,659
2025-03-17,SKU0079,269,139,15,659
2025-03-24,SKU0079,333,162,15,659
2025-03-31,SKU0079,422,157,15,659
2025-04-07,SKU0079,529,157,15,659
2025-04-14,SKU0079,575,135,15,659
2025-04-21,SKU0079,629,142,15,659
2025-04-28,SKU0079,695,142,15,659
2025-05-05,SKU0079,754,133,15,659
2025-05-12,SKU0079,725,152,15,659
2025-05-19,SKU0079,833,128,15,659
2025-05-26,SKU0079,812,144,15,659
2025-06-02,SKU0079,860,161,15,659
2025-06-09,SKU0079,694,178,15,659
2025-06-16,SKU0079,645,153,15,659
2025-06-23,SKU0079,716,172,15,659
2025-06-30,SKU0079,727,137,15,659
2025-07-07,SKU0079,766,165,15,659
2025-07-14,SKU0079,795,145,15,659
2025-07-21,SKU0079,839,162,15,659
2025-07-28,SKU0079,915,162,15,659
2025-08-04,SKU0079,878,152,15,659
2025-08-11,SKU0079,816,156,15,659
2025-08-18,SKU0079,810,152,15,659
2025-08-25,SKU0079,701,154,15,659
2025-06-06,SKU0080,157,20,13,88
2025-06-13,SKU0080,150,20,13,88
2025-06-20,SKU0080,143,20,13,88
2025-06-27,SKU0080,131,26,13,88
2025-07-04,SKU0080,104,21,13,88
2025-07-11,SKU0080,95,19,13,88
2025-07-18,SKU0080,94,21,13,88
2025-07-25,SKU0080,97,22,13,88
2025-08-01,SKU0080,104,19,13,88
2025-08-08,SKU0080,97,13,13,88
2025-08-15,SKU0080,95,17,13,88
2025-08-22,SKU0080,94,14,13,88
2025-08-29,SKU0080,87,25,13,88
2023-11-23,SKU0081,156,7,8,36
2023-11-30,SKU0081,167,17,8,36
2023-12-07,SKU0081,180,7,8,36
2023-12-14,SKU0081,193,7,8,36
2023-12-21,SKU0081,201,7,8,36
2023-12-28,SKU0081,218,8,8,36
2024-01-04,SKU0081,219,10,8,36
2024-01-11,SKU0081,226,8,8,36
2024-01-18,SKU0081,244,8,8,36
2024-01-25,SKU0081,252,10,8,36
2024-02-01,SKU0081,254,12,8,36
2024-02-08,SKU0081,266,6,8,36
2024-02-15,SKU0081,295,5,8,36
2024-02-22,SKU0081,300,7,8,36
2024-02-29,SKU0081,287,10,8,36
2024-03-07,SKU0081,292,9,8,36
2024-03-14,SKU0081,300,11,8,36
2024-03-21,SKU0081,300,8,8,36
2024-03-28,SKU0081,300,9,8,36
2024-04-04,SKU0081,296,5,8,36
2024-04-11,SKU0081,297,8,8,36
2024-04-18,SKU0081,299,8,8,36
2024-04-25,SKU0081,303,8,8,36
2024-05-02,SKU0081,321,10,8,36
2024-05-09,SKU0081,321,12,8,36
2024-05-16,SKU0081,322,11,8,36
2024-05-23,SKU0081,319,13,8,36
2024-05-30,SKU0081,315,11,8,36
2024-06-06,SKU0081,295,13,8,36
2024-06-13,SKU0081,287,11,8,36
2024-06-20,SKU0081,284,4,8,36
2024-06-27,SKU0081,282,11,8,36
2024-07-04,SKU0081,285,9,8,36
2024-07-11,SKU0081,275,9,8,36
2024-07-18,SKU0081,257,3,8,36
2024-07-25,SKU0081,261,10,8,36
2024-08-01,SKU0081,264,6,8,36
2024-08-08,SKU0081,256,11,8,36
2024-08-15,SKU0081,246,11,8,36
2024-08-22,SKU0081,255,7,8,36
2024-08-29,SKU0081,256,4,8,36
2024-09-05,SKU0081,256,10,8,36
2024-09-12,SKU0081,263,10,8,36
2024-09-19,SKU0081,254,6,8,36
2024-09-26,SKU0081,249,6,8,36
2024-10-03,SKU0081,234,13,8,36
2024-10-10,SKU0081,228,8,8,36
2024-10-17,SKU0081,223,10,8,36
2024-10-24,SKU0081,216,9,8,36
2024-10-31,SKU0081,209,13,8,36
2024-11-07,SKU0081,219,8,8,36
2024-11-14,SKU0081,212,12,8,36
2024-11-21,SKU0081,210,7,8,36
2024-11-28,SKU0081,219,9,8,36
2024-12-05,SKU0081,222,18,8,36
2024-12-12,SKU0081,247,9,8,36
2024-12-19,SKU0081,263,10,8,36
2024-12-26,SKU0081,249,10,8,36
2025-01-02,SKU0081,237,5,8,36
2025-01-09,SKU0081,226,9,8,36
2025-01-16,SKU0081,229,6,8,36
2025-01-23,SKU0081,231,12,8,36
2025-01-30,SKU0081,252,5,8,36
2025-02-06,SKU0081,263,6,8,36
2025-02-13,SKU0081,253,8,8,36
2025-02-20,SKU0081,255,7,8,36
2025-02-27,SKU0081,238,7,8,36
2025-03-06,SKU0081,247,9,8,36
2025-03-13,SKU0081,243,11,8,36
2025-03-20,SKU0081,239,8,8,36
2025-03-27,SKU0081,242,10,8,36
2025-04-03,SKU0081,237,7,8,36
2025-04-10,SKU0081,244,8,8,36
2025-04-17,SKU0081,246,8,8,36
2025-04-24,SKU0081,244,6,8,36
2025-05-01,SKU0081,236,10,8,36
2025-05-08,SKU0081,238,12,8,36
2025-05-15,SKU0081,225,7,8,36
2025-05-22,SKU0081,221,8,8,36
2025-05-29,SKU0081,224,9,8,36
2025-06-05,SKU0081,202,8,8,36
2025-06-12,SKU0081,183,8,8,36
2025-06-19,SKU0081,164,10,8,36
2025-06-26,SKU0081,158,13,8,36
2025-07-03,SKU0081,162,16,8,36
2025-07-10,SKU0081,160,11,8,36
2025-07-17,SKU0081,146,9,8,36
2025-07-24,SKU0081,147,10,8,36
2025-07-31,SKU0081,144,8,8,36
2025-08-07,SKU0081,127,8,8,36
2025-08-14,SKU0081,119,5,8,36
2025-08-21,SKU0081,99,5,8,36
2025-08-28,SKU0081,90,10,8,36
2025-06-07,SKU0082,1350,63,8,353
2025-06-14,SKU0082,1270,72,8,353
2025-06-21,SKU0082,1175,70,8,353
2025-06-28,SKU0082,1150,62,8,353
2025-07-05,SKU0082,1060,80,8,353
2025-07-12,SKU0082,940,81,8,353
2025-07-19,SKU0082,999,71,8,353
2025-07-26,SKU0082,980,78,8,353
2025-08-02,SKU0082,978,80,8,353
2025-08-09,SKU0082,951,72,8,353
2025-08-16,SKU0082,924,83,8,353
2025-08-23,SKU0082,969,82,8,353
2025-08-30,SKU0082,1013,66,8,353
2025-02-15,SKU0083,245,50,18,174
2025-02-22,SKU0083,222,42,18,174
2025-03-01,SKU0083,200,48,18,174
2025-03-08,SKU0083,209,59,18,174
2025-03-15,SKU0083,207,52,18,174
2025-03-22,SKU0083,184,45,18,174
2025-03-29,SKU0083,181,51,18,174
2025-04-05,SKU0083,170,32,18,174
2025-04-12,SKU0083,176,43,18,174
2025-04-19,SKU0083,173,45,18,174
2025-04-26,SKU0083,181,61,18,174
2025-05-03,SKU0083,174,54,18,174
2025-05-10,SKU0083,149,49,18,174
2025-05-17,SKU0083,124,31,18,174
2025-05-24,SKU0083,137,63,18,174
2025-05-31,SKU0083,150,34,18,174
2025-06-07,SKU0083,113,51,18,174
2025-06-14,SKU0083,102,48,18,174
2025-06-21,SKU0083,131,55,18,174
2025-06-28,SKU0083,148,46,18,174
2025-07-05,SKU0083,181,61,18,174
2025-07-12,SKU0083,179,51,18,174
2025-07-19,SKU0083,201,52,18,174
2025-07-26,SKU0083,240,52,18,174
2025-08-02,SKU0083,220,43,18,174
2025-08-09,SKU0083,243,36,18,174
2025-08-16,SKU0083,216,51,18,174
2025-08-23,SKU0083,215,47,18,174
2025-08-30,SKU0083,188,47,18,174
2025-07-04,SKU0084,258,34,20,218
2025-07-11,SKU0084,262,49,20,218
2025-07-18,SKU0084,240,29,20,218
2025-07-25,SKU0084,235,39,20,218
2025-08-01,SKU0084,247,49,20,218
2025-08-08,SKU0084,240,42,20,218
2025-08-15,SKU0084,207,38,20,218
2025-08-22,SKU0084,199,36,20,218
2025-08-29,SKU0084,181,40,20,218
2025-01-23,SKU0085,182,8,7,39
2025-01-30,SKU0085,168,11,7,39
2025-02-06,SKU0085,159,8,7,39
2025-02-13,SKU0085,140,8,7,39
2025-02-20,SKU0085,141,7,7,39
2025-02-27,SKU0085,153,11,7,39
2025-03-06,SKU0085,150,9,7,39
2025-03-13,SKU0085,129,15,7,39
2025-03-20,SKU0085,142,7,7,39
2025-03-27,SKU0085,134,11,7,39
2025-04-03,SKU0085,133,7,7,39
2025-04-10,SKU0085,130,7,7,39
2025-04-17,SKU0085,131,6,7,39
2025-04-24,SKU0085,126,10,7,39
2025-05-01,SKU0085,136,8,7,39
2025-05-08,SKU0085,135,7,7,39
2025-05-15,SKU0085,114,4,7,39
2025-05-22,SKU0085,127,3,7,39
2025-05-29,SKU0085,123,6,7,39
2025-06-05,SKU0085,118,7,7,39
2025-06-12,SKU0085,97,8,7,39
2025-06-19,SKU0085,107,11,7,39
2025-06-26,SKU0085,100,10,7,39
2025-07-03,SKU0085,101,9,7,39
2025-07-10,SKU0085,93,12,7,39
2025-07-17,SKU0085,88,7,7,39
2025-07-24,SKU0085,95,7,7,39
2025-07-31,SKU0085,108,7,7,39
2025-08-07,SKU0085,113,7,7,39
2025-08-14,SKU0085,108,16,7,39
2025-08-21,SKU0085,112,13,7,39
2025-08-28,SKU0085,121,3,7,39
2023-12-07,SKU0086,544,26,5,100
2023-12-14,SKU0086,563,26,5,100
2023-12-21,SKU0086,541,25,5,100
2023-12-28,SKU0086,478,11,5,100
2024-01-04,SKU0086,417,21,5,100
2024-01-11,SKU0086,422,21,5,100
2024-01-18,SKU0086,375,25,5,100
2024-01-25,SKU0086,367,23,5,100
2024-02-01,SKU0086,367,14,5,100
2024-02-08,SKU0086,327,16,5,100
2024-02-15,SKU0086,321,17,5,100
2024-02-22,SKU0086,307,20,5,100
2024-02-29,SKU0086,258,19,5,100
2024-03-07,SKU0086,217,19,5,100
2024-03-14,SKU0086,176,24,5,100
2024-03-21,SKU0086,184,16,5,100
2024-03-28,SKU0086,187,24,5,100
2024-04-04,SKU0086,154,18,5,100
2024-04-11,SKU0086,120,30,5,100
2024-04-18,SKU0086,100,25,5,100
2024-04-25,SKU0086,79,25,5,100
2024-05-02,SKU0086,32,15,5,100
2024-05-09,SKU0086,0,27,5,100
2024-05-16,SKU0086,27,24,5,100
2024-05-23,SKU0086,0,20,5,100
2024-05-30,SKU0086,9,19,5,100
2024-06-06,SKU0086,0,25,5,100
2024-06-13,SKU0086,0,21,5,100
2024-06-20,SKU0086,14,23,5,100
2024-06-27,SKU0086,16,14,5,100
2024-07-04,SKU0086,8,21,5,100
2024-07-11,SKU0086,0,33,5,100
2024-07-18,SKU0086,10,26,5,100
2024-07-25,SKU0086,0,29,5,100
2024-08-01,SKU0086,0,22,5,100
2024-08-08,SKU0086,32,29,5,100
2024-08-15,SKU0086,42,18,5,100
2024-08-22,SKU0086,3,23,5,100
2024-08-29,SKU0086,15,21,5,100
2024-09-05,SKU0086,25,27,5,100
2024-09-12,SKU0086,68,20,5,100
2024-09-19,SKU0086,57,21,5,100
2024-09-26,SKU0086,85,25,5,100
2024-10-03,SKU0086,144,21,5,100
2024-10-10,SKU0086,111,28,5,100
2024-10-17,SKU0086,106,16,5,100
2024-10-24,SKU0086,129,31,5,100
2024-10-31,SKU0086,132,16,5,100
2024-11-07,SKU0086,159,29,5,100
2024-11-14,SKU0086,82,20,5,100
2024-11-21,SKU0086,48,18,5,100
2024-11-28,SKU0086,71,17,5,100
2024-12-05,SKU0086,120,17,5,100
2024-12-12,SKU0086,101,39,5,100
2024-12-19,SKU0086,98,26,5,100
2024-12-26,SKU0086,0,17,5,100
2025-01-02,SKU0086,0,26,5,100
2025-01-09,SKU0086,32,27,5,100
2025-01-16,SKU0086,81,22,5,100
2025-01-23,SKU0086,70,29,5,100
2025-01-30,SKU0086,25,26,5,100
2025-02-06,SKU0086,35,35,5,100
2025-02-13,SKU0086,80,30,5,100
2025-02-20,SKU0086,85,25,5,100
2025-02-27,SKU0086,109,16,5,100
2025-03-06,SKU0086,94,30,5,100
2025-03-13,SKU0086,76,17,5,100
2025-03-20,SKU0086,80,19,5,100
2025-03-27,SKU0086,97,17,5,100
2025-04-03,SKU0086,70,21,5,100
2025-04-10,SKU0086,89,26,5,100
2025-04-17,SKU0086,130,27,5,100
2025-04-24,SKU0086,129,24,5,100
2025-05-01,SKU0086,108,24,5,100
2025-05-08,SKU0086,90,30,5,100
2025-05-15,SKU0086,125,29,5,100
2025-05-22,SKU0086,88,18,5,100
2025-05-29,SKU0086,156,24,5,100
2025-06-05,SKU0086,163,17,5,100
2025-06-12,SKU0086,135,18,5,100
2025-06-19,SKU0086,156,15,5,100
2025-06-26,SKU0086,139,34,5,100
2025-07-03,SKU0086,155,28,5,100
2025-07-10,SKU0086,191,31,5,100
2025-07-17,SKU0086,208,22,5,100
2025-07-24,SKU0086,229,23,5,100
2025-07-31,SKU0086,220,25,5,100
2025-08-07,SKU0086,246,17,5,100
2025-08-14,SKU0086,285,35,5,100
2025-08-21,SKU0086,267,19,5,100
2025-08-28,SKU0086,242,24,5,100
2023-11-22,SKU0087,504,60,15,282
2023-11-29,SKU0087,473,51,15,282
2023-12-06,SKU0087,497,53,15,282
2023-12-13,SKU0087,560,67,15,282
2023-12-20,SKU0087,603,74,15,282
2023-12-27,SKU0087,546,63,15,282
2024-01-03,SKU0087,531,57,15,282
2024-01-10,SKU0087,523,62,15,282
2024-01-17,SKU0087,512,66,15,282
2024-01-24,SKU0087,519,58,15,282
2024-01-31,SKU0087,530,60,15,282
2024-02-07,SKU0087,589,68,15,282
2024-02-14,SKU0087,613,76,15,282
2024-02-21,SKU0087,621,61,15,282
2024-02-28,SKU0087,633,54,15,282
2024-03-06,SKU0087,655,47,15,282
2024-03-13,SKU0087,713,54,15,282
2024-03-20,SKU0087,708,49,15,282
2024-03-27,SKU0087,761,60,15,282
2024-04-03,SKU0087,794,55,15,282
2024-04-10,SKU0087,773,50,15,282
2024-04-17,SKU0087,760,75,15,282
2024-04-24,SKU0087,747,59,15,282
2024-05-01,SKU0087,755,67,15,282
2024-05-08,SKU0087,740,53,15,282
2024-05-15,SKU0087,768,69,15,282
2024-05-22,SKU0087,798,56,15,282
2024-05-29,SKU0087,824,56,15,282
2024-06-05,SKU0087,758,58,15,282
2024-06-12,SKU0087,716,69,15,282
2024-06-19,SKU0087,730,59,15,282
2024-06-26,SKU0087,737,62,15,282
2024-07-03,SKU0087,765,61,15,282
2024-07-10,SKU0087,759,51,15,282
2024-07-17,SKU0087,753,51,15,282
2024-07-24,SKU0087,708,54,15,282
2024-07-31,SKU0087,716,55,15,282
2024-08-07,SKU0087,728,65,15,282
2024-08-14,SKU0087,692,59,15,282
2024-08-21,SKU0087,662,64,15,282
2024-08-28,SKU0087,625,55,15,282
2024-09-04,SKU0087,598,62,15,282
2024-09-11,SKU0087,576,66,15,282
2024-09-18,SKU0087,555,77,15,282
2024-09-25,SKU0087,574,53,15,282
2024-10-02,SKU0087,577,60,15,282
2024-10-09,SKU0087,532,49,15,282
2024-10-16,SKU0087,547,55,15,282
2024-10-23,SKU0087,531,53,15,282
2024-10-30,SKU0087,561,46,15,282
2024-11-06,SKU0087,586,52,15,282
2024-11-13,SKU0087,506,58,15,282
2024-11-20,SKU0087,509,58,15,282
2024-11-27,SKU0087,478,58,15,282
2024-12-04,SKU0087,466,68,15,282
2024-12-11,SKU0087,479,50,15,282
2024-12-18,SKU0087,498,68,15,282
2024-12-25,SKU0087,451,61,15,282
2025-01-01,SKU0087,373,59,15,282
2025-01-08,SKU0087,349,61,15,282
2025-01-15,SKU0087,383,75,15,282
2025-01-22,SKU0087,363,56,15,282
2025-01-29,SKU0087,328,44,15,282
2025-02-05,SKU0087,365,66,15,282
2025-02-12,SKU0087,410,54,15,282
2025-02-19,SKU0087,417,53,15,282
2025-02-26,SKU0087,359,57,15,282
2025-03-05,SKU0087,379,75,15,282
2025-03-12,SKU0087,355,59,15,282
2025-03-19,SKU0087,385,56,15,282
2025-03-26,SKU0087,404,63,15,282
2025-04-02,SKU0087,415,63,15,282
2025-04-09,SKU0087,422,57,15,282
2025-04-16,SKU0087,421,60,15,282
2025-04-23,SKU0087,442,68,15,282
2025-04-30,SKU0087,433,60,15,282
2025-05-07,SKU0087,422,54,15,282
2025-05-14,SKU0087,453,56,15,282
2025-05-21,SKU0087,401,64,15,282
2025-05-28,SKU0087,395,68,15,282
2025-06-04,SKU0087,329,60,15,282
2025-06-11,SKU0087,160,53,15,282
2025-06-18,SKU0087,155,64,15,282
2025-06-25,SKU0087,154,62,15,282
2025-07-02,SKU0087,102,63,15,282
2025-07-09,SKU0087,80,52,15,282
2025-07-16,SKU0087,69,63,15,282
2025-07-23,SKU0087,33,49,15,282
2025-07-30,SKU0087,0,69,15,282
2025-08-06,SKU0087,0,57,15,282
2025-08-13,SKU0087,0,49,15,282
2025-08-20,SKU0087,0,76,15,282
2025-08-27,SKU0087,0,61,15,282
2023-09-23,SKU0088,649,90,19,336
2023-09-30,SKU0088,641,100,19,336
2023-10-07,SKU0088,620,87,19,336
2023-10-14,SKU0088,591,106,19,336
2023-10-21,SKU0088,611,92,19,336
2023-10-28,SKU0088,610,89,19,336
2023-11-04,SKU0088,604,98,19,336
2023-11-11,SKU0088,620,81,19,336
2023-11-18,SKU0088,638,110,19,336
2023-11-25,SKU0088,584,83,19,336
2023-12-02,SKU0088,560,98,19,336
2023-12-09,SKU0088,634,84,19,336
2023-12-16,SKU0088,709,106,19,336
2023-12-23,SKU0088,657,115,19,336
2023-12-30,SKU0088,592,104,19,336
2024-01-06,SKU0088,596,93,19,336
2024-01-13,SKU0088,674,85,19,336
2024-01-20,SKU0088,675,91,19,336
2024-01-27,SKU0088,739,94,19,336
2024-02-03,SKU0088,762,97,19,336
2024-02-10,SKU0088,782,85,19,336
2024-02-17,SKU0088,753,95,19,336
2024-02-24,SKU0088,804,100,19,336
2024-03-02,SKU0088,801,97,19,336
2024-03-09,SKU0088,818,107,19,336
2024-03-16,SKU0088,865,88,19,336
2024-03-23,SKU0088,881,96,19,336
2024-03-30,SKU0088,900,117,19,336
2024-04-06,SKU0088,873,92,19,336
2024-04-13,SKU0088,894,93,19,336
2024-04-20,SKU0088,850,98,19,336
2024-04-27,SKU0088,862,91,19,336
2024-05-04,SKU0088,813,88,19,336
2024-05-11,SKU0088,728,97,19,336
2024-05-18,SKU0088,736,110,19,336
2024-05-25,SKU0088,678,100,19,336
2024-06-01,SKU0088,616,103,19,336
2024-06-08,SKU0088,471,91,19,336
2024-06-15,SKU0088,336,108,19,336
2024-06-22,SKU0088,385,112,19,336
2024-06-29,SKU0088,380,101,19,336
2024-07-06,SKU0088,386,104,19,336
2024-07-13,SKU0088,402,104,19,336
2024-07-20,SKU0088,377,88,19,336
2024-07-27,SKU0088,320,86,19,336
2024-08-03,SKU0088,267,106,19,336
2024-08-10,SKU0088,270,103,19,336
2024-08-17,SKU0088,218,85,19,336
2024-08-24,SKU0088,241,94,19,336
2024-08-31,SKU0088,178,110,19,336
2024-09-07,SKU0088,147,78,19,336
2024-09-14,SKU0088,148,98,19,336
2024-09-21,SKU0088,90,115,19,336
2024-09-28,SKU0088,64,101,19,336
2024-10-05,SKU0088,106,85,19,336
2024-10-12,SKU0088,173,86,19,336
2024-10-19,SKU0088,217,93,19,336
2024-10-26,SKU0088,184,90,19,336
2024-11-02,SKU0088,254,115,19,336
2024-11-09,SKU0088,249,70,19,336
2024-11-16,SKU0088,222,99,19,336
2024-11-23,SKU0088,292,113,19,336
2024-11-30,SKU0088,300,101,19,336
2024-12-07,SKU0088,336,80,19,336
2024-12-14,SKU0088,370,99,19,336
2024-12-21,SKU0088,468,103,19,336
2024-12-28,SKU0088,433,103,19,336
2025-01-04,SKU0088,380,94,19,336
2025-01-11,SKU0088,445,101,19,336
2025-01-18,SKU0088,461,102,19,336
2025-01-25,SKU0088,519,117,19,336
2025-02-01,SKU0088,499,102,19,336
2025-02-08,SKU0088,514,94,19,336
2025-02-15,SKU0088,486,103,19,336
2025-02-22,SKU0088,514,92,19,336
2025-03-01,SKU0088,504,97,19,336
2025-03-08,SKU0088,467,101,19,336
2025-03-15,SKU0088,500,104,19,336
2025-03-22,SKU0088,520,105,19,336
2025-03-29,SKU0088,515,87,19,336
2025-04-05,SKU0088,531,77,19,336
2025-04-12,SKU0088,533,79,19,336
2025-04-19,SKU0088,518,109,19,336
2025-04-26,SKU0088,566,108,19,336
2025-05-03,SKU0088,624,98,19,336
2025-05-10,SKU0088,549,89,19,336
2025-05-17,SKU0088,486,90,19,336
2025-05-24,SKU0088,461,93,19,336
2025-05-31,SKU0088,460,87,19,336
2025-06-07,SKU0088,267,103,19,336
2025-06-14,SKU0088,75,105,19,336
2025-06-21,SKU0088,0,95,19,336
2025-06-28,SKU0088,13,88,19,336
2025-07-05,SKU0088,0,96,19,336
2025-07-12,SKU0088,0,101,19,336
2025-07-19,SKU0088,14,110,19,336
2025-07-26,SKU0088,0,99,19,336
2025-08-02,SKU0088,21,113,19,336
2025-08-09,SKU0088,0,93,19,336
2025-08-16,SKU0088,3,72,19,336
2025-08-23,SKU0088,0,91,19,336
2025-08-30,SKU0088,12,106,19,336
2024-03-25,SKU0089,435,17,6,78
2024-04-01,SKU0089,403,23,6,78
2024-04-08,SKU0089,464,28,6,78
2024-04-15,SKU0089,491,32,6,78
2024-04-22,SKU0089,493,17,6,78
2024-04-29,SKU0089,526,19,6,78
2024-05-06,SKU0089,546,25,6,78
2024-05-13,SKU0089,540,31,6,78
2024-05-20,SKU0089,552,24,6,78
2024-05-27,SKU0089,596,16,6,78
2024-06-03,SKU0089,576,17,6,78
2024-06-10,SKU0089,542,21,6,78
2024-06-17,SKU0089,555,19,6,78
2024-06-24,SKU0089,583,18,6,78
2024-07-01,SKU0089,562,20,6,78
2024-07-08,SKU0089,574,17,6,78
2024-07-15,SKU0089,526,14,6,78
2024-07-22,SKU0089,511,20,6,78
2024-07-29,SKU0089,470,30,6,78
2024-08-05,SKU0089,447,22,6,78
2024-08-12,SKU0089,380,23,6,78
2024-08-19,SKU0089,386,17,6,78
2024-08-26,SKU0089,347,15,6,78
2024-09-02,SKU0089,314,24,6,78
2024-09-09,SKU0089,298,20,6,78
2024-09-16,SKU0089,265,17,6,78
2024-09-23,SKU0089,253,19,6,78
2024-09-30,SKU0089,241,24,6,78
2024-10-07,SKU0089,206,23,6,78
2024-10-14,SKU0089,237,27,6,78
2024-10-21,SKU0089,247,25,6,78
2024-10-28,SKU0089,233,28,6,78
2024-11-04,SKU0089,205,16,6,78
2024-11-11,SKU0089,208,22,6,78
2024-11-18,SKU0089,106,22,6,78
2024-11-25,SKU0089,127,25,6,78
2024-12-02,SKU0089,56,16,6,78
2024-12-09,SKU0089,40,22,6,78
2024-12-16,SKU0089,50,12,6,78
2024-12-23,SKU0089,23,23,6,78
2024-12-30,SKU0089,0,18,6,78
2025-01-06,SKU0089,0,13,6,78
2025-01-13,SKU0089,0,21,6,78
2025-01-20,SKU0089,0,16,6,78
2025-01-27,SKU0089,0,30,6,78
2025-02-03,SKU0089,0,22,6,78
2025-02-10,SKU0089,5,19,6,78
2025-02-17,SKU0089,15,25,6,78
2025-02-24,SKU0089,50,22,6,78
2025-03-03,SKU0089,59,19,6,78
2025-03-10,SKU0089,77,15,6,78
2025-03-17,SKU0089,94,17,6,78
2025-03-24,SKU0089,101,23,6,78
2025-03-31,SKU0089,130,26,6,78
2025-04-07,SKU0089,168,24,6,78
2025-04-14,SKU0089,214,23,6,78
2025-04-21,SKU0089,255,23,6,78
2025-04-28,SKU0089,297,14,6,78
2025-05-05,SKU0089,357,24,6,78
2025-05-12,SKU0089,417,25,6,78
2025-05-19,SKU0089,451,15,6,78
2025-05-26,SKU0089,472,21,6,78
2025-06-02,SKU0089,501,12,6,78
2025-06-09,SKU0089,466,16,6,78
2025-06-16,SKU0089,456,17,6,78
2025-06-23,SKU0089,514,22,6,78
2025-06-30,SKU0089,505,29,6,78
2025-07-07,SKU0089,497,22,6,78
2025-07-14,SKU0089,553,14,6,78
2025-07-21,SKU0089,543,19,6,78
2025-07-28,SKU0089,587,15,6,78
2025-08-04,SKU0089,601,28,6,78
2025-08-11,SKU0089,590,21,6,78
2025-08-18,SKU0089,568,24,6,78
2025-08-25,SKU0089,543,25,6,78
2025-01-29,SKU0090,1103,134,17,544
2025-02-05,SKU0090,1111,122,17,544
2025-02-12,SKU0090,1125,143,17,544
2025-02-19,SKU0090,1205,117,17,544
2025-02-26,SKU0090,1232,107,17,544
2025-03-05,SKU0090,1301,125,17,544
2025-03-12,SKU0090,1347,134,17,544
2025-03-19,SKU0090,1322,135,17,544
2025-03-26,SKU0090,1412,137,17,544
2025-04-02,SKU0090,1420,111,17,544
2025-04-09,SKU0090,1449,119,17,544
2025-04-16,SKU0090,1545,127,17,544
2025-04-23,SKU0090,1524,128,17,544
2025-04-30,SKU0090,1511,128,17,544
2025-05-07,SKU0090,1592,130,17,544
2025-05-14,SKU0090,1528,122,17,544
2025-05-21,SKU0090,1508,145,17,544
2025-05-28,SKU0090,1494,142,17,544
2025-06-04,SKU0090,1478,142,17,544
2025-06-11,SKU0090,1414,117,17,544
2025-06-18,SKU0090,1368,139,17,544
2025-06-25,SKU0090,1287,147,17,544
2025-07-02,SKU0090,1262,147,17,544
2025-07-09,SKU0090,1281,138,17,544
2025-07-16,SKU0090,1179,132,17,544
2025-07-23,SKU0090,1105,116,17,544
2025-07-30,SKU0090,1039,143,17,544
2025-08-06,SKU0090,959,133,17,544
2025-08-13,SKU0090,946,130,17,544
2025-08-20,SKU0090,926,135,17,544
2025-08-27,SKU0090,816,108,17,544
2024-03-17,SKU0091,326,50,11,206
2024-03-24,SKU0091,340,64,11,206
2024-03-31,SKU0091,311,46,11,206
2024-04-07,SKU0091,293,59,11,206
2024-04-14,SKU0091,254,36,11,206
2024-04-21,SKU0091,229,51,11,206
2024-04-28,SKU0091,262,46,11,206
2024-05-05,SKU0091,238,49,11,206
2024-05-12,SKU0091,268,38,11,206
2024-05-19,SKU0091,245,42,11,206
2024-05-26,SKU0091,275,58,11,206
2024-06-02,SKU0091,260,41,11,206
2024-06-09,SKU0091,223,53,11,206
2024-06-16,SKU0091,189,57,11,206
2024-06-23,SKU0091,159,48,11,206
2024-06-30,SKU0091,177,39,11,206
2024-07-07,SKU0091,211,46,11,206
2024-07-14,SKU0091,269,47,11,206
2024-07-21,SKU0091,325,50,11,206
2024-07-28,SKU0091,359,53,11,206
2024-08-04,SKU0091,406,39,11,206
2024-08-11,SKU0091,362,55,11,206
2024-08-18,SKU0091,342,53,11,206
2024-08-25,SKU0091,364,49,11,206
2024-09-01,SKU0091,396,32,11,206
2024-09-08,SKU0091,409,51,11,206
2024-09-15,SKU0091,452,48,11,206
2024-09-22,SKU0091,482,45,11,206
2024-09-29,SKU0091,494,50,11,206
2024-10-06,SKU0091,526,44,11,206
2024-10-13,SKU0091,484,52,11,206
2024-10-20,SKU0091,462,57,11,206
2024-10-27,SKU0091,465,45,11,206
2024-11-03,SKU0091,416,42,11,206
2024-11-10,SKU0091,321,49,11,206
2024-11-17,SKU0091,217,48,11,206
2024-11-24,SKU0091,230,55,11,206
2024-12-01,SKU0091,221,52,11,206
2024-12-08,SKU0091,218,37,11,206
2024-12-15,SKU0091,213,44,11,206
2024-12-22,SKU0091,231,45,11,206
2024-12-29,SKU0091,133,51,11,206
2025-01-05,SKU0091,57,54,11,206
2025-01-12,SKU0091,29,55,11,206
2025-01-19,SKU0091,0,39,11,206
2025-01-26,SKU0091,0,50,11,206
2025-02-02,SKU0091,5,42,11,206
2025-02-09,SKU0091,0,44,11,206
2025-02-16,SKU0091,26,57,11,206
2025-02-23,SKU0091,8,50,11,206
2025-03-02,SKU0091,0,48,11,206
2025-03-09,SKU0091,26,50,11,206
2025-03-16,SKU0091,31,44,11,206
2025-03-23,SKU0091,45,58,11,206
2025-03-30,SKU0091,0,49,11,206
2025-04-06,SKU0091,0,43,11,206
2025-04-13,SKU0091,0,57,11,206
2025-04-20,SKU0091,4,46,11,206
2025-04-27,SKU0091,27,60,11,206
2025-05-04,SKU0091,0,47,11,206
2025-05-11,SKU0091,3,46,11,206
2025-05-18,SKU0091,70,45,11,206
2025-05-25,SKU0091,109,42,11,206
2025-06-01,SKU0091,119,34,11,206
2025-06-08,SKU0091,21,56,11,206
2025-06-15,SKU0091,21,41,11,206
2025-06-22,SKU0091,15,45,11,206
2025-06-29,SKU0091,59,42,11,206
2025-07-06,SKU0091,79,42,11,206
2025-07-13,SKU0091,98,47,11,206
2025-07-20,SKU0091,159,57,11,206
2025-07-27,SKU0091,126,51,11,206
2025-08-03,SKU0091,191,48,11,206
2025-08-10,SKU0091,194,50,11,206
2025-08-17,SKU0091,234,43,11,206
2025-08-24,SKU0091,240,47,11,206
2025-08-31,SKU0091,287,45,11,206
2023-12-05,SKU0092,448,90,11,342
2023-12-12,SKU0092,412,82,11,342
2023-12-19,SKU0092,389,86,11,342
2023-12-26,SKU0092,320,73,11,342
2024-01-02,SKU0092,238,71,11,342
2024-01-09,SKU0092,291,72,11,342
2024-01-16,SKU0092,289,80,11,342
2024-01-23,SKU0092,296,70,11,342
2024-01-30,SKU0092,289,86,11,342
2024-02-06,SKU0092,278,85,11,342
2024-02-13,SKU0092,305,67,11,342
2024-02-20,SKU0092,374,68,11,342
2024-02-27,SKU0092,358,57,11,342
2024-03-05,SKU0092,462,71,11,342
2024-03-12,SKU0092,424,83,11,342
2024-03-19,SKU0092,435,61,11,342
2024-03-26,SKU0092,429,62,11,342
2024-04-02,SKU0092,404,71,11,342
2024-04-09,SKU0092,380,76,11,342
2024-04-16,SKU0092,355,84,11,342
2024-04-23,SKU0092,332,78,11,342
2024-04-30,SKU0092,300,74,11,342
2024-05-07,SKU0092,254,68,11,342
2024-05-14,SKU0092,280,74,11,342
2024-05-21,SKU0092,232,68,11,342
2024-05-28,SKU0092,214,86,11,342
2024-06-04,SKU0092,46,66,11,342
2024-06-11,SKU0092,0,72,11,342
2024-06-18,SKU0092,0,70,11,342
2024-06-25,SKU0092,53,76,11,342
2024-07-02,SKU0092,0,72,11,342
2024-07-09,SKU0092,0,70,11,342
2024-07-16,SKU0092,0,91,11,342
2024-07-23,SKU0092,7,69,11,342
2024-07-30,SKU0092,0,76,11,342
2024-08-06,SKU0092,0,74,11,342
2024-08-13,SKU0092,0,76,11,342
2024-08-20,SKU0092,0,75,11,342
2024-08-27,SKU0092,32,75,11,342
2024-09-03,SKU0092,56,76,11,342
2024-09-10,SKU0092,23,82,11,342
2024-09-17,SKU0092,42,63,11,342
2024-09-24,SKU0092,59,86,11,342
2024-10-01,SKU0092,6,84,11,342
2024-10-08,SKU0092,0,75,11,342
2024-10-15,SKU0092,11,52,11,342
2024-10-22,SKU0092,58,68,11,342
2024-10-29,SKU0092,21,75,11,342
2024-11-05,SKU0092,2,65,11,342
2024-11-12,SKU0092,0,64,11,342
2024-11-19,SKU0092,0,93,11,342
2024-11-26,SKU0092,43,67,11,342
2024-12-03,SKU0092,100,75,11,342
2024-12-10,SKU0092,125,76,11,342
2024-12-17,SKU0092,172,80,11,342
2024-12-24,SKU0092,178,65,11,342
2024-12-31,SKU0092,59,78,11,342
2025-01-07,SKU0092,40,78,11,342
2025-01-14,SKU0092,34,71,11,342
2025-01-21,SKU0092,70,74,11,342
2025-01-28,SKU0092,120,60,11,342
2025-02-04,SKU0092,94,58,11,342
2025-02-11,SKU0092,187,57,11,342
2025-02-18,SKU0092,282,78,11,342
2025-02-25,SKU0092,255,83,11,342
2025-03-04,SKU0092,271,85,11,342
2025-03-11,SKU0092,277,90,11,342
2025-03-18,SKU0092,264,64,11,342
2025-03-25,SKU0092,287,86,11,342
2025-04-01,SKU0092,306,69,11,342
2025-04-08,SKU0092,336,66,11,342
2025-04-15,SKU0092,395,70,11,342
2025-04-22,SKU0092,395,64,11,342
2025-04-29,SKU0092,463,68,11,342
2025-05-06,SKU0092,481,73,11,342
2025-05-13,SKU0092,457,74,11,342
2025-05-20,SKU0092,527,81,11,342
2025-05-27,SKU0092,548,70,11,342
2025-06-03,SKU0092,509,75,11,342
2025-06-10,SKU0092,352,84,11,342
2025-06-17,SKU0092,436,83,11,342
2025-06-24,SKU0092,371,71,11,342
2025-07-01,SKU0092,321,66,11,342
2025-07-08,SKU0092,215,76,11,342
2025-07-15,SKU0092,226,65,11,342
2025-07-22,SKU0092,203,79,11,342
2025-07-29,SKU0092,221,63,11,342
2025-08-05,SKU0092,200,77,11,342
2025-08-12,SKU0092,226,77,11,342
2025-08-19,SKU0092,250,77,11,342
2025-08-26,SKU0092,248,77,11,342
2024-02-16,SKU0093,1738,109,11,450
2024-02-23,SKU0093,1714,134,11,450
2024-03-01,SKU0093,1593,121,11,450
2024-03-08,SKU0093,1654,109,11,450
2024-03-15,SKU0093,1709,101,11,450
2024-03-22,SKU0093,1642,129,11,450
2024-03-29,SKU0093,1737,138,11,450
2024-04-05,SKU0093,1660,128,11,450
2024-04-12,SKU0093,1582,126,11,450
2024-04-19,SKU0093,1608,111,11,450
2024-04-26,SKU0093,1634,127,11,450
2024-05-03,SKU0093,1615,122,11,450
2024-05-10,SKU0093,1793,109,11,450
2024-05-17,SKU0093,1935,114,11,450
2024-05-24,SKU0093,1950,128,11,450
2024-05-31,SKU0093,1901,118,11,450
2024-06-07,SKU0093,1620,126,11,450
2024-06-14,SKU0093,1482,129,11,450
2024-06-21,SKU0093,1494,134,11,450
2024-06-28,SKU0093,1606,114,11,450
2024-07-05,SKU0093,1556,126,11,450
2024-07-12,SKU0093,1617,116,11,450
2024-07-19,SKU0093,1637,131,11,450
2024-07-26,SKU0093,1759,124,11,450
2024-08-02,SKU0093,1730,110,11,450
2024-08-09,SKU0093,1597,129,11,450
2024-08-16,SKU0093,1507,101,11,450
2024-08-23,SKU0093,1549,107,11,450
2024-08-30,SKU0093,1627,125,11,450
2024-09-06,SKU0093,1513,124,11,450
2024-09-13,SKU0093,1529,115,11,450
2024-09-20,SKU0093,1523,133,11,450
2024-09-27,SKU0093,1384,118,11,450
2024-10-04,SKU0093,1370,152,11,450
2024-10-11,SKU0093,1239,137,11,450
2024-10-18,SKU0093,1200,134,11,450
2024-10-25,SKU0093,1108,120,11,450
2024-11-01,SKU0093,915,126,11,450
2024-11-08,SKU0093,872,148,11,450
2024-11-15,SKU0093,606,133,11,450
2024-11-22,SKU0093,400,109,11,450
2024-11-29,SKU0093,238,130,11,450
2024-12-06,SKU0093,329,96,11,450
2024-12-13,SKU0093,294,157,11,450
2024-12-20,SKU0093,221,148,11,450
2024-12-27,SKU0093,0,127,11,450
2025-01-03,SKU0093,0,128,11,450
2025-01-10,SKU0093,0,128,11,450
2025-01-17,SKU0093,0,127,11,450
2025-01-24,SKU0093,0,138,11,450
2025-01-31,SKU0093,0,112,11,450
2025-02-07,SKU0093,0,126,11,450
2025-02-14,SKU0093,0,115,11,450
2025-02-21,SKU0093,60,117,11,450
2025-02-28,SKU0093,1,114,11,450
2025-03-07,SKU0093,0,128,11,450
2025-03-14,SKU0093,0,130,11,450
2025-03-21,SKU0093,3,127,11,450
2025-03-28,SKU0093,34,131,11,450
2025-04-04,SKU0093,31,119,11,450
2025-04-11,SKU0093,0,113,11,450
2025-04-18,SKU0093,87,98,11,450
2025-04-25,SKU0093,183,118,11,450
2025-05-02,SKU0093,204,145,11,450
2025-05-09,SKU0093,222,135,11,450
2025-05-16,SKU0093,393,119,11,450
2025-05-23,SKU0093,506,122,11,450
2025-05-30,SKU0093,540,125,11,450
2025-06-06,SKU0093,339,111,11,450
2025-06-13,SKU0093,378,115,11,450
2025-06-20,SKU0093,492,113,11,450
2025-06-27,SKU0093,640,133,11,450
2025-07-04,SKU0093,654,140,11,450
2025-07-11,SKU0093,686,121,11,450
2025-07-18,SKU0093,852,111,11,450
2025-07-25,SKU0093,901,141,11,450
2025-08-01,SKU0093,872,138,11,450
2025-08-08,SKU0093,902,131,11,450
2025-08-15,SKU0093,925,123,11,450
2025-08-22,SKU0093,1041,107,11,450
2025-08-29,SKU0093,1089,113,11,450
2024-03-21,SKU0094,182,14,5,60
2024-03-28,SKU0094,173,8,5,60
2024-04-04,SKU0094,138,12,5,60
2024-04-11,SKU0094,158,13,5,60
2024-04-18,SKU0094,162,7,5,60
2024-04-25,SKU0094,172,20,5,60
2024-05-02,SKU0094,190,13,5,60
2024-05-09,SKU0094,99,15,5,60
2024-05-16,SKU0094,82,12,5,60
2024-05-23,SKU0094,48,14,5,60
2024-05-30,SKU0094,0,16,5,60
2024-06-06,SKU0094,0,18,5,60
2024-06-13,SKU0094,0,13,5,60
2024-06-20,SKU0094,0,18,5,60
2024-06-27,SKU0094,0,16,5,60
2024-07-04,SKU0094,0,12,5,60
2024-07-11,SKU0094,0,18,5,60
2024-07-18,SKU0094,0,21,5,60
2024-07-25,SKU0094,0,14,5,60
2024-08-01,SKU0094,0,15,5,60
2024-08-08,SKU0094,0,10,5,60
2024-08-15,SKU0094,0,13,5,60
2024-08-22,SKU0094,24,16,5,60
2024-08-29,SKU0094,54,15,5,60
2024-09-05,SKU0094,79,15,5,60
2024-09-12,SKU0094,75,16,5,60
2024-09-19,SKU0094,75,19,5,60
2024-09-26,SKU0094,72,12,5,60
2024-10-03,SKU0094,94,9,5,60
2024-10-10,SKU0094,91,18,5,60
2024-10-17,SKU0094,121,17,5,60
2024-10-24,SKU0094,124,22,5,60
2024-10-31,SKU0094,109,14,5,60
2024-11-07,SKU0094,161,25,5,60
2024-11-14,SKU0094,128,9,5,60
2024-11-21,SKU0094,141,17,5,60
2024-11-28,SKU0094,143,12,5,60
2024-12-05,SKU0094,156,23,5,60
2024-12-12,SKU0094,162,19,5,60
2024-12-19,SKU0094,158,23,5,60
2024-12-26,SKU0094,119,22,5,60
2025-01-02,SKU0094,125,20,5,60
2025-01-09,SKU0094,104,24,5,60
2025-01-16,SKU0094,129,22,5,60
2025-01-23,SKU0094,139,19,5,60
2025-01-30,SKU0094,177,16,5,60
2025-02-06,SKU0094,191,17,5,60
2025-02-13,SKU0094,177,12,5,60
2025-02-20,SKU0094,174,11,5,60
2025-02-27,SKU0094,167,14,5,60
2025-03-06,SKU0094,167,31,5,60
2025-03-13,SKU0094,157,14,5,60
2025-03-20,SKU0094,130,10,5,60
2025-03-27,SKU0094,135,17,5,60
2025-04-03,SKU0094,114,13,5,60
2025-04-10,SKU0094,144,19,5,60
2025-04-17,SKU0094,182,12,5,60
2025-04-24,SKU0094,203,15,5,60
2025-05-01,SKU0094,195,21,5,60
2025-05-08,SKU0094,224,21,5,60
2025-05-15,SKU0094,217,12,5,60
2025-05-22,SKU0094,214,14,5,60
2025-05-29,SKU0094,217,11,5,60
2025-06-05,SKU0094,163,20,5,60
2025-06-12,SKU0094,116,16,5,60
2025-06-19,SKU0094,122,11,5,60
2025-06-26,SKU0094,127,16,5,60
2025-07-03,SKU0094,134,19,5,60
2025-07-10,SKU0094,111,15,5,60
2025-07-17,SKU0094,114,9,5,60
2025-07-24,SKU0094,105,22,5,60
2025-07-31,SKU0094,113,12,5,60
2025-08-07,SKU0094,113,17,5,60
2025-08-14,SKU0094,100,14,5,60
2025-08-21,SKU0094,123,11,5,60
2025-08-28,SKU0094,147,20,5,60
2024-10-29,SKU0095,401,23,5,123
2024-11-05,SKU0095,498,30,5,123
2024-11-12,SKU0095,458,25,5,123
2024-11-19,SKU0095,461,26,5,123
2024-11-26,SKU0095,487,23,5,123
2024-12-03,SKU0095,534,22,5,123
2024-12-10,SKU0095,577,28,5,123
2024-12-17,SKU0095,548,26,5,123
2024-12-24,SKU0095,553,22,5,123
2024-12-31,SKU0095,497,22,5,123
2025-01-07,SKU0095,453,30,5,123
2025-01-14,SKU0095,429,19,5,123
2025-01-21,SKU0095,395,31,5,123
2025-01-28,SKU0095,421,28,5,123
2025-02-04,SKU0095,501,19,5,123
2025-02-11,SKU0095,530,23,5,123
2025-02-18,SKU0095,566,24,5,123
2025-02-25,SKU0095,541,21,5,123
2025-03-04,SKU0095,556,24,5,123
2025-03-11,SKU0095,624,21,5,123
2025-03-18,SKU0095,646,18,5,123
2025-03-25,SKU0095,685,18,5,123
2025-04-01,SKU0095,655,26,5,123
2025-04-08,SKU0095,691,26,5,123
2025-04-15,SKU0095,727,32,5,123
2025-04-22,SKU0095,716,27,5,123
2025-04-29,SKU0095,753,24,5,123
2025-05-06,SKU0095,731,26,5,123
2025-05-13,SKU0095,752,18,5,123
2025-05-20,SKU0095,763,29,5,123
2025-05-27,SKU0095,737,28,5,123
2025-06-03,SKU0095,704,25,5,123
2025-06-10,SKU0095,608,23,5,123
2025-06-17,SKU0095,605,28,5,123
2025-06-24,SKU0095,553,31,5,123
2025-07-01,SKU0095,493,24,5,123
2025-07-08,SKU0095,480,32,5,123
2025-07-15,SKU0095,496,28,5,123
2025-07-22,SKU0095,544,25,5,123
2025-07-29,SKU0095,547,20,5,123
2025-08-05,SKU0095,496,31,5,123
2025-08-12,SKU0095,450,25,5,123
2025-08-19,SKU0095,383,20,5,123
2025-08-26,SKU0095,361,23,5,123
2024-12-12,SKU0096,553,42,11,157
2024-12-19,SKU0096,549,40,11,157
2024-12-26,SKU0096,540,31,11,157
2025-01-02,SKU0096,509,41,11,157
2025-01-09,SKU0096,527,25,11,157
2025-01-16,SKU0096,527,42,11,157
2025-01-23,SKU0096,596,41,11,157
2025-01-30,SKU0096,643,44,11,157
2025-02-06,SKU0096,672,35,11,157
2025-02-13,SKU0096,699,36,11,157
2025-02-20,SKU0096,755,37,11,157
2025-02-27,SKU0096,772,33,11,157
2025-03-06,SKU0096,796,45,11,157
2025-03-13,SKU0096,803,26,11,157
2025-03-20,SKU0096,797,41,11,157
2025-03-27,SKU0096,817,46,11,157
2025-04-03,SKU0096,843,42,11,157
2025-04-10,SKU0096,843,44,11,157
2025-04-17,SKU0096,858,46,11,157
2025-04-24,SKU0096,873,48,11,157
2025-05-01,SKU0096,877,39,11,157
2025-05-08,SKU0096,884,46,11,157
2025-05-15,SKU0096,914,44,11,157
2025-05-22,SKU0096,855,39,11,157
2025-05-29,SKU0096,867,37,11,157
2025-06-05,SKU0096,817,38,11,157
2025-06-12,SKU0096,699,36,11,157
2025-06-19,SKU0096,736,40,11,157
2025-06-26,SKU0096,781,42,11,157
2025-07-03,SKU0096,762,44,11,157
2025-07-10,SKU0096,724,35,11,157
2025-07-17,SKU0096,671,47,11,157
2025-07-24,SKU0096,643,33,11,157
2025-07-31,SKU0096,675,43,11,157
2025-08-07,SKU0096,647,50,11,157
2025-08-14,SKU0096,648,31,11,157
2025-08-21,SKU0096,602,38,11,157
2025-08-28,SKU0096,547,49,11,157
2025-04-09,SKU0097,2031,223,18,878
2025-04-16,SKU0097,1945,252,18,878
2025-04-23,SKU0097,1839,203,18,878
2025-04-30,SKU0097,1798,236,18,878
2025-05-07,SKU0097,1911,208,18,878
2025-05-14,SKU0097,1844,260,18,878
2025-05-21,SKU0097,1826,223,18,878
2025-05-28,SKU0097,1855,197,18,878
2025-06-04,SKU0097,1718,221,18,878
2025-06-11,SKU0097,1431,244,18,878
2025-06-18,SKU0097,1524,222,18,878
2025-06-25,SKU0097,1295,235,18,878
2025-07-02,SKU0097,1412,205,18,878
2025-07-09,SKU0097,1393,215,18,878
2025-07-16,SKU0097,1401,246,18,878
2025-07-23,SKU0097,1364,223,18,878
2025-07-30,SKU0097,1316,241,18,878
2025-08-06,SKU0097,1411,252,18,878
2025-08-13,SKU0097,1316,207,18,878
2025-08-20,SKU0097,1256,208,18,878
2025-08-27,SKU0097,1327,233,18,878
2024-09-12,SKU0098,1580,134,11,423
2024-09-19,SKU0098,1482,110,11,423
2024-09-26,SKU0098,1466,120,11,423
2024-10-03,SKU0098,1518,112,11,423
2024-10-10,SKU0098,1628,129,11,423
2024-10-17,SKU0098,1679,111,11,423
2024-10-24,SKU0098,1744,107,11,423
2024-10-31,SKU0098,1850,128,11,423
2024-11-07,SKU0098,1782,110,11,423
2024-11-14,SKU0098,1679,113,11,423
2024-11-21,SKU0098,1739,107,11,423
2024-11-28,SKU0098,1742,123,11,423
2024-12-05,SKU0098,1887,110,11,423
2024-12-12,SKU0098,2000,111,11,423
2024-12-19,SKU0098,2118,138,11,423
2024-12-26,SKU0098,1878,110,11,423
2025-01-02,SKU0098,1743,98,11,423
2025-01-09,SKU0098,1721,99,11,423
2025-01-16,SKU0098,1702,105,11,423
2025-01-23,SKU0098,1749,108,11,423
2025-01-30,SKU0098,1858,134,11,423
2025-02-06,SKU0098,1846,131,11,423
2025-02-13,SKU0098,1888,114,11,423
2025-02-20,SKU0098,1815,124,11,423
2025-02-27,SKU0098,1794,101,11,423
2025-03-06,SKU0098,1827,145,11,423
2025-03-13,SKU0098,1873,111,11,423
2025-03-20,SKU0098,1769,115,11,423
2025-03-27,SKU0098,1764,124,11,423
2025-04-03,SKU0098,1843,100,11,423
2025-04-10,SKU0098,1753,134,11,423
2025-04-17,SKU0098,1670,111,11,423
2025-04-24,SKU0098,1620,119,11,423
2025-05-01,SKU0098,1567,123,11,423
2025-05-08,SKU0098,1542,113,11,423
2025-05-15,SKU0098,1533,93,11,423
2025-05-22,SKU0098,1456,132,11,423
2025-05-29,SKU0098,1362,129,11,423
2025-06-05,SKU0098,1233,111,11,423
2025-06-12,SKU0098,962,115,11,423
2025-06-19,SKU0098,880,111,11,423
2025-06-26,SKU0098,909,122,11,423
2025-07-03,SKU0098,936,124,11,423
2025-07-10,SKU0098,955,134,11,423
2025-07-17,SKU0098,1010,116,11,423
2025-07-24,SKU0098,904,109,11,423
2025-07-31,SKU0098,833,118,11,423
2025-08-07,SKU0098,795,120,11,423
2025-08-14,SKU0098,775,132,11,423
2025-08-21,SKU0098,711,108,11,423
2025-08-28,SKU0098,756,121,11,423
2025-01-27,SKU0099,734,47,8,191
2025-02-03,SKU0099,700,29,8,191
2025-02-10,SKU0099,565,44,8,191
2025-02-17,SKU0099,559,46,8,191
2025-02-24,SKU0099,537,43,8,191
2025-03-03,SKU0099,529,36,8,191
2025-03-10,SKU0099,584,35,8,191
2025-03-17,SKU0099,566,36,8,191
2025-03-24,SKU0099,589,38,8,191
2025-03-31,SKU0099,556,37,8,191
2025-04-07,SKU0099,617,37,8,191
2025-04-14,SKU0099,625,44,8,191
2025-04-21,SKU0099,659,43,8,191
2025-04-28,SKU0099,712,42,8,191
2025-05-05,SKU0099,762,27,8,191
2025-05-12,SKU0099,753,46,8,191
2025-05-19,SKU0099,744,34,8,191
2025-05-26,SKU0099,761,36,8,191
2025-06-02,SKU0099,791,38,8,191
2025-06-09,SKU0099,778,36,8,191
2025-06-16,SKU0099,777,30,8,191
2025-06-23,SKU0099,792,38,8,191
2025-06-30,SKU0099,728,43,8,191
2025-07-07,SKU0099,775,43,8,191
2025-07-14,SKU0099,714,43,8,191
2025-07-21,SKU0099,698,37,8,191
2025-07-28,SKU0099,733,43,8,191
2025-08-04,SKU0099,764,39,8,191
2025-08-11,SKU0099,764,39,8,191
2025-08-18,SKU0099,737,31,8,191
2025-08-25,SKU0099,773,38,8,191
2025-02-06,SKU0100,1554,97,7,390
2025-02-13,SKU0100,1477,82,7,390
2025-02-20,SKU0100,1640,76,7,390
2025-02-27,SKU0100,1590,92,7,390
2025-03-06,SKU0100,1610,82,7,390
2025-03-13,SKU0100,1650,76,7,390
2025-03-20,SKU0100,1674,96,7,390
2025-03-27,SKU0100,1721,77,7,390
2025-04-03,SKU0100,1626,95,7,390
2025-04-10,SKU0100,1615,82,7,390
2025-04-17,SKU0100,1567,74,7,390
2025-04-24,SKU0100,1553,80,7,390
2025-05-01,SKU0100,1669,86,7,390
2025-05-08,SKU0100,1732,85,7,390
2025-05-15,SKU0100,1732,87,7,390
2025-05-22,SKU0100,1756,74,7,390
2025-05-29,SKU0100,1822,87,7,390
2025-06-05,SKU0100,1667,91,7,390
2025-06-12,SKU0100,1426,69,7,390
2025-06-19,SKU0100,1388,108,7,390
2025-06-26,SKU0100,1411,95,7,390
2025-07-03,SKU0100,1420,75,7,390
2025-07-10,SKU0100,1307,73,7,390
2025-07-17,SKU0100,1415,85,7,390
2025-07-24,SKU0100,1446,89,7,390
2025-07-31,SKU0100,1494,94,7,390
2025-08-07,SKU0100,1561,96,7,390
2025-08-14,SKU0100,1596,67,7,390
2025-08-21,SKU0100,1597,96,7,390
2025-08-28,SKU0100,1643,59,7,390
2025-05-11,SKU0101,1301,63,7,224
2025-05-18,SKU0101,1387,64,7,224
2025-05-25,SKU0101,1472,74,7,224
2025-06-01,SKU0101,1532,65,7,224
2025-06-08,SKU0101,1349,72,7,224
2025-06-15,SKU0101,1338,72,7,224
2025-06-22,SKU0101,1310,62,7,224
2025-06-29,SKU0101,1341,70,7,224
2025-07-06,SKU0101,1285,74,7,224
2025-07-13,SKU0101,1357,71,7,224
2025-07-20,SKU0101,1395,51,7,224
2025-07-27,SKU0101,1444,70,7,224
2025-08-03,SKU0101,1340,62,7,224
2025-08-10,SKU0101,1327,63,7,224
2025-08-17,SKU0101,1412,64,7,224
2025-08-24,SKU0101,1394,79,7,224
2025-08-31,SKU0101,1418,56,7,224
2024-05-21,SKU0102,1111,60,7,239
2024-05-28,SKU0102,1154,76,7,239
2024-06-04,SKU0102,1102,65,7,239
2024-06-11,SKU0102,865,66,7,239
2024-06-18,SKU0102,895,54,7,239
2024-06-25,SKU0102,909,44,7,239
2024-07-02,SKU0102,976,66,7,239
2024-07-09,SKU0102,1072,52,7,239
2024-07-16,SKU0102,1195,65,7,239
2024-07-23,SKU0102,1159,62,7,239
2024-07-30,SKU0102,1188,61,7,239
2024-08-06,SKU0102,1206,52,7,239
2024-08-13,SKU0102,1166,65,7,239
2024-08-20,SKU0102,1237,57,7,239
2024-08-27,SKU0102,1399,56,7,239
2024-09-03,SKU0102,1540,71,7,239
2024-09-10,SKU0102,1612,50,7,239
2024-09-17,SKU0102,1630,77,7,239
2024-09-24,SKU0102,1694,60,7,239
2024-10-01,SKU0102,1731,57,7,239
2024-10-08,SKU0102,1758,59,7,239
2024-10-15,SKU0102,1712,68,7,239
2024-10-22,SKU0102,1825,57,7,239
2024-10-29,SKU0102,1886,46,7,239
2024-11-05,SKU0102,1981,60,7,239
2024-11-12,SKU0102,1902,66,7,239
2024-11-19,SKU0102,1920,63,7,239
2024-11-26,SKU0102,1957,57,7,239
2024-12-03,SKU0102,1950,54,7,239
2024-12-10,SKU0102,1923,65,7,239
2024-12-17,SKU0102,1954,53,7,239
2024-12-24,SKU0102,1835,57,7,239
2024-12-31,SKU0102,1754,64,7,239
2025-01-07,SKU0102,1755,70,7,239
2025-01-14,SKU0102,1646,56,7,239
2025-01-21,SKU0102,1646,70,7,239
2025-01-28,SKU0102,1702,55,7,239
2025-02-04,SKU0102,1708,84,7,239
2025-02-11,SKU0102,1647,58,7,239
2025-02-18,SKU0102,1544,73,7,239
2025-02-25,SKU0102,1492,58,7,239
2025-03-04,SKU0102,1393,65,7,239
2025-03-11,SKU0102,1310,66,7,239
2025-03-18,SKU0102,1232,51,7,239
2025-03-25,SKU0102,1158,62,7,239
2025-04-01,SKU0102,1021,58,7,239
2025-04-08,SKU0102,959,63,7,239
2025-04-15,SKU0102,923,73,7,239
2025-04-22,SKU0102,828,65,7,239
2025-04-29,SKU0102,823,60,7,239
2025-05-06,SKU0102,809,58,7,239
2025-05-13,SKU0102,672,53,7,239
2025-05-20,SKU0102,637,58,7,239
2025-05-27,SKU0102,668,58,7,239
2025-06-03,SKU0102,620,53,7,239
2025-06-10,SKU0102,461,55,7,239
2025-06-17,SKU0102,414,56,7,239
2025-06-24,SKU0102,341,65,7,239
2025-07-01,SKU0102,350,65,7,239
2025-07-08,SKU0102,409,60,7,239
2025-07-15,SKU0102,494,67,7,239
2025-07-22,SKU0102,543,58,7,239
2025-07-29,SKU0102,576,53,7,239
2025-08-05,SKU0102,586,54,7,239
2025-08-12,SKU0102,669,67,7,239
2025-08-19,SKU0102,633,66,7,239
2025-08-26,SKU0102,748,60,7,239
2024-10-05,SKU0103,140,11,13,64
2024-10-12,SKU0103,127,13,13,64
2024-10-19,SKU0103,126,18,13,64
2024-10-26,SKU0103,114,11,13,64
2024-11-02,SKU0103,107,15,13,64
2024-11-09,SKU0103,116,16,13,64
2024-11-16,SKU0103,117,19,13,64
2024-11-23,SKU0103,125,15,13,64
2024-11-30,SKU0103,139,13,13,64
2024-12-07,SKU0103,141,11,13,64
2024-12-14,SKU0103,146,5,13,64
2024-12-21,SKU0103,159,11,13,64
2024-12-28,SKU0103,155,16,13,64
2025-01-04,SKU0103,152,15,13,64
2025-01-11,SKU0103,160,13,13,64
2025-01-18,SKU0103,175,13,13,64
2025-01-25,SKU0103,188,12,13,64
2025-02-01,SKU0103,204,25,13,64
2025-02-08,SKU0103,212,9,13,64
2025-02-15,SKU0103,190,15,13,64
2025-02-22,SKU0103,225,10,13,64
2025-03-01,SKU0103,231,15,13,64
2025-03-08,SKU0103,239,7,13,64
2025-03-15,SKU0103,239,12,13,64
2025-03-22,SKU0103,247,14,13,64
2025-03-29,SKU0103,257,7,13,64
2025-04-05,SKU0103,243,16,13,64
2025-04-12,SKU0103,260,14,13,64
2025-04-19,SKU0103,266,13,13,64
2025-04-26,SKU0103,266,12,13,64
2025-05-03,SKU0103,293,16,13,64
2025-05-10,SKU0103,289,15,13,64
2025-05-17,SKU0103,278,12,13,64
2025-05-24,SKU0103,283,7,13,64
2025-05-31,SKU0103,276,11,13,64
2025-06-07,SKU0103,242,17,13,64
2025-06-14,SKU0103,216,14,13,64
2025-06-21,SKU0103,207,15,13,64
2025-06-28,SKU0103,201,14,13,64
2025-07-05,SKU0103,196,16,13,64
2025-07-12,SKU0103,197,6,13,64
2025-07-19,SKU0103,176,10,13,64
2025-07-26,SKU0103,178,14,13,64
2025-08-02,SKU0103,177,17,13,64
2025-08-09,SKU0103,160,18,13,64
2025-08-16,SKU0103,162,19,13,64
2025-08-23,SKU0103,142,18,13,64
2025-08-30,SKU0103,127,20,13,64
2024-09-11,SKU0104,347,20,12,125
2024-09-18,SKU0104,360,33,12,125
2024-09-25,SKU0104,351,27,12,125
2024-10-02,SKU0104,357,33,12,125
2024-10-09,SKU0104,370,25,12,125
2024-10-16,SKU0104,386,30,12,125
2024-10-23,SKU0104,371,31,12,125
2024-10-30,SKU0104,389,36,12,125
2024-11-06,SKU0104,405,36,12,125
2024-11-13,SKU0104,372,26,12,125
2024-11-20,SKU0104,329,34,12,125
2024-11-27,SKU0104,314,20,12,125
2024-12-04,SKU0104,305,30,12,125
2024-12-11,SKU0104,294,30,12,125
2024-12-18,SKU0104,277,22,12,125
2024-12-25,SKU0104,189,22,12,125
2025-01-01,SKU0104,138,35,12,125
2025-01-08,SKU0104,150,29,12,125
2025-01-15,SKU0104,139,30,12,125
2025-01-22,SKU0104,129,38,12,125
2025-01-29,SKU0104,164,32,12,125
2025-02-05,SKU0104,144,40,12,125
2025-02-12,SKU0104,125,28,12,125
2025-02-19,SKU0104,127,22,12,125
2025-02-26,SKU0104,143,31,12,125
2025-03-05,SKU0104,122,23,12,125
2025-03-12,SKU0104,135,28,12,125
2025-03-19,SKU0104,138,28,12,125
2025-03-26,SKU0104,139,28,12,125
2025-04-02,SKU0104,132,36,12,125
2025-04-09,SKU0104,144,36,12,125
2025-04-16,SKU0104,181,23,12,125
2025-04-23,SKU0104,173,32,12,125
2025-04-30,SKU0104,159,32,12,125
2025-05-07,SKU0104,162,32,12,125
2025-05-14,SKU0104,140,26,12,125
2025-05-21,SKU0104,148,26,12,125
2025-05-28,SKU0104,159,35,12,125
2025-06-04,SKU0104,142,22,12,125
2025-06-11,SKU0104,102,33,12,125
2025-06-18,SKU0104,110,32,12,125
2025-06-25,SKU0104,96,25,12,125
2025-07-02,SKU0104,49,32,12,125
2025-07-09,SKU0104,42,33,12,125
2025-07-16,SKU0104,38,27,12,125
2025-07-23,SKU0104,36,34,12,125
2025-07-30,SKU0104,27,39,12,125
2025-08-06,SKU0104,57,23,12,125
2025-08-13,SKU0104,46,34,12,125
2025-08-20,SKU0104,28,41,12,125
2025-08-27,SKU0104,24,25,12,125
2024-08-21,SKU0105,1465,192,14,803
2024-08-28,SKU0105,1437,219,14,803
2024-09-04,SKU0105,1555,200,14,803
2024-09-11,SKU0105,1456,194,14,803
2024-09-18,SKU0105,1478,211,14,803
2024-09-25,SKU0105,1354,195,14,803
2024-10-02,SKU0105,1389,192,14,803
2024-10-09,SKU0105,1311,176,14,803
2024-10-16,SKU0105,1353,207,14,803
2024-10-23,SKU0105,1358,184,14,803
2024-10-30,SKU0105,1403,218,14,803
2024-11-06,SKU0105,1519,233,14,803
2024-11-13,SKU0105,1452,187,14,803
2024-11-20,SKU0105,1448,188,14,803
2024-11-27,SKU0105,1530,198,14,803
2024-12-04,SKU0105,1536,181,14,803
2024-12-11,SKU0105,1491,205,14,803
2024-12-18,SKU0105,1388,197,14,803
2024-12-25,SKU0105,1079,212,14,803
2025-01-01,SKU0105,830,204,14,803
2025-01-08,SKU0105,889,221,14,803
2025-01-15,SKU0105,907,222,14,803
2025-01-22,SKU0105,860,205,14,803
2025-01-29,SKU0105,1000,188,14,803
2025-02-05,SKU0105,1095,199,14,803
2025-02-12,SKU0105,1240,173,14,803
2025-02-19,SKU0105,1321,208,14,803
2025-02-26,SKU0105,1364,202,14,803
2025-03-05,SKU0105,1399,229,14,803
2025-03-12,SKU0105,1188,189,14,803
2025-03-19,SKU0105,1033,192,14,803
2025-03-26,SKU0105,1071,186,14,803
2025-04-02,SKU0105,1280,191,14,803
2025-04-09,SKU0105,1340,216,14,803
2025-04-16,SKU0105,1365,185,14,803
2025-04-23,SKU0105,1299,198,14,803
2025-04-30,SKU0105,1374,190,14,803
2025-05-07,SKU0105,1426,219,14,803
2025-05-14,SKU0105,1389,197,14,803
2025-05-21,SKU0105,1534,201,14,803
2025-05-28,SKU0105,1596,206,14,803
2025-06-04,SKU0105,1365,196,14,803
2025-06-11,SKU0105,1025,207,14,803
2025-06-18,SKU0105,1190,188,14,803
2025-06-25,SKU0105,1427,203,14,803
2025-07-02,SKU0105,1433,199,14,803
2025-07-09,SKU0105,1597,206,14,803
2025-07-16,SKU0105,1563,202,14,803
2025-07-23,SKU0105,1485,186,14,803
2025-07-30,SKU0105,1596,207,14,803
2025-08-06,SKU0105,1588,194,14,803
2025-08-13,SKU0105,1560,215,14,803
2025-08-20,SKU0105,1582,188,14,803
2025-08-27,SKU0105,1462,212,14,803
2025-06-25,SKU0106,563,47,10,200
2025-07-02,SKU0106,448,46,10,200
2025-07-09,SKU0106,434,43,10,200
2025-07-16,SKU0106,445,48,10,200
2025-07-23,SKU0106,491,40,10,200
2025-07-30,SKU0106,482,34,10,200
2025-08-06,SKU0106,457,51,10,200
2025-08-13,SKU0106,411,48,10,200
2025-08-20,SKU0106,370,53,10,200
2025-08-27,SKU0106,372,47,10,200
2024-11-18,SKU0107,147,19,10,70
2024-11-25,SKU0107,149,14,10,70
2024-12-02,SKU0107,146,21,10,70
2024-12-09,SKU0107,131,15,10,70
2024-12-16,SKU0107,128,17,10,70
2024-12-23,SKU0107,106,17,10,70
2024-12-30,SKU0107,58,13,10,70
2025-01-06,SKU0107,11,14,10,70
2025-01-13,SKU0107,0,9,10,70
2025-01-20,SKU0107,0,18,10,70
2025-01-27,SKU0107,0,23,10,70
2025-02-03,SKU0107,5,24,10,70
2025-02-10,SKU0107,0,16,10,70
2025-02-17,SKU0107,1,14,10,70
2025-02-24,SKU0107,5,9,10,70
2025-03-03,SKU0107,0,11,10,70
2025-03-10,SKU0107,14,20,10,70
2025-03-17,SKU0107,32,14,10,70
2025-03-24,SKU0107,22,20,10,70
2025-03-31,SKU0107,22,17,10,70
2025-04-07,SKU0107,12,15,10,70
2025-04-14,SKU0107,41,20,10,70
2025-04-21,SKU0107,43,12,10,70
2025-04-28,SKU0107,38,19,10,70
2025-05-05,SKU0107,57,19,10,70
2025-05-12,SKU0107,82,12,10,70
2025-05-19,SKU0107,100,12,10,70
2025-05-26,SKU0107,117,18,10,70
2025-06-02,SKU0107,114,16,10,70
2025-06-09,SKU0107,93,14,10,70
2025-06-16,SKU0107,113,18,10,70
2025-06-23,SKU0107,122,17,10,70
2025-06-30,SKU0107,118,15,10,70
2025-07-07,SKU0107,143,16,10,70
2025-07-14,SKU0107,155,10,10,70
2025-07-21,SKU0107,168,21,10,70
2025-07-28,SKU0107,171,17,10,70
2025-08-04,SKU0107,159,18,10,70
2025-08-11,SKU0107,150,20,10,70
2025-08-18,SKU0107,163,22,10,70
2025-08-25,SKU0107,179,14,10,70
2024-10-26,SKU0108,306,28,15,124
2024-11-02,SKU0108,282,32,15,124
2024-11-09,SKU0108,269,32,15,124
2024-11-16,SKU0108,149,41,15,124
2024-11-23,SKU0108,152,36,15,124
2024-11-30,SKU0108,127,28,15,124
2024-12-07,SKU0108,114,28,15,124
2024-12-14,SKU0108,102,34,15,124
2024-12-21,SKU0108,130,37,15,124
2024-12-28,SKU0108,70,25,15,124
2025-01-04,SKU0108,28,31,15,124
2025-01-11,SKU0108,21,30,15,124
2025-01-18,SKU0108,22,36,15,124
2025-01-25,SKU0108,27,37,15,124
2025-02-01,SKU0108,44,35,15,124
2025-02-08,SKU0108,42,35,15,124
2025-02-15,SKU0108,43,34,15,124
2025-02-22,SKU0108,56,42,15,124
2025-03-01,SKU0108,80,33,15,124
2025-03-08,SKU0108,96,23,15,124
2025-03-15,SKU0108,99,31,15,124
2025-03-22,SKU0108,125,36,15,124
2025-03-29,SKU0108,115,37,15,124
2025-04-05,SKU0108,117,26,15,124
2025-04-12,SKU0108,138,31,15,124
2025-04-19,SKU0108,156,36,15,124
2025-04-26,SKU0108,163,38,15,124
2025-05-03,SKU0108,149,36,15,124
2025-05-10,SKU0108,153,28,15,124
2025-05-17,SKU0108,168,36,15,124
2025-05-24,SKU0108,188,29,15,124
2025-05-31,SKU0108,183,28,15,124
2025-06-07,SKU0108,149,32,15,124
2025-06-14,SKU0108,137,33,15,124
2025-06-21,SKU0108,129,30,15,124
2025-06-28,SKU0108,127,35,15,124
2025-07-05,SKU0108,142,32,15,124
2025-07-12,SKU0108,152,28,15,124
2025-07-19,SKU0108,163,35,15,124
2025-07-26,SKU0108,148,31,15,124
2025-08-02,SKU0108,134,23,15,124
2025-08-09,SKU0108,115,36,15,124
2025-08-16,SKU0108,94,31,15,124
2025-08-23,SKU0108,67,29,15,124
2025-08-30,SKU0108,78,35,15,124
2024-02-05,SKU0109,83,26,17,126
2024-02-12,SKU0109,105,28,17,126
2024-02-19,SKU0109,89,28,17,126
2024-02-26,SKU0109,97,26,17,126
2024-03-04,SKU0109,104,40,17,126
2024-03-11,SKU0109,102,34,17,126
2024-03-18,SKU0109,95,35,17,126
2024-03-25,SKU0109,116,21,17,126
2024-04-01,SKU0109,127,15,17,126
2024-04-08,SKU0109,153,35,17,126
2024-04-15,SKU0109,163,34,17,126
2024-04-22,SKU0109,164,37,17,126
2024-04-29,SKU0109,152,27,17,126
2024-05-06,SKU0109,158,21,17,126
2024-05-13,SKU0109,180,26,17,126
2024-05-20,SKU0109,185,27,17,126
2024-05-27,SKU0109,203,27,17,126
2024-06-03,SKU0109,202,21,17,126
2024-06-10,SKU0109,152,33,17,126
2024-06-17,SKU0109,158,30,17,126
2024-06-24,SKU0109,165,27,17,126
2024-07-01,SKU0109,168,23,17,126
2024-07-08,SKU0109,199,36,17,126
2024-07-15,SKU0109,190,25,17,126
2024-07-22,SKU0109,173,27,17,126
2024-07-29,SKU0109,166,29,17,126
2024-08-05,SKU0109,167,25,17,126
2024-08-12,SKU0109,185,32,17,126
2024-08-19,SKU0109,167,22,17,126
2024-08-26,SKU0109,166,25,17,126
2024-09-02,SKU0109,144,41,17,126
2024-09-09,SKU0109,127,29,17,126
2024-09-16,SKU0109,101,29,17,126
2024-09-23,SKU0109,54,38,17,126
2024-09-30,SKU0109,62,30,17,126
2024-10-07,SKU0109,32,27,17,126
2024-10-14,SKU0109,34,22,17,126
2024-10-21,SKU0109,10,28,17,126
2024-10-28,SKU0109,0,24,17,126
2024-11-04,SKU0109,0,26,17,126
2024-11-11,SKU0109,0,29,17,126
2024-11-18,SKU0109,0,31,17,126
2024-11-25,SKU0109,0,20,17,126
2024-12-02,SKU0109,0,30,17,126
2024-12-09,SKU0109,0,31,17,126
2024-12-16,SKU0109,0,28,17,126
2024-12-23,SKU0109,0,28,17,126
2024-12-30,SKU0109,0,31,17,126
2025-01-06,SKU0109,5,26,17,126
2025-01-13,SKU0109,0,19,17,126
2025-01-20,SKU0109,0,22,17,126
2025-01-27,SKU0109,6,32,17,126
2025-02-03,SKU0109,0,30,17,126
2025-02-10,SKU0109,24,33,17,126
2025-02-17,SKU0109,52,26,17,126
2025-02-24,SKU0109,35,20,17,126
2025-03-03,SKU0109,57,27,17,126
2025-03-10,SKU0109,92,26,17,126
2025-03-17,SKU0109,98,26,17,126
2025-03-24,SKU0109,100,27,17,126
2025-03-31,SKU0109,78,19,17,126
2025-04-07,SKU0109,82,34,17,126
2025-04-14,SKU0109,115,26,17,126
2025-04-21,SKU0109,118,34,17,126
2025-04-28,SKU0109,139,28,17,126
2025-05-05,SKU0109,135,32,17,126
2025-05-12,SKU0109,130,30,17,126
2025-05-19,SKU0109,134,29,17,126
2025-05-26,SKU0109,139,33,17,126
2025-06-02,SKU0109,156,28,17,126
2025-06-09,SKU0109,149,28,17,126
2025-06-16,SKU0109,149,23,17,126
2025-06-23,SKU0109,153,21,17,126
2025-06-30,SKU0109,167,24,17,126
2025-07-07,SKU0109,161,33,17,126
2025-07-14,SKU0109,164,31,17,126
2025-07-21,SKU0109,151,26,17,126
2025-07-28,SKU0109,137,36,17,126
2025-08-04,SKU0109,122,26,17,126
2025-08-11,SKU0109,103,29,17,126
2025-08-18,SKU0109,79,23,17,126
2025-08-25,SKU0109,91,31,17,126
2024-10-16,SKU0110,612,34,6,147
2024-10-23,SKU0110,673,39,6,147
2024-10-30,SKU0110,659,39,6,147
2024-11-06,SKU0110,670,40,6,147
2024-11-13,SKU0110,699,33,6,147
2024-11-20,SKU0110,650,44,6,147
2024-11-27,SKU0110,689,47,6,147
2024-12-04,SKU0110,695,50,6,147
2024-12-11,SKU0110,806,30,6,147
2024-12-18,SKU0110,790,43,6,147
2024-12-25,SKU0110,832,31,6,147
2025-01-01,SKU0110,703,41,6,147
2025-01-08,SKU0110,766,36,6,147
2025-01-15,SKU0110,837,44,6,147
2025-01-22,SKU0110,910,39,6,147
2025-01-29,SKU0110,935,34,6,147
2025-02-05,SKU0110,973,36,6,147
2025-02-12,SKU0110,1047,48,6,147
2025-02-19,SKU0110,1092,40,6,147
2025-02-26,SKU0110,1082,42,6,147
2025-03-05,SKU0110,1121,38,6,147
2025-03-12,SKU0110,1136,36,6,147
2025-03-19,SKU0110,1167,23,6,147
2025-03-26,SKU0110,1175,39,6,147
2025-04-02,SKU0110,1215,33,6,147
2025-04-09,SKU0110,1165,42,6,147
2025-04-16,SKU0110,1198,35,6,147
2025-04-23,SKU0110,1168,50,6,147
2025-04-30,SKU0110,1143,52,6,147
2025-05-07,SKU0110,1160,38,6,147
2025-05-14,SKU0110,1177,37,6,147
2025-05-21,SKU0110,1185,30,6,147
2025-05-28,SKU0110,1221,28,6,147
2025-06-04,SKU0110,1083,32,6,147
2025-06-11,SKU0110,906,43,6,147
2025-06-18,SKU0110,835,31,6,147
2025-06-25,SKU0110,810,40,6,147
2025-07-02,SKU0110,756,34,6,147
2025-07-09,SKU0110,725,41,6,147
2025-07-16,SKU0110,678,38,6,147
2025-07-23,SKU0110,605,38,6,147
2025-07-30,SKU0110,551,38,6,147
2025-08-06,SKU0110,577,41,6,147
2025-08-13,SKU0110,569,32,6,147
2025-08-20,SKU0110,551,45,6,147
2025-08-27,SKU0110,565,40,6,147
2024-06-28,SKU0111,169,21,5,74
2024-07-05,SKU0111,189,17,5,74
2024-07-12,SKU0111,222,10,5,74
2024-07-19,SKU0111,228,8,5,74
2024-07-26,SKU0111,249,17,5,74
2024-08-02,SKU0111,267,15,5,74
2024-08-09,SKU0111,294,13,5,74
2024-08-16,SKU0111,305,15,5,74
2024-08-23,SKU0111,315,16,5,74
2024-08-30,SKU0111,297,12,5,74
2024-09-06,SKU0111,310,16,5,74
2024-09-13,SKU0111,307,19,5,74
2024-09-20,SKU0111,284,12,5,74
2024-09-27,SKU0111,295,20,5,74
2024-10-04,SKU0111,252,23,5,74
2024-10-11,SKU0111,265,13,5,74
2024-10-18,SKU0111,275,20,5,74
2024-10-25,SKU0111,258,10,5,74
2024-11-01,SKU0111,262,10,5,74
2024-11-08,SKU0111,247,12,5,74
2024-11-15,SKU0111,159,14,5,74
2024-11-22,SKU0111,98,17,5,74
2024-11-29,SKU0111,31,8,5,74
2024-12-06,SKU0111,15,21,5,74
2024-12-13,SKU0111,1,8,5,74
2024-12-20,SKU0111,0,17,5,74
2024-12-27,SKU0111,0,21,5,74
2025-01-03,SKU0111,0,15,5,74
2025-01-10,SKU0111,0,13,5,74
2025-01-17,SKU0111,2,11,5,74
2025-01-24,SKU0111,0,18,5,74
2025-01-31,SKU0111,0,15,5,74
2025-02-07,SKU0111,40,24,5,74
2025-02-14,SKU0111,35,16,5,74
2025-02-21,SKU0111,9,12,5,74
2025-02-28,SKU0111,3,21,5,74
2025-03-07,SKU0111,0,9,5,74
2025-03-14,SKU0111,41,17,5,74
2025-03-21,SKU0111,29,12,5,74
2025-03-28,SKU0111,43,16,5,74
2025-04-04,SKU0111,82,14,5,74
2025-04-11,SKU0111,76,17,5,74
2025-04-18,SKU0111,79,21,5,74
2025-04-25,SKU0111,119,21,5,74
2025-05-02,SKU0111,145,25,5,74
2025-05-09,SKU0111,135,7,5,74
2025-05-16,SKU0111,160,15,5,74
2025-05-23,SKU0111,172,12,5,74
2025-05-30,SKU0111,167,12,5,74
2025-06-06,SKU0111,128,18,5,74
2025-06-13,SKU0111,104,16,5,74
2025-06-20,SKU0111,153,17,5,74
2025-06-27,SKU0111,155,19,5,74
2025-07-04,SKU0111,166,20,5,74
2025-07-11,SKU0111,166,13,5,74
2025-07-18,SKU0111,171,16,5,74
2025-07-25,SKU0111,201,12,5,74
2025-08-01,SKU0111,171,15,5,74
2025-08-08,SKU0111,123,16,5,74
2025-08-15,SKU0111,82,12,5,74
2025-08-22,SKU0111,118,16,5,74
2025-08-29,SKU0111,88,23,5,74
2024-09-25,SKU0112,1243,206,20,1138
2024-10-02,SKU0112,1183,274,20,1138
2024-10-09,SKU0112,948,221,20,1138
2024-10-16,SKU0112,852,216,20,1138
2024-10-23,SKU0112,766,226,20,1138
2024-10-30,SKU0112,705,220,20,1138
2024-11-06,SKU0112,678,235,20,1138
2024-11-13,SKU0112,556,238,20,1138
2024-11-20,SKU0112,565,247,20,1138
2024-11-27,SKU0112,373,256,20,1138
2024-12-04,SKU0112,265,227,20,1138
2024-12-11,SKU0112,141,259,20,1138
2024-12-18,SKU0112,109,257,20,1138
2024-12-25,SKU0112,50,253,20,1138
2025-01-01,SKU0112,0,280,20,1138
2025-01-08,SKU0112,19,264,20,1138
2025-01-15,SKU0112,190,257,20,1138
2025-01-22,SKU0112,329,235,20,1138
2025-01-29,SKU0112,405,275,20,1138
2025-02-05,SKU0112,469,226,20,1138
2025-02-12,SKU0112,571,248,20,1138
2025-02-19,SKU0112,664,229,20,1138
2025-02-26,SKU0112,670,224,20,1138
2025-03-05,SKU0112,768,256,20,1138
2025-03-12,SKU0112,850,249,20,1138
2025-03-19,SKU0112,937,240,20,1138
2025-03-26,SKU0112,940,233,20,1138
2025-04-02,SKU0112,1007,239,20,1138
2025-04-09,SKU0112,1089,255,20,1138
2025-04-16,SKU0112,1062,233,20,1138
2025-04-23,SKU0112,1048,237,20,1138
2025-04-30,SKU0112,1163,229,20,1138
2025-05-07,SKU0112,1204,282,20,1138
2025-05-14,SKU0112,1182,228,20,1138
2025-05-21,SKU0112,1261,230,20,1138
2025-05-28,SKU0112,1311,246,20,1138
2025-06-04,SKU0112,1261,226,20,1138
2025-06-11,SKU0112,1111,256,20,1138
2025-06-18,SKU0112,1088,230,20,1138
2025-06-25,SKU0112,982,223,20,1138
2025-07-02,SKU0112,933,253,20,1138
2025-07-09,SKU0112,891,256,20,1138
2025-07-16,SKU0112,874,253,20,1138
2025-07-23,SKU0112,864,235,20,1138
2025-07-30,SKU0112,831,258,20,1138
2025-08-06,SKU0112,649,229,20,1138
2025-08-13,SKU0112,512,259,20,1138
2025-08-20,SKU0112,346,250,20,1138
2025-08-27,SKU0112,96,215,20,1138
2025-03-13,SKU0113,974,212,20,811
2025-03-20,SKU0113,960,219,20,811
2025-03-27,SKU0113,1013,143,20,811
2025-04-03,SKU0113,945,174,20,811
2025-04-10,SKU0113,824,184,20,811
2025-04-17,SKU0113,729,177,20,811
2025-04-24,SKU0113,743,155,20,811
2025-05-01,SKU0113,623,185,20,811
2025-05-08,SKU0113,625,181,20,811
2025-05-15,SKU0113,655,178,20,811
2025-05-22,SKU0113,652,197,20,811
2025-05-29,SKU0113,652,152,20,811
2025-06-05,SKU0113,479,165,20,811
2025-06-12,SKU0113,351,168,20,811
2025-06-19,SKU0113,411,175,20,811
2025-06-26,SKU0113,349,191,20,811
2025-07-03,SKU0113,387,178,20,811
2025-07-10,SKU0113,415,196,20,811
2025-07-17,SKU0113,425,194,20,811
2025-07-24,SKU0113,436,191,20,811
2025-07-31,SKU0113,383,172,20,811
2025-08-07,SKU0113,424,155,20,811
2025-08-14,SKU0113,453,190,20,811
2025-08-21,SKU0113,504,214,20,811
2025-08-28,SKU0113,625,183,20,811
2023-10-10,SKU0114,85,21,20,54
2023-10-17,SKU0114,73,12,20,54
2023-10-24,SKU0114,70,16,20,54
2023-10-31,SKU0114,66,15,20,54
2023-11-07,SKU0114,78,17,20,54
2023-11-14,SKU0114,78,16,20,54
2023-11-21,SKU0114,68,12,20,54
2023-11-28,SKU0114,49,16,20,54
2023-12-05,SKU0114,60,17,20,54
2023-12-12,SKU0114,60,17,20,54
2023-12-19,SKU0114,73,8,20,54
2023-12-26,SKU0114,56,14,20,54
2024-01-02,SKU0114,42,11,20,54
2024-01-09,SKU0114,34,14,20,54
2024-01-16,SKU0114,40,14,20,54
2024-01-23,SKU0114,34,11,20,54
2024-01-30,SKU0114,30,13,20,54
2024-02-06,SKU0114,38,18,20,54
2024-02-13,SKU0114,37,9,20,54
2024-02-20,SKU0114,27,15,20,54
2024-02-27,SKU0114,25,13,20,54
2024-03-05,SKU0114,16,9,20,54
2024-03-12,SKU0114,17,13,20,54
2024-03-19,SKU0114,12,11,20,54
2024-03-26,SKU0114,20,11,20,54
2024-04-02,SKU0114,5,9,20,54
2024-04-09,SKU0114,1,11,20,54
2024-04-16,SKU0114,0,20,20,54
2024-04-23,SKU0114,0,17,20,54
2024-04-30,SKU0114,9,10,20,54
2024-05-07,SKU0114,7,10,20,54
2024-05-14,SKU0114,10,12,20,54
2024-05-21,SKU0114,17,11,20,54
2024-05-28,SKU0114,9,18,20,54
2024-06-04,SKU0114,0,13,20,54
2024-06-11,SKU0114,0,10,20,54
2024-06-18,SKU0114,10,14,20,54
2024-06-25,SKU0114,20,11,20,54
2024-07-02,SKU0114,25,19,20,54
2024-07-09,SKU0114,28,14,20,54
2024-07-16,SKU0114,38,12,20,54
2024-07-23,SKU0114,40,18,20,54
2024-07-30,SKU0114,54,10,20,54
2024-08-06,SKU0114,58,15,20,54
2024-08-13,SKU0114,72,22,20,54
2024-08-20,SKU0114,75,12,20,54
2024-08-27,SKU0114,75,20,20,54
2024-09-03,SKU0114,64,14,20,54
2024-09-10,SKU0114,70,15,20,54
2024-09-17,SKU0114,80,11,20,54
2024-09-24,SKU0114,82,13,20,54
2024-10-01,SKU0114,75,10,20,54
2024-10-08,SKU0114,77,14,20,54
2024-10-15,SKU0114,78,13,20,54
2024-10-22,SKU0114,90,10,20,54
2024-10-29,SKU0114,84,11,20,54
2024-11-05,SKU0114,80,8,20,54
2024-11-12,SKU0114,78,21,20,54
2024-11-19,SKU0114,79,11,20,54
2024-11-26,SKU0114,87,16,20,54
2024-12-03,SKU0114,92,12,20,54
2024-12-10,SKU0114,85,17,20,54
2024-12-17,SKU0114,83,23,20,54
2024-12-24,SKU0114,74,14,20,54
2024-12-31,SKU0114,45,17,20,54
2025-01-07,SKU0114,60,15,20,54
2025-01-14,SKU0114,58,15,20,54
2025-01-21,SKU0114,49,20,20,54
2025-01-28,SKU0114,50,16,20,54
2025-02-04,SKU0114,40,11,20,54
2025-02-11,SKU0114,36,10,20,54
2025-02-18,SKU0114,33,19,20,54
2025-02-25,SKU0114,34,10,20,54
2025-03-04,SKU0114,37,12,20,54
2025-03-11,SKU0114,30,14,20,54
2025-03-18,SKU0114,30,18,20,54
2025-03-25,SKU0114,10,24,20,54
2025-04-01,SKU0114,1,16,20,54
2025-04-08,SKU0114,0,10,20,54
2025-04-15,SKU0114,0,16,20,54
2025-04-22,SKU0114,0,10,20,54
2025-04-29,SKU0114,9,14,20,54
2025-05-06,SKU0114,8,7,20,54
2025-05-13,SKU0114,15,17,20,54
2025-05-20,SKU0114,20,15,20,54
2025-05-27,SKU0114,33,13,20,54
2025-06-03,SKU0114,38,13,20,54
2025-06-10,SKU0114,33,13,20,54
2025-06-17,SKU0114,31,19,20,54
2025-06-24,SKU0114,42,14,20,54
2025-07-01,SKU0114,44,12,20,54
2025-07-08,SKU0114,37,14,20,54
2025-07-15,SKU0114,46,15,20,54
2025-07-22,SKU0114,39,10,20,54
2025-07-29,SKU0114,52,11,20,54
2025-08-05,SKU0114,60,17,20,54
2025-08-12,SKU0114,66,15,20,54
2025-08-19,SKU0114,76,16,20,54
2025-08-26,SKU0114,77,13,20,54
2024-04-21,SKU0115,1417,41,5,236
2024-04-28,SKU0115,1343,48,5,236
2024-05-05,SKU0115,1299,48,5,236
2024-05-12,SKU0115,1177,57,5,236
2024-05-19,SKU0115,1141,70,5,236
2024-05-26,SKU0115,1135,54,5,236
2024-06-02,SKU0115,1131,47,5,236
2024-06-09,SKU0115,704,48,5,236
2024-06-16,SKU0115,491,63,5,236
2024-06-23,SKU0115,411,52,5,236
2024-06-30,SKU0115,373,30,5,236
2024-07-07,SKU0115,420,37,5,236
2024-07-14,SKU0115,452,52,5,236
2024-07-21,SKU0115,373,54,5,236
2024-07-28,SKU0115,350,45,5,236
2024-08-04,SKU0115,351,63,5,236
2024-08-11,SKU0115,314,40,5,236
2024-08-18,SKU0115,285,46,5,236
2024-08-25,SKU0115,256,48,5,236
2024-09-01,SKU0115,391,59,5,236
2024-09-08,SKU0115,354,45,5,236
2024-09-15,SKU0115,433,43,5,236
2024-09-22,SKU0115,586,50,5,236
2024-09-29,SKU0115,719,46,5,236
2024-10-06,SKU0115,803,58,5,236
2024-10-13,SKU0115,848,48,5,236
2024-10-20,SKU0115,863,57,5,236
2024-10-27,SKU0115,890,49,5,236
2024-11-03,SKU0115,1011,51,5,236
2024-11-10,SKU0115,1068,49,5,236
2024-11-17,SKU0115,1104,55,5,236
2024-11-24,SKU0115,1199,54,5,236
2024-12-01,SKU0115,1306,48,5,236
2024-12-08,SKU0115,1306,48,5,236
2024-12-15,SKU0115,1367,54,5,236
2024-12-22,SKU0115,1411,59,5,236
2024-12-29,SKU0115,1281,61,5,236
2025-01-05,SKU0115,1319,37,5,236
2025-01-12,SKU0115,1354,46,5,236
2025-01-19,SKU0115,1414,48,5,236
2025-01-26,SKU0115,1490,45,5,236
2025-02-02,SKU0115,1521,60,5,236
2025-02-09,SKU0115,1543,49,5,236
2025-02-16,SKU0115,1544,49,5,236
2025-02-23,SKU0115,1582,37,5,236
2025-03-02,SKU0115,1490,46,5,236
2025-03-09,SKU0115,1458,44,5,236
2025-03-16,SKU0115,1351,42,5,236
2025-03-23,SKU0115,1290,57,5,236
2025-03-30,SKU0115,1228,37,5,236
2025-04-06,SKU0115,1161,56,5,236
2025-04-13,SKU0115,1235,53,5,236
2025-04-20,SKU0115,1185,49,5,236
2025-04-27,SKU0115,1122,46,5,236
2025-05-04,SKU0115,1066,42,5,236
2025-05-11,SKU0115,1105,42,5,236
2025-05-18,SKU0115,1009,45,5,236
2025-05-25,SKU0115,936,53,5,236
2025-06-01,SKU0115,872,43,5,236
2025-06-08,SKU0115,592,43,5,236
2025-06-15,SKU0115,524,40,5,236
2025-06-22,SKU0115,502,46,5,236
2025-06-29,SKU0115,447,39,5,236
2025-07-06,SKU0115,455,60,5,236
2025-07-13,SKU0115,449,60,5,236
2025-07-20,SKU0115,466,52,5,236
2025-07-27,SKU0115,485,40,5,236
2025-08-03,SKU0115,507,48,5,236
2025-08-10,SKU0115,570,40,5,236
2025-08-17,SKU0115,643,53,5,236
2025-08-24,SKU0115,667,38,5,236
2025-08-31,SKU0115,791,61,5,236
2024-07-02,SKU0116,1630,77,6,290
2024-07-09,SKU0116,1619,82,6,290
2024-07-16,SKU0116,1699,77,6,290
2024-07-23,SKU0116,1825,78,6,290
2024-07-30,SKU0116,1964,62,6,290
2024-08-06,SKU0116,2075,62,6,290
2024-08-13,SKU0116,1970,85,6,290
2024-08-20,SKU0116,2061,68,6,290
2024-08-27,SKU0116,2105,68,6,290
2024-09-03,SKU0116,2027,92,6,290
2024-09-10,SKU0116,2072,74,6,290
2024-09-17,SKU0116,2166,81,6,290
2024-09-24,SKU0116,2029,74,6,290
2024-10-01,SKU0116,2084,74,6,290
2024-10-08,SKU0116,2042,69,6,290
2024-10-15,SKU0116,1904,79,6,290
2024-10-22,SKU0116,1877,80,6,290
2024-10-29,SKU0116,1962,89,6,290
2024-11-05,SKU0116,1930,79,6,290
2024-11-12,SKU0116,1498,71,6,290
2024-11-19,SKU0116,1126,85,6,290
2024-11-26,SKU0116,1206,71,6,290
2024-12-03,SKU0116,1110,71,6,290
2024-12-10,SKU0116,996,82,6,290
2024-12-17,SKU0116,941,69,6,290
2024-12-24,SKU0116,861,78,6,290
2024-12-31,SKU0116,535,75,6,290
2025-01-07,SKU0116,511,69,6,290
2025-01-14,SKU0116,471,76,6,290
2025-01-21,SKU0116,548,64,6,290
2025-01-28,SKU0116,574,80,6,290
2025-02-04,SKU0116,733,93,6,290
2025-02-11,SKU0116,740,88,6,290
2025-02-18,SKU0116,730,82,6,290
2025-02-25,SKU0116,827,71,6,290
2025-03-04,SKU0116,863,74,6,290
2025-03-11,SKU0116,790,67,6,290
2025-03-18,SKU0116,766,67,6,290
2025-03-25,SKU0116,974,78,6,290
2025-04-01,SKU0116,1004,69,6,290
2025-04-08,SKU0116,1191,82,6,290
2025-04-15,SKU0116,1219,68,6,290
2025-04-22,SKU0116,1294,74,6,290
2025-04-29,SKU0116,1474,94,6,290
2025-05-06,SKU0116,1606,79,6,290
2025-05-13,SKU0116,1746,88,6,290
2025-05-20,SKU0116,1913,74,6,290
2025-05-27,SKU0116,2072,84,6,290
2025-06-03,SKU0116,1881,72,6,290
2025-06-10,SKU0116,1701,73,6,290
2025-06-17,SKU0116,1806,82,6,290
2025-06-24,SKU0116,1869,72,6,290
2025-07-01,SKU0116,1968,72,6,290
2025-07-08,SKU0116,2069,87,6,290
2025-07-15,SKU0116,2107,68,6,290
2025-07-22,SKU0116,2159,78,6,290
2025-07-29,SKU0116,2112,69,6,290
2025-08-05,SKU0116,2201,79,6,290
2025-08-12,SKU0116,2059,78,6,290
2025-08-19,SKU0116,2009,66,6,290
2025-08-26,SKU0116,2003,72,6,290
2024-10-25,SKU0117,1415,86,6,323
2024-11-01,SKU0117,1524,80,6,323
2024-11-08,SKU0117,1540,96,6,323
2024-11-15,SKU0117,1394,94,6,323
2024-11-22,SKU0117,1287,96,6,323
2024-11-29,SKU0117,1252,74,6,323
2024-12-06,SKU0117,1183,70,6,323
2024-12-13,SKU0117,1167,82,6,323
2024-12-20,SKU0117,1129,78,6,323
2024-12-27,SKU0117,733,92,6,323
2025-01-03,SKU0117,631,102,6,323
2025-01-10,SKU0117,671,94,6,323
2025-01-17,SKU0117,853,93,6,323
2025-01-24,SKU0117,839,89,6,323
2025-01-31,SKU0117,937,98,6,323
2025-02-07,SKU0117,929,102,6,323
2025-02-14,SKU0117,884,80,6,323
2025-02-21,SKU0117,992,90,6,323
2025-02-28,SKU0117,935,82,6,323
2025-03-07,SKU0117,1005,101,6,323
2025-03-14,SKU0117,979,89,6,323
2025-03-21,SKU0117,1025,93,6,323
2025-03-28,SKU0117,1015,77,6,323
2025-04-04,SKU0117,1056,82,6,323
2025-04-11,SKU0117,1068,95,6,323
2025-04-18,SKU0117,1041,72,6,323
2025-04-25,SKU0117,1166,97,6,323
2025-05-02,SKU0117,1010,73,6,323
2025-05-09,SKU0117,953,87,6,323
2025-05-16,SKU0117,881,103,6,323
2025-05-23,SKU0117,783,106,6,323
2025-05-30,SKU0117,819,83,6,323
2025-06-06,SKU0117,446,84,6,323
2025-06-13,SKU0117,342,90,6,323
2025-06-20,SKU0117,442,71,6,323
2025-06-27,SKU0117,362,99,6,323
2025-07-04,SKU0117,368,75,6,323
2025-07-11,SKU0117,440,87,6,323
2025-07-18,SKU0117,329,64,6,323
2025-07-25,SKU0117,250,102,6,323
2025-08-01,SKU0117,276,91,6,323
2025-08-08,SKU0117,217,91,6,323
2025-08-15,SKU0117,182,86,6,323
2025-08-22,SKU0117,221,81,6,323
2025-08-29,SKU0117,148,76,6,323
2024-07-11,SKU0118,447,24,9,104
2024-07-18,SKU0118,441,37,9,104
2024-07-25,SKU0118,420,32,9,104
2024-08-01,SKU0118,424,25,9,104
2024-08-08,SKU0118,417,25,9,104
2024-08-15,SKU0118,442,20,9,104
2024-08-22,SKU0118,416,26,9,104
2024-08-29,SKU0118,427,29,9,104
2024-09-05,SKU0118,417,33,9,104
2024-09-12,SKU0118,414,23,9,104
2024-09-19,SKU0118,410,23,9,104
2024-09-26,SKU0118,409,28,9,104
2024-10-03,SKU0118,469,24,9,104
2024-10-10,SKU0118,455,46,9,104
2024-10-17,SKU0118,442,25,9,104
2024-10-24,SKU0118,444,25,9,104
2024-10-31,SKU0118,432,31,9,104
2024-11-07,SKU0118,471,26,9,104
2024-11-14,SKU0118,426,31,9,104
2024-11-21,SKU0118,455,23,9,104
2024-11-28,SKU0118,497,32,9,104
2024-12-05,SKU0118,496,33,9,104
2024-12-12,SKU0118,503,33,9,104
2024-12-19,SKU0118,495,26,9,104
2024-12-26,SKU0118,426,24,9,104
2025-01-02,SKU0118,380,35,9,104
2025-01-09,SKU0118,405,22,9,104
2025-01-16,SKU0118,406,33,9,104
2025-01-23,SKU0118,375,40,9,104
2025-01-30,SKU0118,398,25,9,104
2025-02-06,SKU0118,381,27,9,104
2025-02-13,SKU0118,383,41,9,104
2025-02-20,SKU0118,342,25,9,104
2025-02-27,SKU0118,324,26,9,104
2025-03-06,SKU0118,326,27,9,104
2025-03-13,SKU0118,319,31,9,104
2025-03-20,SKU0118,326,27,9,104
2025-03-27,SKU0118,369,28,9,104
2025-04-03,SKU0118,370,26,9,104
2025-04-10,SKU0118,347,29,9,104
2025-04-17,SKU0118,316,21,9,104
2025-04-24,SKU0118,289,23,9,104
2025-05-01,SKU0118,250,34,9,104
2025-05-08,SKU0118,234,36,9,104
2025-05-15,SKU0118,178,29,9,104
2025-05-22,SKU0118,171,26,9,104
2025-05-29,SKU0118,173,37,9,104
2025-06-05,SKU0118,109,28,9,104
2025-06-12,SKU0118,31,32,9,104
2025-06-19,SKU0118,42,31,9,104
2025-06-26,SKU0118,26,28,9,104
2025-07-03,SKU0118,0,28,9,104
2025-07-10,SKU0118,17,26,9,104
2025-07-17,SKU0118,7,36,9,104
2025-07-24,SKU0118,22,22,9,104
2025-07-31,SKU0118,3,20,9,104
2025-08-07,SKU0118,31,26,9,104
2025-08-14,SKU0118,0,39,9,104
2025-08-21,SKU0118,18,26,9,104
2025-08-28,SKU0118,15,37,9,104
2024-05-29,SKU0119,582,69,7,294
2024-06-05,SKU0119,524,59,7,294
2024-06-12,SKU0119,490,79,7,294
2024-06-19,SKU0119,607,69,7,294
2024-06-26,SKU0119,572,64,7,294
2024-07-03,SKU0119,717,64,7,294
2024-07-10,SKU0119,779,61,7,294
2024-07-17,SKU0119,781,73,7,294
2024-07-24,SKU0119,740,61,7,294
2024-07-31,SKU0119,761,76,7,294
2024-08-07,SKU0119,851,67,7,294
2024-08-14,SKU0119,807,69,7,294
2024-08-21,SKU0119,824,72,7,294
2024-08-28,SKU0119,775,69,7,294
2024-09-04,SKU0119,787,81,7,294
2024-09-11,SKU0119,809,72,7,294
2024-09-18,SKU0119,825,77,7,294
2024-09-25,SKU0119,799,57,7,294
2024-10-02,SKU0119,779,68,7,294
2024-10-09,SKU0119,859,84,7,294
2024-10-16,SKU0119,928,76,7,294
2024-10-23,SKU0119,877,54,7,294
2024-10-30,SKU0119,916,75,7,294
2024-11-06,SKU0119,892,54,7,294
2024-11-13,SKU0119,890,74,7,294
2024-11-20,SKU0119,872,79,7,294
2024-11-27,SKU0119,946,76,7,294
2024-12-04,SKU0119,1000,69,7,294
2024-12-11,SKU0119,1047,78,7,294
2024-12-18,SKU0119,1080,73,7,294
2024-12-25,SKU0119,827,79,7,294
2025-01-01,SKU0119,491,70,7,294
2025-01-08,SKU0119,387,62,7,294
2025-01-15,SKU0119,363,66,7,294
2025-01-22,SKU0119,184,77,7,294
2025-01-29,SKU0119,149,64,7,294
2025-02-05,SKU0119,82,64,7,294
2025-02-12,SKU0119,11,69,7,294
2025-02-19,SKU0119,0,47,7,294
2025-02-26,SKU0119,0,71,7,294
2025-03-05,SKU0119,0,81,7,294
2025-03-12,SKU0119,0,54,7,294
2025-03-19,SKU0119,59,64,7,294
2025-03-26,SKU0119,4,58,7,294
2025-04-02,SKU0119,0,67,7,294
2025-04-09,SKU0119,25,53,7,294
2025-04-16,SKU0119,0,76,7,294
2025-04-23,SKU0119,53,62,7,294
2025-04-30,SKU0119,60,84,7,294
2025-05-07,SKU0119,0,69,7,294
2025-05-14,SKU0119,0,64,7,294
2025-05-21,SKU0119,0,65,7,294
2025-05-28,SKU0119,36,66,7,294
2025-06-04,SKU0119,6,75,7,294
2025-06-11,SKU0119,0,71,7,294
2025-06-18,SKU0119,0,70,7,294
2025-06-25,SKU0119,0,68,7,294
2025-07-02,SKU0119,0,67,7,294
2025-07-09,SKU0119,57,70,7,294
2025-07-16,SKU0119,96,62,7,294
2025-07-23,SKU0119,84,80,7,294
2025-07-30,SKU0119,153,67,7,294
2025-08-06,SKU0119,230,59,7,294
2025-08-13,SKU0119,308,62,7,294
2025-08-20,SKU0119,378,67,7,294
2025-08-27,SKU0119,440,79,7,294
2024-07-23,SKU0120,1549,238,19,939
2024-07-30,SKU0120,1558,242,19,939
2024-08-06,SKU0120,1568,234,19,939
2024-08-13,SKU0120,1784,231,19,939
2024-08-20,SKU0120,1805,207,19,939
2024-08-27,SKU0120,1852,228,19,939
2024-09-03,SKU0120,1980,238,19,939
2024-09-10,SKU0120,2145,263,19,939
2024-09-17,SKU0120,2058,248,19,939
2024-09-24,SKU0120,2137,258,19,939
2024-10-01,SKU0120,2181,253,19,939
2024-10-08,SKU0120,2106,230,19,939
2024-10-15,SKU0120,2166,263,19,939
2024-10-22,SKU0120,2175,237,19,939
2024-10-29,SKU0120,2175,198,19,939
2024-11-05,SKU0120,2218,227,19,939
2024-11-12,SKU0120,2077,259,19,939
2024-11-19,SKU0120,1820,230,19,939
2024-11-26,SKU0120,1780,242,19,939
2024-12-03,SKU0120,1609,226,19,939
2024-12-10,SKU0120,1492,246,19,939
2024-12-17,SKU0120,1480,222,19,939
2024-12-24,SKU0120,1184,251,19,939
2024-12-31,SKU0120,1026,212,19,939
2025-01-07,SKU0120,945,232,19,939
2025-01-14,SKU0120,907,234,19,939
2025-01-21,SKU0120,865,259,19,939
2025-01-28,SKU0120,662,244,19,939
2025-02-04,SKU0120,558,240,19,939
2025-02-11,SKU0120,515,226,19,939
2025-02-18,SKU0120,333,231,19,939
2025-02-25,SKU0120,178,242,19,939
2025-03-04,SKU0120,235,245,19,939
2025-03-11,SKU0120,229,243,19,939
2025-03-18,SKU0120,276,232,19,939
2025-03-25,SKU0120,184,239,19,939
2025-04-01,SKU0120,242,226,19,939
2025-04-08,SKU0120,225,226,19,939
2025-04-15,SKU0120,177,235,19,939
2025-04-22,SKU0120,293,228,19,939
2025-04-29,SKU0120,242,228,19,939
2025-05-06,SKU0120,196,230,19,939
2025-05-13,SKU0120,252,241,19,939
2025-05-20,SKU0120,201,263,19,939
2025-05-27,SKU0120,250,245,19,939
2025-06-03,SKU0120,197,224,19,939
2025-06-10,SKU0120,0,233,19,939
2025-06-17,SKU0120,25,240,19,939
2025-06-24,SKU0120,81,240,19,939
2025-07-01,SKU0120,83,233,19,939
2025-07-08,SKU0120,81,233,19,939
2025-07-15,SKU0120,210,229,19,939
2025-07-22,SKU0120,203,252,19,939
2025-07-29,SKU0120,306,236,19,939
2025-08-05,SKU0120,255,214,19,939
2025-08-12,SKU0120,217,213,19,939
2025-08-19,SKU0120,139,205,19,939
2025-08-26,SKU0120,151,247,19,939
2024-09-24,SKU0121,800,39,8,238
2024-10-01,SKU0121,828,52,8,238
2024-10-08,SKU0121,814,45,8,238
2024-10-15,SKU0121,791,37,8,238
2024-10-22,SKU0121,758,53,8,238
2024-10-29,SKU0121,824,51,8,238
2024-11-05,SKU0121,748,50,8,238
2024-11-12,SKU0121,707,57,8,238
2024-11-19,SKU0121,652,41,8,238
2024-11-26,SKU0121,639,37,8,238
2024-12-03,SKU0121,615,54,8,238
2024-12-10,SKU0121,599,49,8,238
2024-12-17,SKU0121,576,47,8,238
2024-12-24,SKU0121,544,68,8,238
2024-12-31,SKU0121,449,57,8,238
2025-01-07,SKU0121,381,45,8,238
2025-01-14,SKU0121,336,56,8,238
2025-01-21,SKU0121,302,53,8,238
2025-01-28,SKU0121,233,54,8,238
2025-02-04,SKU0121,209,52,8,238
2025-02-11,SKU0121,207,55,8,238
2025-02-18,SKU0121,271,48,8,238
2025-02-25,SKU0121,254,59,8,238
2025-03-04,SKU0121,216,40,8,238
2025-03-11,SKU0121,224,52,8,238
2025-03-18,SKU0121,238,50,8,238
2025-03-25,SKU0121,200,50,8,238
2025-04-01,SKU0121,194,42,8,238
2025-04-08,SKU0121,155,43,8,238
2025-04-15,SKU0121,144,45,8,238
2025-04-22,SKU0121,189,52,8,238
2025-04-29,SKU0121,214,52,8,238
2025-05-06,SKU0121,207,55,8,238
2025-05-13,SKU0121,211,57,8,238
2025-05-20,SKU0121,174,48,8,238
2025-05-27,SKU0121,180,51,8,238
2025-06-03,SKU0121,173,41,8,238
2025-06-10,SKU0121,0,52,8,238
2025-06-17,SKU0121,0,59,8,238
2025-06-24,SKU0121,29,47,8,238
2025-07-01,SKU0121,33,48,8,238
2025-07-08,SKU0121,7,43,8,238
2025-07-15,SKU0121,70,49,8,238
2025-07-22,SKU0121,97,48,8,238
2025-07-29,SKU0121,105,57,8,238
2025-08-05,SKU0121,141,66,8,238
2025-08-12,SKU0121,110,47,8,238
2025-08-19,SKU0121,109,50,8,238
2025-08-26,SKU0121,83,55,8,238
2025-04-13,SKU0122,1209,185,18,657
2025-04-20,SKU0122,1341,147,18,657
2025-04-27,SKU0122,1469,152,18,657
2025-05-04,SKU0122,1477,178,18,657
2025-05-11,SKU0122,1570,165,18,657
2025-05-18,SKU0122,1601,156,18,657
2025-05-25,SKU0122,1651,191,18,657
2025-06-01,SKU0122,1646,153,18,657
2025-06-08,SKU0122,1287,175,18,657
2025-06-15,SKU0122,1291,164,18,657
2025-06-22,SKU0122,1334,199,18,657
2025-06-29,SKU0122,1286,172,18,657
2025-07-06,SKU0122,1245,176,18,657
2025-07-13,SKU0122,1152,182,18,657
2025-07-20,SKU0122,1152,172,18,657
2025-07-27,SKU0122,1208,185,18,657
2025-08-03,SKU0122,1070,183,18,657
2025-08-10,SKU0122,1029,159,18,657
2025-08-17,SKU0122,1035,172,18,657
2025-08-24,SKU0122,1085,188,18,657
2025-08-31,SKU0122,1161,155,18,657
2024-07-25,SKU0123,1015,198,16,697
2024-08-01,SKU0123,1064,199,16,697
2024-08-08,SKU0123,1047,211,16,697
2024-08-15,SKU0123,1062,216,16,697
2024-08-22,SKU0123,1044,217,16,697
2024-08-29,SKU0123,993,211,16,697
2024-09-05,SKU0123,979,181,16,697
2024-09-12,SKU0123,1013,202,16,697
2024-09-19,SKU0123,1024,182,16,697
2024-09-26,SKU0123,934,213,16,697
2024-10-03,SKU0123,970,197,16,697
2024-10-10,SKU0123,1012,197,16,697
2024-10-17,SKU0123,1073,178,16,697
2024-10-24,SKU0123,1080,180,16,697
2024-10-31,SKU0123,1205,186,16,697
2024-11-07,SKU0123,1295,189,16,697
2024-11-14,SKU0123,1094,210,16,697
2024-11-21,SKU0123,1126,161,16,697
2024-11-28,SKU0123,1000,195,16,697
2024-12-05,SKU0123,910,204,16,697
2024-12-12,SKU0123,924,212,16,697
2024-12-19,SKU0123,816,216,16,697
2024-12-26,SKU0123,340,207,16,697
2025-01-02,SKU0123,0,185,16,697
2025-01-09,SKU0123,0,205,16,697
2025-01-16,SKU0123,0,187,16,697
2025-01-23,SKU0123,0,177,16,697
2025-01-30,SKU0123,0,217,16,697
2025-02-06,SKU0123,0,231,16,697
2025-02-13,SKU0123,0,220,16,697
2025-02-20,SKU0123,0,185,16,697
2025-02-27,SKU0123,0,198,16,697
2025-03-06,SKU0123,0,216,16,697
2025-03-13,SKU0123,44,191,16,697
2025-03-20,SKU0123,0,197,16,697
2025-03-27,SKU0123,0,190,16,697
2025-04-03,SKU0123,0,194,16,697
2025-04-10,SKU0123,90,190,16,697
2025-04-17,SKU0123,146,205,16,697
2025-04-24,SKU0123,156,212,16,697
2025-05-01,SKU0123,118,192,16,697
2025-05-08,SKU0123,196,199,16,697
2025-05-15,SKU0123,136,212,16,697
2025-05-22,SKU0123,108,177,16,697
2025-05-29,SKU0123,18,203,16,697
2025-06-05,SKU0123,0,204,16,697
2025-06-12,SKU0123,0,186,16,697
2025-06-19,SKU0123,0,202,16,697
2025-06-26,SKU0123,6,210,16,697
2025-07-03,SKU0123,10,204,16,697
2025-07-10,SKU0123,0,208,16,697
2025-07-17,SKU0123,0,181,16,697
2025-07-24,SKU0123,0,218,16,697
2025-07-31,SKU0123,5,190,16,697
2025-08-07,SKU0123,53,204,16,697
2025-08-14,SKU0123,219,220,16,697
2025-08-21,SKU0123,260,202,16,697
2025-08-28,SKU0123,354,212,16,697
2024-11-16,SKU0124,566,50,10,257
2024-11-23,SKU0124,581,51,10,257
2024-11-30,SKU0124,532,69,10,257
2024-12-07,SKU0124,487,50,10,257
2024-12-14,SKU0124,458,51,10,257
2024-12-21,SKU0124,440,65,10,257
2024-12-28,SKU0124,309,51,10,257
2025-01-04,SKU0124,225,66,10,257
2025-01-11,SKU0124,186,54,10,257
2025-01-18,SKU0124,165,48,10,257
2025-01-25,SKU0124,227,61,10,257
2025-02-01,SKU0124,236,51,10,257
2025-02-08,SKU0124,225,48,10,257
2025-02-15,SKU0124,262,52,10,257
2025-02-22,SKU0124,321,60,10,257
2025-03-01,SKU0124,389,57,10,257
2025-03-08,SKU0124,407,53,10,257
2025-03-15,SKU0124,496,50,10,257
2025-03-22,SKU0124,509,50,10,257
2025-03-29,SKU0124,493,49,10,257
2025-04-05,SKU0124,508,55,10,257
2025-04-12,SKU0124,540,39,10,257
2025-04-19,SKU0124,536,46,10,257
2025-04-26,SKU0124,574,41,10,257
2025-05-03,SKU0124,643,48,10,257
2025-05-10,SKU0124,635,68,10,257
2025-05-17,SKU0124,659,66,10,257
2025-05-24,SKU0124,706,57,10,257
2025-05-31,SKU0124,756,56,10,257
2025-06-07,SKU0124,684,47,10,257
2025-06-14,SKU0124,647,47,10,257
2025-06-21,SKU0124,583,60,10,257
2025-06-28,SKU0124,569,62,10,257
2025-07-05,SKU0124,521,60,10,257
2025-07-12,SKU0124,474,53,10,257
2025-07-19,SKU0124,461,52,10,257
2025-07-26,SKU0124,436,49,10,257
2025-08-02,SKU0124,375,54,10,257
2025-08-09,SKU0124,369,50,10,257
2025-08-16,SKU0124,275,48,10,257
2025-08-23,SKU0124,238,53,10,257
2025-08-30,SKU0124,159,58,10,257
2024-08-11,SKU0125,691,26,5,108
2024-08-18,SKU0125,667,18,5,108
2024-08-25,SKU0125,630,27,5,108
2024-09-01,SKU0125,619,28,5,108
2024-09-08,SKU0125,629,20,5,108
2024-09-15,SKU0125,625,33,5,108
2024-09-22,SKU0125,684,20,5,108
2024-09-29,SKU0125,621,29,5,108
2024-10-06,SKU0125,600,32,5,108
2024-10-13,SKU0125,519,33,5,108
2024-10-20,SKU0125,531,20,5,108
2024-10-27,SKU0125,528,27,5,108
2024-11-03,SKU0125,509,22,5,108
2024-11-10,SKU0125,440,25,5,108
2024-11-17,SKU0125,406,18,5,108
2024-11-24,SKU0125,368,26,5,108
2024-12-01,SKU0125,331,24,5,108
2024-12-08,SKU0125,311,21,5,108
2024-12-15,SKU0125,312,27,5,108
2024-12-22,SKU0125,272,25,5,108
2024-12-29,SKU0125,220,25,5,108
2025-01-05,SKU0125,221,31,5,108
2025-01-12,SKU0125,290,23,5,108
2025-01-19,SKU0125,324,36,5,108
2025-01-26,SKU0125,332,29,5,108
2025-02-02,SKU0125,387,13,5,108
2025-02-09,SKU0125,357,28,5,108
2025-02-16,SKU0125,392,21,5,108
2025-02-23,SKU0125,465,35,5,108
2025-03-02,SKU0125,519,20,5,108
2025-03-09,SKU0125,491,31,5,108
2025-03-16,SKU0125,488,20,5,108
2025-03-23,SKU0125,521,34,5,108
2025-03-30,SKU0125,535,32,5,108
2025-04-06,SKU0125,581,22,5,108
2025-04-13,SKU0125,580,20,5,108
2025-04-20,SKU0125,576,16,5,108
2025-04-27,SKU0125,551,18,5,108
2025-05-04,SKU0125,559,22,5,108
2025-05-11,SKU0125,563,29,5,108
2025-05-18,SKU0125,525,24,5,108
2025-05-25,SKU0125,548,29,5,108
2025-06-01,SKU0125,505,26,5,108
2025-06-08,SKU0125,309,28,5,108
2025-06-15,SKU0125,207,24,5,108
2025-06-22,SKU0125,166,27,5,108
2025-06-29,SKU0125,189,19,5,108
2025-07-06,SKU0125,169,19,5,108
2025-07-13,SKU0125,113,24,5,108
2025-07-20,SKU0125,81,36,5,108
2025-07-27,SKU0125,121,24,5,108
2025-08-03,SKU0125,145,28,5,108
2025-08-10,SKU0125,111,26,5,108
2025-08-17,SKU0125,61,15,5,108
2025-08-24,SKU0125,36,27,5,108
2025-08-31,SKU0125,0,26,5,108
2024-09-24,SKU0126,469,51,6,188
2024-10-01,SKU0126,463,42,6,188
2024-10-08,SKU0126,478,41,6,188
2024-10-15,SKU0126,506,33,6,188
2024-10-22,SKU0126,454,46,6,188
2024-10-29,SKU0126,446,34,6,188
2024-11-05,SKU0126,426,48,6,188
2024-11-12,SKU0126,385,38,6,188
2024-11-19,SKU0126,318,55,6,188
2024-11-26,SKU0126,263,34,6,188
2024-12-03,SKU0126,244,44,6,188
2024-12-10,SKU0126,228,40,6,188
2024-12-17,SKU0126,171,48,6,188
2024-12-24,SKU0126,43,37,6,188
2024-12-31,SKU0126,0,41,6,188
2025-01-07,SKU0126,0,37,6,188
2025-01-14,SKU0126,0,45,6,188
2025-01-21,SKU0126,61,49,6,188
2025-01-28,SKU0126,41,42,6,188
2025-02-04,SKU0126,66,28,6,188
2025-02-11,SKU0126,12,56,6,188
2025-02-18,SKU0126,0,30,6,188
2025-02-25,SKU0126,0,33,6,188
2025-03-04,SKU0126,0,48,6,188
2025-03-11,SKU0126,0,43,6,188
2025-03-18,SKU0126,4,33,6,188
2025-03-25,SKU0126,23,44,6,188
2025-04-01,SKU0126,25,44,6,188
2025-04-08,SKU0126,87,41,6,188
2025-04-15,SKU0126,98,36,6,188
2025-04-22,SKU0126,128,34,6,188
2025-04-29,SKU0126,101,44,6,188
2025-05-06,SKU0126,96,45,6,188
2025-05-13,SKU0126,120,48,6,188
2025-05-20,SKU0126,93,46,6,188
2025-05-27,SKU0126,142,59,6,188
2025-06-03,SKU0126,197,50,6,188
2025-06-10,SKU0126,2,35,6,188
2025-06-17,SKU0126,0,47,6,188
2025-06-24,SKU0126,0,41,6,188
2025-07-01,SKU0126,67,47,6,188
2025-07-08,SKU0126,102,52,6,188
2025-07-15,SKU0126,129,55,6,188
2025-07-22,SKU0126,116,50,6,188
2025-07-29,SKU0126,159,32,6,188
2025-08-05,SKU0126,100,41,6,188
2025-08-12,SKU0126,99,35,6,188
2025-08-19,SKU0126,127,33,6,188
2025-08-26,SKU0126,158,36,6,188
2024-05-14,SKU0127,591,88,13,329
2024-05-21,SKU0127,579,75,13,329
2024-05-28,SKU0127,612,61,13,329
2024-06-04,SKU0127,590,72,13,329
2024-06-11,SKU0127,583,67,13,329
2024-06-18,SKU0127,623,64,13,329
2024-06-25,SKU0127,637,91,13,329
2024-07-02,SKU0127,671,63,13,329
2024-07-09,SKU0127,697,69,13,329
2024-07-16,SKU0127,729,72,13,329
2024-07-23,SKU0127,731,64,13,329
2024-07-30,SKU0127,693,77,13,329
2024-08-06,SKU0127,715,76,13,329
2024-08-13,SKU0127,706,86,13,329
2024-08-20,SKU0127,696,91,13,329
2024-08-27,SKU0127,697,61,13,329
2024-09-03,SKU0127,682,78,13,329
2024-09-10,SKU0127,664,67,13,329
2024-09-17,SKU0127,582,88,13,329
2024-09-24,SKU0127,551,85,13,329
2024-10-01,SKU0127,523,68,13,329
2024-10-08,SKU0127,515,64,13,329
2024-10-15,SKU0127,534,82,13,329
2024-10-22,SKU0127,525,80,13,329
2024-10-29,SKU0127,554,77,13,329
2024-11-05,SKU0127,520,77,13,329
2024-11-12,SKU0127,472,72,13,329
2024-11-19,SKU0127,418,79,13,329
2024-11-26,SKU0127,460,58,13,329
2024-12-03,SKU0127,460,76,13,329
2024-12-10,SKU0127,483,90,13,329
2024-12-17,SKU0127,444,76,13,329
2024-12-24,SKU0127,407,67,13,329
2024-12-31,SKU0127,349,90,13,329
2025-01-07,SKU0127,391,75,13,329
2025-01-14,SKU0127,392,57,13,329
2025-01-21,SKU0127,402,75,13,329
2025-01-28,SKU0127,449,73,13,329
2025-02-04,SKU0127,460,71,13,329
2025-02-11,SKU0127,501,67,13,329
2025-02-18,SKU0127,550,82,13,329
2025-02-25,SKU0127,600,65,13,329
2025-03-04,SKU0127,623,79,13,329
2025-03-11,SKU0127,698,79,13,329
2025-03-18,SKU0127,767,93,13,329
2025-03-25,SKU0127,785,63,13,329
2025-04-01,SKU0127,807,76,13,329
2025-04-08,SKU0127,790,84,13,329
2025-04-15,SKU0127,785,69,13,329
2025-04-22,SKU0127,835,84,13,329
2025-04-29,SKU0127,859,76,13,329
2025-05-06,SKU0127,849,85,13,329
2025-05-13,SKU0127,878,82,13,329
2025-05-20,SKU0127,847,90,13,329
2025-05-27,SKU0127,883,67,13,329
2025-06-03,SKU0127,799,61,13,329
2025-06-10,SKU0127,731,72,13,329
2025-06-17,SKU0127,668,70,13,329
2025-06-24,SKU0127,702,65,13,329
2025-07-01,SKU0127,691,76,13,329
2025-07-08,SKU0127,619,73,13,329
2025-07-15,SKU0127,678,70,13,329
2025-07-22,SKU0127,678,77,13,329
2025-07-29,SKU0127,638,67,13,329
2025-08-05,SKU0127,646,72,13,329
2025-08-12,SKU0127,655,59,13,329
2025-08-19,SKU0127,576,82,13,329
2025-08-26,SKU0127,567,78,13,329
2024-09-06,SKU0128,400,52,11,224
2024-09-13,SKU0128,374,40,11,224
2024-09-20,SKU0128,391,51,11,224
2024-09-27,SKU0128,405,48,11,224
2024-10-04,SKU0128,390,51,11,224
2024-10-11,SKU0128,369,34,11,224
2024-10-18,SKU0128,368,41,11,224
2024-10-25,SKU0128,360,59,11,224
2024-11-01,SKU0128,362,42,11,224
2024-11-08,SKU0128,319,47,11,224
2024-11-15,SKU0128,229,43,11,224
2024-11-22,SKU0128,267,54,11,224
2024-11-29,SKU0128,194,63,11,224
2024-12-06,SKU0128,163,51,11,224
2024-12-13,SKU0128,153,45,11,224
2024-12-20,SKU0128,104,41,11,224
2024-12-27,SKU0128,30,38,11,224
2025-01-03,SKU0128,0,47,11,224
2025-01-10,SKU0128,38,46,11,224
2025-01-17,SKU0128,0,47,11,224
2025-01-24,SKU0128,19,46,11,224
2025-01-31,SKU0128,0,57,11,224
2025-02-07,SKU0128,10,47,11,224
2025-02-14,SKU0128,0,39,11,224
2025-02-21,SKU0128,0,45,11,224
2025-02-28,SKU0128,48,42,11,224
2025-03-07,SKU0128,26,34,11,224
2025-03-14,SKU0128,6,38,11,224
2025-03-21,SKU0128,0,47,11,224
2025-03-28,SKU0128,0,51,11,224
2025-04-04,SKU0128,37,47,11,224
2025-04-11,SKU0128,70,52,11,224
2025-04-18,SKU0128,103,51,11,224
2025-04-25,SKU0128,101,44,11,224
2025-05-02,SKU0128,110,46,11,224
2025-05-09,SKU0128,128,38,11,224
2025-05-16,SKU0128,184,52,11,224
2025-05-23,SKU0128,214,45,11,224
2025-05-30,SKU0128,202,47,11,224
2025-06-06,SKU0128,166,40,11,224
2025-06-13,SKU0128,127,46,11,224
2025-06-20,SKU0128,162,40,11,224
2025-06-27,SKU0128,180,52,11,224
2025-07-04,SKU0128,202,36,11,224
2025-07-11,SKU0128,212,47,11,224
2025-07-18,SKU0128,243,44,11,224
2025-07-25,SKU0128,210,60,11,224
2025-08-01,SKU0128,205,46,11,224
2025-08-08,SKU0128,185,40,11,224
2025-08-15,SKU0128,193,41,11,224
2025-08-22,SKU0128,238,46,11,224
2025-08-29,SKU0128,210,51,11,224
2024-10-15,SKU0129,469,40,9,198
2024-10-22,SKU0129,439,50,9,198
2024-10-29,SKU0129,373,48,9,198
2024-11-05,SKU0129,384,40,9,198
2024-11-12,SKU0129,307,42,9,198
2024-11-19,SKU0129,240,43,9,198
2024-11-26,SKU0129,219,41,9,198
2024-12-03,SKU0129,214,43,9,198
2024-12-10,SKU0129,176,40,9,198
2024-12-17,SKU0129,121,40,9,198
2024-12-24,SKU0129,22,38,9,198
2024-12-31,SKU0129,0,48,9,198
2025-01-07,SKU0129,18,40,9,198
2025-01-14,SKU0129,21,45,9,198
2025-01-21,SKU0129,0,46,9,198
2025-01-28,SKU0129,38,46,9,198
2025-02-04,SKU0129,51,46,9,198
2025-02-11,SKU0129,71,47,9,198
2025-02-18,SKU0129,47,51,9,198
2025-02-25,SKU0129,49,36,9,198
2025-03-04,SKU0129,33,35,9,198
2025-03-11,SKU0129,22,46,9,198
2025-03-18,SKU0129,17,49,9,198
2025-03-25,SKU0129,0,35,9,198
2025-04-01,SKU0129,6,51,9,198
2025-04-08,SKU0129,0,58,9,198
2025-04-15,SKU0129,34,60,9,198
2025-04-22,SKU0129,0,45,9,198
2025-04-29,SKU0129,35,54,9,198
2025-05-06,SKU0129,14,45,9,198
2025-05-13,SKU0129,9,47,9,198
2025-05-20,SKU0129,12,47,9,198
2025-05-27,SKU0129,5,32,9,198
2025-06-03,SKU0129,0,47,9,198
2025-06-10,SKU0129,0,38,9,198
2025-06-17,SKU0129,3,48,9,198
2025-06-24,SKU0129,4,39,9,198
2025-07-01,SKU0129,47,36,9,198
2025-07-08,SKU0129,76,41,9,198
2025-07-15,SKU0129,3,44,9,198
2025-07-22,SKU0129,8,45,9,198
2025-07-29,SKU0129,46,58,9,198
2025-08-05,SKU0129,66,45,9,198
2025-08-12,SKU0129,51,43,9,198
2025-08-19,SKU0129,34,53,9,198
2025-08-26,SKU0129,68,41,9,198
2024-08-27,SKU0130,739,132,11,505
2024-09-03,SKU0130,630,139,11,505
2024-09-10,SKU0130,651,122,11,505
2024-09-17,SKU0130,626,125,11,505
2024-09-24,SKU0130,652,145,11,505
2024-10-01,SKU0130,721,126,11,505
2024-10-08,SKU0130,702,117,11,505
2024-10-15,SKU0130,824,123,11,505
2024-10-22,SKU0130,805,123,11,505
2024-10-29,SKU0130,735,133,11,505
2024-11-05,SKU0130,647,131,11,505
2024-11-12,SKU0130,544,125,11,505
2024-11-19,SKU0130,487,119,11,505
2024-11-26,SKU0130,431,140,11,505
2024-12-03,SKU0130,463,131,11,505
2024-12-10,SKU0130,552,121,11,505
2024-12-17,SKU0130,702,142,11,505
2024-12-24,SKU0130,690,147,11,505
2024-12-31,SKU0130,584,129,11,505
2025-01-07,SKU0130,497,116,11,505
2025-01-14,SKU0130,504,126,11,505
2025-01-21,SKU0130,679,115,11,505
2025-01-28,SKU0130,797,128,11,505
2025-02-04,SKU0130,809,140,11,505
2025-02-11,SKU0130,836,116,11,505
2025-02-18,SKU0130,903,121,11,505
2025-02-25,SKU0130,1026,132,11,505
2025-03-04,SKU0130,1111,142,11,505
2025-03-11,SKU0130,1111,135,11,505
2025-03-18,SKU0130,1189,119,11,505
2025-03-25,SKU0130,1243,119,11,505
2025-04-01,SKU0130,1197,127,11,505
2025-04-08,SKU0130,1315,126,11,505
2025-04-15,SKU0130,1433,132,11,505
2025-04-22,SKU0130,1403,132,11,505
2025-04-29,SKU0130,1352,131,11,505
2025-05-06,SKU0130,1504,132,11,505
2025-05-13,SKU0130,1533,136,11,505
2025-05-20,SKU0130,1464,147,11,505
2025-05-27,SKU0130,1467,142,11,505
2025-06-03,SKU0130,1427,139,11,505
2025-06-10,SKU0130,1202,125,11,505
2025-06-17,SKU0130,1118,131,11,505
2025-06-24,SKU0130,1110,140,11,505
2025-07-01,SKU0130,1127,126,11,505
2025-07-08,SKU0130,1108,126,11,505
2025-07-15,SKU0130,1029,143,11,505
2025-07-22,SKU0130,1073,122,11,505
2025-07-29,SKU0130,892,117,11,505
2025-08-05,SKU0130,815,126,11,505
2025-08-12,SKU0130,747,139,11,505
2025-08-19,SKU0130,617,108,11,505
2025-08-26,SKU0130,551,115,11,505
2024-01-03,SKU0131,84,17,14,77
2024-01-10,SKU0131,101,21,14,77
2024-01-17,SKU0131,103,27,14,77
2024-01-24,SKU0131,110,20,14,77
2024-01-31,SKU0131,115,22,14,77
2024-02-07,SKU0131,110,21,14,77
2024-02-14,SKU0131,117,16,14,77
2024-02-21,SKU0131,119,20,14,77
2024-02-28,SKU0131,146,12,14,77
2024-03-06,SKU0131,151,9,14,77
2024-03-13,SKU0131,169,15,14,77
2024-03-20,SKU0131,176,10,14,77
2024-03-27,SKU0131,172,16,14,77
2024-04-03,SKU0131,188,22,14,77
2024-04-10,SKU0131,184,18,14,77
2024-04-17,SKU0131,190,13,14,77
2024-04-24,SKU0131,189,16,14,77
2024-05-01,SKU0131,189,14,14,77
2024-05-08,SKU0131,201,26,14,77
2024-05-15,SKU0131,199,21,14,77
2024-05-22,SKU0131,216,18,14,77
2024-05-29,SKU0131,223,16,14,77
2024-06-05,SKU0131,209,17,14,77
2024-06-12,SKU0131,187,9,14,77
2024-06-19,SKU0131,189,8,14,77
2024-06-26,SKU0131,180,18,14,77
2024-07-03,SKU0131,189,9,14,77
2024-07-10,SKU0131,206,19,14,77
2024-07-17,SKU0131,218,14,14,77
2024-07-24,SKU0131,226,19,14,77
2024-07-31,SKU0131,241,18,14,77
2024-08-07,SKU0131,221,21,14,77
2024-08-14,SKU0131,202,18,14,77
2024-08-21,SKU0131,204,16,14,77
2024-08-28,SKU0131,216,15,14,77
2024-09-04,SKU0131,220,15,14,77
2024-09-11,SKU0131,209,25,14,77
2024-09-18,SKU0131,207,23,14,77
2024-09-25,SKU0131,196,24,14,77
2024-10-02,SKU0131,199,19,14,77
2024-10-09,SKU0131,182,17,14,77
2024-10-16,SKU0131,187,18,14,77
2024-10-23,SKU0131,177,22,14,77
2024-10-30,SKU0131,159,20,14,77
2024-11-06,SKU0131,142,14,14,77
2024-11-13,SKU0131,136,13,14,77
2024-11-20,SKU0131,130,12,14,77
2024-11-27,SKU0131,129,17,14,77
2024-12-04,SKU0131,126,14,14,77
2024-12-11,SKU0131,111,9,14,77
2024-12-18,SKU0131,110,22,14,77
2024-12-25,SKU0131,95,16,14,77
2025-01-01,SKU0131,61,13,14,77
2025-01-08,SKU0131,53,14,14,77
2025-01-15,SKU0131,49,19,14,77
2025-01-22,SKU0131,57,26,14,77
2025-01-29,SKU0131,62,15,14,77
2025-02-05,SKU0131,53,19,14,77
2025-02-12,SKU0131,57,19,14,77
2025-02-19,SKU0131,70,24,14,77
2025-02-26,SKU0131,88,25,14,77
2025-03-05,SKU0131,94,24,14,77
2025-03-12,SKU0131,86,16,14,77
2025-03-19,SKU0131,79,20,14,77
2025-03-26,SKU0131,72,20,14,77
2025-04-02,SKU0131,86,20,14,77
2025-04-09,SKU0131,98,19,14,77
2025-04-16,SKU0131,109,9,14,77
2025-04-23,SKU0131,109,12,14,77
2025-04-30,SKU0131,115,24,14,77
2025-05-07,SKU0131,118,15,14,77
2025-05-14,SKU0131,123,17,14,77
2025-05-21,SKU0131,107,17,14,77
2025-05-28,SKU0131,100,18,14,77
2025-06-04,SKU0131,70,17,14,77
2025-06-11,SKU0131,25,13,14,77
2025-06-18,SKU0131,10,20,14,77
2025-06-25,SKU0131,0,15,14,77
2025-07-02,SKU0131,14,14,14,77
2025-07-09,SKU0131,10,20,14,77
2025-07-16,SKU0131,20,19,14,77
2025-07-23,SKU0131,2,11,14,77
2025-07-30,SKU0131,0,23,14,77
2025-08-06,SKU0131,0,19,14,77
2025-08-13,SKU0131,0,14,14,77
2025-08-20,SKU0131,0,15,14,77
2025-08-27,SKU0131,0,17,14,77
2024-12-27,SKU0132,1078,188,15,637
2025-01-03,SKU0132,960,174,15,637
2025-01-10,SKU0132,985,184,15,637
2025-01-17,SKU0132,940,188,15,637
2025-01-24,SKU0132,865,194,15,637
2025-01-31,SKU0132,887,169,15,637
2025-02-07,SKU0132,927,181,15,637
2025-02-14,SKU0132,841,182,15,637
2025-02-21,SKU0132,722,182,15,637
2025-02-28,SKU0132,637,185,15,637
2025-03-07,SKU0132,667,176,15,637
2025-03-14,SKU0132,771,174,15,637
2025-03-21,SKU0132,626,179,15,637
2025-03-28,SKU0132,467,211,15,637
2025-04-04,SKU0132,481,170,15,637
2025-04-11,SKU0132,421,176,15,637
2025-04-18,SKU0132,320,162,15,637
2025-04-25,SKU0132,333,224,15,637
2025-05-02,SKU0132,409,174,15,637
2025-05-09,SKU0132,302,201,15,637
2025-05-16,SKU0132,277,199,15,637
2025-05-23,SKU0132,461,187,15,637
2025-05-30,SKU0132,533,179,15,637
2025-06-06,SKU0132,359,189,15,637
2025-06-13,SKU0132,196,194,15,637
2025-06-20,SKU0132,319,177,15,637
2025-06-27,SKU0132,467,195,15,637
2025-07-04,SKU0132,420,191,15,637
2025-07-11,SKU0132,467,167,15,637
2025-07-18,SKU0132,378,165,15,637
2025-07-25,SKU0132,331,183,15,637
2025-08-01,SKU0132,297,178,15,637
2025-08-08,SKU0132,392,184,15,637
2025-08-15,SKU0132,418,181,15,637
2025-08-22,SKU0132,352,180,15,637
2025-08-29,SKU0132,428,195,15,637
2024-03-13,SKU0133,738,44,6,175
2024-03-20,SKU0133,771,55,6,175
2024-03-27,SKU0133,849,48,6,175
2024-04-03,SKU0133,853,50,6,175
2024-04-10,SKU0133,810,55,6,175
2024-04-17,SKU0133,817,55,6,175
2024-04-24,SKU0133,779,45,6,175
2024-05-01,SKU0133,813,55,6,175
2024-05-08,SKU0133,818,51,6,175
2024-05-15,SKU0133,902,50,6,175
2024-05-22,SKU0133,832,69,6,175
2024-05-29,SKU0133,857,54,6,175
2024-06-05,SKU0133,698,37,6,175
2024-06-12,SKU0133,536,54,6,175
2024-06-19,SKU0133,471,52,6,175
2024-06-26,SKU0133,491,43,6,175
2024-07-03,SKU0133,381,39,6,175
2024-07-10,SKU0133,416,57,6,175
2024-07-17,SKU0133,353,46,6,175
2024-07-24,SKU0133,277,47,6,175
2024-07-31,SKU0133,208,41,6,175
2024-08-07,SKU0133,145,47,6,175
2024-08-14,SKU0133,168,52,6,175
2024-08-21,SKU0133,57,45,6,175
2024-08-28,SKU0133,1,54,6,175
2024-09-04,SKU0133,0,44,6,175
2024-09-11,SKU0133,0,44,6,175
2024-09-18,SKU0133,0,49,6,175
2024-09-25,SKU0133,0,43,6,175
2024-10-02,SKU0133,0,50,6,175
2024-10-09,SKU0133,14,50,6,175
2024-10-16,SKU0133,0,33,6,175
2024-10-23,SKU0133,0,46,6,175
2024-10-30,SKU0133,17,50,6,175
2024-11-06,SKU0133,89,60,6,175
2024-11-13,SKU0133,0,43,6,175
2024-11-20,SKU0133,0,48,6,175
2024-11-27,SKU0133,11,53,6,175
2024-12-04,SKU0133,74,45,6,175
2024-12-11,SKU0133,215,36,6,175
2024-12-18,SKU0133,227,49,6,175
2024-12-25,SKU0133,71,49,6,175
2025-01-01,SKU0133,0,50,6,175
2025-01-08,SKU0133,0,48,6,175
2025-01-15,SKU0133,0,41,6,175
2025-01-22,SKU0133,0,44,6,175
2025-01-29,SKU0133,43,51,6,175
2025-02-05,SKU0133,102,36,6,175
2025-02-12,SKU0133,143,67,6,175
2025-02-19,SKU0133,177,45,6,175
2025-02-26,SKU0133,203,57,6,175
2025-03-05,SKU0133,272,48,6,175
2025-03-12,SKU0133,330,48,6,175
2025-03-19,SKU0133,339,48,6,175
2025-03-26,SKU0133,401,37,6,175
2025-04-02,SKU0133,504,51,6,175
2025-04-09,SKU0133,514,50,6,175
2025-04-16,SKU0133,561,51,6,175
2025-04-23,SKU0133,551,50,6,175
2025-04-30,SKU0133,556,44,6,175
2025-05-07,SKU0133,512,56,6,175
2025-05-14,SKU0133,549,45,6,175
2025-05-21,SKU0133,497,41,6,175
2025-05-28,SKU0133,409,36,6,175
2025-06-04,SKU0133,452,52,6,175
2025-06-11,SKU0133,394,51,6,175
2025-06-18,SKU0133,337,48,6,175
2025-06-25,SKU0133,393,52,6,175
2025-07-02,SKU0133,317,55,6,175
2025-07-09,SKU0133,410,55,6,175
2025-07-16,SKU0133,427,40,6,175
2025-07-23,SKU0133,409,41,6,175
2025-07-30,SKU0133,394,41,6,175
2025-08-06,SKU0133,356,50,6,175
2025-08-13,SKU0133,388,58,6,175
2025-08-20,SKU0133,448,42,6,175
2025-08-27,SKU0133,436,40,6,175
2025-05-08,SKU0134,568,107,19,386
2025-05-15,SKU0134,554,94,19,386
2025-05-22,SKU0134,590,71,19,386
2025-05-29,SKU0134,612,84,19,386
2025-06-05,SKU0134,593,80,19,386
2025-06-12,SKU0134,490,94,19,386
2025-06-19,SKU0134,442,73,19,386
2025-06-26,SKU0134,472,86,19,386
2025-07-03,SKU0134,528,88,19,386
2025-07-10,SKU0134,503,64,19,386
2025-07-17,SKU0134,463,89,19,386
2025-07-24,SKU0134,468,85,19,386
2025-07-31,SKU0134,481,74,19,386
2025-08-07,SKU0134,459,95,19,386
2025-08-14,SKU0134,444,78,19,386
2025-08-21,SKU0134,485,71,19,386
2025-08-28,SKU0134,429,83,19,386
2025-07-06,SKU0135,152,9,11,57
2025-07-13,SKU0135,144,13,11,57
2025-07-20,SKU0135,144,13,11,57
2025-07-27,SKU0135,145,9,11,57
2025-08-03,SKU0135,145,11,11,57
2025-08-10,SKU0135,147,10,11,57
2025-08-17,SKU0135,146,12,11,57
2025-08-24,SKU0135,132,14,11,57
2025-08-31,SKU0135,131,18,11,57
2025-03-20,SKU0136,68,21,18,75
2025-03-27,SKU0136,64,25,18,75
2025-04-03,SKU0136,69,28,18,75
2025-04-10,SKU0136,68,17,18,75
2025-04-17,SKU0136,59,23,18,75
2025-04-24,SKU0136,43,20,18,75
2025-05-01,SKU0136,39,27,18,75
2025-05-08,SKU0136,49,16,18,75
2025-05-15,SKU0136,54,18,18,75
2025-05-22,SKU0136,51,24,18,75
2025-05-29,SKU0136,43,24,18,75
2025-06-05,SKU0136,22,33,18,75
2025-06-12,SKU0136,17,23,18,75
2025-06-19,SKU0136,8,18,18,75
2025-06-26,SKU0136,26,25,18,75
2025-07-03,SKU0136,35,21,18,75
2025-07-10,SKU0136,40,23,18,75
2025-07-17,SKU0136,41,27,18,75
2025-07-24,SKU0136,48,27,18,75
2025-07-31,SKU0136,44,20,18,75
2025-08-07,SKU0136,33,30,18,75
2025-08-14,SKU0136,39,18,18,75
2025-08-21,SKU0136,38,16,18,75
2025-08-28,SKU0136,40,21,18,75
2025-07-21,SKU0137,544,73,8,249
2025-07-28,SKU0137,564,76,8,249
2025-08-04,SKU0137,584,73,8,249
2025-08-11,SKU0137,539,62,8,249
2025-08-18,SKU0137,502,80,8,249
2025-08-25,SKU0137,555,98,8,249
2023-09-04,SKU0138,714,149,12,657
2023-09-11,SKU0138,571,153,12,657
2023-09-18,SKU0138,481,140,12,657
2023-09-25,SKU0138,273,140,12,657
2023-10-02,SKU0138,286,140,12,657
2023-10-09,SKU0138,282,129,12,657
2023-10-16,SKU0138,283,133,12,657
2023-10-23,SKU0138,313,126,12,657
2023-10-30,SKU0138,262,125,12,657
2023-11-06,SKU0138,281,137,12,657
2023-11-13,SKU0138,248,137,12,657
2023-11-20,SKU0138,375,160,12,657
2023-11-27,SKU0138,212,158,12,657
2023-12-04,SKU0138,189,149,12,657
2023-12-11,SKU0138,232,141,12,657
2023-12-18,SKU0138,270,159,12,657
2023-12-25,SKU0138,109,134,12,657
2024-01-01,SKU0138,0,166,12,657
2024-01-08,SKU0138,82,127,12,657
2024-01-15,SKU0138,114,155,12,657
2024-01-22,SKU0138,145,146,12,657
2024-01-29,SKU0138,189,150,12,657
2024-02-05,SKU0138,86,152,12,657
2024-02-12,SKU0138,70,136,12,657
2024-02-19,SKU0138,132,133,12,657
2024-02-26,SKU0138,168,132,12,657
2024-03-04,SKU0138,269,134,12,657
2024-03-11,SKU0138,356,140,12,657
2024-03-18,SKU0138,319,134,12,657
2024-03-25,SKU0138,207,125,12,657
2024-04-01,SKU0138,289,140,12,657
2024-04-08,SKU0138,314,122,12,657
2024-04-15,SKU0138,274,163,12,657
2024-04-22,SKU0138,225,151,12,657
2024-04-29,SKU0138,372,139,12,657
2024-05-06,SKU0138,387,131,12,657
2024-05-13,SKU0138,257,139,12,657
2024-05-20,SKU0138,178,143,12,657
2024-05-27,SKU0138,236,141,12,657
2024-06-03,SKU0138,141,147,12,657
2024-06-10,SKU0138,0,118,12,657
2024-06-17,SKU0138,0,139,12,657
2024-06-24,SKU0138,0,135,12,657
2024-07-01,SKU0138,0,115,12,657
2024-07-08,SKU0138,43,143,12,657
2024-07-15,SKU0138,0,148,12,657
2024-07-22,SKU0138,0,120,12,657
2024-07-29,SKU0138,0,121,12,657
2024-08-05,SKU0138,0,121,12,657
2024-08-12,SKU0138,0,149,12,657
2024-08-19,SKU0138,0,146,12,657
2024-08-26,SKU0138,0,136,12,657
2024-09-02,SKU0138,0,152,12,657
2024-09-09,SKU0138,0,133,12,657
2024-09-16,SKU0138,0,143,12,657
2024-09-23,SKU0138,35,130,12,657
2024-09-30,SKU0138,89,146,12,657
2024-10-07,SKU0138,25,116,12,657
2024-10-14,SKU0138,0,129,12,657
2024-10-21,SKU0138,4,145,12,657
2024-10-28,SKU0138,28,139,12,657
2024-11-04,SKU0138,68,144,12,657
2024-11-11,SKU0138,133,173,12,657
2024-11-18,SKU0138,0,124,12,657
2024-11-25,SKU0138,0,124,12,657
2024-12-02,SKU0138,164,108,12,657
2024-12-09,SKU0138,162,143,12,657
2024-12-16,SKU0138,222,139,12,657
2024-12-23,SKU0138,158,145,12,657
2024-12-30,SKU0138,28,141,12,657
2025-01-06,SKU0138,67,171,12,657
2025-01-13,SKU0138,195,154,12,657
2025-01-20,SKU0138,233,142,12,657
2025-01-27,SKU0138,314,129,12,657
2025-02-03,SKU0138,275,144,12,657
2025-02-10,SKU0138,411,126,12,657
2025-02-17,SKU0138,556,132,12,657
2025-02-24,SKU0138,523,142,12,657
2025-03-03,SKU0138,541,134,12,657
2025-03-10,SKU0138,621,146,12,657
2025-03-17,SKU0138,614,121,12,657
2025-03-24,SKU0138,646,136,12,657
2025-03-31,SKU0138,641,145,12,657
2025-04-07,SKU0138,631,120,12,657
2025-04-14,SKU0138,664,141,12,657
2025-04-21,SKU0138,726,135,12,657
2025-04-28,SKU0138,899,125,12,657
2025-05-05,SKU0138,941,137,12,657
2025-05-12,SKU0138,1047,133,12,657
2025-05-19,SKU0138,1151,151,12,657
2025-05-26,SKU0138,1151,151,12,657
2025-06-02,SKU0138,1134,138,12,657
2025-06-09,SKU0138,880,155,12,657
2025-06-16,SKU0138,697,125,12,657
2025-06-23,SKU0138,748,117,12,657
2025-06-30,SKU0138,746,149,12,657
2025-07-07,SKU0138,798,138,12,657
2025-07-14,SKU0138,845,141,12,657
2025-07-21,SKU0138,818,120,12,657
2025-07-28,SKU0138,764,119,12,657
2025-08-04,SKU0138,756,135,12,657
2025-08-11,SKU0138,901,128,12,657
2025-08-18,SKU0138,901,113,12,657
2025-08-25,SKU0138,778,134,12,657
2025-07-21,SKU0139,706,167,20,691
2025-07-28,SKU0139,749,183,20,691
2025-08-04,SKU0139,852,183,20,691
2025-08-11,SKU0139,900,194,20,691
2025-08-18,SKU0139,898,186,20,691
2025-08-25,SKU0139,887,180,20,691
2024-11-28,SKU0140,412,61,20,369
2024-12-05,SKU0140,374,71,20,369
2024-12-12,SKU0140,339,84,20,369
2024-12-19,SKU0140,264,89,20,369
2024-12-26,SKU0140,127,96,20,369
2025-01-02,SKU0140,56,83,20,369
2025-01-09,SKU0140,55,87,20,369
2025-01-16,SKU0140,28,86,20,369
2025-01-23,SKU0140,20,73,20,369
2025-01-30,SKU0140,69,65,20,369
2025-02-06,SKU0140,105,79,20,369
2025-02-13,SKU0140,140,65,20,369
2025-02-20,SKU0140,135,71,20,369
2025-02-27,SKU0140,141,86,20,369
2025-03-06,SKU0140,108,86,20,369
2025-03-13,SKU0140,146,81,20,369
2025-03-20,SKU0140,183,84,20,369
2025-03-27,SKU0140,158,69,20,369
2025-04-03,SKU0140,185,71,20,369
2025-04-10,SKU0140,214,82,20,369
2025-04-17,SKU0140,243,90,20,369
2025-04-24,SKU0140,203,89,20,369
2025-05-01,SKU0140,254,77,20,369
2025-05-08,SKU0140,313,94,20,369
2025-05-15,SKU0140,341,98,20,369
2025-05-22,SKU0140,376,79,20,369
2025-05-29,SKU0140,358,94,20,369
2025-06-05,SKU0140,367,63,20,369
2025-06-12,SKU0140,292,71,20,369
2025-06-19,SKU0140,312,78,20,369
2025-06-26,SKU0140,300,76,20,369
2025-07-03,SKU0140,345,78,20,369
2025-07-10,SKU0140,300,93,20,369
2025-07-17,SKU0140,238,85,20,369
2025-07-24,SKU0140,227,102,20,369
2025-07-31,SKU0140,229,77,20,369
2025-08-07,SKU0140,249,77,20,369
2025-08-14,SKU0140,255,80,20,369
2025-08-21,SKU0140,192,80,20,369
2025-08-28,SKU0140,142,85,20,369
2025-03-29,SKU0141,528,49,13,214
2025-04-05,SKU0141,438,51,13,214
2025-04-12,SKU0141,471,42,13,214
2025-04-19,SKU0141,426,53,13,214
2025-04-26,SKU0141,380,51,13,214
2025-05-03,SKU0141,426,42,13,214
2025-05-10,SKU0141,419,47,13,214
2025-05-17,SKU0141,357,37,13,214
2025-05-24,SKU0141,355,56,13,214
2025-05-31,SKU0141,345,43,13,214
2025-06-07,SKU0141,345,46,13,214
2025-06-14,SKU0141,293,46,13,214
2025-06-21,SKU0141,319,49,13,214
2025-06-28,SKU0141,320,69,13,214
2025-07-05,SKU0141,318,48,13,214
2025-07-12,SKU0141,326,55,13,214
2025-07-19,SKU0141,318,38,13,214
2025-07-26,SKU0141,326,62,13,214
2025-08-02,SKU0141,335,50,13,214
2025-08-09,SKU0141,361,39,13,214
2025-08-16,SKU0141,372,40,13,214
2025-08-23,SKU0141,361,61,13,214
2025-08-30,SKU0141,414,61,13,214
2025-06-14,SKU0142,916,54,9,256
2025-06-21,SKU0142,879,68,9,256
2025-06-28,SKU0142,856,56,9,256
2025-07-05,SKU0142,899,60,9,256
2025-07-12,SKU0142,887,57,9,256
2025-07-19,SKU0142,894,68,9,256
2025-07-26,SKU0142,898,55,9,256
2025-08-02,SKU0142,831,63,9,256
2025-08-09,SKU0142,813,63,9,256
2025-08-16,SKU0142,784,65,9,256
2025-08-23,SKU0142,827,46,9,256
2025-08-30,SKU0142,875,58,9,256
2025-01-30,SKU0143,1267,168,17,580
2025-02-06,SKU0143,1182,143,17,580
2025-02-13,SKU0143,1073,168,17,580
2025-02-20,SKU0143,1081,149,17,580
2025-02-27,SKU0143,1034,137,17,580
2025-03-06,SKU0143,1080,149,17,580
2025-03-13,SKU0143,1059,140,17,580
2025-03-20,SKU0143,991,144,17,580
2025-03-27,SKU0143,966,130,17,580
2025-04-03,SKU0143,809,160,17,580
2025-04-10,SKU0143,737,140,17,580
2025-04-17,SKU0143,730,146,17,580
2025-04-24,SKU0143,720,177,17,580
2025-05-01,SKU0143,757,148,17,580
2025-05-08,SKU0143,590,150,17,580
2025-05-15,SKU0143,712,148,17,580
2025-05-22,SKU0143,772,145,17,580
2025-05-29,SKU0143,777,137,17,580
2025-06-05,SKU0143,630,151,17,580
2025-06-12,SKU0143,440,166,17,580
2025-06-19,SKU0143,528,166,17,580
2025-06-26,SKU0143,554,149,17,580
2025-07-03,SKU0143,550,157,17,580
2025-07-10,SKU0143,584,130,17,580
2025-07-17,SKU0143,663,156,17,580
2025-07-24,SKU0143,727,131,17,580
2025-07-31,SKU0143,776,153,17,580
2025-08-07,SKU0143,784,157,17,580
2025-08-14,SKU0143,805,146,17,580
2025-08-21,SKU0143,855,138,17,580
2025-08-28,SKU0143,855,162,17,580
2024-02-11,SKU0144,226,33,11,137
2024-02-18,SKU0144,215,56,11,137
2024-02-25,SKU0144,171,30,11,137
2024-03-03,SKU0144,194,33,11,137
2024-03-10,SKU0144,177,43,11,137
2024-03-17,SKU0144,176,35,11,137
2024-03-24,SKU0144,169,39,11,137
2024-03-31,SKU0144,116,48,11,137
2024-04-07,SKU0144,101,33,11,137
2024-04-14,SKU0144,73,45,11,137
2024-04-21,SKU0144,80,41,11,137
2024-04-28,SKU0144,55,47,11,137
2024-05-05,SKU0144,55,33,11,137
2024-05-12,SKU0144,18,36,11,137
2024-05-19,SKU0144,22,48,11,137
2024-05-26,SKU0144,0,41,11,137
2024-06-02,SKU0144,0,37,11,137
2024-06-09,SKU0144,0,51,11,137
2024-06-16,SKU0144,0,39,11,137
2024-06-23,SKU0144,16,47,11,137
2024-06-30,SKU0144,41,44,11,137
2024-07-07,SKU0144,44,46,11,137
2024-07-14,SKU0144,0,30,11,137
2024-07-21,SKU0144,0,33,11,137
2024-07-28,SKU0144,0,40,11,137
2024-08-04,SKU0144,47,37,11,137
2024-08-11,SKU0144,75,34,11,137
2024-08-18,SKU0144,80,36,11,137
2024-08-25,SKU0144,98,39,11,137
2024-09-01,SKU0144,131,54,11,137
2024-09-08,SKU0144,132,35,11,137
2024-09-15,SKU0144,164,51,11,137
2024-09-22,SKU0144,147,40,11,137
2024-09-29,SKU0144,121,45,11,137
2024-10-06,SKU0144,100,35,11,137
2024-10-13,SKU0144,102,42,11,137
2024-10-20,SKU0144,80,38,11,137
2024-10-27,SKU0144,83,37,11,137
2024-11-03,SKU0144,79,36,11,137
2024-11-10,SKU0144,84,45,11,137
2024-11-17,SKU0144,0,35,11,137
2024-11-24,SKU0144,20,33,11,137
2024-12-01,SKU0144,22,30,11,137
2024-12-08,SKU0144,14,31,11,137
2024-12-15,SKU0144,1,38,11,137
2024-12-22,SKU0144,0,48,11,137
2024-12-29,SKU0144,0,36,11,137
2025-01-05,SKU0144,0,39,11,137
2025-01-12,SKU0144,30,33,11,137
2025-01-19,SKU0144,14,22,11,137
2025-01-26,SKU0144,16,46,11,137
2025-02-02,SKU0144,15,40,11,137
2025-02-09,SKU0144,22,39,11,137
2025-02-16,SKU0144,47,39,11,137
2025-02-23,SKU0144,8,37,11,137
2025-03-02,SKU0144,15,45,11,137
2025-03-09,SKU0144,50,42,11,137
2025-03-16,SKU0144,62,40,11,137
2025-03-23,SKU0144,61,49,11,137
2025-03-30,SKU0144,56,41,11,137
2025-04-06,SKU0144,21,39,11,137
2025-04-13,SKU0144,0,31,11,137
2025-04-20,SKU0144,25,46,11,137
2025-04-27,SKU0144,70,44,11,137
2025-05-04,SKU0144,76,42,11,137
2025-05-11,SKU0144,92,33,11,137
2025-05-18,SKU0144,94,39,11,137
2025-05-25,SKU0144,124,43,11,137
2025-06-01,SKU0144,134,43,11,137
2025-06-08,SKU0144,89,43,11,137
2025-06-15,SKU0144,49,33,11,137
2025-06-22,SKU0144,49,33,11,137
2025-06-29,SKU0144,71,49,11,137
2025-07-06,SKU0144,93,41,11,137
2025-07-13,SKU0144,129,39,11,137
2025-07-20,SKU0144,143,41,11,137
2025-07-27,SKU0144,155,48,11,137
2025-08-03,SKU0144,139,40,11,137
2025-08-10,SKU0144,155,29,11,137
2025-08-17,SKU0144,147,41,11,137
2025-08-24,SKU0144,137,35,11,137
2025-08-31,SKU0144,197,40,11,137
2023-09-21,SKU0145,644,80,13,338
2023-09-28,SKU0145,707,74,13,338
2023-10-05,SKU0145,705,63,13,338
2023-10-12,SKU0145,690,82,13,338
2023-10-19,SKU0145,676,75,13,338
2023-10-26,SKU0145,681,63,13,338
2023-11-02,SKU0145,673,72,13,338
2023-11-09,SKU0145,682,83,13,338
2023-11-16,SKU0145,682,66,13,338
2023-11-23,SKU0145,701,74,13,338
2023-11-30,SKU0145,666,64,13,338
2023-12-07,SKU0145,684,69,13,338
2023-12-14,SKU0145,680,64,13,338
2023-12-21,SKU0145,673,67,13,338
2023-12-28,SKU0145,583,73,13,338
2024-01-04,SKU0145,595,77,13,338
2024-01-11,SKU0145,653,70,13,338
2024-01-18,SKU0145,678,94,13,338
2024-01-25,SKU0145,729,73,13,338
2024-02-01,SKU0145,768,69,13,338
2024-02-08,SKU0145,773,66,13,338
2024-02-15,SKU0145,803,76,13,338
2024-02-22,SKU0145,903,62,13,338
2024-02-29,SKU0145,937,78,13,338
2024-03-07,SKU0145,985,70,13,338
2024-03-14,SKU0145,1059,79,13,338
2024-03-21,SKU0145,1118,69,13,338
2024-03-28,SKU0145,1215,65,13,338
2024-04-04,SKU0145,1243,74,13,338
2024-04-11,SKU0145,1277,68,13,338
2024-04-18,SKU0145,1330,61,13,338
2024-04-25,SKU0145,1440,74,13,338
2024-05-02,SKU0145,1453,73,13,338
2024-05-09,SKU0145,1423,68,13,338
2024-05-16,SKU0145,1462,64,13,338
2024-05-23,SKU0145,1518,89,13,338
2024-05-30,SKU0145,1574,67,13,338
2024-06-06,SKU0145,1483,86,13,338
2024-06-13,SKU0145,1387,61,13,338
2024-06-20,SKU0145,1372,74,13,338
2024-06-27,SKU0145,1325,80,13,338
2024-07-04,SKU0145,1320,68,13,338
2024-07-11,SKU0145,1275,76,13,338
2024-07-18,SKU0145,1264,79,13,338
2024-07-25,SKU0145,1219,80,13,338
2024-08-01,SKU0145,1172,82,13,338
2024-08-08,SKU0145,1134,64,13,338
2024-08-15,SKU0145,1101,86,13,338
2024-08-22,SKU0145,1065,64,13,338
2024-08-29,SKU0145,1007,63,13,338
2024-09-05,SKU0145,927,63,13,338
2024-09-12,SKU0145,901,57,13,338
2024-09-19,SKU0145,904,61,13,338
2024-09-26,SKU0145,939,73,13,338
2024-10-03,SKU0145,952,65,13,338
2024-10-10,SKU0145,925,78,13,338
2024-10-17,SKU0145,945,67,13,338
2024-10-24,SKU0145,956,60,13,338
2024-10-31,SKU0145,924,73,13,338
2024-11-07,SKU0145,958,65,13,338
2024-11-14,SKU0145,811,79,13,338
2024-11-21,SKU0145,782,74,13,338
2024-11-28,SKU0145,764,58,13,338
2024-12-05,SKU0145,745,77,13,338
2024-12-12,SKU0145,727,67,13,338
2024-12-19,SKU0145,689,76,13,338
2024-12-26,SKU0145,558,72,13,338
2025-01-02,SKU0145,529,72,13,338
2025-01-09,SKU0145,535,77,13,338
2025-01-16,SKU0145,568,66,13,338
2025-01-23,SKU0145,598,63,13,338
2025-01-30,SKU0145,646,73,13,338
2025-02-06,SKU0145,687,66,13,338
2025-02-13,SKU0145,701,71,13,338
2025-02-20,SKU0145,715,65,13,338
2025-02-27,SKU0145,763,75,13,338
2025-03-06,SKU0145,769,90,13,338
2025-03-13,SKU0145,784,51,13,338
2025-03-20,SKU0145,825,77,13,338
2025-03-27,SKU0145,886,69,13,338
2025-04-03,SKU0145,969,74,13,338
2025-04-10,SKU0145,996,63,13,338
2025-04-17,SKU0145,1004,63,13,338
2025-04-24,SKU0145,947,72,13,338
2025-05-01,SKU0145,906,58,13,338
2025-05-08,SKU0145,940,68,13,338
2025-05-15,SKU0145,911,79,13,338
2025-05-22,SKU0145,870,67,13,338
2025-05-29,SKU0145,821,77,13,338
2025-06-05,SKU0145,692,76,13,338
2025-06-12,SKU0145,509,60,13,338
2025-06-19,SKU0145,467,62,13,338
2025-06-26,SKU0145,507,78,13,338
2025-07-03,SKU0145,469,69,13,338
2025-07-10,SKU0145,409,71,13,338
2025-07-17,SKU0145,396,67,13,338
2025-07-24,SKU0145,388,81,13,338
2025-07-31,SKU0145,363,75,13,338
2025-08-07,SKU0145,281,76,13,338
2025-08-14,SKU0145,209,70,13,338
2025-08-21,SKU0145,143,76,13,338
2025-08-28,SKU0145,91,56,13,338
2024-06-17,SKU0146,1258,69,9,394
2024-06-24,SKU0146,1340,82,9,394
2024-07-01,SKU0146,1299,79,9,394
2024-07-08,SKU0146,1272,87,9,394
2024-07-15,SKU0146,1247,69,9,394
2024-07-22,SKU0146,1220,90,9,394
2024-07-29,SKU0146,1202,93,9,394
2024-08-05,SKU0146,1142,81,9,394
2024-08-12,SKU0146,1112,94,9,394
2024-08-19,SKU0146,1003,91,9,394
2024-08-26,SKU0146,967,90,9,394
2024-09-02,SKU0146,983,89,9,394
2024-09-09,SKU0146,1071,86,9,394
2024-09-16,SKU0146,1134,95,9,394
2024-09-23,SKU0146,1167,70,9,394
2024-09-30,SKU0146,1098,81,9,394
2024-10-07,SKU0146,1137,92,9,394
2024-10-14,SKU0146,1174,78,9,394
2024-10-21,SKU0146,1187,83,9,394
2024-10-28,SKU0146,1175,94,9,394
2024-11-04,SKU0146,1252,84,9,394
2024-11-11,SKU0146,1303,96,9,394
2024-11-18,SKU0146,1340,80,9,394
2024-11-25,SKU0146,1433,86,9,394
2024-12-02,SKU0146,1499,73,9,394
2024-12-09,SKU0146,1534,98,9,394
2024-12-16,SKU0146,1542,84,9,394
2024-12-23,SKU0146,1568,88,9,394
2024-12-30,SKU0146,1322,87,9,394
2025-01-06,SKU0146,1306,78,9,394
2025-01-13,SKU0146,1355,92,9,394
2025-01-20,SKU0146,1336,83,9,394
2025-01-27,SKU0146,1356,72,9,394
2025-02-03,SKU0146,1337,89,9,394
2025-02-10,SKU0146,1240,85,9,394
2025-02-17,SKU0146,1276,76,9,394
2025-02-24,SKU0146,1330,85,9,394
2025-03-03,SKU0146,1238,80,9,394
2025-03-10,SKU0146,1286,98,9,394
2025-03-17,SKU0146,1250,75,9,394
2025-03-24,SKU0146,1152,85,9,394
2025-03-31,SKU0146,1070,100,9,394
2025-04-07,SKU0146,1128,79,9,394
2025-04-14,SKU0146,1112,76,9,394
2025-04-21,SKU0146,1106,75,9,394
2025-04-28,SKU0146,1212,86,9,394
2025-05-05,SKU0146,1100,77,9,394
2025-05-12,SKU0146,1109,85,9,394
2025-05-19,SKU0146,1037,73,9,394
2025-05-26,SKU0146,917,92,9,394
2025-06-02,SKU0146,842,76,9,394
2025-06-09,SKU0146,664,73,9,394
2025-06-16,SKU0146,637,84,9,394
2025-06-23,SKU0146,627,86,9,394
2025-06-30,SKU0146,638,80,9,394
2025-07-07,SKU0146,501,97,9,394
2025-07-14,SKU0146,441,82,9,394
2025-07-21,SKU0146,488,94,9,394
2025-07-28,SKU0146,407,96,9,394
2025-08-04,SKU0146,345,82,9,394
2025-08-11,SKU0146,361,71,9,394
2025-08-18,SKU0146,485,82,9,394
2025-08-25,SKU0146,560,76,9,394
2024-10-18,SKU0147,1094,157,17,576
2024-10-25,SKU0147,1001,160,17,576
2024-11-01,SKU0147,886,123,17,576
2024-11-08,SKU0147,847,144,17,576
2024-11-15,SKU0147,607,139,17,576
2024-11-22,SKU0147,610,129,17,576
2024-11-29,SKU0147,627,130,17,576
2024-12-06,SKU0147,551,130,17,576
2024-12-13,SKU0147,530,137,17,576
2024-12-20,SKU0147,391,153,17,576
2024-12-27,SKU0147,106,127,17,576
2025-01-03,SKU0147,0,136,17,576
2025-01-10,SKU0147,0,145,17,576
2025-01-17,SKU0147,0,117,17,576
2025-01-24,SKU0147,84,124,17,576
2025-01-31,SKU0147,0,141,17,576
2025-02-07,SKU0147,0,138,17,576
2025-02-14,SKU0147,51,131,17,576
2025-02-21,SKU0147,54,126,17,576
2025-02-28,SKU0147,38,138,17,576
2025-03-07,SKU0147,0,127,17,576
2025-03-14,SKU0147,0,139,17,576
2025-03-21,SKU0147,0,161,17,576
2025-03-28,SKU0147,86,142,17,576
2025-04-04,SKU0147,101,126,17,576
2025-04-11,SKU0147,117,133,17,576
2025-04-18,SKU0147,214,107,17,576
2025-04-25,SKU0147,251,137,17,576
2025-05-02,SKU0147,258,146,17,576
2025-05-09,SKU0147,261,134,17,576
2025-05-16,SKU0147,356,126,17,576
2025-05-23,SKU0147,368,154,17,576
2025-05-30,SKU0147,445,147,17,576
2025-06-06,SKU0147,387,121,17,576
2025-06-13,SKU0147,469,117,17,576
2025-06-20,SKU0147,558,131,17,576
2025-06-27,SKU0147,664,133,17,576
2025-07-04,SKU0147,784,127,17,576
2025-07-11,SKU0147,844,142,17,576
2025-07-18,SKU0147,946,104,17,576
2025-07-25,SKU0147,948,125,17,576
2025-08-01,SKU0147,1050,116,17,576
2025-08-08,SKU0147,1209,134,17,576
2025-08-15,SKU0147,1225,130,17,576
2025-08-22,SKU0147,1227,136,17,576
2025-08-29,SKU0147,1222,122,17,576
2024-12-19,SKU0148,173,20,6,58
2024-12-26,SKU0148,148,18,6,58
2025-01-02,SKU0148,92,21,6,58
2025-01-09,SKU0148,86,15,6,58
2025-01-16,SKU0148,101,24,6,58
2025-01-23,SKU0148,110,12,6,58
2025-01-30,SKU0148,133,9,6,58
2025-02-06,SKU0148,137,21,6,58
2025-02-13,SKU0148,158,22,6,58
2025-02-20,SKU0148,170,16,6,58
2025-02-27,SKU0148,185,23,6,58
2025-03-06,SKU0148,178,20,6,58
2025-03-13,SKU0148,156,18,6,58
2025-03-20,SKU0148,154,15,6,58
2025-03-27,SKU0148,138,16,6,58
2025-04-03,SKU0148,106,18,6,58
2025-04-10,SKU0148,88,11,6,58
2025-04-17,SKU0148,103,19,6,58
2025-04-24,SKU0148,92,17,6,58
2025-05-01,SKU0148,85,17,6,58
2025-05-08,SKU0148,59,14,6,58
2025-05-15,SKU0148,18,11,6,58
2025-05-22,SKU0148,25,24,6,58
2025-05-29,SKU0148,0,17,6,58
2025-06-05,SKU0148,0,19,6,58
2025-06-12,SKU0148,0,19,6,58
2025-06-19,SKU0148,2,16,6,58
2025-06-26,SKU0148,19,16,6,58
2025-07-03,SKU0148,66,16,6,58
2025-07-10,SKU0148,43,23,6,58
2025-07-17,SKU0148,36,16,6,58
2025-07-24,SKU0148,60,15,6,58
2025-07-31,SKU0148,76,10,6,58
2025-08-07,SKU0148,97,16,6,58
2025-08-14,SKU0148,145,21,6,58
2025-08-21,SKU0148,136,22,6,58
2025-08-28,SKU0148,181,17,6,58
2025-07-31,SKU0149,575,65,14,252
2025-08-07,SKU0149,548,56,14,252
2025-08-14,SKU0149,558,67,14,252
2025-08-21,SKU0149,591,51,14,252
2025-08-28,SKU0149,607,55,14,252
2024-01-09,SKU0150,233,28,15,152
2024-01-16,SKU0150,187,44,15,152
2024-01-23,SKU0150,181,26,15,152
2024-01-30,SKU0150,170,37,15,152
2024-02-06,SKU0150,148,32,15,152
2024-02-13,SKU0150,135,41,15,152
2024-02-20,SKU0150,149,27,15,152
2024-02-27,SKU0150,128,32,15,152
2024-03-05,SKU0150,92,39,15,152
2024-03-12,SKU0150,105,31,15,152
2024-03-19,SKU0150,89,39,15,152
2024-03-26,SKU0150,71,34,15,152
2024-04-02,SKU0150,49,23,15,152
2024-04-09,SKU0150,42,37,15,152
2024-04-16,SKU0150,48,36,15,152
2024-04-23,SKU0150,42,30,15,152
2024-04-30,SKU0150,45,34,15,152
2024-05-07,SKU0150,88,36,15,152
2024-05-14,SKU0150,110,40,15,152
2024-05-21,SKU0150,113,33,15,152
2024-05-28,SKU0150,116,30,15,152
2024-06-04,SKU0150,101,34,15,152
2024-06-11,SKU0150,77,32,15,152
2024-06-18,SKU0150,87,30,15,152
2024-06-25,SKU0150,115,30,15,152
2024-07-02,SKU0150,124,28,15,152
2024-07-09,SKU0150,128,32,15,152
2024-07-16,SKU0150,99,30,15,152
2024-07-23,SKU0150,85,34,15,152
2024-07-30,SKU0150,77,38,15,152
2024-08-06,SKU0150,83,38,15,152
2024-08-13,SKU0150,75,31,15,152
2024-08-20,SKU0150,97,28,15,152
2024-08-27,SKU0150,118,26,15,152
2024-09-03,SKU0150,113,35,15,152
2024-09-10,SKU0150,100,33,15,152
2024-09-17,SKU0150,98,34,15,152
2024-09-24,SKU0150,98,24,15,152
2024-10-01,SKU0150,88,23,15,152
2024-10-08,SKU0150,99,30,15,152
2024-10-15,SKU0150,76,30,15,152
2024-10-22,SKU0150,57,33,15,152
2024-10-29,SKU0150,78,30,15,152
2024-11-05,SKU0150,70,32,15,152
2024-11-12,SKU0150,41,36,15,152
2024-11-19,SKU0150,0,38,15,152
2024-11-26,SKU0150,0,30,15,152
2024-12-03,SKU0150,0,35,15,152
2024-12-10,SKU0150,0,29,15,152
2024-12-17,SKU0150,7,34,15,152
2024-12-24,SKU0150,0,36,15,152
2024-12-31,SKU0150,0,39,15,152
2025-01-07,SKU0150,0,33,15,152
2025-01-14,SKU0150,0,16,15,152
2025-01-21,SKU0150,0,30,15,152
2025-01-28,SKU0150,0,34,15,152
2025-02-04,SKU0150,0,36,15,152
2025-02-11,SKU0150,0,21,15,152
2025-02-18,SKU0150,11,39,15,152
2025-02-25,SKU0150,3,29,15,152
2025-03-04,SKU0150,0,27,15,152
2025-03-11,SKU0150,0,32,15,152
2025-03-18,SKU0150,0,29,15,152
2025-03-25,SKU0150,0,50,15,152
2025-04-01,SKU0150,9,27,15,152
2025-04-08,SKU0150,19,25,15,152
2025-04-15,SKU0150,19,27,15,152
2025-04-22,SKU0150,3,33,15,152
2025-04-29,SKU0150,0,36,15,152
2025-05-06,SKU0150,33,30,15,152
2025-05-13,SKU0150,57,29,15,152
2025-05-20,SKU0150,54,27,15,152
2025-05-27,SKU0150,67,35,15,152
2025-06-03,SKU0150,78,33,15,152
2025-06-10,SKU0150,38,35,15,152
2025-06-17,SKU0150,74,31,15,152
2025-06-24,SKU0150,108,30,15,152
2025-07-01,SKU0150,118,31,15,152
2025-07-08,SKU0150,140,33,15,152
2025-07-15,SKU0150,147,31,15,152
2025-07-22,SKU0150,134,35,15,152
2025-07-29,SKU0150,162,31,15,152
2025-08-05,SKU0150,177,30,15,152
2025-08-12,SKU0150,193,34,15,152
2025-08-19,SKU0150,228,26,15,152
2025-08-26,SKU0150,262,31,15,152
2025-06-02,SKU0151,154,9,7,30
2025-06-09,SKU0151,135,8,7,30
2025-06-16,SKU0151,129,9,7,30
2025-06-23,SKU0151,130,9,7,30
2025-06-30,SKU0151,133,12,7,30
2025-07-07,SKU0151,126,8,7,30
2025-07-14,SKU0151,121,11,7,30
2025-07-21,SKU0151,123,8,7,30
2025-07-28,SKU0151,119,8,7,30
2025-08-04,SKU0151,120,8,7,30
2025-08-11,SKU0151,117,4,7,30
2025-08-18,SKU0151,129,6,7,30
2025-08-25,SKU0151,116,10,7,30
2024-05-03,SKU0152,445,32,11,138
2024-05-10,SKU0152,452,23,11,138
2024-05-17,SKU0152,456,31,11,138
2024-05-24,SKU0152,490,30,11,138
2024-05-31,SKU0152,467,50,11,138
2024-06-07,SKU0152,350,38,11,138
2024-06-14,SKU0152,328,37,11,138
2024-06-21,SKU0152,282,27,11,138
2024-06-28,SKU0152,262,45,11,138
2024-07-05,SKU0152,257,32,11,138
2024-07-12,SKU0152,233,36,11,138
2024-07-19,SKU0152,219,33,11,138
2024-07-26,SKU0152,234,33,11,138
2024-08-02,SKU0152,203,40,11,138
2024-08-09,SKU0152,186,42,11,138
2024-08-16,SKU0152,194,38,11,138
2024-08-23,SKU0152,196,41,11,138
2024-08-30,SKU0152,201,30,11,138
2024-09-06,SKU0152,215,38,11,138
2024-09-13,SKU0152,254,33,11,138
2024-09-20,SKU0152,264,29,11,138
2024-09-27,SKU0152,254,29,11,138
2024-10-04,SKU0152,277,34,11,138
2024-10-11,SKU0152,307,33,11,138
2024-10-18,SKU0152,320,25,11,138
2024-10-25,SKU0152,366,29,11,138
2024-11-01,SKU0152,362,28,11,138
2024-11-08,SKU0152,390,22,11,138
2024-11-15,SKU0152,388,39,11,138
2024-11-22,SKU0152,385,23,11,138
2024-11-29,SKU0152,414,34,11,138
2024-12-06,SKU0152,429,29,11,138
2024-12-13,SKU0152,453,39,11,138
2024-12-20,SKU0152,471,36,11,138
2024-12-27,SKU0152,424,29,11,138
2025-01-03,SKU0152,403,37,11,138
2025-01-10,SKU0152,441,32,11,138
2025-01-17,SKU0152,473,32,11,138
2025-01-24,SKU0152,508,30,11,138
2025-01-31,SKU0152,501,30,11,138
2025-02-07,SKU0152,502,33,11,138
2025-02-14,SKU0152,509,37,11,138
2025-02-21,SKU0152,489,35,11,138
2025-02-28,SKU0152,514,32,11,138
2025-03-07,SKU0152,512,36,11,138
2025-03-14,SKU0152,522,34,11,138
2025-03-21,SKU0152,492,25,11,138
2025-03-28,SKU0152,459,30,11,138
2025-04-04,SKU0152,465,32,11,138
2025-04-11,SKU0152,405,15,11,138
2025-04-18,SKU0152,380,28,11,138
2025-04-25,SKU0152,390,26,11,138
2025-05-02,SKU0152,376,42,11,138
2025-05-09,SKU0152,392,32,11,138
2025-05-16,SKU0152,375,36,11,138
2025-05-23,SKU0152,349,19,11,138
2025-05-30,SKU0152,347,24,11,138
2025-06-06,SKU0152,256,29,11,138
2025-06-13,SKU0152,223,32,11,138
2025-06-20,SKU0152,183,23,11,138
2025-06-27,SKU0152,187,31,11,138
2025-07-04,SKU0152,173,32,11,138
2025-07-11,SKU0152,171,30,11,138
2025-07-18,SKU0152,162,30,11,138
2025-07-25,SKU0152,171,38,11,138
2025-08-01,SKU0152,217,46,11,138
2025-08-08,SKU0152,170,26,11,138
2025-08-15,SKU0152,174,30,11,138
2025-08-22,SKU0152,185,28,11,138
2025-08-29,SKU0152,182,37,11,138
2024-04-28,SKU0153,1714,182,14,683
2024-05-05,SKU0153,1791,188,14,683
2024-05-12,SKU0153,1903,205,14,683
2024-05-19,SKU0153,1974,186,14,683
2024-05-26,SKU0153,1953,196,14,683
2024-06-02,SKU0153,1907,172,14,683
2024-06-09,SKU0153,1605,186,14,683
2024-06-16,SKU0153,1583,179,14,683
2024-06-23,SKU0153,1627,179,14,683
2024-06-30,SKU0153,1543,195,14,683
2024-07-07,SKU0153,1564,183,14,683
2024-07-14,SKU0153,1545,184,14,683
2024-07-21,SKU0153,1637,171,14,683
2024-07-28,SKU0153,1476,210,14,683
2024-08-04,SKU0153,1661,154,14,683
2024-08-11,SKU0153,1607,190,14,683
2024-08-18,SKU0153,1569,204,14,683
2024-08-25,SKU0153,1442,212,14,683
2024-09-01,SKU0153,1339,186,14,683
2024-09-08,SKU0153,1199,191,14,683
2024-09-15,SKU0153,1164,156,14,683
2024-09-22,SKU0153,1113,199,14,683
2024-09-29,SKU0153,1064,213,14,683
2024-10-06,SKU0153,1119,200,14,683
2024-10-13,SKU0153,1107,213,14,683
2024-10-20,SKU0153,1139,183,14,683
2024-10-27,SKU0153,1174,201,14,683
2024-11-03,SKU0153,1256,197,14,683
2024-11-10,SKU0153,1213,204,14,683
2024-11-17,SKU0153,1062,171,14,683
2024-11-24,SKU0153,1196,174,14,683
2024-12-01,SKU0153,1271,181,14,683
2024-12-08,SKU0153,1129,202,14,683
2024-12-15,SKU0153,1091,171,14,683
2024-12-22,SKU0153,902,170,14,683
2024-12-29,SKU0153,657,183,14,683
2025-01-05,SKU0153,475,186,14,683
2025-01-12,SKU0153,469,190,14,683
2025-01-19,SKU0153,611,177,14,683
2025-01-26,SKU0153,667,180,14,683
2025-02-02,SKU0153,674,199,14,683
2025-02-09,SKU0153,804,176,14,683
2025-02-16,SKU0153,835,183,14,683
2025-02-23,SKU0153,749,214,14,683
2025-03-02,SKU0153,839,168,14,683
2025-03-09,SKU0153,849,195,14,683
2025-03-16,SKU0153,772,213,14,683
2025-03-23,SKU0153,861,194,14,683
2025-03-30,SKU0153,909,158,14,683
2025-04-06,SKU0153,908,191,14,683
2025-04-13,SKU0153,857,193,14,683
2025-04-20,SKU0153,892,212,14,683
2025-04-27,SKU0153,897,206,14,683
2025-05-04,SKU0153,853,206,14,683
2025-05-11,SKU0153,947,191,14,683
2025-05-18,SKU0153,876,190,14,683
2025-05-25,SKU0153,939,184,14,683
2025-06-01,SKU0153,793,153,14,683
2025-06-08,SKU0153,453,175,14,683
2025-06-15,SKU0153,314,195,14,683
2025-06-22,SKU0153,290,192,14,683
2025-06-29,SKU0153,394,202,14,683
2025-07-06,SKU0153,321,194,14,683
2025-07-13,SKU0153,207,209,14,683
2025-07-20,SKU0153,95,223,14,683
2025-07-27,SKU0153,99,195,14,683
2025-08-03,SKU0153,0,185,14,683
2025-08-10,SKU0153,0,185,14,683
2025-08-17,SKU0153,0,224,14,683
2025-08-24,SKU0153,0,193,14,683
2025-08-31,SKU0153,34,164,14,683
2025-07-18,SKU0154,854,66,9,252
2025-07-25,SKU0154,838,45,9,252
2025-08-01,SKU0154,823,45,9,252
2025-08-08,SKU0154,792,58,9,252
2025-08-15,SKU0154,829,54,9,252
2025-08-22,SKU0154,868,62,9,252
2025-08-29,SKU0154,858,59,9,252
2025-05-29,SKU0155,677,91,13,439
2025-06-05,SKU0155,598,99,13,439
2025-06-12,SKU0155,375,103,13,439
2025-06-19,SKU0155,353,80,13,439
2025-06-26,SKU0155,314,91,13,439
2025-07-03,SKU0155,288,86,13,439
2025-07-10,SKU0155,318,84,13,439
2025-07-17,SKU0155,302,88,13,439
2025-07-24,SKU0155,277,83,13,439
2025-07-31,SKU0155,241,81,13,439
2025-08-07,SKU0155,332,105,13,439
2025-08-14,SKU0155,343,89,13,439
2025-08-21,SKU0155,363,87,13,439
2025-08-28,SKU0155,359,96,13,439
2023-09-18,SKU0156,1504,189,20,775
2023-09-25,SKU0156,1554,184,20,775
2023-10-02,SKU0156,1477,210,20,775
2023-10-09,SKU0156,1411,176,20,775
2023-10-16,SKU0156,1363,195,20,775
2023-10-23,SKU0156,1438,185,20,775
2023-10-30,SKU0156,1514,191,20,775
2023-11-06,SKU0156,1458,171,20,775
2023-11-13,SKU0156,1314,174,20,775
2023-11-20,SKU0156,1352,189,20,775
2023-11-27,SKU0156,1178,178,20,775
2023-12-04,SKU0156,1117,211,20,775
2023-12-11,SKU0156,974,185,20,775
2023-12-18,SKU0156,930,186,20,775
2023-12-25,SKU0156,788,191,20,775
2024-01-01,SKU0156,431,186,20,775
2024-01-08,SKU0156,429,164,20,775
2024-01-15,SKU0156,451,194,20,775
2024-01-22,SKU0156,430,196,20,775
2024-01-29,SKU0156,431,191,20,775
2024-02-05,SKU0156,435,198,20,775
2024-02-12,SKU0156,317,204,20,775
2024-02-19,SKU0156,337,192,20,775
2024-02-26,SKU0156,320,210,20,775
2024-03-04,SKU0156,352,185,20,775
2024-03-11,SKU0156,314,202,20,775
2024-03-18,SKU0156,257,201,20,775
2024-03-25,SKU0156,297,197,20,775
2024-04-01,SKU0156,378,177,20,775
2024-04-08,SKU0156,288,175,20,775
2024-04-15,SKU0156,350,197,20,775
2024-04-22,SKU0156,294,220,20,775
2024-04-29,SKU0156,262,219,20,775
2024-05-06,SKU0156,203,194,20,775
2024-05-13,SKU0156,268,192,20,775
2024-05-20,SKU0156,273,179,20,775
2024-05-27,SKU0156,194,191,20,775
2024-06-03,SKU0156,48,205,20,775
2024-06-10,SKU0156,0,190,20,775
2024-06-17,SKU0156,0,176,20,775
2024-06-24,SKU0156,94,193,20,775
2024-07-01,SKU0156,37,181,20,775
2024-07-08,SKU0156,55,187,20,775
2024-07-15,SKU0156,115,205,20,775
2024-07-22,SKU0156,155,188,20,775
2024-07-29,SKU0156,110,220,20,775
2024-08-05,SKU0156,92,202,20,775
2024-08-12,SKU0156,208,177,20,775
2024-08-19,SKU0156,286,179,20,775
2024-08-26,SKU0156,250,192,20,775
2024-09-02,SKU0156,301,185,20,775
2024-09-09,SKU0156,312,208,20,775
2024-09-16,SKU0156,330,186,20,775
2024-09-23,SKU0156,310,194,20,775
2024-09-30,SKU0156,243,187,20,775
2024-10-07,SKU0156,319,182,20,775
2024-10-14,SKU0156,336,176,20,775
2024-10-21,SKU0156,288,182,20,775
2024-10-28,SKU0156,246,220,20,775
2024-11-04,SKU0156,262,184,20,775
2024-11-11,SKU0156,171,190,20,775
2024-11-18,SKU0156,61,169,20,775
2024-11-25,SKU0156,84,196,20,775
2024-12-02,SKU0156,128,197,20,775
2024-12-09,SKU0156,68,176,20,775
2024-12-16,SKU0156,68,215,20,775
2024-12-23,SKU0156,16,184,20,775
2024-12-30,SKU0156,0,196,20,775
2025-01-06,SKU0156,0,196,20,775
2025-01-13,SKU0156,23,193,20,775
2025-01-20,SKU0156,142,191,20,775
2025-01-27,SKU0156,61,175,20,775
2025-02-03,SKU0156,48,198,20,775
2025-02-10,SKU0156,16,197,20,775
2025-02-17,SKU0156,0,182,20,775
2025-02-24,SKU0156,43,217,20,775
2025-03-03,SKU0156,0,200,20,775
2025-03-10,SKU0156,0,181,20,775
2025-03-17,SKU0156,119,186,20,775
2025-03-24,SKU0156,184,217,20,775
2025-03-31,SKU0156,225,179,20,775
2025-04-07,SKU0156,321,183,20,775
2025-04-14,SKU0156,457,187,20,775
2025-04-21,SKU0156,480,193,20,775
2025-04-28,SKU0156,543,187,20,775
2025-05-05,SKU0156,560,187,20,775
2025-05-12,SKU0156,631,183,20,775
2025-05-19,SKU0156,650,193,20,775
2025-05-26,SKU0156,630,176,20,775
2025-06-02,SKU0156,689,228,20,775
2025-06-09,SKU0156,532,181,20,775
2025-06-16,SKU0156,547,197,20,775
2025-06-23,SKU0156,475,196,20,775
2025-06-30,SKU0156,498,203,20,775
2025-07-07,SKU0156,479,188,20,775
2025-07-14,SKU0156,534,189,20,775
2025-07-21,SKU0156,565,195,20,775
2025-07-28,SKU0156,670,200,20,775
2025-08-04,SKU0156,680,179,20,775
2025-08-11,SKU0156,673,208,20,775
2025-08-18,SKU0156,754,193,20,775
2025-08-25,SKU0156,795,204,20,775
2025-05-05,SKU0157,1004,119,16,548
2025-05-12,SKU0157,1065,117,16,548
2025-05-19,SKU0157,1100,120,16,548
2025-05-26,SKU0157,1145,125,16,548
2025-06-02,SKU0157,1067,126,16,548
2025-06-09,SKU0157,988,112,16,548
2025-06-16,SKU0157,920,119,16,548
2025-06-23,SKU0157,847,127,16,548
2025-06-30,SKU0157,820,124,16,548
2025-07-07,SKU0157,746,118,16,548
2025-07-14,SKU0157,750,118,16,548
2025-07-21,SKU0157,775,103,16,548
2025-07-28,SKU0157,740,119,16,548
2025-08-04,SKU0157,708,132,16,548
2025-08-11,SKU0157,667,94,16,548
2025-08-18,SKU0157,598,113,16,548
2025-08-25,SKU0157,612,106,16,548
2024-11-18,SKU0158,1463,149,16,519
2024-11-25,SKU0158,1503,121,16,519
2024-12-02,SKU0158,1512,164,16,519
2024-12-09,SKU0158,1442,122,16,519
2024-12-16,SKU0158,1445,154,16,519
2024-12-23,SKU0158,1513,133,16,519
2024-12-30,SKU0158,1335,118,16,519
2025-01-06,SKU0158,1323,127,16,519
2025-01-13,SKU0158,1268,152,16,519
2025-01-20,SKU0158,1290,132,16,519
2025-01-27,SKU0158,1309,146,16,519
2025-02-03,SKU0158,1414,157,16,519
2025-02-10,SKU0158,1538,133,16,519
2025-02-17,SKU0158,1579,165,16,519
2025-02-24,SKU0158,1592,137,16,519
2025-03-03,SKU0158,1613,155,16,519
2025-03-10,SKU0158,1639,141,16,519
2025-03-17,SKU0158,1690,136,16,519
2025-03-24,SKU0158,1735,134,16,519
2025-03-31,SKU0158,1819,131,16,519
2025-04-07,SKU0158,1773,166,16,519
2025-04-14,SKU0158,1742,137,16,519
2025-04-21,SKU0158,1829,159,16,519
2025-04-28,SKU0158,1815,136,16,519
2025-05-05,SKU0158,1870,154,16,519
2025-05-12,SKU0158,1934,131,16,519
2025-05-19,SKU0158,1940,133,16,519
2025-05-26,SKU0158,1935,132,16,519
2025-06-02,SKU0158,1896,156,16,519
2025-06-09,SKU0158,1684,160,16,519
2025-06-16,SKU0158,1456,133,16,519
2025-06-23,SKU0158,1385,140,16,519
2025-06-30,SKU0158,1355,156,16,519
2025-07-07,SKU0158,1378,163,16,519
2025-07-14,SKU0158,1370,139,16,519
2025-07-21,SKU0158,1262,169,16,519
2025-07-28,SKU0158,1160,143,16,519
2025-08-04,SKU0158,1016,127,16,519
2025-08-11,SKU0158,902,139,16,519
2025-08-18,SKU0158,850,152,16,519
2025-08-25,SKU0158,808,133,16,519
2025-03-24,SKU0159,265,12,8,73
2025-03-31,SKU0159,255,22,8,73
2025-04-07,SKU0159,229,23,8,73
2025-04-14,SKU0159,241,14,8,73
2025-04-21,SKU0159,248,14,8,73
2025-04-28,SKU0159,233,11,8,73
2025-05-05,SKU0159,250,19,8,73
2025-05-12,SKU0159,261,24,8,73
2025-05-19,SKU0159,235,19,8,73
2025-05-26,SKU0159,244,13,8,73
2025-06-02,SKU0159,239,19,8,73
2025-06-09,SKU0159,169,19,8,73
2025-06-16,SKU0159,149,18,8,73
2025-06-23,SKU0159,187,27,8,73
2025-06-30,SKU0159,182,18,8,73
2025-07-07,SKU0159,203,16,8,73
2025-07-14,SKU0159,218,16,8,73
2025-07-21,SKU0159,228,20,8,73
2025-07-28,SKU0159,232,13,8,73
2025-08-04,SKU0159,225,22,8,73
2025-08-11,SKU0159,218,18,8,73
2025-08-18,SKU0159,224,11,8,73
2025-08-25,SKU0159,237,16,8,73
2024-04-11,SKU0160,284,37,13,118
2024-04-18,SKU0160,290,36,13,118
2024-04-25,SKU0160,304,28,13,118
2024-05-02,SKU0160,298,23,13,118
2024-05-09,SKU0160,320,28,13,118
2024-05-16,SKU0160,319,45,13,118
2024-05-23,SKU0160,331,24,13,118
2024-05-30,SKU0160,332,28,13,118
2024-06-06,SKU0160,289,26,13,118
2024-06-13,SKU0160,261,31,13,118
2024-06-20,SKU0160,271,33,13,118
2024-06-27,SKU0160,280,31,13,118
2024-07-04,SKU0160,284,34,13,118
2024-07-11,SKU0160,295,35,13,118
2024-07-18,SKU0160,270,35,13,118
2024-07-25,SKU0160,252,34,13,118
2024-08-01,SKU0160,261,33,13,118
2024-08-08,SKU0160,250,41,13,118
2024-08-15,SKU0160,251,37,13,118
2024-08-22,SKU0160,228,28,13,118
2024-08-29,SKU0160,192,35,13,118
2024-09-05,SKU0160,182,33,13,118
2024-09-12,SKU0160,164,35,13,118
2024-09-19,SKU0160,138,30,13,118
2024-09-26,SKU0160,112,37,13,118
2024-10-03,SKU0160,80,31,13,118
2024-10-10,SKU0160,70,34,13,118
2024-10-17,SKU0160,35,30,13,118
2024-10-24,SKU0160,8,45,13,118
2024-10-31,SKU0160,7,34,13,118
2024-11-07,SKU0160,3,30,13,118
2024-11-14,SKU0160,0,39,13,118
2024-11-21,SKU0160,0,27,13,118
2024-11-28,SKU0160,0,32,13,118
2024-12-05,SKU0160,12,36,13,118
2024-12-12,SKU0160,0,37,13,118
2024-12-19,SKU0160,0,34,13,118
2024-12-26,SKU0160,0,32,13,118
2025-01-02,SKU0160,0,36,13,118
2025-01-09,SKU0160,5,35,13,118
2025-01-16,SKU0160,0,25,13,118
2025-01-23,SKU0160,0,35,13,118
2025-01-30,SKU0160,0,28,13,118
2025-02-06,SKU0160,20,26,13,118
2025-02-13,SKU0160,8,40,13,118
2025-02-20,SKU0160,33,27,13,118
2025-02-27,SKU0160,47,33,13,118
2025-03-06,SKU0160,33,31,13,118
2025-03-13,SKU0160,38,26,13,118
2025-03-20,SKU0160,57,45,13,118
2025-03-27,SKU0160,75,23,13,118
2025-04-03,SKU0160,113,26,13,118
2025-04-10,SKU0160,131,44,13,118
2025-04-17,SKU0160,137,26,13,118
2025-04-24,SKU0160,167,23,13,118
2025-05-01,SKU0160,182,31,13,118
2025-05-08,SKU0160,195,36,13,118
2025-05-15,SKU0160,195,31,13,118
2025-05-22,SKU0160,231,29,13,118
2025-05-29,SKU0160,249,29,13,118
2025-06-05,SKU0160,215,31,13,118
2025-06-12,SKU0160,184,23,13,118
2025-06-19,SKU0160,167,40,13,118
2025-06-26,SKU0160,198,35,13,118
2025-07-03,SKU0160,173,24,13,118
2025-07-10,SKU0160,183,35,13,118
2025-07-17,SKU0160,157,32,13,118
2025-07-24,SKU0160,134,36,13,118
2025-07-31,SKU0160,125,37,13,118
2025-08-07,SKU0160,122,37,13,118
2025-08-14,SKU0160,82,28,13,118
2025-08-21,SKU0160,103,33,13,118
2025-08-28,SKU0160,134,28,13,118
2024-06-30,SKU0161,1052,146,18,584
2024-07-07,SKU0161,1110,135,18,584
2024-07-14,SKU0161,1150,153,18,584
2024-07-21,SKU0161,1147,124,18,584
2024-07-28,SKU0161,1139,153,18,584
2024-08-04,SKU0161,1122,152,18,584
2024-08-11,SKU0161,1216,136,18,584
2024-08-18,SKU0161,1225,148,18,584
2024-08-25,SKU0161,1138,135,18,584
2024-09-01,SKU0161,1140,130,18,584
2024-09-08,SKU0161,1183,147,18,584
2024-09-15,SKU0161,1209,138,18,584
2024-09-22,SKU0161,1196,163,18,584
2024-09-29,SKU0161,1197,125,18,584
2024-10-06,SKU0161,1152,126,18,584
2024-10-13,SKU0161,1100,139,18,584
2024-10-20,SKU0161,1082,150,18,584
2024-10-27,SKU0161,1038,138,18,584
2024-11-03,SKU0161,1086,159,18,584
2024-11-10,SKU0161,1061,143,18,584
2024-11-17,SKU0161,883,147,18,584
2024-11-24,SKU0161,884,143,18,584
2024-12-01,SKU0161,857,159,18,584
2024-12-08,SKU0161,923,146,18,584
2024-12-15,SKU0161,894,141,18,584
2024-12-22,SKU0161,877,137,18,584
2024-12-29,SKU0161,675,137,18,584
2025-01-05,SKU0161,549,137,18,584
2025-01-12,SKU0161,531,129,18,584
2025-01-19,SKU0161,500,136,18,584
2025-01-26,SKU0161,486,157,18,584
2025-02-02,SKU0161,583,146,18,584
2025-02-09,SKU0161,554,143,18,584
2025-02-16,SKU0161,503,138,18,584
2025-02-23,SKU0161,450,137,18,584
2025-03-02,SKU0161,520,157,18,584
2025-03-09,SKU0161,515,137,18,584
2025-03-16,SKU0161,502,145,18,584
2025-03-23,SKU0161,547,124,18,584
2025-03-30,SKU0161,528,142,18,584
2025-04-06,SKU0161,519,134,18,584
2025-04-13,SKU0161,474,128,18,584
2025-04-20,SKU0161,552,132,18,584
2025-04-27,SKU0161,601,140,18,584
2025-05-04,SKU0161,546,142,18,584
2025-05-11,SKU0161,604,137,18,584
2025-05-18,SKU0161,675,125,18,584
2025-05-25,SKU0161,647,163,18,584
2025-06-01,SKU0161,594,141,18,584
2025-06-08,SKU0161,420,140,18,584
2025-06-15,SKU0161,305,150,18,584
2025-06-22,SKU0161,399,138,18,584
2025-06-29,SKU0161,457,147,18,584
2025-07-06,SKU0161,480,148,18,584
2025-07-13,SKU0161,432,152,18,584
2025-07-20,SKU0161,367,161,18,584
2025-07-27,SKU0161,296,144,18,584
2025-08-03,SKU0161,227,126,18,584
2025-08-10,SKU0161,265,155,18,584
2025-08-17,SKU0161,259,133,18,584
2025-08-24,SKU0161,212,151,18,584
2025-08-31,SKU0161,159,125,18,584
2023-10-06,SKU0162,752,117,14,497
2023-10-13,SKU0162,816,113,14,497
2023-10-20,SKU0162,814,102,14,497
2023-10-27,SKU0162,836,97,14,497
2023-11-03,SKU0162,858,95,14,497
2023-11-10,SKU0162,873,105,14,497
2023-11-17,SKU0162,895,105,14,497
2023-11-24,SKU0162,860,107,14,497
2023-12-01,SKU0162,809,106,14,497
2023-12-08,SKU0162,827,98,14,497
2023-12-15,SKU0162,902,97,14,497
2023-12-22,SKU0162,880,110,14,497
2023-12-29,SKU0162,657,100,14,497
2024-01-05,SKU0162,587,101,14,497
2024-01-12,SKU0162,480,101,14,497
2024-01-19,SKU0162,462,109,14,497
2024-01-26,SKU0162,460,94,14,497
2024-02-02,SKU0162,395,94,14,497
2024-02-09,SKU0162,420,111,14,497
2024-02-16,SKU0162,484,93,14,497
2024-02-23,SKU0162,479,110,14,497
2024-03-01,SKU0162,518,111,14,497
2024-03-08,SKU0162,468,116,14,497
2024-03-15,SKU0162,412,101,14,497
2024-03-22,SKU0162,401,117,14,497
2024-03-29,SKU0162,359,96,14,497
2024-04-05,SKU0162,419,120,14,497
2024-04-12,SKU0162,440,115,14,497
2024-04-19,SKU0162,387,95,14,497
2024-04-26,SKU0162,380,111,14,497
2024-05-03,SKU0162,349,106,14,497
2024-05-10,SKU0162,334,102,14,497
2024-05-17,SKU0162,234,113,14,497
2024-05-24,SKU0162,125,111,14,497
2024-05-31,SKU0162,99,119,14,497
2024-06-07,SKU0162,0,105,14,497
2024-06-14,SKU0162,0,92,14,497
2024-06-21,SKU0162,3,115,14,497
2024-06-28,SKU0162,10,111,14,497
2024-07-05,SKU0162,0,101,14,497
2024-07-12,SKU0162,70,108,14,497
2024-07-19,SKU0162,55,96,14,497
2024-07-26,SKU0162,121,93,14,497
2024-08-02,SKU0162,142,99,14,497
2024-08-09,SKU0162,163,95,14,497
2024-08-16,SKU0162,171,107,14,497
2024-08-23,SKU0162,100,124,14,497
2024-08-30,SKU0162,83,100,14,497
2024-09-06,SKU0162,104,101,14,497
2024-09-13,SKU0162,74,89,14,497
2024-09-20,SKU0162,73,115,14,497
2024-09-27,SKU0162,125,119,14,497
2024-10-04,SKU0162,143,95,14,497
2024-10-11,SKU0162,89,105,14,497
2024-10-18,SKU0162,183,120,14,497
2024-10-25,SKU0162,267,108,14,497
2024-11-01,SKU0162,279,107,14,497
2024-11-08,SKU0162,280,90,14,497
2024-11-15,SKU0162,132,104,14,497
2024-11-22,SKU0162,165,109,14,497
2024-11-29,SKU0162,225,119,14,497
2024-12-06,SKU0162,223,118,14,497
2024-12-13,SKU0162,160,105,14,497
2024-12-20,SKU0162,289,107,14,497
2024-12-27,SKU0162,286,98,14,497
2025-01-03,SKU0162,244,100,14,497
2025-01-10,SKU0162,275,100,14,497
2025-01-17,SKU0162,257,120,14,497
2025-01-24,SKU0162,328,120,14,497
2025-01-31,SKU0162,315,99,14,497
2025-02-07,SKU0162,312,103,14,497
2025-02-14,SKU0162,374,116,14,497
2025-02-21,SKU0162,329,100,14,497
2025-02-28,SKU0162,371,116,14,497
2025-03-07,SKU0162,345,104,14,497
2025-03-14,SKU0162,258,112,14,497
2025-03-21,SKU0162,224,100,14,497
2025-03-28,SKU0162,221,115,14,497
2025-04-04,SKU0162,241,108,14,497
2025-04-11,SKU0162,313,99,14,497
2025-04-18,SKU0162,372,94,14,497
2025-04-25,SKU0162,397,101,14,497
2025-05-02,SKU0162,377,103,14,497
2025-05-09,SKU0162,366,112,14,497
2025-05-16,SKU0162,278,107,14,497
2025-05-23,SKU0162,271,104,14,497
2025-05-30,SKU0162,207,116,14,497
2025-06-06,SKU0162,38,115,14,497
2025-06-13,SKU0162,0,99,14,497
2025-06-20,SKU0162,18,118,14,497
2025-06-27,SKU0162,38,110,14,497
2025-07-04,SKU0162,78,104,14,497
2025-07-11,SKU0162,79,83,14,497
2025-07-18,SKU0162,99,107,14,497
2025-07-25,SKU0162,92,99,14,497
2025-08-01,SKU0162,60,110,14,497
2025-08-08,SKU0162,134,107,14,497
2025-08-15,SKU0162,129,84,14,497
2025-08-22,SKU0162,192,109,14,497
2025-08-29,SKU0162,181,95,14,497
2024-04-06,SKU0163,1411,101,10,356
2024-04-13,SKU0163,1420,101,10,356
2024-04-20,SKU0163,1502,92,10,356
2024-04-27,SKU0163,1460,100,10,356
2024-05-04,SKU0163,1538,85,10,356
2024-05-11,SKU0163,1709,107,10,356
2024-05-18,SKU0163,1806,101,10,356
2024-05-25,SKU0163,1840,105,10,356
2024-06-01,SKU0163,1877,99,10,356
2024-06-08,SKU0163,1765,86,10,356
2024-06-15,SKU0163,1728,112,10,356
2024-06-22,SKU0163,1691,118,10,356
2024-06-29,SKU0163,1729,106,10,356
2024-07-06,SKU0163,1811,108,10,356
2024-07-13,SKU0163,1768,103,10,356
2024-07-20,SKU0163,1837,86,10,356
2024-07-27,SKU0163,1687,115,10,356
2024-08-03,SKU0163,1733,96,10,356
2024-08-10,SKU0163,1640,98,10,356
2024-08-17,SKU0163,1596,113,10,356
2024-08-24,SKU0163,1662,107,10,356
2024-08-31,SKU0163,1706,91,10,356
2024-09-07,SKU0163,1718,93,10,356
2024-09-14,SKU0163,1566,112,10,356
2024-09-21,SKU0163,1463,111,10,356
2024-09-28,SKU0163,1388,99,10,356
2024-10-05,SKU0163,1364,98,10,356
2024-10-12,SKU0163,1268,104,10,356
2024-10-19,SKU0163,1245,99,10,356
2024-10-26,SKU0163,1265,99,10,356
2024-11-02,SKU0163,1217,78,10,356
2024-11-09,SKU0163,1189,91,10,356
2024-11-16,SKU0163,1013,112,10,356
2024-11-23,SKU0163,988,107,10,356
2024-11-30,SKU0163,930,110,10,356
2024-12-07,SKU0163,927,110,10,356
2024-12-14,SKU0163,844,93,10,356
2024-12-21,SKU0163,753,109,10,356
2024-12-28,SKU0163,645,109,10,356
2025-01-04,SKU0163,516,87,10,356
2025-01-11,SKU0163,526,108,10,356
2025-01-18,SKU0163,519,95,10,356
2025-01-25,SKU0163,509,96,10,356
2025-02-01,SKU0163,553,111,10,356
2025-02-08,SKU0163,449,110,10,356
2025-02-15,SKU0163,530,97,10,356
2025-02-22,SKU0163,577,122,10,356
2025-03-01,SKU0163,605,82,10,356
2025-03-08,SKU0163,650,105,10,356
2025-03-15,SKU0163,676,90,10,356
2025-03-22,SKU0163,720,102,10,356
2025-03-29,SKU0163,695,106,10,356
2025-04-05,SKU0163,678,94,10,356
2025-04-12,SKU0163,822,96,10,356
2025-04-19,SKU0163,902,101,10,356
2025-04-26,SKU0163,922,83,10,356
2025-05-03,SKU0163,955,99,10,356
2025-05-10,SKU0163,925,100,10,356
2025-05-17,SKU0163,986,95,10,356
2025-05-24,SKU0163,1159,105,10,356
2025-05-31,SKU0163,1353,76,10,356
2025-06-07,SKU0163,1323,109,10,356
2025-06-14,SKU0163,1246,94,10,356
2025-06-21,SKU0163,1242,108,10,356
2025-06-28,SKU0163,1232,115,10,356
2025-07-05,SKU0163,1184,94,10,356
2025-07-12,SKU0163,1240,98,10,356
2025-07-19,SKU0163,1289,115,10,356
2025-07-26,SKU0163,1203,105,10,356
2025-08-02,SKU0163,1283,101,10,356
2025-08-09,SKU0163,1198,80,10,356
2025-08-16,SKU0163,1207,88,10,356
2025-08-23,SKU0163,1241,123,10,356
2025-08-30,SKU0163,1175,93,10,356
2025-05-21,SKU0164,370,72,11,277
2025-05-28,SKU0164,377,82,11,277
2025-06-04,SKU0164,365,87,11,277
2025-06-11,SKU0164,237,55,11,277
2025-06-18,SKU0164,251,64,11,277
2025-06-25,SKU0164,268,76,11,277
2025-07-02,SKU0164,377,71,11,277
2025-07-09,SKU0164,341,67,11,277
2025-07-16,SKU0164,292,78,11,277
2025-07-23,SKU0164,347,77,11,277
2025-07-30,SKU0164,327,74,11,277
2025-08-06,SKU0164,302,64,11,277
2025-08-13,SKU0164,274,97,11,277
2025-08-20,SKU0164,299,78,11,277
2025-08-27,SKU0164,262,65,11,277
2024-06-18,SKU0165,103,17,18,79
2024-06-25,SKU0165,93,13,18,79
2024-07-02,SKU0165,108,21,18,79
2024-07-09,SKU0165,116,19,18,79
2024-07-16,SKU0165,126,18,18,79
2024-07-23,SKU0165,137,20,18,79
2024-07-30,SKU0165,150,17,18,79
2024-08-06,SKU0165,160,23,18,79
2024-08-13,SKU0165,174,22,18,79
2024-08-20,SKU0165,175,15,18,79
2024-08-27,SKU0165,174,16,18,79
2024-09-03,SKU0165,190,20,18,79
2024-09-10,SKU0165,175,27,18,79
2024-09-17,SKU0165,197,16,18,79
2024-09-24,SKU0165,207,16,18,79
2024-10-01,SKU0165,217,25,18,79
2024-10-08,SKU0165,224,20,18,79
2024-10-15,SKU0165,225,19,18,79
2024-10-22,SKU0165,233,20,18,79
2024-10-29,SKU0165,241,21,18,79
2024-11-05,SKU0165,232,16,18,79
2024-11-12,SKU0165,235,17,18,79
2024-11-19,SKU0165,225,12,18,79
2024-11-26,SKU0165,236,14,18,79
2024-12-03,SKU0165,222,15,18,79
2024-12-10,SKU0165,227,20,18,79
2024-12-17,SKU0165,216,17,18,79
2024-12-24,SKU0165,215,20,18,79
2024-12-31,SKU0165,163,11,18,79
2025-01-07,SKU0165,138,25,18,79
2025-01-14,SKU0165,161,21,18,79
2025-01-21,SKU0165,165,21,18,79
2025-01-28,SKU0165,162,19,18,79
2025-02-04,SKU0165,148,18,18,79
2025-02-11,SKU0165,134,30,18,79
2025-02-18,SKU0165,102,14,18,79
2025-02-25,SKU0165,96,17,18,79
2025-03-04,SKU0165,72,18,18,79
2025-03-11,SKU0165,44,21,18,79
2025-03-18,SKU0165,41,29,18,79
2025-03-25,SKU0165,46,21,18,79
2025-04-01,SKU0165,34,25,18,79
2025-04-08,SKU0165,44,22,18,79
2025-04-15,SKU0165,19,16,18,79
2025-04-22,SKU0165,6,27,18,79
2025-04-29,SKU0165,5,21,18,79
2025-05-06,SKU0165,0,20,18,79
2025-05-13,SKU0165,0,16,18,79
2025-05-20,SKU0165,0,26,18,79
2025-05-27,SKU0165,6,19,18,79
2025-06-03,SKU0165,12,20,18,79
2025-06-10,SKU0165,0,21,18,79
2025-06-17,SKU0165,0,20,18,79
2025-06-24,SKU0165,19,19,18,79
2025-07-01,SKU0165,27,22,18,79
2025-07-08,SKU0165,30,22,18,79
2025-07-15,SKU0165,21,18,18,79
2025-07-22,SKU0165,39,18,18,79
2025-07-29,SKU0165,51,10,18,79
2025-08-05,SKU0165,69,24,18,79
2025-08-12,SKU0165,76,20,18,79
2025-08-19,SKU0165,69,21,18,79
2025-08-26,SKU0165,83,23,18,79
2023-11-17,SKU0166,848,76,11,340
2023-11-24,SKU0166,813,75,11,340
2023-12-01,SKU0166,819,76,11,340
2023-12-08,SKU0166,841,72,11,340
2023-12-15,SKU0166,882,70,11,340
2023-12-22,SKU0166,891,75,11,340
2023-12-29,SKU0166,817,73,11,340
2024-01-05,SKU0166,786,72,11,340
2024-01-12,SKU0166,763,54,11,340
2024-01-19,SKU0166,762,55,11,340
2024-01-26,SKU0166,743,69,11,340
2024-02-02,SKU0166,832,57,11,340
2024-02-09,SKU0166,822,83,11,340
2024-02-16,SKU0166,822,73,11,340
2024-02-23,SKU0166,838,75,11,340
2024-03-01,SKU0166,781,86,11,340
2024-03-08,SKU0166,801,72,11,340
2024-03-15,SKU0166,856,60,11,340
2024-03-22,SKU0166,837,57,11,340
2024-03-29,SKU0166,874,66,11,340
2024-04-05,SKU0166,840,71,11,340
2024-04-12,SKU0166,805,68,11,340
2024-04-19,SKU0166,863,81,11,340
2024-04-26,SKU0166,932,70,11,340
2024-05-03,SKU0166,996,74,11,340
2024-05-10,SKU0166,1045,84,11,340
2024-05-17,SKU0166,984,61,11,340
2024-05-24,SKU0166,987,67,11,340
2024-05-31,SKU0166,984,67,11,340
2024-06-07,SKU0166,832,60,11,340
2024-06-14,SKU0166,716,74,11,340
2024-06-21,SKU0166,751,84,11,340
2024-06-28,SKU0166,773,71,11,340
2024-07-05,SKU0166,866,78,11,340
2024-07-12,SKU0166,896,68,11,340
2024-07-19,SKU0166,890,88,11,340
2024-07-26,SKU0166,900,80,11,340
2024-08-02,SKU0166,931,61,11,340
2024-08-09,SKU0166,873,67,11,340
2024-08-16,SKU0166,882,71,11,340
2024-08-23,SKU0166,869,67,11,340
2024-08-30,SKU0166,905,72,11,340
2024-09-06,SKU0166,967,72,11,340
2024-09-13,SKU0166,983,80,11,340
2024-09-20,SKU0166,1065,71,11,340
2024-09-27,SKU0166,1079,68,11,340
2024-10-04,SKU0166,1043,62,11,340
2024-10-11,SKU0166,1003,83,11,340
2024-10-18,SKU0166,1018,69,11,340
2024-10-25,SKU0166,1029,68,11,340
2024-11-01,SKU0166,977,73,11,340
2024-11-08,SKU0166,1019,68,11,340
2024-11-15,SKU0166,868,78,11,340
2024-11-22,SKU0166,874,75,11,340
2024-11-29,SKU0166,889,76,11,340
2024-12-06,SKU0166,872,66,11,340
2024-12-13,SKU0166,867,66,11,340
2024-12-20,SKU0166,900,69,11,340
2024-12-27,SKU0166,782,80,11,340
2025-01-03,SKU0166,636,84,11,340
2025-01-10,SKU0166,594,79,11,340
2025-01-17,SKU0166,599,76,11,340
2025-01-24,SKU0166,517,78,11,340
2025-01-31,SKU0166,509,80,11,340
2025-02-07,SKU0166,520,88,11,340
2025-02-14,SKU0166,464,72,11,340
2025-02-21,SKU0166,441,74,11,340
2025-02-28,SKU0166,454,62,11,340
2025-03-07,SKU0166,481,80,11,340
2025-03-14,SKU0166,525,70,11,340
2025-03-21,SKU0166,483,85,11,340
2025-03-28,SKU0166,504,80,11,340
2025-04-04,SKU0166,467,64,11,340
2025-04-11,SKU0166,418,71,11,340
2025-04-18,SKU0166,451,70,11,340
2025-04-25,SKU0166,424,81,11,340
2025-05-02,SKU0166,443,85,11,340
2025-05-09,SKU0166,437,75,11,340
2025-05-16,SKU0166,423,75,11,340
2025-05-23,SKU0166,369,71,11,340
2025-05-30,SKU0166,408,91,11,340
2025-06-06,SKU0166,256,71,11,340
2025-06-13,SKU0166,136,69,11,340
2025-06-20,SKU0166,52,65,11,340
2025-06-27,SKU0166,0,68,11,340
2025-07-04,SKU0166,0,80,11,340
2025-07-11,SKU0166,1,75,11,340
2025-07-18,SKU0166,0,66,11,340
2025-07-25,SKU0166,0,83,11,340
2025-08-01,SKU0166,0,71,11,340
2025-08-08,SKU0166,3,78,11,340
2025-08-15,SKU0166,36,69,11,340
2025-08-22,SKU0166,49,78,11,340
2025-08-29,SKU0166,24,79,11,340
2025-02-28,SKU0167,234,47,12,253
2025-03-07,SKU0167,288,56,12,253
2025-03-14,SKU0167,268,51,12,253
2025-03-21,SKU0167,301,48,12,253
2025-03-28,SKU0167,323,66,12,253
2025-04-04,SKU0167,315,52,12,253
2025-04-11,SKU0167,297,44,12,253
2025-04-18,SKU0167,315,58,12,253
2025-04-25,SKU0167,311,52,12,253
2025-05-02,SKU0167,343,52,12,253
2025-05-09,SKU0167,311,50,12,253
2025-05-16,SKU0167,302,51,12,253
2025-05-23,SKU0167,341,63,12,253
2025-05-30,SKU0167,314,44,12,253
2025-06-06,SKU0167,205,42,12,253
2025-06-13,SKU0167,152,31,12,253
2025-06-20,SKU0167,184,66,12,253
2025-06-27,SKU0167,162,47,12,253
2025-07-04,SKU0167,127,60,12,253
2025-07-11,SKU0167,122,57,12,253
2025-07-18,SKU0167,138,48,12,253
2025-07-25,SKU0167,84,47,12,253
2025-08-01,SKU0167,91,45,12,253
2025-08-08,SKU0167,33,49,12,253
2025-08-15,SKU0167,81,60,12,253
2025-08-22,SKU0167,93,50,12,253
2025-08-29,SKU0167,66,56,12,253
2025-06-01,SKU0168,752,93,17,406
2025-06-08,SKU0168,625,81,17,406
2025-06-15,SKU0168,574,110,17,406
2025-06-22,SKU0168,570,112,17,406
2025-06-29,SKU0168,531,90,17,406
2025-07-06,SKU0168,544,99,17,406
2025-07-13,SKU0168,598,86,17,406
2025-07-20,SKU0168,623,97,17,406
2025-07-27,SKU0168,651,99,17,406
2025-08-03,SKU0168,675,91,17,406
2025-08-10,SKU0168,688,108,17,406
2025-08-17,SKU0168,666,106,17,406
2025-08-24,SKU0168,681,97,17,406
2025-08-31,SKU0168,725,94,17,406
2025-06-13,SKU0169,728,41,5,151
2025-06-20,SKU0169,786,40,5,151
2025-06-27,SKU0169,763,29,5,151
2025-07-04,SKU0169,761,35,5,151
2025-07-11,SKU0169,798,36,5,151
2025-07-18,SKU0169,776,31,5,151
2025-07-25,SKU0169,796,32,5,151
2025-08-01,SKU0169,746,27,5,151
2025-08-08,SKU0169,750,43,5,151
2025-08-15,SKU0169,672,28,5,151
2025-08-22,SKU0169,636,33,5,151
2025-08-29,SKU0169,647,43,5,151
2024-10-27,SKU0170,1417,91,9,377
2024-11-03,SKU0170,1343,97,9,377
2024-11-10,SKU0170,1400,112,9,377
2024-11-17,SKU0170,1025,89,9,377
2024-11-24,SKU0170,1006,85,9,377
2024-12-01,SKU0170,958,88,9,377
2024-12-08,SKU0170,938,102,9,377
2024-12-15,SKU0170,902,98,9,377
2024-12-22,SKU0170,796,96,9,377
2024-12-29,SKU0170,530,112,9,377
2025-01-05,SKU0170,397,92,9,377
2025-01-12,SKU0170,347,98,9,377
2025-01-19,SKU0170,314,85,9,377
2025-01-26,SKU0170,377,84,9,377
2025-02-02,SKU0170,414,116,9,377
2025-02-09,SKU0170,600,101,9,377
2025-02-16,SKU0170,722,110,9,377
2025-02-23,SKU0170,744,94,9,377
2025-03-02,SKU0170,747,110,9,377
2025-03-09,SKU0170,842,109,9,377
2025-03-16,SKU0170,874,107,9,377
2025-03-23,SKU0170,943,79,9,377
2025-03-30,SKU0170,960,105,9,377
2025-04-06,SKU0170,965,91,9,377
2025-04-13,SKU0170,1095,122,9,377
2025-04-20,SKU0170,1048,100,9,377
2025-04-27,SKU0170,1055,109,9,377
2025-05-04,SKU0170,1137,90,9,377
2025-05-11,SKU0170,1078,94,9,377
2025-05-18,SKU0170,1007,92,9,377
2025-05-25,SKU0170,1014,114,9,377
2025-06-01,SKU0170,1128,102,9,377
2025-06-08,SKU0170,1147,95,9,377
2025-06-15,SKU0170,1003,93,9,377
2025-06-22,SKU0170,959,97,9,377
2025-06-29,SKU0170,1036,90,9,377
2025-07-06,SKU0170,1017,94,9,377
2025-07-13,SKU0170,1006,99,9,377
2025-07-20,SKU0170,1031,94,9,377
2025-07-27,SKU0170,1058,107,9,377
2025-08-03,SKU0170,1080,95,9,377
2025-08-10,SKU0170,1165,96,9,377
2025-08-17,SKU0170,1169,99,9,377
2025-08-24,SKU0170,1097,96,9,377
2025-08-31,SKU0170,1145,94,9,377
2024-01-10,SKU0171,1234,124,15,605
2024-01-17,SKU0171,1230,113,15,605
2024-01-24,SKU0171,1243,133,15,605
2024-01-31,SKU0171,1325,116,15,605
2024-02-07,SKU0171,1395,115,15,605
2024-02-14,SKU0171,1472,115,15,605
2024-02-21,SKU0171,1477,137,15,605
2024-02-28,SKU0171,1455,126,15,605
2024-03-06,SKU0171,1484,130,15,605
2024-03-13,SKU0171,1402,138,15,605
2024-03-20,SKU0171,1459,157,15,605
2024-03-27,SKU0171,1484,129,15,605
2024-04-03,SKU0171,1525,135,15,605
2024-04-10,SKU0171,1650,124,15,605
2024-04-17,SKU0171,1674,132,15,605
2024-04-24,SKU0171,1732,112,15,605
2024-05-01,SKU0171,1713,121,15,605
2024-05-08,SKU0171,1770,115,15,605
2024-05-15,SKU0171,1748,134,15,605
2024-05-22,SKU0171,1770,136,15,605
2024-05-29,SKU0171,1756,97,15,605
2024-06-05,SKU0171,1784,126,15,605
2024-06-12,SKU0171,1776,131,15,605
2024-06-19,SKU0171,1805,123,15,605
2024-06-26,SKU0171,1840,117,15,605
2024-07-03,SKU0171,1920,116,15,605
2024-07-10,SKU0171,1946,131,15,605
2024-07-17,SKU0171,2003,118,15,605
2024-07-24,SKU0171,1957,143,15,605
2024-07-31,SKU0171,2049,123,15,605
2024-08-07,SKU0171,2064,123,15,605
2024-08-14,SKU0171,2069,120,15,605
2024-08-21,SKU0171,1919,119,15,605
2024-08-28,SKU0171,1922,135,15,605
2024-09-04,SKU0171,1959,131,15,605
2024-09-11,SKU0171,1913,112,15,605
2024-09-18,SKU0171,1826,140,15,605
2024-09-25,SKU0171,1804,132,15,605
2024-10-02,SKU0171,1724,141,15,605
2024-10-09,SKU0171,1659,136,15,605
2024-10-16,SKU0171,1709,106,15,605
2024-10-23,SKU0171,1680,118,15,605
2024-10-30,SKU0171,1622,124,15,605
2024-11-06,SKU0171,1618,123,15,605
2024-11-13,SKU0171,1491,116,15,605
2024-11-20,SKU0171,1325,131,15,605
2024-11-27,SKU0171,1278,136,15,605
2024-12-04,SKU0171,1276,126,15,605
2024-12-11,SKU0171,1124,123,15,605
2024-12-18,SKU0171,1134,131,15,605
2024-12-25,SKU0171,998,145,15,605
2025-01-01,SKU0171,700,136,15,605
2025-01-08,SKU0171,667,127,15,605
2025-01-15,SKU0171,616,133,15,605
2025-01-22,SKU0171,621,114,15,605
2025-01-29,SKU0171,671,156,15,605
2025-02-05,SKU0171,753,119,15,605
2025-02-12,SKU0171,678,119,15,605
2025-02-19,SKU0171,652,113,15,605
2025-02-26,SKU0171,743,117,15,605
2025-03-05,SKU0171,707,124,15,605
2025-03-12,SKU0171,784,122,15,605
2025-03-19,SKU0171,817,129,15,605
2025-03-26,SKU0171,841,104,15,605
2025-04-02,SKU0171,795,133,15,605
2025-04-09,SKU0171,798,113,15,605
2025-04-16,SKU0171,722,137,15,605
2025-04-23,SKU0171,729,111,15,605
2025-04-30,SKU0171,721,152,15,605
2025-05-07,SKU0171,732,127,15,605
2025-05-14,SKU0171,668,124,15,605
2025-05-21,SKU0171,540,133,15,605
2025-05-28,SKU0171,511,121,15,605
2025-06-04,SKU0171,459,124,15,605
2025-06-11,SKU0171,435,127,15,605
2025-06-18,SKU0171,332,119,15,605
2025-06-25,SKU0171,265,128,15,605
2025-07-02,SKU0171,274,116,15,605
2025-07-09,SKU0171,297,103,15,605
2025-07-16,SKU0171,351,130,15,605
2025-07-23,SKU0171,193,127,15,605
2025-07-30,SKU0171,189,138,15,605
2025-08-06,SKU0171,161,134,15,605
2025-08-13,SKU0171,45,126,15,605
2025-08-20,SKU0171,8,131,15,605
2025-08-27,SKU0171,94,137,15,605
2023-11-02,SKU0172,149,33,9,108
2023-11-09,SKU0172,119,23,9,108
2023-11-16,SKU0172,121,18,9,108
2023-11-23,SKU0172,68,21,9,108
2023-11-30,SKU0172,15,33,9,108
2023-12-07,SKU0172,33,21,9,108
2023-12-14,SKU0172,7,29,9,108
2023-12-21,SKU0172,0,25,9,108
2023-12-28,SKU0172,0,19,9,108
2024-01-04,SKU0172,0,22,9,108
2024-01-11,SKU0172,0,29,9,108
2024-01-18,SKU0172,6,27,9,108
2024-01-25,SKU0172,0,24,9,108
2024-02-01,SKU0172,0,14,9,108
2024-02-08,SKU0172,0,18,9,108
2024-02-15,SKU0172,0,15,9,108
2024-02-22,SKU0172,0,19,9,108
2024-02-29,SKU0172,7,28,9,108
2024-03-07,SKU0172,0,29,9,108
2024-03-14,SKU0172,0,27,9,108
2024-03-21,SKU0172,20,33,9,108
2024-03-28,SKU0172,21,21,9,108
2024-04-04,SKU0172,25,27,9,108
2024-04-11,SKU0172,0,24,9,108
2024-04-18,SKU0172,20,16,9,108
2024-04-25,SKU0172,4,19,9,108
2024-05-02,SKU0172,2,24,9,108
2024-05-09,SKU0172,0,24,9,108
2024-05-16,SKU0172,17,20,9,108
2024-05-23,SKU0172,37,20,9,108
2024-05-30,SKU0172,48,21,9,108
2024-06-06,SKU0172,41,24,9,108
2024-06-13,SKU0172,21,19,9,108
2024-06-20,SKU0172,34,22,9,108
2024-06-27,SKU0172,70,16,9,108
2024-07-04,SKU0172,86,21,9,108
2024-07-11,SKU0172,78,23,9,108
2024-07-18,SKU0172,103,28,9,108
2024-07-25,SKU0172,134,19,9,108
2024-08-01,SKU0172,147,20,9,108
2024-08-08,SKU0172,162,30,9,108
2024-08-15,SKU0172,163,14,9,108
2024-08-22,SKU0172,143,22,9,108
2024-08-29,SKU0172,176,33,9,108
2024-09-05,SKU0172,174,30,9,108
2024-09-12,SKU0172,182,22,9,108
2024-09-19,SKU0172,218,32,9,108
2024-09-26,SKU0172,225,20,9,108
2024-10-03,SKU0172,223,20,9,108
2024-10-10,SKU0172,243,23,9,108
2024-10-17,SKU0172,244,23,9,108
2024-10-24,SKU0172,227,19,9,108
2024-10-31,SKU0172,210,25,9,108
2024-11-07,SKU0172,228,35,9,108
2024-11-14,SKU0172,176,26,9,108
2024-11-21,SKU0172,183,24,9,108
2024-11-28,SKU0172,151,12,9,108
2024-12-05,SKU0172,134,22,9,108
2024-12-12,SKU0172,117,21,9,108
2024-12-19,SKU0172,147,24,9,108
2024-12-26,SKU0172,66,36,9,108
2025-01-02,SKU0172,0,27,9,108
2025-01-09,SKU0172,0,24,9,108
2025-01-16,SKU0172,11,17,9,108
2025-01-23,SKU0172,8,26,9,108
2025-01-30,SKU0172,0,28,9,108
2025-02-06,SKU0172,0,14,9,108
2025-02-13,SKU0172,6,19,9,108
2025-02-20,SKU0172,45,22,9,108
2025-02-27,SKU0172,44,20,9,108
2025-03-06,SKU0172,89,17,9,108
2025-03-13,SKU0172,100,30,9,108
2025-03-20,SKU0172,89,28,9,108
2025-03-27,SKU0172,123,23,9,108
2025-04-03,SKU0172,114,26,9,108
2025-04-10,SKU0172,111,26,9,108
2025-04-17,SKU0172,126,23,9,108
2025-04-24,SKU0172,126,18,9,108
2025-05-01,SKU0172,168,25,9,108
2025-05-08,SKU0172,179,19,9,108
2025-05-15,SKU0172,199,28,9,108
2025-05-22,SKU0172,209,18,9,108
2025-05-29,SKU0172,202,23,9,108
2025-06-05,SKU0172,203,24,9,108
2025-06-12,SKU0172,158,21,9,108
2025-06-19,SKU0172,188,23,9,108
2025-06-26,SKU0172,181,22,9,108
2025-07-03,SKU0172,193,18,9,108
2025-07-10,SKU0172,222,24,9,108
2025-07-17,SKU0172,230,36,9,108
2025-07-24,SKU0172,246,27,9,108
2025-07-31,SKU0172,275,25,9,108
2025-08-07,SKU0172,285,31,9,108
2025-08-14,SKU0172,305,21,9,108
2025-08-21,SKU0172,295,20,9,108
2025-08-28,SKU0172,316,26,9,108
2025-04-20,SKU0173,430,26,5,89
2025-04-27,SKU0173,399,22,5,89
2025-05-04,SKU0173,441,26,5,89
2025-05-11,SKU0173,472,27,5,89
2025-05-18,SKU0173,444,18,5,89
2025-05-25,SKU0173,407,24,5,89
2025-06-01,SKU0173,421,19,5,89
2025-06-08,SKU0173,328,22,5,89
2025-06-15,SKU0173,253,31,5,89
2025-06-22,SKU0173,188,19,5,89
2025-06-29,SKU0173,196,25,5,89
2025-07-06,SKU0173,181,23,5,89
2025-07-13,SKU0173,156,21,5,89
2025-07-20,SKU0173,162,26,5,89
2025-07-27,SKU0173,134,25,5,89
2025-08-03,SKU0173,118,23,5,89
2025-08-10,SKU0173,129,28,5,89
2025-08-17,SKU0173,182,28,5,89
2025-08-24,SKU0173,198,28,5,89
2025-08-31,SKU0173,229,22,5,89
2024-03-22,SKU0174,1336,153,15,740
2024-03-29,SKU0174,1140,188,15,740
2024-04-05,SKU0174,1102,182,15,740
2024-04-12,SKU0174,1190,184,15,740
2024-04-19,SKU0174,1071,200,15,740
2024-04-26,SKU0174,1041,173,15,740
2024-05-03,SKU0174,1111,176,15,740
2024-05-10,SKU0174,1054,182,15,740
2024-05-17,SKU0174,1060,173,15,740
2024-05-24,SKU0174,1141,218,15,740
2024-05-31,SKU0174,1180,176,15,740
2024-06-07,SKU0174,985,199,15,740
2024-06-14,SKU0174,793,194,15,740
2024-06-21,SKU0174,664,171,15,740
2024-06-28,SKU0174,677,206,15,740
2024-07-05,SKU0174,682,181,15,740
2024-07-12,SKU0174,751,177,15,740
2024-07-19,SKU0174,777,191,15,740
2024-07-26,SKU0174,903,195,15,740
2024-08-02,SKU0174,902,154,15,740
2024-08-09,SKU0174,1062,227,15,740
2024-08-16,SKU0174,1079,211,15,740
2024-08-23,SKU0174,1224,185,15,740
2024-08-30,SKU0174,1330,197,15,740
2024-09-06,SKU0174,1411,184,15,740
2024-09-13,SKU0174,1364,176,15,740
2024-09-20,SKU0174,1274,187,15,740
2024-09-27,SKU0174,1344,169,15,740
2024-10-04,SKU0174,1413,189,15,740
2024-10-11,SKU0174,1489,184,15,740
2024-10-18,SKU0174,1558,182,15,740
2024-10-25,SKU0174,1604,185,15,740
2024-11-01,SKU0174,1725,169,15,740
2024-11-08,SKU0174,1766,179,15,740
2024-11-15,SKU0174,1644,199,15,740
2024-11-22,SKU0174,1559,187,15,740
2024-11-29,SKU0174,1509,191,15,740
2024-12-06,SKU0174,1519,190,15,740
2024-12-13,SKU0174,1523,181,15,740
2024-12-20,SKU0174,1525,171,15,740
2024-12-27,SKU0174,1164,177,15,740
2025-01-03,SKU0174,874,203,15,740
2025-01-10,SKU0174,893,209,15,740
2025-01-17,SKU0174,809,192,15,740
2025-01-24,SKU0174,649,175,15,740
2025-01-31,SKU0174,532,184,15,740
2025-02-07,SKU0174,517,174,15,740
2025-02-14,SKU0174,346,191,15,740
2025-02-21,SKU0174,218,165,15,740
2025-02-28,SKU0174,206,198,15,740
2025-03-07,SKU0174,86,180,15,740
2025-03-14,SKU0174,6,184,15,740
2025-03-21,SKU0174,0,161,15,740
2025-03-28,SKU0174,0,176,15,740
2025-04-04,SKU0174,0,163,15,740
2025-04-11,SKU0174,0,197,15,740
2025-04-18,SKU0174,40,170,15,740
2025-04-25,SKU0174,6,156,15,740
2025-05-02,SKU0174,0,175,15,740
2025-05-09,SKU0174,170,196,15,740
2025-05-16,SKU0174,209,176,15,740
2025-05-23,SKU0174,311,168,15,740
2025-05-30,SKU0174,258,185,15,740
2025-06-06,SKU0174,21,189,15,740
2025-06-13,SKU0174,0,175,15,740
2025-06-20,SKU0174,21,161,15,740
2025-06-27,SKU0174,19,187,15,740
2025-07-04,SKU0174,22,196,15,740
2025-07-11,SKU0174,160,198,15,740
2025-07-18,SKU0174,273,177,15,740
2025-07-25,SKU0174,308,169,15,740
2025-08-01,SKU0174,321,182,15,740
2025-08-08,SKU0174,402,172,15,740
2025-08-15,SKU0174,503,183,15,740
2025-08-22,SKU0174,570,200,15,740
2025-08-29,SKU0174,613,188,15,740
2025-07-21,SKU0175,1659,198,16,635
2025-07-28,SKU0175,1510,186,16,635
2025-08-04,SKU0175,1510,186,16,635
2025-08-11,SKU0175,1552,196,16,635
2025-08-18,SKU0175,1592,202,16,635
2025-08-25,SKU0175,1601,184,16,635
2023-11-19,SKU0176,716,76,14,396
2023-11-26,SKU0176,672,107,14,396
2023-12-03,SKU0176,634,98,14,396
2023-12-10,SKU0176,615,82,14,396
2023-12-17,SKU0176,570,101,14,396
2023-12-24,SKU0176,486,87,14,396
2023-12-31,SKU0176,343,64,14,396
2024-01-07,SKU0176,301,79,14,396
2024-01-14,SKU0176,352,77,14,396
2024-01-21,SKU0176,326,86,14,396
2024-01-28,SKU0176,378,88,14,396
2024-02-04,SKU0176,315,94,14,396
2024-02-11,SKU0176,296,110,14,396
2024-02-18,SKU0176,315,78,14,396
2024-02-25,SKU0176,314,75,14,396
2024-03-03,SKU0176,368,80,14,396
2024-03-10,SKU0176,368,83,14,396
2024-03-17,SKU0176,367,90,14,396
2024-03-24,SKU0176,358,83,14,396
2024-03-31,SKU0176,421,82,14,396
2024-04-07,SKU0176,472,92,14,396
2024-04-14,SKU0176,517,88,14,396
2024-04-21,SKU0176,506,87,14,396
2024-04-28,SKU0176,533,105,14,396
2024-05-05,SKU0176,546,86,14,396
2024-05-12,SKU0176,619,94,14,396
2024-05-19,SKU0176,639,88,14,396
2024-05-26,SKU0176,569,100,14,396
2024-06-02,SKU0176,606,82,14,396
2024-06-09,SKU0176,576,87,14,396
2024-06-16,SKU0176,518,78,14,396
2024-06-23,SKU0176,536,61,14,396
2024-06-30,SKU0176,561,78,14,396
2024-07-07,SKU0176,588,80,14,396
2024-07-14,SKU0176,570,89,14,396
2024-07-21,SKU0176,604,81,14,396
2024-07-28,SKU0176,592,91,14,396
2024-08-04,SKU0176,593,100,14,396
2024-08-11,SKU0176,613,85,14,396
2024-08-18,SKU0176,648,74,14,396
2024-08-25,SKU0176,707,95,14,396
2024-09-01,SKU0176,663,94,14,396
2024-09-08,SKU0176,654,98,14,396
2024-09-15,SKU0176,651,76,14,396
2024-09-22,SKU0176,644,80,14,396
2024-09-29,SKU0176,621,92,14,396
2024-10-06,SKU0176,651,75,14,396
2024-10-13,SKU0176,713,70,14,396
2024-10-20,SKU0176,757,86,14,396
2024-10-27,SKU0176,822,88,14,396
2024-11-03,SKU0176,816,100,14,396
2024-11-10,SKU0176,805,92,14,396
2024-11-17,SKU0176,779,79,14,396
2024-11-24,SKU0176,758,97,14,396
2024-12-01,SKU0176,744,94,14,396
2024-12-08,SKU0176,738,86,14,396
2024-12-15,SKU0176,714,113,14,396
2024-12-22,SKU0176,724,84,14,396
2024-12-29,SKU0176,526,86,14,396
2025-01-05,SKU0176,336,86,14,396
2025-01-12,SKU0176,312,106,14,396
2025-01-19,SKU0176,346,103,14,396
2025-01-26,SKU0176,298,96,14,396
2025-02-02,SKU0176,276,94,14,396
2025-02-09,SKU0176,203,87,14,396
2025-02-16,SKU0176,110,79,14,396
2025-02-23,SKU0176,91,90,14,396
2025-03-02,SKU0176,151,78,14,396
2025-03-09,SKU0176,130,89,14,396
2025-03-16,SKU0176,162,95,14,396
2025-03-23,SKU0176,163,92,14,396
2025-03-30,SKU0176,141,85,14,396
2025-04-06,SKU0176,168,82,14,396
2025-04-13,SKU0176,160,103,14,396
2025-04-20,SKU0176,166,99,14,396
2025-04-27,SKU0176,159,88,14,396
2025-05-04,SKU0176,197,88,14,396
2025-05-11,SKU0176,195,87,14,396
2025-05-18,SKU0176,187,86,14,396
2025-05-25,SKU0176,107,96,14,396
2025-06-01,SKU0176,166,94,14,396
2025-06-08,SKU0176,40,78,14,396
2025-06-15,SKU0176,77,87,14,396
2025-06-22,SKU0176,106,96,14,396
2025-06-29,SKU0176,191,88,14,396
2025-07-06,SKU0176,259,103,14,396
2025-07-13,SKU0176,222,93,14,396
2025-07-20,SKU0176,195,87,14,396
2025-07-27,SKU0176,214,79,14,396
2025-08-03,SKU0176,228,84,14,396
2025-08-10,SKU0176,244,86,14,396
2025-08-17,SKU0176,203,93,14,396
2025-08-24,SKU0176,148,91,14,396
2025-08-31,SKU0176,101,86,14,396
2023-10-25,SKU0177,2484,300,20,1486
2023-11-01,SKU0177,2527,330,20,1486
2023-11-08,SKU0177,2567,356,20,1486
2023-11-15,SKU0177,2682,320,20,1486
2023-11-22,SKU0177,2646,342,20,1486
2023-11-29,SKU0177,2423,335,20,1486
2023-12-06,SKU0177,2539,315,20,1486
2023-12-13,SKU0177,2703,307,20,1486
2023-12-20,SKU0177,2889,334,20,1486
2023-12-27,SKU0177,2873,321,20,1486
2024-01-03,SKU0177,2777,350,20,1486
2024-01-10,SKU0177,2728,350,20,1486
2024-01-17,SKU0177,2850,318,20,1486
2024-01-24,SKU0177,2845,305,20,1486
2024-01-31,SKU0177,2959,334,20,1486
2024-02-07,SKU0177,3081,338,20,1486
2024-02-14,SKU0177,2938,350,20,1486
2024-02-21,SKU0177,3057,328,20,1486
2024-02-28,SKU0177,3115,338,20,1486
2024-03-06,SKU0177,2943,367,20,1486
2024-03-13,SKU0177,2934,354,20,1486
2024-03-20,SKU0177,3066,323,20,1486
2024-03-27,SKU0177,3178,328,20,1486
2024-04-03,SKU0177,3246,365,20,1486
2024-04-10,SKU0177,3331,338,20,1486
2024-04-17,SKU0177,3384,334,20,1486
2024-04-24,SKU0177,3440,345,20,1486
2024-05-01,SKU0177,3363,325,20,1486
2024-05-08,SKU0177,3149,358,20,1486
2024-05-15,SKU0177,3059,376,20,1486
2024-05-22,SKU0177,2969,312,20,1486
2024-05-29,SKU0177,3114,349,20,1486
2024-06-05,SKU0177,2804,355,20,1486
2024-06-12,SKU0177,2663,330,20,1486
2024-06-19,SKU0177,2710,314,20,1486
2024-06-26,SKU0177,2676,325,20,1486
2024-07-03,SKU0177,2806,325,20,1486
2024-07-10,SKU0177,2885,326,20,1486
2024-07-17,SKU0177,2963,326,20,1486
2024-07-24,SKU0177,2848,330,20,1486
2024-07-31,SKU0177,2758,328,20,1486
2024-08-07,SKU0177,2807,317,20,1486
2024-08-14,SKU0177,2879,356,20,1486
2024-08-21,SKU0177,2841,352,20,1486
2024-08-28,SKU0177,2937,320,20,1486
2024-09-04,SKU0177,3070,299,20,1486
2024-09-11,SKU0177,3075,318,20,1486
2024-09-18,SKU0177,3149,322,20,1486
2024-09-25,SKU0177,3337,358,20,1486
2024-10-02,SKU0177,3586,352,20,1486
2024-10-09,SKU0177,3559,345,20,1486
2024-10-16,SKU0177,3768,333,20,1486
2024-10-23,SKU0177,3942,334,20,1486
2024-10-30,SKU0177,3944,349,20,1486
2024-11-06,SKU0177,3917,324,20,1486
2024-11-13,SKU0177,3747,351,20,1486
2024-11-20,SKU0177,3544,307,20,1486
2024-11-27,SKU0177,3612,332,20,1486
2024-12-04,SKU0177,3541,326,20,1486
2024-12-11,SKU0177,3460,350,20,1486
2024-12-18,SKU0177,3434,307,20,1486
2024-12-25,SKU0177,3273,339,20,1486
2025-01-01,SKU0177,2804,321,20,1486
2025-01-08,SKU0177,2744,321,20,1486
2025-01-15,SKU0177,2662,350,20,1486
2025-01-22,SKU0177,2566,340,20,1486
2025-01-29,SKU0177,2622,269,20,1486
2025-02-05,SKU0177,2638,325,20,1486
2025-02-12,SKU0177,2437,335,20,1486
2025-02-19,SKU0177,2503,330,20,1486
2025-02-26,SKU0177,2447,371,20,1486
2025-03-05,SKU0177,2415,321,20,1486
2025-03-12,SKU0177,2204,302,20,1486
2025-03-19,SKU0177,2090,318,20,1486
2025-03-26,SKU0177,2239,352,20,1486
2025-04-02,SKU0177,2229,309,20,1486
2025-04-09,SKU0177,2190,337,20,1486
2025-04-16,SKU0177,2170,352,20,1486
2025-04-23,SKU0177,2070,333,20,1486
2025-04-30,SKU0177,2006,308,20,1486
2025-05-07,SKU0177,2143,340,20,1486
2025-05-14,SKU0177,2123,336,20,1486
2025-05-21,SKU0177,2112,347,20,1486
2025-05-28,SKU0177,2048,311,20,1486
2025-06-04,SKU0177,1924,305,20,1486
2025-06-11,SKU0177,1495,353,20,1486
2025-06-18,SKU0177,1532,362,20,1486
2025-06-25,SKU0177,1475,346,20,1486
2025-07-02,SKU0177,1426,299,20,1486
2025-07-09,SKU0177,1181,343,20,1486
2025-07-16,SKU0177,1158,360,20,1486
2025-07-23,SKU0177,1023,336,20,1486
2025-07-30,SKU0177,962,321,20,1486
2025-08-06,SKU0177,947,317,20,1486
2025-08-13,SKU0177,779,353,20,1486
2025-08-20,SKU0177,752,316,20,1486
2025-08-27,SKU0177,674,337,20,1486
2024-12-05,SKU0178,498,32,7,117
2024-12-12,SKU0178,530,34,7,117
2024-12-19,SKU0178,517,32,7,117
2024-12-26,SKU0178,443,29,7,117
2025-01-02,SKU0178,344,31,7,117
2025-01-09,SKU0178,356,35,7,117
2025-01-16,SKU0178,340,37,7,117
2025-01-23,SKU0178,368,27,7,117
2025-01-30,SKU0178,380,33,7,117
2025-02-06,SKU0178,404,40,7,117
2025-02-13,SKU0178,368,39,7,117
2025-02-20,SKU0178,377,35,7,117
2025-02-27,SKU0178,424,25,7,117
2025-03-06,SKU0178,427,29,7,117
2025-03-13,SKU0178,398,36,7,117
2025-03-20,SKU0178,406,31,7,117
2025-03-27,SKU0178,456,26,7,117
2025-04-03,SKU0178,446,32,7,117
2025-04-10,SKU0178,452,42,7,117
2025-04-17,SKU0178,484,33,7,117
2025-04-24,SKU0178,526,36,7,117
2025-05-01,SKU0178,520,35,7,117
2025-05-08,SKU0178,461,17,7,117
2025-05-15,SKU0178,488,29,7,117
2025-05-22,SKU0178,445,29,7,117
2025-05-29,SKU0178,390,29,7,117
2025-06-05,SKU0178,309,41,7,117
2025-06-12,SKU0178,283,25,7,117
2025-06-19,SKU0178,279,34,7,117
2025-06-26,SKU0178,316,33,7,117
2025-07-03,SKU0178,329,29,7,117
2025-07-10,SKU0178,361,30,7,117
2025-07-17,SKU0178,311,29,7,117
2025-07-24,SKU0178,291,23,7,117
2025-07-31,SKU0178,275,25,7,117
2025-08-07,SKU0178,285,32,7,117
2025-08-14,SKU0178,257,33,7,117
2025-08-21,SKU0178,268,34,7,117
2025-08-28,SKU0178,293,32,7,117
2025-05-16,SKU0179,1081,224,19,953
2025-05-23,SKU0179,1160,211,19,953
2025-05-30,SKU0179,1281,206,19,953
2025-06-06,SKU0179,1195,203,19,953
2025-06-13,SKU0179,1124,212,19,953
2025-06-20,SKU0179,1159,197,19,953
2025-06-27,SKU0179,1101,232,19,953
2025-07-04,SKU0179,1175,225,19,953
2025-07-11,SKU0179,1244,190,19,953
2025-07-18,SKU0179,1301,211,19,953
2025-07-25,SKU0179,1362,199,19,953
2025-08-01,SKU0179,1437,214,19,953
2025-08-08,SKU0179,1398,218,19,953
2025-08-15,SKU0179,1417,222,19,953
2025-08-22,SKU0179,1397,195,19,953
2025-08-29,SKU0179,1338,213,19,953
2023-10-13,SKU0180,736,229,20,1075
2023-10-20,SKU0180,542,220,20,1075
2023-10-27,SKU0180,422,216,20,1075
2023-11-03,SKU0180,265,253,20,1075
2023-11-10,SKU0180,74,212,20,1075
2023-11-17,SKU0180,0,224,20,1075
2023-11-24,SKU0180,0,210,20,1075
2023-12-01,SKU0180,0,221,20,1075
2023-12-08,SKU0180,0,214,20,1075
2023-12-15,SKU0180,0,212,20,1075
2023-12-22,SKU0180,0,204,20,1075
2023-12-29,SKU0180,0,220,20,1075
2024-01-05,SKU0180,0,214,20,1075
2024-01-12,SKU0180,38,203,20,1075
2024-01-19,SKU0180,45,230,20,1075
2024-01-26,SKU0180,105,207,20,1075
2024-02-02,SKU0180,120,226,20,1075
2024-02-09,SKU0180,103,207,20,1075
2024-02-16,SKU0180,193,206,20,1075
2024-02-23,SKU0180,219,211,20,1075
2024-03-01,SKU0180,377,208,20,1075
2024-03-08,SKU0180,465,220,20,1075
2024-03-15,SKU0180,507,210,20,1075
2024-03-22,SKU0180,525,211,20,1075
2024-03-29,SKU0180,499,219,20,1075
2024-04-05,SKU0180,544,204,20,1075
2024-04-12,SKU0180,664,197,20,1075
2024-04-19,SKU0180,840,244,20,1075
2024-04-26,SKU0180,894,213,20,1075
2024-05-03,SKU0180,906,204,20,1075
2024-05-10,SKU0180,1006,248,20,1075
2024-05-17,SKU0180,1084,262,20,1075
2024-05-24,SKU0180,1234,218,20,1075
2024-05-31,SKU0180,1321,215,20,1075
2024-06-07,SKU0180,1199,222,20,1075
2024-06-14,SKU0180,990,242,20,1075
2024-06-21,SKU0180,1051,228,20,1075
2024-06-28,SKU0180,1098,196,20,1075
2024-07-05,SKU0180,1158,242,20,1075
2024-07-12,SKU0180,1143,209,20,1075
2024-07-19,SKU0180,1089,212,20,1075
2024-07-26,SKU0180,1162,209,20,1075
2024-08-02,SKU0180,1137,219,20,1075
2024-08-09,SKU0180,949,218,20,1075
2024-08-16,SKU0180,1003,184,20,1075
2024-08-23,SKU0180,821,229,20,1075
2024-08-30,SKU0180,672,248,20,1075
2024-09-06,SKU0180,616,208,20,1075
2024-09-13,SKU0180,470,216,20,1075
2024-09-20,SKU0180,415,218,20,1075
2024-09-27,SKU0180,398,245,20,1075
2024-10-04,SKU0180,295,198,20,1075
2024-10-11,SKU0180,306,216,20,1075
2024-10-18,SKU0180,289,213,20,1075
2024-10-25,SKU0180,256,204,20,1075
2024-11-01,SKU0180,186,222,20,1075
2024-11-08,SKU0180,94,230,20,1075
2024-11-15,SKU0180,0,216,20,1075
2024-11-22,SKU0180,0,228,20,1075
2024-11-29,SKU0180,0,237,20,1075
2024-12-06,SKU0180,0,227,20,1075
2024-12-13,SKU0180,0,197,20,1075
2024-12-20,SKU0180,0,204,20,1075
2024-12-27,SKU0180,25,233,20,1075
2025-01-03,SKU0180,0,227,20,1075
2025-01-10,SKU0180,0,205,20,1075
2025-01-17,SKU0180,5,225,20,1075
2025-01-24,SKU0180,145,266,20,1075
2025-01-31,SKU0180,173,195,20,1075
2025-02-07,SKU0180,246,204,20,1075
2025-02-14,SKU0180,339,209,20,1075
2025-02-21,SKU0180,350,208,20,1075
2025-02-28,SKU0180,439,242,20,1075
2025-03-07,SKU0180,537,225,20,1075
2025-03-14,SKU0180,566,206,20,1075
2025-03-21,SKU0180,724,222,20,1075
2025-03-28,SKU0180,833,236,20,1075
2025-04-04,SKU0180,987,219,20,1075
2025-04-11,SKU0180,1099,203,20,1075
2025-04-18,SKU0180,1246,228,20,1075
2025-04-25,SKU0180,1353,205,20,1075
2025-05-02,SKU0180,1384,207,20,1075
2025-05-09,SKU0180,1393,232,20,1075
2025-05-16,SKU0180,1621,215,20,1075
2025-05-23,SKU0180,1748,240,20,1075
2025-05-30,SKU0180,1832,214,20,1075
2025-06-06,SKU0180,1614,216,20,1075
2025-06-13,SKU0180,1487,207,20,1075
2025-06-20,SKU0180,1541,220,20,1075
2025-06-27,SKU0180,1620,226,20,1075
2025-07-04,SKU0180,1724,247,20,1075
2025-07-11,SKU0180,1668,248,20,1075
2025-07-18,SKU0180,1722,231,20,1075
2025-07-25,SKU0180,1730,237,20,1075
2025-08-01,SKU0180,1561,224,20,1075
2025-08-08,SKU0180,1585,241,20,1075
2025-08-15,SKU0180,1517,225,20,1075
2025-08-22,SKU0180,1528,223,20,1075
2025-08-29,SKU0180,1437,239,20,1075
2023-09-12,SKU0181,335,64,16,237
2023-09-19,SKU0181,322,60,16,237
2023-09-26,SKU0181,351,68,16,237
2023-10-03,SKU0181,360,69,16,237
2023-10-10,SKU0181,351,65,16,237
2023-10-17,SKU0181,324,73,16,237
2023-10-24,SKU0181,362,71,16,237
2023-10-31,SKU0181,391,83,16,237
2023-11-07,SKU0181,358,51,16,237
2023-11-14,SKU0181,384,65,16,237
2023-11-21,SKU0181,369,80,16,237
2023-11-28,SKU0181,266,53,16,237
2023-12-05,SKU0181,287,55,16,237
2023-12-12,SKU0181,249,63,16,237
2023-12-19,SKU0181,226,57,16,237
2023-12-26,SKU0181,115,58,16,237
2024-01-02,SKU0181,0,69,16,237
2024-01-09,SKU0181,0,69,16,237
2024-01-16,SKU0181,0,76,16,237
2024-01-23,SKU0181,0,61,16,237
2024-01-30,SKU0181,0,60,16,237
2024-02-06,SKU0181,13,59,16,237
2024-02-13,SKU0181,15,64,16,237
2024-02-20,SKU0181,50,61,16,237
2024-02-27,SKU0181,11,50,16,237
2024-03-05,SKU0181,23,69,16,237
2024-03-12,SKU0181,43,70,16,237
2024-03-19,SKU0181,88,66,16,237
2024-03-26,SKU0181,93,65,16,237
2024-04-02,SKU0181,113,67,16,237
2024-04-09,SKU0181,107,83,16,237
2024-04-16,SKU0181,81,77,16,237
2024-04-23,SKU0181,93,67,16,237
2024-04-30,SKU0181,65,59,16,237
2024-05-07,SKU0181,58,78,16,237
2024-05-14,SKU0181,55,62,16,237
2024-05-21,SKU0181,55,59,16,237
2024-05-28,SKU0181,68,47,16,237
2024-06-04,SKU0181,37,64,16,237
2024-06-11,SKU0181,0,66,16,237
2024-06-18,SKU0181,0,64,16,237
2024-06-25,SKU0181,16,53,16,237
2024-07-02,SKU0181,45,63,16,237
2024-07-09,SKU0181,31,65,16,237
2024-07-16,SKU0181,76,73,16,237
2024-07-23,SKU0181,82,67,16,237
2024-07-30,SKU0181,101,51,16,237
2024-08-06,SKU0181,117,55,16,237
2024-08-13,SKU0181,142,57,16,237
2024-08-20,SKU0181,130,60,16,237
2024-08-27,SKU0181,90,75,16,237
2024-09-03,SKU0181,111,78,16,237
2024-09-10,SKU0181,136,49,16,237
2024-09-17,SKU0181,115,67,16,237
2024-09-24,SKU0181,151,61,16,237
2024-10-01,SKU0181,164,64,16,237
2024-10-08,SKU0181,152,69,16,237
2024-10-15,SKU0181,207,61,16,237
2024-10-22,SKU0181,177,63,16,237
2024-10-29,SKU0181,146,61,16,237
2024-11-05,SKU0181,152,62,16,237
2024-11-12,SKU0181,89,57,16,237
2024-11-19,SKU0181,30,64,16,237
2024-11-26,SKU0181,0,64,16,237
2024-12-03,SKU0181,44,67,16,237
2024-12-10,SKU0181,57,62,16,237
2024-12-17,SKU0181,37,66,16,237
2024-12-24,SKU0181,0,59,16,237
2024-12-31,SKU0181,0,70,16,237
2025-01-07,SKU0181,0,73,16,237
2025-01-14,SKU0181,0,68,16,237
2025-01-21,SKU0181,26,81,16,237
2025-01-28,SKU0181,15,57,16,237
2025-02-04,SKU0181,29,64,16,237
2025-02-11,SKU0181,70,56,16,237
2025-02-18,SKU0181,57,63,16,237
2025-02-25,SKU0181,75,52,16,237
2025-03-04,SKU0181,113,54,16,237
2025-03-11,SKU0181,93,70,16,237
2025-03-18,SKU0181,111,53,16,237
2025-03-25,SKU0181,85,83,16,237
2025-04-01,SKU0181,80,69,16,237
2025-04-08,SKU0181,67,86,16,237
2025-04-15,SKU0181,86,76,16,237
2025-04-22,SKU0181,73,61,16,237
2025-04-29,SKU0181,45,73,16,237
2025-05-06,SKU0181,49,60,16,237
2025-05-13,SKU0181,42,67,16,237
2025-05-20,SKU0181,38,69,16,237
2025-05-27,SKU0181,33,76,16,237
2025-06-03,SKU0181,17,63,16,237
2025-06-10,SKU0181,0,66,16,237
2025-06-17,SKU0181,0,56,16,237
2025-06-24,SKU0181,43,79,16,237
2025-07-01,SKU0181,41,68,16,237
2025-07-08,SKU0181,53,54,16,237
2025-07-15,SKU0181,47,62,16,237
2025-07-22,SKU0181,90,66,16,237
2025-07-29,SKU0181,36,65,16,237
2025-08-05,SKU0181,74,67,16,237
2025-08-12,SKU0181,95,79,16,237
2025-08-19,SKU0181,95,67,16,237
2025-08-26,SKU0181,123,80,16,237
2023-11-03,SKU0182,73,18,12,55
2023-11-10,SKU0182,72,13,12,55
2023-11-17,SKU0182,90,18,12,55
2023-11-24,SKU0182,110,6,12,55
2023-12-01,SKU0182,110,18,12,55
2023-12-08,SKU0182,105,12,12,55
2023-12-15,SKU0182,107,12,12,55
2023-12-22,SKU0182,113,14,12,55
2023-12-29,SKU0182,95,19,12,55
2024-01-05,SKU0182,92,15,12,55
2024-01-12,SKU0182,94,15,12,55
2024-01-19,SKU0182,88,11,12,55
2024-01-26,SKU0182,90,12,12,55
2024-02-02,SKU0182,92,14,12,55
2024-02-09,SKU0182,99,10,12,55
2024-02-16,SKU0182,105,13,12,55
2024-02-23,SKU0182,105,9,12,55
2024-03-01,SKU0182,103,13,12,55
2024-03-08,SKU0182,101,15,12,55
2024-03-15,SKU0182,89,14,12,55
2024-03-22,SKU0182,82,12,12,55
2024-03-29,SKU0182,85,13,12,55
2024-04-05,SKU0182,87,17,12,55
2024-04-12,SKU0182,76,11,12,55
2024-04-19,SKU0182,69,11,12,55
2024-04-26,SKU0182,71,13,12,55
2024-05-03,SKU0182,53,12,12,55
2024-05-10,SKU0182,61,14,12,55
2024-05-17,SKU0182,40,13,12,55
2024-05-24,SKU0182,43,17,12,55
2024-05-31,SKU0182,47,15,12,55
2024-06-07,SKU0182,27,16,12,55
2024-06-14,SKU0182,0,9,12,55
2024-06-21,SKU0182,0,15,12,55
2024-06-28,SKU0182,0,11,12,55
2024-07-05,SKU0182,0,14,12,55
2024-07-12,SKU0182,0,14,12,55
2024-07-19,SKU0182,0,5,12,55
2024-07-26,SKU0182,0,9,12,55
2024-08-02,SKU0182,3,16,12,55
2024-08-09,SKU0182,0,17,12,55
2024-08-16,SKU0182,0,10,12,55
2024-08-23,SKU0182,3,13,12,55
2024-08-30,SKU0182,13,9,12,55
2024-09-06,SKU0182,4,14,12,55
2024-09-13,SKU0182,15,13,12,55
2024-09-20,SKU0182,19,15,12,55
2024-09-27,SKU0182,13,10,12,55
2024-10-04,SKU0182,32,10,12,55
2024-10-11,SKU0182,47,9,12,55
2024-10-18,SKU0182,39,13,12,55
2024-10-25,SKU0182,41,11,12,55
2024-11-01,SKU0182,50,10,12,55
2024-11-08,SKU0182,46,10,12,55
2024-11-15,SKU0182,30,9,12,55
2024-11-22,SKU0182,48,16,12,55
2024-11-29,SKU0182,59,12,12,55
2024-12-06,SKU0182,68,15,12,55
2024-12-13,SKU0182,79,12,12,55
2024-12-20,SKU0182,80,16,12,55
2024-12-27,SKU0182,52,13,12,55
2025-01-03,SKU0182,68,16,12,55
2025-01-10,SKU0182,71,10,12,55
2025-01-17,SKU0182,81,12,12,55
2025-01-24,SKU0182,71,13,12,55
2025-01-31,SKU0182,68,24,12,55
2025-02-07,SKU0182,78,10,12,55
2025-02-14,SKU0182,76,9,12,55
2025-02-21,SKU0182,80,9,12,55
2025-02-28,SKU0182,76,16,12,55
2025-03-07,SKU0182,94,13,12,55
2025-03-14,SKU0182,104,14,12,55
2025-03-21,SKU0182,112,13,12,55
2025-03-28,SKU0182,114,16,12,55
2025-04-04,SKU0182,102,11,12,55
2025-04-11,SKU0182,92,15,12,55
2025-04-18,SKU0182,91,13,12,55
2025-04-25,SKU0182,98,12,12,55
2025-05-02,SKU0182,79,18,12,55
2025-05-09,SKU0182,59,12,12,55
2025-05-16,SKU0182,58,11,12,55
2025-05-23,SKU0182,50,16,12,55
2025-05-30,SKU0182,34,12,12,55
2025-06-06,SKU0182,6,15,12,55
2025-06-13,SKU0182,0,12,12,55
2025-06-20,SKU0182,0,15,12,55
2025-06-27,SKU0182,0,18,12,55
2025-07-04,SKU0182,0,10,12,55
2025-07-11,SKU0182,0,13,12,55
2025-07-18,SKU0182,0,11,12,55
2025-07-25,SKU0182,3,10,12,55
2025-08-01,SKU0182,0,9,12,55
2025-08-08,SKU0182,8,15,12,55
2025-08-15,SKU0182,14,12,12,55
2025-08-22,SKU0182,10,13,12,55
2025-08-29,SKU0182,1,14,12,55
2023-10-06,SKU0183,222,11,5,61
2023-10-13,SKU0183,190,17,5,61
2023-10-20,SKU0183,206,21,5,61
2023-10-27,SKU0183,151,14,5,61
2023-11-03,SKU0183,161,11,5,61
2023-11-10,SKU0183,163,19,5,61
2023-11-17,SKU0183,136,15,5,61
2023-11-24,SKU0183,82,15,5,61
2023-12-01,SKU0183,77,20,5,61
2023-12-08,SKU0183,46,16,5,61
2023-12-15,SKU0183,52,17,5,61
2023-12-22,SKU0183,0,15,5,61
2023-12-29,SKU0183,0,16,5,61
2024-01-05,SKU0183,0,23,5,61
2024-01-12,SKU0183,1,23,5,61
2024-01-19,SKU0183,0,15,5,61
2024-01-26,SKU0183,9,21,5,61
2024-02-02,SKU0183,0,9,5,61
2024-02-09,SKU0183,0,17,5,61
2024-02-16,SKU0183,8,14,5,61
2024-02-23,SKU0183,4,12,5,61
2024-03-01,SKU0183,0,16,5,61
2024-03-08,SKU0183,0,18,5,61
2024-03-15,SKU0183,0,13,5,61
2024-03-22,SKU0183,0,14,5,61
2024-03-29,SKU0183,0,17,5,61
2024-04-05,SKU0183,0,18,5,61
2024-04-12,SKU0183,14,12,5,61
2024-04-19,SKU0183,24,10,5,61
2024-04-26,SKU0183,4,19,5,61
2024-05-03,SKU0183,48,14,5,61
2024-05-10,SKU0183,93,17,5,61
2024-05-17,SKU0183,103,15,5,61
2024-05-24,SKU0183,126,20,5,61
2024-05-31,SKU0183,165,13,5,61
2024-06-07,SKU0183,142,20,5,61
2024-06-14,SKU0183,119,12,5,61
2024-06-21,SKU0183,157,16,5,61
2024-06-28,SKU0183,169,12,5,61
2024-07-05,SKU0183,175,13,5,61
2024-07-12,SKU0183,193,22,5,61
2024-07-19,SKU0183,196,18,5,61
2024-07-26,SKU0183,227,13,5,61
2024-08-02,SKU0183,240,18,5,61
2024-08-09,SKU0183,259,20,5,61
2024-08-16,SKU0183,250,20,5,61
2024-08-23,SKU0183,253,20,5,61
2024-08-30,SKU0183,273,18,5,61
2024-09-06,SKU0183,305,11,5,61
2024-09-13,SKU0183,294,15,5,61
2024-09-20,SKU0183,279,15,5,61
2024-09-27,SKU0183,291,16,5,61
2024-10-04,SKU0183,313,18,5,61
2024-10-11,SKU0183,306,13,5,61
2024-10-18,SKU0183,303,16,5,61
2024-10-25,SKU0183,329,18,5,61
2024-11-01,SKU0183,290,18,5,61
2024-11-08,SKU0183,250,23,5,61
2024-11-15,SKU0183,206,12,5,61
2024-11-22,SKU0183,226,19,5,61
2024-11-29,SKU0183,227,19,5,61
2024-12-06,SKU0183,233,23,5,61
2024-12-13,SKU0183,223,25,5,61
2024-12-20,SKU0183,252,15,5,61
2024-12-27,SKU0183,138,17,5,61
2025-01-03,SKU0183,82,18,5,61
2025-01-10,SKU0183,83,17,5,61
2025-01-17,SKU0183,70,10,5,61
2025-01-24,SKU0183,75,9,5,61
2025-01-31,SKU0183,64,10,5,61
2025-02-07,SKU0183,46,18,5,61
2025-02-14,SKU0183,58,10,5,61
2025-02-21,SKU0183,22,14,5,61
2025-02-28,SKU0183,0,15,5,61
2025-03-07,SKU0183,0,14,5,61
2025-03-14,SKU0183,0,12,5,61
2025-03-21,SKU0183,43,18,5,61
2025-03-28,SKU0183,54,15,5,61
2025-04-04,SKU0183,78,27,5,61
2025-04-11,SKU0183,93,18,5,61
2025-04-18,SKU0183,95,21,5,61
2025-04-25,SKU0183,90,11,5,61
2025-05-02,SKU0183,101,7,5,61
2025-05-09,SKU0183,87,16,5,61
2025-05-16,SKU0183,137,19,5,61
2025-05-23,SKU0183,172,15,5,61
2025-05-30,SKU0183,243,17,5,61
2025-06-06,SKU0183,212,15,5,61
2025-06-13,SKU0183,208,18,5,61
2025-06-20,SKU0183,266,13,5,61
2025-06-27,SKU0183,308,18,5,61
2025-07-04,SKU0183,328,13,5,61
2025-07-11,SKU0183,375,13,5,61
2025-07-18,SKU0183,388,14,5,61
2025-07-25,SKU0183,394,18,5,61
2025-08-01,SKU0183,426,17,5,61
2025-08-08,SKU0183,448,16,5,61
2025-08-15,SKU0183,467,17,5,61
2025-08-22,SKU0183,484,14,5,61
2025-08-29,SKU0183,502,18,5,61
2024-01-11,SKU0184,1000,104,10,412
2024-01-18,SKU0184,897,100,10,412
2024-01-25,SKU0184,868,106,10,412
2024-02-01,SKU0184,957,102,10,412
2024-02-08,SKU0184,1008,124,10,412
2024-02-15,SKU0184,1024,99,10,412
2024-02-22,SKU0184,1130,98,10,412
2024-02-29,SKU0184,1071,106,10,412
2024-03-07,SKU0184,1161,114,10,412
2024-03-14,SKU0184,1283,90,10,412
2024-03-21,SKU0184,1295,98,10,412
2024-03-28,SKU0184,1331,113,10,412
2024-04-04,SKU0184,1338,102,10,412
2024-04-11,SKU0184,1373,98,10,412
2024-04-18,SKU0184,1399,109,10,412
2024-04-25,SKU0184,1417,102,10,412
2024-05-02,SKU0184,1551,125,10,412
2024-05-09,SKU0184,1665,107,10,412
2024-05-16,SKU0184,1663,77,10,412
2024-05-23,SKU0184,1759,98,10,412
2024-05-30,SKU0184,1912,106,10,412
2024-06-06,SKU0184,1903,101,10,412
2024-06-13,SKU0184,1797,92,10,412
2024-06-20,SKU0184,1765,101,10,412
2024-06-27,SKU0184,1821,113,10,412
2024-07-04,SKU0184,1778,110,10,412
2024-07-11,SKU0184,1808,106,10,412
2024-07-18,SKU0184,1838,99,10,412
2024-07-25,SKU0184,1819,95,10,412
2024-08-01,SKU0184,1781,114,10,412
2024-08-08,SKU0184,1674,103,10,412
2024-08-15,SKU0184,1717,108,10,412
2024-08-22,SKU0184,1660,120,10,412
2024-08-29,SKU0184,1577,128,10,412
2024-09-05,SKU0184,1571,93,10,412
2024-09-12,SKU0184,1594,100,10,412
2024-09-19,SKU0184,1566,120,10,412
2024-09-26,SKU0184,1436,109,10,412
2024-10-03,SKU0184,1205,118,10,412
2024-10-10,SKU0184,1153,111,10,412
2024-10-17,SKU0184,1140,112,10,412
2024-10-24,SKU0184,1043,111,10,412
2024-10-31,SKU0184,910,99,10,412
2024-11-07,SKU0184,730,97,10,412
2024-11-14,SKU0184,324,110,10,412
2024-11-21,SKU0184,88,102,10,412
2024-11-28,SKU0184,53,115,10,412
2024-12-05,SKU0184,0,129,10,412
2024-12-12,SKU0184,12,105,10,412
2024-12-19,SKU0184,0,100,10,412
2024-12-26,SKU0184,0,93,10,412
2025-01-02,SKU0184,0,106,10,412
2025-01-09,SKU0184,84,109,10,412
2025-01-16,SKU0184,99,91,10,412
2025-01-23,SKU0184,39,93,10,412
2025-01-30,SKU0184,70,119,10,412
2025-02-06,SKU0184,19,99,10,412
2025-02-13,SKU0184,29,121,10,412
2025-02-20,SKU0184,38,119,10,412
2025-02-27,SKU0184,99,108,10,412
2025-03-06,SKU0184,157,89,10,412
2025-03-13,SKU0184,131,107,10,412
2025-03-20,SKU0184,331,123,10,412
2025-03-27,SKU0184,384,110,10,412
2025-04-03,SKU0184,509,123,10,412
2025-04-10,SKU0184,606,100,10,412
2025-04-17,SKU0184,608,96,10,412
2025-04-24,SKU0184,711,117,10,412
2025-05-01,SKU0184,780,96,10,412
2025-05-08,SKU0184,833,105,10,412
2025-05-15,SKU0184,859,103,10,412
2025-05-22,SKU0184,877,118,10,412
2025-05-29,SKU0184,962,112,10,412
2025-06-05,SKU0184,965,138,10,412
2025-06-12,SKU0184,907,92,10,412
2025-06-19,SKU0184,1003,120,10,412
2025-06-26,SKU0184,1028,127,10,412
2025-07-03,SKU0184,1075,91,10,412
2025-07-10,SKU0184,1060,106,10,412
2025-07-17,SKU0184,1042,115,10,412
2025-07-24,SKU0184,981,118,10,412
2025-07-31,SKU0184,859,109,10,412
2025-08-07,SKU0184,785,112,10,412
2025-08-14,SKU0184,834,115,10,412
2025-08-21,SKU0184,762,116,10,412
2025-08-28,SKU0184,701,114,10,412
2024-02-25,SKU0185,1313,67,7,328
2024-03-03,SKU0185,1324,56,7,328
2024-03-10,SKU0185,1211,67,7,328
2024-03-17,SKU0185,1118,65,7,328
2024-03-24,SKU0185,1061,70,7,328
2024-03-31,SKU0185,917,77,7,328
2024-04-07,SKU0185,895,68,7,328
2024-04-14,SKU0185,877,78,7,328
2024-04-21,SKU0185,899,75,7,328
2024-04-28,SKU0185,967,72,7,328
2024-05-05,SKU0185,1027,72,7,328
2024-05-12,SKU0185,902,65,7,328
2024-05-19,SKU0185,857,72,7,328
2024-05-26,SKU0185,809,75,7,328
2024-06-02,SKU0185,760,57,7,328
2024-06-09,SKU0185,554,67,7,328
2024-06-16,SKU0185,458,79,7,328
2024-06-23,SKU0185,494,79,7,328
2024-06-30,SKU0185,469,55,7,328
2024-07-07,SKU0185,550,70,7,328
2024-07-14,SKU0185,687,64,7,328
2024-07-21,SKU0185,743,85,7,328
2024-07-28,SKU0185,705,78,7,328
2024-08-04,SKU0185,733,77,7,328
2024-08-11,SKU0185,738,59,7,328
2024-08-18,SKU0185,779,78,7,328
2024-08-25,SKU0185,888,62,7,328
2024-09-01,SKU0185,911,64,7,328
2024-09-08,SKU0185,895,71,7,328
2024-09-15,SKU0185,1006,76,7,328
2024-09-22,SKU0185,1079,73,7,328
2024-09-29,SKU0185,1041,65,7,328
2024-10-06,SKU0185,1052,77,7,328
2024-10-13,SKU0185,965,72,7,328
2024-10-20,SKU0185,874,70,7,328
2024-10-27,SKU0185,881,80,7,328
2024-11-03,SKU0185,861,81,7,328
2024-11-10,SKU0185,727,63,7,328
2024-11-17,SKU0185,502,76,7,328
2024-11-24,SKU0185,430,74,7,328
2024-12-01,SKU0185,323,83,7,328
2024-12-08,SKU0185,312,77,7,328
2024-12-15,SKU0185,186,82,7,328
2024-12-22,SKU0185,243,73,7,328
2024-12-29,SKU0185,0,75,7,328
2025-01-05,SKU0185,0,71,7,328
2025-01-12,SKU0185,84,79,7,328
2025-01-19,SKU0185,0,77,7,328
2025-01-26,SKU0185,0,74,7,328
2025-02-02,SKU0185,0,76,7,328
2025-02-09,SKU0185,0,73,7,328
2025-02-16,SKU0185,26,60,7,328
2025-02-23,SKU0185,0,70,7,328
2025-03-02,SKU0185,0,66,7,328
2025-03-09,SKU0185,0,72,7,328
2025-03-16,SKU0185,0,75,7,328
2025-03-23,SKU0185,0,71,7,328
2025-03-30,SKU0185,0,79,7,328
2025-04-06,SKU0185,49,83,7,328
2025-04-13,SKU0185,94,81,7,328
2025-04-20,SKU0185,34,78,7,328
2025-04-27,SKU0185,0,56,7,328
2025-05-04,SKU0185,130,75,7,328
2025-05-11,SKU0185,204,77,7,328
2025-05-18,SKU0185,256,72,7,328
2025-05-25,SKU0185,309,68,7,328
2025-06-01,SKU0185,449,54,7,328
2025-06-08,SKU0185,319,71,7,328
2025-06-15,SKU0185,343,60,7,328
2025-06-22,SKU0185,375,83,7,328
2025-06-29,SKU0185,513,78,7,328
2025-07-06,SKU0185,636,73,7,328
2025-07-13,SKU0185,634,79,7,328
2025-07-20,SKU0185,710,71,7,328
2025-07-27,SKU0185,803,75,7,328
2025-08-03,SKU0185,984,63,7,328
2025-08-10,SKU0185,952,73,7,328
2025-08-17,SKU0185,999,65,7,328
2025-08-24,SKU0185,1066,80,7,328
2025-08-31,SKU0185,1164,69,7,328
2024-09-07,SKU0186,811,99,14,298
2024-09-14,SKU0186,822,80,14,298
2024-09-21,SKU0186,768,85,14,298
2024-09-28,SKU0186,857,93,14,298
2024-10-05,SKU0186,731,74,14,298
2024-10-12,SKU0186,699,88,14,298
2024-10-19,SKU0186,676,92,14,298
2024-10-26,SKU0186,666,107,14,298
2024-11-02,SKU0186,695,86,14,298
2024-11-09,SKU0186,735,78,14,298
2024-11-16,SKU0186,558,86,14,298
2024-11-23,SKU0186,563,82,14,298
2024-11-30,SKU0186,562,93,14,298
2024-12-07,SKU0186,509,96,14,298
2024-12-14,SKU0186,535,77,14,298
2024-12-21,SKU0186,518,92,14,298
2024-12-28,SKU0186,337,80,14,298
2025-01-04,SKU0186,170,87,14,298
2025-01-11,SKU0186,171,82,14,298
2025-01-18,SKU0186,141,103,14,298
2025-01-25,SKU0186,93,77,14,298
2025-02-01,SKU0186,141,91,14,298
2025-02-08,SKU0186,40,99,14,298
2025-02-15,SKU0186,4,82,14,298
2025-02-22,SKU0186,0,85,14,298
2025-03-01,SKU0186,0,81,14,298
2025-03-08,SKU0186,0,92,14,298
2025-03-15,SKU0186,56,81,14,298
2025-03-22,SKU0186,0,88,14,298
2025-03-29,SKU0186,9,71,14,298
2025-04-05,SKU0186,0,86,14,298
2025-04-12,SKU0186,28,87,14,298
2025-04-19,SKU0186,0,94,14,298
2025-04-26,SKU0186,38,102,14,298
2025-05-03,SKU0186,53,93,14,298
2025-05-10,SKU0186,76,87,14,298
2025-05-17,SKU0186,66,84,14,298
2025-05-24,SKU0186,121,102,14,298
2025-05-31,SKU0186,163,96,14,298
2025-06-07,SKU0186,227,103,14,298
2025-06-14,SKU0186,192,95,14,298
2025-06-21,SKU0186,276,77,14,298
2025-06-28,SKU0186,255,86,14,298
2025-07-05,SKU0186,219,81,14,298
2025-07-12,SKU0186,248,82,14,298
2025-07-19,SKU0186,313,91,14,298
2025-07-26,SKU0186,335,84,14,298
2025-08-02,SKU0186,408,70,14,298
2025-08-09,SKU0186,500,90,14,298
2025-08-16,SKU0186,496,81,14,298
2025-08-23,SKU0186,558,82,14,298
2025-08-30,SKU0186,584,87,14,298
2024-06-20,SKU0187,1136,161,16,683
2024-06-27,SKU0187,1046,168,16,683
2024-07-04,SKU0187,1015,139,16,683
2024-07-11,SKU0187,997,160,16,683
2024-07-18,SKU0187,976,153,16,683
2024-07-25,SKU0187,1003,164,16,683
2024-08-01,SKU0187,945,125,16,683
2024-08-08,SKU0187,909,145,16,683
2024-08-15,SKU0187,884,154,16,683
2024-08-22,SKU0187,777,189,16,683
2024-08-29,SKU0187,647,143,16,683
2024-09-05,SKU0187,696,167,16,683
2024-09-12,SKU0187,662,166,16,683
2024-09-19,SKU0187,571,154,16,683
2024-09-26,SKU0187,449,172,16,683
2024-10-03,SKU0187,450,135,16,683
2024-10-10,SKU0187,365,159,16,683
2024-10-17,SKU0187,374,141,16,683
2024-10-24,SKU0187,323,155,16,683
2024-10-31,SKU0187,305,159,16,683
2024-11-07,SKU0187,211,155,16,683
2024-11-14,SKU0187,100,185,16,683
2024-11-21,SKU0187,86,169,16,683
2024-11-28,SKU0187,40,182,16,683
2024-12-05,SKU0187,79,146,16,683
2024-12-12,SKU0187,83,165,16,683
2024-12-19,SKU0187,81,163,16,683
2024-12-26,SKU0187,0,168,16,683
2025-01-02,SKU0187,0,161,16,683
2025-01-09,SKU0187,0,153,16,683
2025-01-16,SKU0187,0,147,16,683
2025-01-23,SKU0187,80,164,16,683
2025-01-30,SKU0187,54,157,16,683
2025-02-06,SKU0187,101,151,16,683
2025-02-13,SKU0187,60,156,16,683
2025-02-20,SKU0187,137,171,16,683
2025-02-27,SKU0187,95,191,16,683
2025-03-06,SKU0187,95,176,16,683
2025-03-13,SKU0187,127,174,16,683
2025-03-20,SKU0187,121,133,16,683
2025-03-27,SKU0187,195,155,16,683
2025-04-03,SKU0187,191,167,16,683
2025-04-10,SKU0187,189,169,16,683
2025-04-17,SKU0187,245,160,16,683
2025-04-24,SKU0187,241,160,16,683
2025-05-01,SKU0187,345,160,16,683
2025-05-08,SKU0187,426,163,16,683
2025-05-15,SKU0187,496,143,16,683
2025-05-22,SKU0187,577,149,16,683
2025-05-29,SKU0187,577,170,16,683
2025-06-05,SKU0187,558,152,16,683
2025-06-12,SKU0187,547,156,16,683
2025-06-19,SKU0187,528,159,16,683
2025-06-26,SKU0187,537,165,16,683
2025-07-03,SKU0187,498,164,16,683
2025-07-10,SKU0187,545,162,16,683
2025-07-17,SKU0187,599,133,16,683
2025-07-24,SKU0187,635,163,16,683
2025-07-31,SKU0187,631,163,16,683
2025-08-07,SKU0187,670,144,16,683
2025-08-14,SKU0187,624,159,16,683
2025-08-21,SKU0187,630,150,16,683
2025-08-28,SKU0187,656,170,16,683
2024-06-26,SKU0188,817,226,19,1109
2024-07-03,SKU0188,948,219,19,1109
2024-07-10,SKU0188,883,237,19,1109
2024-07-17,SKU0188,756,211,19,1109
2024-07-24,SKU0188,747,232,19,1109
2024-07-31,SKU0188,742,227,19,1109
2024-08-07,SKU0188,854,242,19,1109
2024-08-14,SKU0188,898,231,19,1109
2024-08-21,SKU0188,848,217,19,1109
2024-08-28,SKU0188,844,233,19,1109
2024-09-04,SKU0188,972,210,19,1109
2024-09-11,SKU0188,1144,242,19,1109
2024-09-18,SKU0188,1149,225,19,1109
2024-09-25,SKU0188,1142,218,19,1109
2024-10-02,SKU0188,1191,235,19,1109
2024-10-09,SKU0188,1206,222,19,1109
2024-10-16,SKU0188,1188,248,19,1109
2024-10-23,SKU0188,1110,214,19,1109
2024-10-30,SKU0188,1117,200,19,1109
2024-11-06,SKU0188,1165,243,19,1109
2024-11-13,SKU0188,1081,212,19,1109
2024-11-20,SKU0188,890,217,19,1109
2024-11-27,SKU0188,908,225,19,1109
2024-12-04,SKU0188,989,237,19,1109
2024-12-11,SKU0188,919,224,19,1109
2024-12-18,SKU0188,874,217,19,1109
2024-12-25,SKU0188,738,215,19,1109
2025-01-01,SKU0188,547,212,19,1109
2025-01-08,SKU0188,542,217,19,1109
2025-01-15,SKU0188,522,216,19,1109
2025-01-22,SKU0188,421,218,19,1109
2025-01-29,SKU0188,300,216,19,1109
2025-02-05,SKU0188,342,222,19,1109
2025-02-12,SKU0188,231,224,19,1109
2025-02-19,SKU0188,239,223,19,1109
2025-02-26,SKU0188,72,242,19,1109
2025-03-05,SKU0188,125,223,19,1109
2025-03-12,SKU0188,65,214,19,1109
2025-03-19,SKU0188,43,209,19,1109
2025-03-26,SKU0188,101,232,19,1109
2025-04-02,SKU0188,0,213,19,1109
2025-04-09,SKU0188,0,213,19,1109
2025-04-16,SKU0188,0,206,19,1109
2025-04-23,SKU0188,0,215,19,1109
2025-04-30,SKU0188,0,200,19,1109
2025-05-07,SKU0188,151,211,19,1109
2025-05-14,SKU0188,167,259,19,1109
2025-05-21,SKU0188,224,201,19,1109
2025-05-28,SKU0188,349,222,19,1109
2025-06-04,SKU0188,436,228,19,1109
2025-06-11,SKU0188,243,202,19,1109
2025-06-18,SKU0188,389,204,19,1109
2025-06-25,SKU0188,447,212,19,1109
2025-07-02,SKU0188,483,230,19,1109
2025-07-09,SKU0188,602,221,19,1109
2025-07-16,SKU0188,605,243,19,1109
2025-07-23,SKU0188,656,204,19,1109
2025-07-30,SKU0188,600,226,19,1109
2025-08-06,SKU0188,715,211,19,1109
2025-08-13,SKU0188,772,203,19,1109
2025-08-20,SKU0188,829,204,19,1109
2025-08-27,SKU0188,864,222,19,1109
2024-12-21,SKU0189,928,177,11,792
2024-12-28,SKU0189,808,139,11,792
2025-01-04,SKU0189,899,160,11,792
2025-01-11,SKU0189,965,165,11,792
2025-01-18,SKU0189,1090,158,11,792
2025-01-25,SKU0189,1210,171,11,792
2025-02-01,SKU0189,1271,167,11,792
2025-02-08,SKU0189,1268,159,11,792
2025-02-15,SKU0189,1451,144,11,792
2025-02-22,SKU0189,1430,176,11,792
2025-03-01,SKU0189,1483,187,11,792
2025-03-08,SKU0189,1705,169,11,792
2025-03-15,SKU0189,1815,141,11,792
2025-03-22,SKU0189,1920,165,11,792
2025-03-29,SKU0189,1798,137,11,792
2025-04-05,SKU0189,1803,168,11,792
2025-04-12,SKU0189,1715,189,11,792
2025-04-19,SKU0189,1756,190,11,792
2025-04-26,SKU0189,1873,177,11,792
2025-05-03,SKU0189,1805,165,11,792
2025-05-10,SKU0189,1765,152,11,792
2025-05-17,SKU0189,1760,153,11,792
2025-05-24,SKU0189,1904,166,11,792
2025-05-31,SKU0189,1739,157,11,792
2025-06-07,SKU0189,1135,177,11,792
2025-06-14,SKU0189,1088,170,11,792
2025-06-21,SKU0189,1020,190,11,792
2025-06-28,SKU0189,900,163,11,792
2025-07-05,SKU0189,788,155,11,792
2025-07-12,SKU0189,585,146,11,792
2025-07-19,SKU0189,520,166,11,792
2025-07-26,SKU0189,535,152,11,792
2025-08-02,SKU0189,378,162,11,792
2025-08-09,SKU0189,233,176,11,792
2025-08-16,SKU0189,204,127,11,792
2025-08-23,SKU0189,199,172,11,792
2025-08-30,SKU0189,118,189,11,792
2025-06-05,SKU0190,1000,62,6,292
2025-06-12,SKU0190,834,58,6,292
2025-06-19,SKU0190,761,66,6,292
2025-06-26,SKU0190,736,55,6,292
2025-07-03,SKU0190,798,55,6,292
2025-07-10,SKU0190,885,62,6,292
2025-07-17,SKU0190,936,53,6,292
2025-07-24,SKU0190,1032,49,6,292
2025-07-31,SKU0190,1100,45,6,292
2025-08-07,SKU0190,1115,67,6,292
2025-08-14,SKU0190,1041,62,6,292
2025-08-21,SKU0190,1061,63,6,292
2025-08-28,SKU0190,1053,65,6,292
2025-01-26,SKU0191,615,178,19,690
2025-02-02,SKU0191,479,163,19,690
2025-02-09,SKU0191,374,175,19,690
2025-02-16,SKU0191,289,170,19,690
2025-02-23,SKU0191,208,155,19,690
2025-03-02,SKU0191,95,188,19,690
2025-03-09,SKU0191,94,194,19,690
2025-03-16,SKU0191,78,194,19,690
2025-03-23,SKU0191,0,155,19,690
2025-03-30,SKU0191,0,162,19,690
2025-04-06,SKU0191,3,136,19,690
2025-04-13,SKU0191,51,200,19,690
2025-04-20,SKU0191,40,182,19,690
2025-04-27,SKU0191,0,159,19,690
2025-05-04,SKU0191,0,134,19,690
2025-05-11,SKU0191,5,178,19,690
2025-05-18,SKU0191,7,175,19,690
2025-05-25,SKU0191,0,177,19,690
2025-06-01,SKU0191,0,192,19,690
2025-06-08,SKU0191,0,152,19,690
2025-06-15,SKU0191,0,177,19,690
2025-06-22,SKU0191,0,163,19,690
2025-06-29,SKU0191,30,195,19,690
2025-07-06,SKU0191,92,178,19,690
2025-07-13,SKU0191,80,185,19,690
2025-07-20,SKU0191,118,144,19,690
2025-07-27,SKU0191,156,168,19,690
2025-08-03,SKU0191,113,178,19,690
2025-08-10,SKU0191,40,168,19,690
2025-08-17,SKU0191,27,159,19,690
2025-08-24,SKU0191,206,181,19,690
2025-08-31,SKU0191,117,196,19,690
2024-11-30,SKU0192,310,49,18,230
2024-12-07,SKU0192,322,52,18,230
2024-12-14,SKU0192,323,62,18,230
2024-12-21,SKU0192,271,54,18,230
2024-12-28,SKU0192,229,54,18,230
2025-01-04,SKU0192,233,43,18,230
2025-01-11,SKU0192,247,53,18,230
2025-01-18,SKU0192,239,49,18,230
2025-01-25,SKU0192,234,39,18,230
2025-02-01,SKU0192,229,46,18,230
2025-02-08,SKU0192,212,32,18,230
2025-02-15,SKU0192,221,42,18,230
2025-02-22,SKU0192,215,43,18,230
2025-03-01,SKU0192,216,41,18,230
2025-03-08,SKU0192,207,43,18,230
2025-03-15,SKU0192,200,55,18,230
2025-03-22,SKU0192,235,55,18,230
2025-03-29,SKU0192,212,50,18,230
2025-04-05,SKU0192,184,53,18,230
2025-04-12,SKU0192,182,54,18,230
2025-04-19,SKU0192,195,54,18,230
2025-04-26,SKU0192,184,39,18,230
2025-05-03,SKU0192,205,46,18,230
2025-05-10,SKU0192,198,55,18,230
2025-05-17,SKU0192,190,56,18,230
2025-05-24,SKU0192,223,39,18,230
2025-05-31,SKU0192,222,42,18,230
2025-06-07,SKU0192,173,39,18,230
2025-06-14,SKU0192,150,54,18,230
2025-06-21,SKU0192,147,58,18,230
2025-06-28,SKU0192,159,48,18,230
2025-07-05,SKU0192,155,45,18,230
2025-07-12,SKU0192,140,58,18,230
2025-07-19,SKU0192,160,53,18,230
2025-07-26,SKU0192,140,50,18,230
2025-08-02,SKU0192,143,37,18,230
2025-08-09,SKU0192,140,58,18,230
2025-08-16,SKU0192,125,46,18,230
2025-08-23,SKU0192,146,55,18,230
2025-08-30,SKU0192,133,52,18,230
2025-05-25,SKU0193,211,46,19,150
2025-06-01,SKU0193,238,49,19,150
2025-06-08,SKU0193,190,27,19,150
2025-06-15,SKU0193,164,36,19,150
2025-06-22,SKU0193,158,47,19,150
2025-06-29,SKU0193,176,49,19,150
2025-07-06,SKU0193,194,41,19,150
2025-07-13,SKU0193,199,36,19,150
2025-07-20,SKU0193,202,47,19,150
2025-07-27,SKU0193,211,44,19,150
2025-08-03,SKU0193,238,41,19,150
2025-08-10,SKU0193,254,35,19,150
2025-08-17,SKU0193,276,35,19,150
2025-08-24,SKU0193,290,46,19,150
2025-08-31,SKU0193,290,41,19,150
2024-06-28,SKU0194,132,30,19,120
2024-07-05,SKU0194,122,26,19,120
2024-07-12,SKU0194,102,28,19,120
2024-07-19,SKU0194,125,31,19,120
2024-07-26,SKU0194,125,28,19,120
2024-08-02,SKU0194,132,35,19,120
2024-08-09,SKU0194,110,29,19,120
2024-08-16,SKU0194,129,40,19,120
2024-08-23,SKU0194,135,36,19,120
2024-08-30,SKU0194,111,51,19,120
2024-09-06,SKU0194,134,31,19,120
2024-09-13,SKU0194,140,43,19,120
2024-09-20,SKU0194,142,39,19,120
2024-09-27,SKU0194,141,33,19,120
2024-10-04,SKU0194,154,34,19,120
2024-10-11,SKU0194,159,45,19,120
2024-10-18,SKU0194,148,39,19,120
2024-10-25,SKU0194,162,28,19,120
2024-11-01,SKU0194,155,37,19,120
2024-11-08,SKU0194,169,39,19,120
2024-11-15,SKU0194,121,39,19,120
2024-11-22,SKU0194,110,31,19,120
2024-11-29,SKU0194,126,32,19,120
2024-12-06,SKU0194,127,36,19,120
2024-12-13,SKU0194,113,35,19,120
2024-12-20,SKU0194,98,33,19,120
2024-12-27,SKU0194,78,40,19,120
2025-01-03,SKU0194,86,39,19,120
2025-01-10,SKU0194,91,28,19,120
2025-01-17,SKU0194,88,36,19,120
2025-01-24,SKU0194,122,39,19,120
2025-01-31,SKU0194,94,29,19,120
2025-02-07,SKU0194,84,30,19,120
2025-02-14,SKU0194,70,43,19,120
2025-02-21,SKU0194,78,30,19,120
2025-02-28,SKU0194,73,46,19,120
2025-03-07,SKU0194,37,35,19,120
2025-03-14,SKU0194,38,29,19,120
2025-03-21,SKU0194,35,42,19,120
2025-03-28,SKU0194,34,50,19,120
2025-04-04,SKU0194,31,29,19,120
2025-04-11,SKU0194,31,31,19,120
2025-04-18,SKU0194,31,33,19,120
2025-04-25,SKU0194,0,33,19,120
2025-05-02,SKU0194,12,33,19,120
2025-05-09,SKU0194,0,37,19,120
2025-05-16,SKU0194,0,38,19,120
2025-05-23,SKU0194,0,22,19,120
2025-05-30,SKU0194,0,30,19,120
2025-06-06,SKU0194,0,36,19,120
2025-06-13,SKU0194,0,29,19,120
2025-06-20,SKU0194,0,45,19,120
2025-06-27,SKU0194,0,30,19,120
2025-07-04,SKU0194,0,41,19,120
2025-07-11,SKU0194,0,39,19,120
2025-07-18,SKU0194,7,37,19,120
2025-07-25,SKU0194,12,32,19,120
2025-08-01,SKU0194,24,35,19,120
2025-08-08,SKU0194,14,41,19,120
2025-08-15,SKU0194,30,27,19,120
2025-08-22,SKU0194,48,30,19,120
2025-08-29,SKU0194,52,33,19,120
2025-01-16,SKU0195,904,65,10,241
2025-01-23,SKU0195,885,64,10,241
2025-01-30,SKU0195,885,81,10,241
2025-02-06,SKU0195,864,59,10,241
2025-02-13,SKU0195,967,49,10,241
2025-02-20,SKU0195,1049,60,10,241
2025-02-27,SKU0195,1049,85,10,241
2025-03-06,SKU0195,966,65,10,241
2025-03-13,SKU0195,980,59,10,241
2025-03-20,SKU0195,904,50,10,241
2025-03-27,SKU0195,851,58,10,241
2025-04-03,SKU0195,889,73,10,241
2025-04-10,SKU0195,857,56,10,241
2025-04-17,SKU0195,864,60,10,241
2025-04-24,SKU0195,838,63,10,241
2025-05-01,SKU0195,819,72,10,241
2025-05-08,SKU0195,828,55,10,241
2025-05-15,SKU0195,916,77,10,241
2025-05-22,SKU0195,931,50,10,241
2025-05-29,SKU0195,937,63,10,241
2025-06-05,SKU0195,795,61,10,241
2025-06-12,SKU0195,629,56,10,241
2025-06-19,SKU0195,580,69,10,241
2025-06-26,SKU0195,516,58,10,241
2025-07-03,SKU0195,524,45,10,241
2025-07-10,SKU0195,441,54,10,241
2025-07-17,SKU0195,431,62,10,241
2025-07-24,SKU0195,441,64,10,241
2025-07-31,SKU0195,436,66,10,241
2025-08-07,SKU0195,377,48,10,241
2025-08-14,SKU0195,409,48,10,241
2025-08-21,SKU0195,391,58,10,241
2025-08-28,SKU0195,473,67,10,241
2024-10-04,SKU0196,486,47,13,223
2024-10-11,SKU0196,463,48,13,223
2024-10-18,SKU0196,488,31,13,223
2024-10-25,SKU0196,504,42,13,223
2024-11-01,SKU0196,543,56,13,223
2024-11-08,SKU0196,559,51,13,223
2024-11-15,SKU0196,525,49,13,223
2024-11-22,SKU0196,541,48,13,223
2024-11-29,SKU0196,568,50,13,223
2024-12-06,SKU0196,595,40,13,223
2024-12-13,SKU0196,598,38,13,223
2024-12-20,SKU0196,603,39,13,223
2024-12-27,SKU0196,499,45,13,223
2025-01-03,SKU0196,393,50,13,223
2025-01-10,SKU0196,393,44,13,223
2025-01-17,SKU0196,411,40,13,223
2025-01-24,SKU0196,427,58,13,223
2025-01-31,SKU0196,416,57,13,223
2025-02-07,SKU0196,387,59,13,223
2025-02-14,SKU0196,388,56,13,223
2025-02-21,SKU0196,414,38,13,223
2025-02-28,SKU0196,383,52,13,223
2025-03-07,SKU0196,362,64,13,223
2025-03-14,SKU0196,389,50,13,223
2025-03-21,SKU0196,364,46,13,223
2025-03-28,SKU0196,334,41,13,223
2025-04-04,SKU0196,287,42,13,223
2025-04-11,SKU0196,286,57,13,223
2025-04-18,SKU0196,303,40,13,223
2025-04-25,SKU0196,323,47,13,223
2025-05-02,SKU0196,286,41,13,223
2025-05-09,SKU0196,288,47,13,223
2025-05-16,SKU0196,274,50,13,223
2025-05-23,SKU0196,268,38,13,223
2025-05-30,SKU0196,277,43,13,223
2025-06-06,SKU0196,243,39,13,223
2025-06-13,SKU0196,224,61,13,223
2025-06-20,SKU0196,224,48,13,223
2025-06-27,SKU0196,195,48,13,223
2025-07-04,SKU0196,218,46,13,223
2025-07-11,SKU0196,253,45,13,223
2025-07-18,SKU0196,250,52,13,223
2025-07-25,SKU0196,269,54,13,223
2025-08-01,SKU0196,280,43,13,223
2025-08-08,SKU0196,280,60,13,223
2025-08-15,SKU0196,292,60,13,223
2025-08-22,SKU0196,305,57,13,223
2025-08-29,SKU0196,300,51,13,223
2024-07-24,SKU0197,902,142,13,552
2024-07-31,SKU0197,1015,134,13,552
2024-08-07,SKU0197,1028,134,13,552
2024-08-14,SKU0197,1027,146,13,552
2024-08-21,SKU0197,1043,138,13,552
2024-08-28,SKU0197,950,159,13,552
2024-09-04,SKU0197,989,128,13,552
2024-09-11,SKU0197,1020,136,13,552
2024-09-18,SKU0197,1102,143,13,552
2024-09-25,SKU0197,1050,133,13,552
2024-10-02,SKU0197,1042,138,13,552
2024-10-09,SKU0197,1091,152,13,552
2024-10-16,SKU0197,1107,118,13,552
2024-10-23,SKU0197,1159,140,13,552
2024-10-30,SKU0197,1149,154,13,552
2024-11-06,SKU0197,1132,146,13,552
2024-11-13,SKU0197,1027,145,13,552
2024-11-20,SKU0197,872,131,13,552
2024-11-27,SKU0197,1058,135,13,552
2024-12-04,SKU0197,1148,124,13,552
2024-12-11,SKU0197,1334,147,13,552
2024-12-18,SKU0197,1425,167,13,552
2024-12-25,SKU0197,1335,128,13,552
2025-01-01,SKU0197,1277,147,13,552
2025-01-08,SKU0197,1255,141,13,552
2025-01-15,SKU0197,1355,126,13,552
2025-01-22,SKU0197,1359,147,13,552
2025-01-29,SKU0197,1423,149,13,552
2025-02-05,SKU0197,1388,136,13,552
2025-02-12,SKU0197,1323,131,13,552
2025-02-19,SKU0197,1292,133,13,552
2025-02-26,SKU0197,1338,135,13,552
2025-03-05,SKU0197,1262,135,13,552
2025-03-12,SKU0197,1316,116,13,552
2025-03-19,SKU0197,1395,134,13,552
2025-03-26,SKU0197,1486,129,13,552
2025-04-02,SKU0197,1353,138,13,552
2025-04-09,SKU0197,1453,138,13,552
2025-04-16,SKU0197,1303,120,13,552
2025-04-23,SKU0197,1220,151,13,552
2025-04-30,SKU0197,1184,131,13,552
2025-05-07,SKU0197,1102,130,13,552
2025-05-14,SKU0197,999,141,13,552
2025-05-21,SKU0197,1057,119,13,552
2025-05-28,SKU0197,977,144,13,552
2025-06-04,SKU0197,816,138,13,552
2025-06-11,SKU0197,463,139,13,552
2025-06-18,SKU0197,438,147,13,552
2025-06-25,SKU0197,306,140,13,552
2025-07-02,SKU0197,374,138,13,552
2025-07-09,SKU0197,366,140,13,552
2025-07-16,SKU0197,338,141,13,552
2025-07-23,SKU0197,242,143,13,552
2025-07-30,SKU0197,209,149,13,552
2025-08-06,SKU0197,126,142,13,552
2025-08-13,SKU0197,100,144,13,552
2025-08-20,SKU0197,57,117,13,552
2025-08-27,SKU0197,0,142,13,552
2024-04-20,SKU0198,436,67,20,274
2024-04-27,SKU0198,452,57,20,274
2024-05-04,SKU0198,434,62,20,274
2024-05-11,SKU0198,426,59,20,274
2024-05-18,SKU0198,391,53,20,274
2024-05-25,SKU0198,399,58,20,274
2024-06-01,SKU0198,389,74,20,274
2024-06-08,SKU0198,325,51,20,274
2024-06-15,SKU0198,322,66,20,274
2024-06-22,SKU0198,305,63,20,274
2024-06-29,SKU0198,277,64,20,274
2024-07-06,SKU0198,272,63,20,274
2024-07-13,SKU0198,269,65,20,274
2024-07-20,SKU0198,268,66,20,274
2024-07-27,SKU0198,266,67,20,274
2024-08-03,SKU0198,272,55,20,274
2024-08-10,SKU0198,297,49,20,274
2024-08-17,SKU0198,287,58,20,274
2024-08-24,SKU0198,298,67,20,274
2024-08-31,SKU0198,319,59,20,274
2024-09-07,SKU0198,323,52,20,274
2024-09-14,SKU0198,344,54,20,274
2024-09-21,SKU0198,395,50,20,274
2024-09-28,SKU0198,424,63,20,274
2024-10-05,SKU0198,443,68,20,274
2024-10-12,SKU0198,464,75,20,274
2024-10-19,SKU0198,461,50,20,274
2024-10-26,SKU0198,487,68,20,274
2024-11-02,SKU0198,501,69,20,274
2024-11-09,SKU0198,495,53,20,274
2024-11-16,SKU0198,466,60,20,274
2024-11-23,SKU0198,518,54,20,274
2024-11-30,SKU0198,505,59,20,274
2024-12-07,SKU0198,528,49,20,274
2024-12-14,SKU0198,525,63,20,274
2024-12-21,SKU0198,535,74,20,274
2024-12-28,SKU0198,448,62,20,274
2025-01-04,SKU0198,425,52,20,274
2025-01-11,SKU0198,407,64,20,274
2025-01-18,SKU0198,393,58,20,274
2025-01-25,SKU0198,398,60,20,274
2025-02-01,SKU0198,405,72,20,274
2025-02-08,SKU0198,427,68,20,274
2025-02-15,SKU0198,457,71,20,274
2025-02-22,SKU0198,428,69,20,274
2025-03-01,SKU0198,437,49,20,274
2025-03-08,SKU0198,425,61,20,274
2025-03-15,SKU0198,405,54,20,274
2025-03-22,SKU0198,406,50,20,274
2025-03-29,SKU0198,402,61,20,274
2025-04-05,SKU0198,427,57,20,274
2025-04-12,SKU0198,429,51,20,274
2025-04-19,SKU0198,403,55,20,274
2025-04-26,SKU0198,393,60,20,274
2025-05-03,SKU0198,384,64,20,274
2025-05-10,SKU0198,371,66,20,274
2025-05-17,SKU0198,316,65,20,274
2025-05-24,SKU0198,315,61,20,274
2025-05-31,SKU0198,280,51,20,274
2025-06-07,SKU0198,199,55,20,274
2025-06-14,SKU0198,148,56,20,274
2025-06-21,SKU0198,117,74,20,274
2025-06-28,SKU0198,137,59,20,274
2025-07-05,SKU0198,120,76,20,274
2025-07-12,SKU0198,121,49,20,274
2025-07-19,SKU0198,132,58,20,274
2025-07-26,SKU0198,97,56,20,274
2025-08-02,SKU0198,128,50,20,274
2025-08-09,SKU0198,153,61,20,274
2025-08-16,SKU0198,167,51,20,274
2025-08-23,SKU0198,175,53,20,274
2025-08-30,SKU0198,188,58,20,274
2024-02-18,SKU0199,807,205,16,929
2024-02-25,SKU0199,939,180,16,929
2024-03-03,SKU0199,982,213,16,929
2024-03-10,SKU0199,1067,205,16,929
2024-03-17,SKU0199,972,206,16,929
2024-03-24,SKU0199,997,199,16,929
2024-03-31,SKU0199,1043,210,16,929
2024-04-07,SKU0199,958,197,16,929
2024-04-14,SKU0199,1058,192,16,929
2024-04-21,SKU0199,1037,193,16,929
2024-04-28,SKU0199,1124,172,16,929
2024-05-05,SKU0199,1138,208,16,929
2024-05-12,SKU0199,1139,204,16,929
2024-05-19,SKU0199,1168,197,16,929
2024-05-26,SKU0199,1144,181,16,929
2024-06-02,SKU0199,1163,202,16,929
2024-06-09,SKU0199,1000,172,16,929
2024-06-16,SKU0199,827,188,16,929
2024-06-23,SKU0199,828,183,16,929
2024-06-30,SKU0199,918,203,16,929
2024-07-07,SKU0199,968,161,16,929
2024-07-14,SKU0199,1084,211,16,929
2024-07-21,SKU0199,1103,188,16,929
2024-07-28,SKU0199,1093,184,16,929
2024-08-04,SKU0199,1106,210,16,929
2024-08-11,SKU0199,1137,222,16,929
2024-08-18,SKU0199,1195,222,16,929
2024-08-25,SKU0199,1254,210,16,929
2024-09-01,SKU0199,1237,186,16,929
2024-09-08,SKU0199,1248,180,16,929
2024-09-15,SKU0199,1349,179,16,929
2024-09-22,SKU0199,1461,189,16,929
2024-09-29,SKU0199,1441,201,16,929
2024-10-06,SKU0199,1504,192,16,929
2024-10-13,SKU0199,1413,182,16,929
2024-10-20,SKU0199,1509,179,16,929
2024-10-27,SKU0199,1602,171,16,929
2024-11-03,SKU0199,1633,196,16,929
2024-11-10,SKU0199,1540,179,16,929
2024-11-17,SKU0199,1306,178,16,929
2024-11-24,SKU0199,1190,172,16,929
2024-12-01,SKU0199,1160,210,16,929
2024-12-08,SKU0199,1041,182,16,929
2024-12-15,SKU0199,1148,196,16,929
2024-12-22,SKU0199,1072,194,16,929
2024-12-29,SKU0199,831,194,16,929
2025-01-05,SKU0199,567,173,16,929
2025-01-12,SKU0199,550,208,16,929
2025-01-19,SKU0199,419,191,16,929
2025-01-26,SKU0199,359,158,16,929
2025-02-02,SKU0199,302,207,16,929
2025-02-09,SKU0199,273,169,16,929
2025-02-16,SKU0199,102,202,16,929
2025-02-23,SKU0199,163,184,16,929
2025-03-02,SKU0199,184,178,16,929
2025-03-09,SKU0199,134,198,16,929
2025-03-16,SKU0199,115,190,16,929
2025-03-23,SKU0199,78,184,16,929
2025-03-30,SKU0199,51,181,16,929
2025-04-06,SKU0199,75,190,16,929
2025-04-13,SKU0199,28,183,16,929
2025-04-20,SKU0199,30,218,16,929
2025-04-27,SKU0199,0,183,16,929
2025-05-04,SKU0199,30,186,16,929
2025-05-11,SKU0199,53,203,16,929
2025-05-18,SKU0199,0,205,16,929
2025-05-25,SKU0199,0,175,16,929
2025-06-01,SKU0199,42,198,16,929
2025-06-08,SKU0199,0,182,16,929
2025-06-15,SKU0199,0,189,16,929
2025-06-22,SKU0199,0,197,16,929
2025-06-29,SKU0199,3,184,16,929
2025-07-06,SKU0199,73,188,16,929
2025-07-13,SKU0199,98,180,16,929
2025-07-20,SKU0199,41,192,16,929
2025-07-27,SKU0199,0,194,16,929
2025-08-03,SKU0199,15,186,16,929
2025-08-10,SKU0199,0,177,16,929
2025-08-17,SKU0199,0,185,16,929
2025-08-24,SKU0199,103,198,16,929
2025-08-31,SKU0199,65,204,16,929
2024-07-31,SKU0200,132,10,5,49
2024-08-07,SKU0200,141,11,5,49
2024-08-14,SKU0200,160,18,5,49
2024-08-21,SKU0200,175,7,5,49
2024-08-28,SKU0200,188,6,5,49
2024-09-04,SKU0200,217,10,5,49
2024-09-11,SKU0200,235,10,5,49
2024-09-18,SKU0200,229,8,5,49
2024-09-25,SKU0200,253,11,5,49
2024-10-02,SKU0200,254,11,5,49
2024-10-09,SKU0200,247,11,5,49
2024-10-16,SKU0200,267,6,5,49
2024-10-23,SKU0200,283,6,5,49
2024-10-30,SKU0200,268,9,5,49
2024-11-06,SKU0200,286,8,5,49
2024-11-13,SKU0200,300,13,5,49
2024-11-20,SKU0200,291,10,5,49
2024-11-27,SKU0200,325,8,5,49
2024-12-04,SKU0200,322,12,5,49
2024-12-11,SKU0200,327,10,5,49
2024-12-18,SKU0200,336,4,5,49
2024-12-25,SKU0200,291,13,5,49
2025-01-01,SKU0200,252,13,5,49
2025-01-08,SKU0200,239,8,5,49
2025-01-15,SKU0200,229,13,5,49
2025-01-22,SKU0200,241,11,5,49
2025-01-29,SKU0200,250,9,5,49
2025-02-05,SKU0200,238,11,5,49
2025-02-12,SKU0200,210,15,5,49
2025-02-19,SKU0200,197,12,5,49
2025-02-26,SKU0200,172,11,5,49
2025-03-05,SKU0200,159,13,5,49
2025-03-12,SKU0200,123,11,5,49
2025-03-19,SKU0200,132,9,5,49
2025-03-26,SKU0200,152,21,5,49
2025-04-02,SKU0200,132,11,5,49
2025-04-09,SKU0200,126,9,5,49
2025-04-16,SKU0200,127,16,5,49
2025-04-23,SKU0200,110,5,5,49
2025-04-30,SKU0200,110,6,5,49
2025-05-07,SKU0200,128,8,5,49
2025-05-14,SKU0200,124,14,5,49
2025-05-21,SKU0200,108,13,5,49
2025-05-28,SKU0200,83,10,5,49
2025-06-04,SKU0200,69,16,5,49
2025-06-11,SKU0200,0,10,5,49
2025-06-18,SKU0200,8,13,5,49
2025-06-25,SKU0200,30,14,5,49
2025-07-02,SKU0200,51,12,5,49
2025-07-09,SKU0200,47,9,5,49
2025-07-16,SKU0200,41,10,5,49
2025-07-23,SKU0200,54,16,5,49
2025-07-30,SKU0200,70,10,5,49
2025-08-06,SKU0200,52,10,5,49
2025-08-13,SKU0200,48,9,5,49
2025-08-20,SKU0200,60,10,5,49
2025-08-27,SKU0200,60,13,5,49
