sku_id,week_start,units_sold,revenue,avg_price,promo_days,holiday_days,category,subcategory,unit_cost,list_price,launch_date,promo_flag
SKU0001,2024-07-01,78,602911.14,7729.63,0,0,Small Appliances,Climate,3455.6,7729.63,2024-07-04,0
SKU0001,2024-07-08,66,510155.58,7729.63,0,0,Small Appliances,Climate,3455.6,7729.63,2024-07-04,0
SKU0001,2024-07-15,141,1089877.83,7729.63,0,0,Small Appliances,Climate,3455.6,7729.63,2024-07-04,0
SKU0001,2024-07-22,140,1082148.2,7729.63,0,0,Small Appliances,Climate,3455.6,7729.63,2024-07-04,0
SKU0001,2024-07-29,168,1298577.84,7729.63,0,0,Small Appliances,Climate,3455.6,7729.63,2024-07-04,0
SKU0001,2024-08-05,195,1507277.85,7729.63,0,0,Small Appliances,Climate,3455.6,7729.63,2024-07-04,0
SKU0001,2024-08-12,176,1360414.88,7729.63,0,1,Small Appliances,Climate,3455.6,7729.63,2024-07-04,0
SKU0001,2024-08-19,156,1205822.28,7729.63,0,0,Small Appliances,Climate,3455.6,7729.63,2024-07-04,0
SKU0001,2024-08-26,145,1120796.35,7729.63,0,0,Small Appliances,Climate,3455.6,7729.63,2024-07-04,0
SKU0001,2024-09-02,200,1545926.0,7729.63,0,0,Small Appliances,Climate,3455.6,7729.63,2024-07-04,0
SKU0001,2024-09-09,166,1283118.58,7729.63,0,0,Small Appliances,Climate,3455.6,7729.63,2024-07-04,0
SKU0001,2024-09-16,186,1437711.18,7729.63,0,0,Small Appliances,Climate,3455.6,7729.63,2024-07-04,0
SKU0001,2024-09-23,130,1004851.9,7729.63,0,0,Small Appliances,Climate,3455.6,7729.63,2024-07-04,0
SKU0001,2024-09-30,96,742044.48,7729.63,0,1,Small Appliances,Climate,3455.6,7729.63,2024-07-04,0
SKU0001,2024-10-07,151,1167174.13,7729.63,0,0,Small Appliances,Climate,3455.6,7729.63,2024-07-04,0
SKU0001,2024-10-14,164,1267659.32,7729.63,0,0,Small Appliances,Climate,3455.6,7729.63,2024-07-04,0
SKU0001,2024-10-21,133,1028040.79,7729.63,0,0,Small Appliances,Climate,3455.6,7729.63,2024-07-04,0
SKU0001,2024-10-28,150,1159444.5,7729.63,0,0,Small Appliances,Climate,3455.6,7729.63,2024-07-04,0
SKU0001,2024-11-04,149,1076750.3399999999,7364.542857142857,3,0,Small Appliances,Climate,3455.6,7729.63,2024-07-04,1
SKU0001,2024-11-11,214,1483766.8699999999,7121.151428571428,5,0,Small Appliances,Climate,3455.6,7729.63,2024-07-04,1
SKU0001,2024-11-18,78,602911.14,7729.63,0,0,Small Appliances,Climate,3455.6,7729.63,2024-07-04,0
SKU0001,2024-11-25,130,1004851.9,7729.63,0,0,Small Appliances,Climate,3455.6,7729.63,2024-07-04,0
SKU0001,2024-12-02,120,927555.6,7729.63,0,0,Small Appliances,Climate,3455.6,7729.63,2024-07-04,0
SKU0001,2024-12-09,121,935285.23,7729.63,0,0,Small Appliances,Climate,3455.6,7729.63,2024-07-04,0
SKU0001,2024-12-16,165,1186794.5,7364.542857142857,3,0,Small Appliances,Climate,3455.6,7729.63,2024-07-04,1
SKU0001,2024-12-23,228,1568129.3399999999,6877.76,7,1,Small Appliances,Climate,3455.6,7729.63,2024-07-04,1
SKU0001,2024-12-30,196,1445154.16,7486.238571428571,2,1,Small Appliances,Climate,3455.6,7729.63,2024-07-04,1
SKU0001,2025-01-06,127,981663.01,7729.63,0,0,Small Appliances,Climate,3455.6,7729.63,2024-07-04,0
SKU0001,2025-01-13,147,1136255.61,7729.63,0,0,Small Appliances,Climate,3455.6,7729.63,2024-07-04,0
SKU0001,2025-01-20,117,904366.71,7729.63,0,0,Small Appliances,Climate,3455.6,7729.63,2024-07-04,0
SKU0001,2025-01-27,118,912096.3400000001,7729.63,0,0,Small Appliances,Climate,3455.6,7729.63,2024-07-04,0
SKU0001,2025-02-03,108,834800.04,7729.63,0,0,Small Appliances,Climate,3455.6,7729.63,2024-07-04,0
SKU0001,2025-02-10,94,726585.22,7729.63,0,0,Small Appliances,Climate,3455.6,7729.63,2024-07-04,0
SKU0001,2025-02-17,137,1058959.31,7729.63,0,0,Small Appliances,Climate,3455.6,7729.63,2024-07-04,0
SKU0001,2025-02-24,81,626100.03,7729.63,0,0,Small Appliances,Climate,3455.6,7729.63,2024-07-04,0
SKU0001,2025-03-03,100,772963.0,7729.63,0,0,Small Appliances,Climate,3455.6,7729.63,2024-07-04,0
SKU0001,2025-03-10,98,757503.74,7729.63,0,0,Small Appliances,Climate,3455.6,7729.63,2024-07-04,0
SKU0001,2025-03-17,81,626100.03,7729.63,0,0,Small Appliances,Climate,3455.6,7729.63,2024-07-04,0
SKU0001,2025-03-24,115,888907.45,7729.63,0,0,Small Appliances,Climate,3455.6,7729.63,2024-07-04,0
SKU0001,2025-03-31,158,1221281.54,7729.63,0,0,Small Appliances,Climate,3455.6,7729.63,2024-07-04,0
SKU0001,2025-04-07,131,1012581.53,7729.63,0,0,Small Appliances,Climate,3455.6,7729.63,2024-07-04,0
SKU0001,2025-04-14,90,695666.7,7729.63,0,0,Small Appliances,Climate,3455.6,7729.63,2024-07-04,0
SKU0001,2025-04-21,123,950744.49,7729.63,0,0,Small Appliances,Climate,3455.6,7729.63,2024-07-04,0
SKU0001,2025-04-28,117,904366.71,7729.63,0,0,Small Appliances,Climate,3455.6,7729.63,2024-07-04,0
SKU0001,2025-05-05,127,981663.01,7729.63,0,0,Small Appliances,Climate,3455.6,7729.63,2024-07-04,0
SKU0001,2025-05-12,128,989392.64,7729.63,0,0,Small Appliances,Climate,3455.6,7729.63,2024-07-04,0
SKU0001,2025-05-19,148,1143985.24,7729.63,0,0,Small Appliances,Climate,3455.6,7729.63,2024-07-04,0
SKU0001,2025-05-26,172,1300532.79,7607.934285714286,1,0,Small Appliances,Climate,3455.6,7729.63,2024-07-04,1
SKU0001,2025-06-02,215,1478718.4500000002,6877.76,7,0,Small Appliances,Climate,3455.6,7729.63,2024-07-04,1
SKU0001,2025-06-09,123,936262.7,7486.238571428571,2,0,Small Appliances,Climate,3455.6,7729.63,2024-07-04,1
SKU0001,2025-06-16,230,1777814.9000000001,7729.63,0,0,Small Appliances,Climate,3455.6,7729.63,2024-07-04,0
SKU0001,2025-06-23,174,1344955.62,7729.63,0,0,Small Appliances,Climate,3455.6,7729.63,2024-07-04,0
SKU0001,2025-06-30,145,1120796.35,7729.63,0,0,Small Appliances,Climate,3455.6,7729.63,2024-07-04,0
SKU0001,2025-07-07,163,1259929.69,7729.63,0,0,Small Appliances,Climate,3455.6,7729.63,2024-07-04,0
SKU0001,2025-07-14,193,1491818.59,7729.63,0,0,Small Appliances,Climate,3455.6,7729.63,2024-07-04,0
SKU0001,2025-07-21,203,1569114.89,7729.63,0,0,Small Appliances,Climate,3455.6,7729.63,2024-07-04,0
SKU0001,2025-07-28,133,1028040.79,7729.63,0,0,Small Appliances,Climate,3455.6,7729.63,2024-07-04,0
SKU0001,2025-08-04,175,1352685.25,7729.63,0,0,Small Appliances,Climate,3455.6,7729.63,2024-07-04,0
SKU0001,2025-08-11,167,1290848.21,7729.63,0,1,Small Appliances,Climate,3455.6,7729.63,2024-07-04,0
SKU0001,2025-08-18,187,1445440.81,7729.63,0,0,Small Appliances,Climate,3455.6,7729.63,2024-07-04,0
SKU0001,2025-08-25,141,1089877.83,7729.63,0,0,Small Appliances,Climate,3455.6,7729.63,2024-07-04,0
SKU0002,2025-01-27,177,873532.1699999999,4935.21,0,0,Textiles,Bedding,3176.35,4935.21,2025-01-28,0
SKU0002,2025-02-03,200,987042.0,4935.21,0,0,Textiles,Bedding,3176.35,4935.21,2025-01-28,0
SKU0002,2025-02-10,243,1199256.03,4935.21,0,0,Textiles,Bedding,3176.35,4935.21,2025-01-28,0
SKU0002,2025-02-17,221,1090681.41,4935.21,0,0,Textiles,Bedding,3176.35,4935.21,2025-01-28,0
SKU0002,2025-02-24,287,1416405.27,4935.21,0,0,Textiles,Bedding,3176.35,4935.21,2025-01-28,0
SKU0002,2025-03-03,262,1293025.02,4935.21,0,0,Textiles,Bedding,3176.35,4935.21,2025-01-28,0
SKU0002,2025-03-10,206,1016653.26,4935.21,0,0,Textiles,Bedding,3176.35,4935.21,2025-01-28,0
SKU0002,2025-03-17,245,1209126.45,4935.21,0,0,Textiles,Bedding,3176.35,4935.21,2025-01-28,0
SKU0002,2025-03-24,274,1352247.54,4935.21,0,0,Textiles,Bedding,3176.35,4935.21,2025-01-28,0
SKU0002,2025-03-31,176,868596.96,4935.21,0,0,Textiles,Bedding,3176.35,4935.21,2025-01-28,0
SKU0002,2025-04-07,241,1189385.61,4935.21,0,0,Textiles,Bedding,3176.35,4935.21,2025-01-28,0
SKU0002,2025-04-14,235,1159774.35,4935.21,0,0,Textiles,Bedding,3176.35,4935.21,2025-01-28,0
SKU0002,2025-04-21,234,1154839.14,4935.21,0,0,Textiles,Bedding,3176.35,4935.21,2025-01-28,0
SKU0002,2025-04-28,263,1297960.23,4935.21,0,0,Textiles,Bedding,3176.35,4935.21,2025-01-28,0
SKU0002,2025-05-05,253,1248608.13,4935.21,0,0,Textiles,Bedding,3176.35,4935.21,2025-01-28,0
SKU0002,2025-05-12,265,1307830.65,4935.21,0,0,Textiles,Bedding,3176.35,4935.21,2025-01-28,0
SKU0002,2025-05-19,268,1322636.28,4935.21,0,0,Textiles,Bedding,3176.35,4935.21,2025-01-28,0
SKU0002,2025-05-26,223,1067781.34,4797.518571428571,1,0,Textiles,Bedding,3176.35,4935.21,2025-01-28,1
SKU0002,2025-06-02,395,1568691.96,3971.37,7,0,Textiles,Bedding,3176.35,4935.21,2025-01-28,1
SKU0002,2025-06-09,199,934878.73,4659.827142857143,2,0,Textiles,Bedding,3176.35,4935.21,2025-01-28,1
SKU0002,2025-06-16,189,932754.69,4935.21,0,0,Textiles,Bedding,3176.35,4935.21,2025-01-28,0
SKU0002,2025-06-23,203,1001847.6300000001,4935.21,0,0,Textiles,Bedding,3176.35,4935.21,2025-01-28,0
SKU0002,2025-06-30,175,863661.75,4935.21,0,0,Textiles,Bedding,3176.35,4935.21,2025-01-28,0
SKU0002,2025-07-07,203,1001847.63,4935.21,0,0,Textiles,Bedding,3176.35,4935.21,2025-01-28,0
SKU0002,2025-07-14,157,774827.97,4935.21,0,0,Textiles,Bedding,3176.35,4935.21,2025-01-28,0
SKU0002,2025-07-21,226,1115357.46,4935.21,0,0,Textiles,Bedding,3176.35,4935.21,2025-01-28,0
SKU0002,2025-07-28,196,967301.16,4935.21,0,0,Textiles,Bedding,3176.35,4935.21,2025-01-28,0
SKU0002,2025-08-04,133,656382.9299999999,4935.21,0,0,Textiles,Bedding,3176.35,4935.21,2025-01-28,0
SKU0002,2025-08-11,191,942625.1100000001,4935.21,0,1,Textiles,Bedding,3176.35,4935.21,2025-01-28,0
SKU0002,2025-08-18,185,913013.85,4935.21,0,0,Textiles,Bedding,3176.35,4935.21,2025-01-28,0
SKU0002,2025-08-25,197,972236.37,4935.21,0,0,Textiles,Bedding,3176.35,4935.21,2025-01-28,0
SKU0003,2024-05-13,1,8077.98,8077.98,0,0,Decor,Lighting,3718.05,8077.98,2024-05-17,0
SKU0003,2024-05-20,6,48467.88,8077.9800000000005,0,0,Decor,Lighting,3718.05,8077.98,2024-05-17,0
SKU0003,2024-05-27,17,122167.48,7536.617142857142,2,0,Decor,Lighting,3718.05,8077.98,2024-05-17,1
SKU0003,2024-06-03,21,129847.35,6183.21,7,0,Decor,Lighting,3718.05,8077.98,2024-05-17,1
SKU0003,2024-06-10,15,117380.15,7807.2985714285705,1,0,Decor,Lighting,3718.05,8077.98,2024-05-17,1
SKU0003,2024-06-17,11,88857.78,8077.9800000000005,0,0,Decor,Lighting,3718.05,8077.98,2024-05-17,0
SKU0003,2024-06-24,10,80779.79999999999,8077.9800000000005,0,0,Decor,Lighting,3718.05,8077.98,2024-05-17,0
SKU0003,2024-07-01,12,96935.76,8077.9800000000005,0,0,Decor,Lighting,3718.05,8077.98,2024-05-17,0
SKU0003,2024-07-08,11,88857.78,8077.9800000000005,0,0,Decor,Lighting,3718.05,8077.98,2024-05-17,0
SKU0003,2024-07-15,12,96935.76,8077.9800000000005,0,0,Decor,Lighting,3718.05,8077.98,2024-05-17,0
SKU0003,2024-07-22,18,145403.64,8077.9800000000005,0,0,Decor,Lighting,3718.05,8077.98,2024-05-17,0
SKU0003,2024-07-29,14,113091.72,8077.9800000000005,0,0,Decor,Lighting,3718.05,8077.98,2024-05-17,0
SKU0003,2024-08-05,13,105013.74,8077.9800000000005,0,0,Decor,Lighting,3718.05,8077.98,2024-05-17,0
SKU0003,2024-08-12,6,48467.88,8077.9800000000005,0,1,Decor,Lighting,3718.05,8077.98,2024-05-17,0
SKU0003,2024-08-19,16,129247.68,8077.9800000000005,0,0,Decor,Lighting,3718.05,8077.98,2024-05-17,0
SKU0003,2024-08-26,23,185793.53999999998,8077.9800000000005,0,0,Decor,Lighting,3718.05,8077.98,2024-05-17,0
SKU0003,2024-09-02,23,185793.54,8077.9800000000005,0,0,Decor,Lighting,3718.05,8077.98,2024-05-17,0
SKU0003,2024-09-09,10,80779.79999999999,8077.9800000000005,0,0,Decor,Lighting,3718.05,8077.98,2024-05-17,0
SKU0003,2024-09-16,25,201949.5,8077.9800000000005,0,0,Decor,Lighting,3718.05,8077.98,2024-05-17,0
SKU0003,2024-09-23,18,145403.63999999998,8077.9800000000005,0,0,Decor,Lighting,3718.05,8077.98,2024-05-17,0
SKU0003,2024-09-30,10,80779.79999999999,8077.9800000000005,0,1,Decor,Lighting,3718.05,8077.98,2024-05-17,0
SKU0003,2024-10-07,12,96935.76,8077.9800000000005,0,0,Decor,Lighting,3718.05,8077.98,2024-05-17,0
SKU0003,2024-10-14,11,88857.78,8077.9800000000005,0,0,Decor,Lighting,3718.05,8077.98,2024-05-17,0
SKU0003,2024-10-21,13,105013.73999999999,8077.9800000000005,0,0,Decor,Lighting,3718.05,8077.98,2024-05-17,0
SKU0003,2024-10-28,12,96935.76,8077.9800000000005,0,0,Decor,Lighting,3718.05,8077.98,2024-05-17,0
SKU0003,2024-11-04,35,244833.83000000002,7265.935714285713,3,0,Decor,Lighting,3718.05,8077.98,2024-05-17,1
SKU0003,2024-11-11,27,182104.77,6724.572857142857,5,0,Decor,Lighting,3718.05,8077.98,2024-05-17,1
SKU0003,2024-11-18,13,105013.73999999999,8077.9800000000005,0,0,Decor,Lighting,3718.05,8077.98,2024-05-17,0
SKU0003,2024-11-25,11,88857.78,8077.9800000000005,0,0,Decor,Lighting,3718.05,8077.98,2024-05-17,0
SKU0003,2024-12-02,14,113091.72,8077.9800000000005,0,0,Decor,Lighting,3718.05,8077.98,2024-05-17,0
SKU0003,2024-12-09,11,88857.78,8077.9800000000005,0,0,Decor,Lighting,3718.05,8077.98,2024-05-17,0
SKU0003,2024-12-16,25,165948.8,7265.935714285713,3,0,Decor,Lighting,3718.05,8077.98,2024-05-17,1
SKU0003,2024-12-23,38,234961.86,6183.21,7,1,Decor,Lighting,3718.05,8077.98,2024-05-17,1
SKU0003,2024-12-30,17,116483.15,7536.617142857142,2,1,Decor,Lighting,3718.05,8077.98,2024-05-17,1
SKU0003,2025-01-06,16,129247.68,8077.9800000000005,0,0,Decor,Lighting,3718.05,8077.98,2024-05-17,0
SKU0003,2025-01-13,6,48467.88,8077.9800000000005,0,0,Decor,Lighting,3718.05,8077.98,2024-05-17,0
SKU0003,2025-01-20,20,161559.6,8077.9800000000005,0,0,Decor,Lighting,3718.05,8077.98,2024-05-17,0
SKU0003,2025-01-27,26,210027.48,8077.9800000000005,0,0,Decor,Lighting,3718.05,8077.98,2024-05-17,0
SKU0003,2025-02-03,15,121169.7,8077.9800000000005,0,0,Decor,Lighting,3718.05,8077.98,2024-05-17,0
SKU0003,2025-02-10,19,153481.62,8077.9800000000005,0,0,Decor,Lighting,3718.05,8077.98,2024-05-17,0
SKU0003,2025-02-17,27,218105.46000000002,8077.9800000000005,0,0,Decor,Lighting,3718.05,8077.98,2024-05-17,0
SKU0003,2025-02-24,17,137325.66,8077.9800000000005,0,0,Decor,Lighting,3718.05,8077.98,2024-05-17,0
SKU0003,2025-03-03,22,177715.56,8077.9800000000005,0,0,Decor,Lighting,3718.05,8077.98,2024-05-17,0
SKU0003,2025-03-10,18,145403.63999999998,8077.9800000000005,0,0,Decor,Lighting,3718.05,8077.98,2024-05-17,0
SKU0003,2025-03-17,15,121169.7,8077.9800000000005,0,0,Decor,Lighting,3718.05,8077.98,2024-05-17,0
SKU0003,2025-03-24,19,153481.62,8077.9800000000005,0,0,Decor,Lighting,3718.05,8077.98,2024-05-17,0
SKU0003,2025-03-31,24,193871.52,8077.9800000000005,0,0,Decor,Lighting,3718.05,8077.98,2024-05-17,0
SKU0003,2025-04-07,18,145403.64,8077.9800000000005,0,0,Decor,Lighting,3718.05,8077.98,2024-05-17,0
SKU0003,2025-04-14,17,137325.66,8077.9800000000005,0,0,Decor,Lighting,3718.05,8077.98,2024-05-17,0
SKU0003,2025-04-21,9,72701.82,8077.9800000000005,0,0,Decor,Lighting,3718.05,8077.98,2024-05-17,0
SKU0003,2025-04-28,13,105013.73999999999,8077.9800000000005,0,0,Decor,Lighting,3718.05,8077.98,2024-05-17,0
SKU0003,2025-05-05,17,137325.66,8077.9800000000005,0,0,Decor,Lighting,3718.05,8077.98,2024-05-17,0
SKU0003,2025-05-12,13,105013.73999999999,8077.9800000000005,0,0,Decor,Lighting,3718.05,8077.98,2024-05-17,0
SKU0003,2025-05-19,11,88857.78,8077.9800000000005,0,0,Decor,Lighting,3718.05,8077.98,2024-05-17,0
SKU0003,2025-05-26,9,70807.05,7807.2985714285705,1,0,Decor,Lighting,3718.05,8077.98,2024-05-17,1
SKU0003,2025-06-02,27,166946.57,6183.21,7,0,Decor,Lighting,3718.05,8077.98,2024-05-17,1
SKU0003,2025-06-09,14,99828.31,7536.617142857142,2,0,Decor,Lighting,3718.05,8077.98,2024-05-17,1
SKU0003,2025-06-16,12,96935.76,8077.9800000000005,0,0,Decor,Lighting,3718.05,8077.98,2024-05-17,0
SKU0003,2025-06-23,13,105013.73999999999,8077.9800000000005,0,0,Decor,Lighting,3718.05,8077.98,2024-05-17,0
SKU0003,2025-06-30,10,80779.79999999999,8077.9800000000005,0,0,Decor,Lighting,3718.05,8077.98,2024-05-17,0
SKU0003,2025-07-07,20,161559.59999999998,8077.9800000000005,0,0,Decor,Lighting,3718.05,8077.98,2024-05-17,0
SKU0003,2025-07-14,13,105013.73999999999,8077.9800000000005,0,0,Decor,Lighting,3718.05,8077.98,2024-05-17,0
SKU0003,2025-07-21,6,48467.88,8077.9800000000005,0,0,Decor,Lighting,3718.05,8077.98,2024-05-17,0
SKU0003,2025-07-28,16,129247.68,8077.9800000000005,0,0,Decor,Lighting,3718.05,8077.98,2024-05-17,0
SKU0003,2025-08-04,12,96935.76,8077.9800000000005,0,0,Decor,Lighting,3718.05,8077.98,2024-05-17,0
SKU0003,2025-08-11,14,113091.72,8077.9800000000005,0,1,Decor,Lighting,3718.05,8077.98,2024-05-17,0
SKU0003,2025-08-18,11,88857.78,8077.9800000000005,0,0,Decor,Lighting,3718.05,8077.98,2024-05-17,0
SKU0003,2025-08-25,11,88857.78,8077.9800000000005,0,0,Decor,Lighting,3718.05,8077.98,2024-05-17,0
SKU0004,2024-07-08,51,172084.71,3374.2100000000005,0,0,Decor,Rugs,2285.15,3374.21,2024-07-12,0
SKU0004,2024-07-15,124,418402.04,3374.21,0,0,Decor,Rugs,2285.15,3374.21,2024-07-12,0
SKU0004,2024-07-22,124,418402.04,3374.21,0,0,Decor,Rugs,2285.15,3374.21,2024-07-12,0
SKU0004,2024-07-29,162,546622.02,3374.21,0,0,Decor,Rugs,2285.15,3374.21,2024-07-12,0
SKU0004,2024-08-05,119,401530.99,3374.21,0,0,Decor,Rugs,2285.15,3374.21,2024-07-12,0
SKU0004,2024-08-12,138,465640.98,3374.21,0,1,Decor,Rugs,2285.15,3374.21,2024-07-12,0
SKU0004,2024-08-19,157,529750.97,3374.21,0,0,Decor,Rugs,2285.15,3374.21,2024-07-12,0
SKU0004,2024-08-26,145,489260.45,3374.21,0,0,Decor,Rugs,2285.15,3374.21,2024-07-12,0
SKU0004,2024-09-02,134,452144.14,3374.21,0,0,Decor,Rugs,2285.15,3374.21,2024-07-12,0
SKU0004,2024-09-09,121,408279.41000000003,3374.21,0,0,Decor,Rugs,2285.15,3374.21,2024-07-12,0
SKU0004,2024-09-16,135,455518.35,3374.21,0,0,Decor,Rugs,2285.15,3374.21,2024-07-12,0
SKU0004,2024-09-23,164,553370.4400000001,3374.21,0,0,Decor,Rugs,2285.15,3374.21,2024-07-12,0
SKU0004,2024-09-30,184,620854.64,3374.21,0,1,Decor,Rugs,2285.15,3374.21,2024-07-12,0
SKU0004,2024-10-07,158,533125.18,3374.21,0,0,Decor,Rugs,2285.15,3374.21,2024-07-12,0
SKU0004,2024-10-14,141,475763.61,3374.21,0,0,Decor,Rugs,2285.15,3374.21,2024-07-12,0
SKU0004,2024-10-21,150,506131.5,3374.21,0,0,Decor,Rugs,2285.15,3374.21,2024-07-12,0
SKU0004,2024-10-28,140,472389.39999999997,3374.21,0,0,Decor,Rugs,2285.15,3374.21,2024-07-12,0
SKU0004,2024-11-04,211,620103.44,3048.8685714285716,3,0,Decor,Rugs,2285.15,3374.21,2024-07-12,1
SKU0004,2024-11-11,286,775241.26,2831.9742857142855,5,0,Decor,Rugs,2285.15,3374.21,2024-07-12,1
SKU0004,2024-11-18,160,539873.6,3374.21,0,0,Decor,Rugs,2285.15,3374.21,2024-07-12,0
SKU0004,2024-11-25,125,421776.25,3374.21,0,0,Decor,Rugs,2285.15,3374.21,2024-07-12,0
SKU0004,2024-12-02,155,523002.55,3374.21,0,0,Decor,Rugs,2285.15,3374.21,2024-07-12,0
SKU0004,2024-12-09,186,627603.06,3374.21,0,0,Decor,Rugs,2285.15,3374.21,2024-07-12,0
SKU0004,2024-12-16,182,552616.6,3048.8685714285716,3,0,Decor,Rugs,2285.15,3374.21,2024-07-12,1
SKU0004,2024-12-23,289,755757.7799999999,2615.0799999999995,7,1,Decor,Rugs,2285.15,3374.21,2024-07-12,1
SKU0004,2024-12-30,159,478805.42,3157.315714285714,2,1,Decor,Rugs,2285.15,3374.21,2024-07-12,1
SKU0004,2025-01-06,145,489260.45,3374.21,0,0,Decor,Rugs,2285.15,3374.21,2024-07-12,0
SKU0004,2025-01-13,154,519628.34,3374.21,0,0,Decor,Rugs,2285.15,3374.21,2024-07-12,0
SKU0004,2025-01-20,167,563493.0700000001,3374.21,0,0,Decor,Rugs,2285.15,3374.21,2024-07-12,0
SKU0004,2025-01-27,169,570241.49,3374.21,0,0,Decor,Rugs,2285.15,3374.21,2024-07-12,0
SKU0004,2025-02-03,146,492634.66000000003,3374.21,0,0,Decor,Rugs,2285.15,3374.21,2024-07-12,0
SKU0004,2025-02-10,128,431898.88,3374.21,0,0,Decor,Rugs,2285.15,3374.21,2024-07-12,0
SKU0004,2025-02-17,162,546622.02,3374.21,0,0,Decor,Rugs,2285.15,3374.21,2024-07-12,0
SKU0004,2025-02-24,168,566867.28,3374.21,0,0,Decor,Rugs,2285.15,3374.21,2024-07-12,0
SKU0004,2025-03-03,174,587112.54,3374.21,0,0,Decor,Rugs,2285.15,3374.21,2024-07-12,0
SKU0004,2025-03-10,155,523002.55000000005,3374.21,0,0,Decor,Rugs,2285.15,3374.21,2024-07-12,0
SKU0004,2025-03-17,169,570241.49,3374.21,0,0,Decor,Rugs,2285.15,3374.21,2024-07-12,0
SKU0004,2025-03-24,138,465640.98,3374.21,0,0,Decor,Rugs,2285.15,3374.21,2024-07-12,0
SKU0004,2025-03-31,149,502757.29000000004,3374.21,0,0,Decor,Rugs,2285.15,3374.21,2024-07-12,0
SKU0004,2025-04-07,159,536499.39,3374.21,0,0,Decor,Rugs,2285.15,3374.21,2024-07-12,0
SKU0004,2025-04-14,156,526376.76,3374.21,0,0,Decor,Rugs,2285.15,3374.21,2024-07-12,0
SKU0004,2025-04-21,121,408279.41,3374.21,0,0,Decor,Rugs,2285.15,3374.21,2024-07-12,0
SKU0004,2025-04-28,136,458892.56000000006,3374.21,0,0,Decor,Rugs,2285.15,3374.21,2024-07-12,0
SKU0004,2025-05-05,142,479137.81999999995,3374.21,0,0,Decor,Rugs,2285.15,3374.21,2024-07-12,0
SKU0004,2025-05-12,156,526376.76,3374.21,0,0,Decor,Rugs,2285.15,3374.21,2024-07-12,0
SKU0004,2025-05-19,149,502757.29,3374.21,0,0,Decor,Rugs,2285.15,3374.21,2024-07-12,0
SKU0004,2025-05-26,190,604661.6,3265.7628571428572,1,0,Decor,Rugs,2285.15,3374.21,2024-07-12,1
SKU0004,2025-06-02,264,690380.8,2615.0799999999995,7,0,Decor,Rugs,2285.15,3374.21,2024-07-12,1
SKU0004,2025-06-09,177,550928.16,3157.315714285714,2,0,Decor,Rugs,2285.15,3374.21,2024-07-12,1
SKU0004,2025-06-16,121,408279.41,3374.21,0,0,Decor,Rugs,2285.15,3374.21,2024-07-12,0
SKU0004,2025-06-23,130,438647.3,3374.21,0,0,Decor,Rugs,2285.15,3374.21,2024-07-12,0
SKU0004,2025-06-30,94,317175.74,3374.21,0,0,Decor,Rugs,2285.15,3374.21,2024-07-12,0
SKU0004,2025-07-07,151,509505.70999999996,3374.21,0,0,Decor,Rugs,2285.15,3374.21,2024-07-12,0
SKU0004,2025-07-14,128,431898.88,3374.21,0,0,Decor,Rugs,2285.15,3374.21,2024-07-12,0
SKU0004,2025-07-21,179,603983.59,3374.21,0,0,Decor,Rugs,2285.15,3374.21,2024-07-12,0
SKU0004,2025-07-28,159,536499.39,3374.21,0,0,Decor,Rugs,2285.15,3374.21,2024-07-12,0
SKU0004,2025-08-04,98,330672.58,3374.21,0,0,Decor,Rugs,2285.15,3374.21,2024-07-12,0
SKU0004,2025-08-11,175,590486.75,3374.21,0,1,Decor,Rugs,2285.15,3374.21,2024-07-12,0
SKU0004,2025-08-18,157,529750.97,3374.21,0,0,Decor,Rugs,2285.15,3374.21,2024-07-12,0
SKU0004,2025-08-25,140,472389.39999999997,3374.21,0,0,Decor,Rugs,2285.15,3374.21,2024-07-12,0
SKU0005,2024-11-11,82,459330.38,5601.59,0,0,Textiles,Bedding,3068.64,5601.59,2024-11-16,0
SKU0005,2024-11-18,160,896254.4,5601.590000000001,0,0,Textiles,Bedding,3068.64,5601.59,2024-11-16,0
SKU0005,2024-11-25,162,907457.5800000001,5601.590000000001,0,0,Textiles,Bedding,3068.64,5601.59,2024-11-16,0
SKU0005,2024-12-02,174,974676.66,5601.590000000001,0,0,Textiles,Bedding,3068.64,5601.59,2024-11-16,0
SKU0005,2024-12-09,208,1165130.72,5601.590000000001,0,0,Textiles,Bedding,3068.64,5601.59,2024-11-16,0
SKU0005,2024-12-16,297,1491665.91,5154.821428571428,3,0,Textiles,Bedding,3068.64,5601.59,2024-11-16,1
SKU0005,2024-12-23,298,1358619.98,4559.13,7,1,Textiles,Bedding,3068.64,5601.59,2024-11-16,1
SKU0005,2024-12-30,216,1097357.48,5303.744285714286,2,1,Textiles,Bedding,3068.64,5601.59,2024-11-16,1
SKU0005,2025-01-06,208,1165130.72,5601.590000000001,0,0,Textiles,Bedding,3068.64,5601.59,2024-11-16,0
SKU0005,2025-01-13,154,862644.86,5601.590000000001,0,0,Textiles,Bedding,3068.64,5601.59,2024-11-16,0
SKU0005,2025-01-20,149,834636.9099999999,5601.590000000001,0,0,Textiles,Bedding,3068.64,5601.59,2024-11-16,0
SKU0005,2025-01-27,148,829035.3200000001,5601.590000000001,0,0,Textiles,Bedding,3068.64,5601.59,2024-11-16,0
SKU0005,2025-02-03,120,672190.8,5601.590000000001,0,0,Textiles,Bedding,3068.64,5601.59,2024-11-16,0
SKU0005,2025-02-10,238,1333178.42,5601.590000000001,0,0,Textiles,Bedding,3068.64,5601.59,2024-11-16,0
SKU0005,2025-02-17,213,1193138.67,5601.590000000001,0,0,Textiles,Bedding,3068.64,5601.59,2024-11-16,0
SKU0005,2025-02-24,202,1131521.18,5601.590000000001,0,0,Textiles,Bedding,3068.64,5601.59,2024-11-16,0
SKU0005,2025-03-03,165,924262.35,5601.590000000001,0,0,Textiles,Bedding,3068.64,5601.59,2024-11-16,0
SKU0005,2025-03-10,147,823433.73,5601.590000000001,0,0,Textiles,Bedding,3068.64,5601.59,2024-11-16,0
SKU0005,2025-03-17,149,834636.91,5601.590000000001,0,0,Textiles,Bedding,3068.64,5601.59,2024-11-16,0
SKU0005,2025-03-24,186,1041895.74,5601.590000000001,0,0,Textiles,Bedding,3068.64,5601.59,2024-11-16,0
SKU0005,2025-03-31,121,677792.39,5601.590000000001,0,0,Textiles,Bedding,3068.64,5601.59,2024-11-16,0
SKU0005,2025-04-07,96,537752.64,5601.590000000001,0,0,Textiles,Bedding,3068.64,5601.59,2024-11-16,0
SKU0005,2025-04-14,153,857043.27,5601.590000000001,0,0,Textiles,Bedding,3068.64,5601.59,2024-11-16,0
SKU0005,2025-04-21,150,840238.5,5601.590000000001,0,0,Textiles,Bedding,3068.64,5601.59,2024-11-16,0
SKU0005,2025-04-28,139,778621.01,5601.590000000001,0,0,Textiles,Bedding,3068.64,5601.59,2024-11-16,0
SKU0005,2025-05-05,104,582565.36,5601.590000000001,0,0,Textiles,Bedding,3068.64,5601.59,2024-11-16,0
SKU0005,2025-05-12,118,660987.62,5601.590000000001,0,0,Textiles,Bedding,3068.64,5601.59,2024-11-16,0
SKU0005,2025-05-19,137,767417.83,5601.590000000001,0,0,Textiles,Bedding,3068.64,5601.59,2024-11-16,0
SKU0005,2025-05-26,194,1031457.95,5452.667142857143,1,0,Textiles,Bedding,3068.64,5601.59,2024-11-16,1
SKU0005,2025-06-02,292,1331265.22,4559.13,7,0,Textiles,Bedding,3068.64,5601.59,2024-11-16,1
SKU0005,2025-06-09,157,831496.35,5303.744285714286,2,0,Textiles,Bedding,3068.64,5601.59,2024-11-16,1
SKU0005,2025-06-16,108,604971.72,5601.590000000001,0,0,Textiles,Bedding,3068.64,5601.59,2024-11-16,0
SKU0005,2025-06-23,164,918660.76,5601.590000000001,0,0,Textiles,Bedding,3068.64,5601.59,2024-11-16,0
SKU0005,2025-06-30,155,868246.45,5601.590000000001,0,0,Textiles,Bedding,3068.64,5601.59,2024-11-16,0
SKU0005,2025-07-07,159,890652.81,5601.590000000001,0,0,Textiles,Bedding,3068.64,5601.59,2024-11-16,0
SKU0005,2025-07-14,127,711401.9299999999,5601.590000000001,0,0,Textiles,Bedding,3068.64,5601.59,2024-11-16,0
SKU0005,2025-07-21,138,773019.42,5601.590000000001,0,0,Textiles,Bedding,3068.64,5601.59,2024-11-16,0
SKU0005,2025-07-28,107,599370.13,5601.590000000001,0,0,Textiles,Bedding,3068.64,5601.59,2024-11-16,0
SKU0005,2025-08-04,113,632979.6699999999,5601.590000000001,0,0,Textiles,Bedding,3068.64,5601.59,2024-11-16,0
SKU0005,2025-08-11,125,700198.75,5601.590000000001,0,1,Textiles,Bedding,3068.64,5601.59,2024-11-16,0
SKU0005,2025-08-18,166,929863.9400000001,5601.590000000001,0,0,Textiles,Bedding,3068.64,5601.59,2024-11-16,0
SKU0005,2025-08-25,137,767417.83,5601.590000000001,0,0,Textiles,Bedding,3068.64,5601.59,2024-11-16,0
SKU0006,2024-12-16,55,89059.59,1652.646,3,0,Textiles,Throws,899.36,1762.8,2024-12-18,1
SKU0006,2024-12-23,113,178450.65,1579.2100000000003,7,1,Textiles,Throws,899.36,1762.8,2024-12-18,1
SKU0006,2024-12-30,76,125344.03,1710.3457142857144,2,1,Textiles,Throws,899.36,1762.8,2024-12-18,1
SKU0006,2025-01-06,51,89902.8,1762.8,0,0,Textiles,Throws,899.36,1762.8,2024-12-18,0
SKU0006,2025-01-13,65,114582.0,1762.8,0,0,Textiles,Throws,899.36,1762.8,2024-12-18,0
SKU0006,2025-01-20,102,179805.6,1762.8,0,0,Textiles,Throws,899.36,1762.8,2024-12-18,0
SKU0006,2025-01-27,73,128684.4,1762.8,0,0,Textiles,Throws,899.36,1762.8,2024-12-18,0
SKU0006,2025-02-03,73,128684.40000000001,1762.8,0,0,Textiles,Throws,899.36,1762.8,2024-12-18,0
SKU0006,2025-02-10,59,104005.2,1762.8,0,0,Textiles,Throws,899.36,1762.8,2024-12-18,0
SKU0006,2025-02-17,71,125158.8,1762.8,0,0,Textiles,Throws,899.36,1762.8,2024-12-18,0
SKU0006,2025-02-24,75,132210.0,1762.8,0,0,Textiles,Throws,899.36,1762.8,2024-12-18,0
SKU0006,2025-03-03,79,139261.2,1762.8,0,0,Textiles,Throws,899.36,1762.8,2024-12-18,0
SKU0006,2025-03-10,72,126921.6,1762.8,0,0,Textiles,Throws,899.36,1762.8,2024-12-18,0
SKU0006,2025-03-17,57,100479.59999999999,1762.8,0,0,Textiles,Throws,899.36,1762.8,2024-12-18,0
SKU0006,2025-03-24,87,153363.6,1762.8,0,0,Textiles,Throws,899.36,1762.8,2024-12-18,0
SKU0006,2025-03-31,78,137498.4,1762.8,0,0,Textiles,Throws,899.36,1762.8,2024-12-18,0
SKU0006,2025-04-07,114,200959.2,1762.8,0,0,Textiles,Throws,899.36,1762.8,2024-12-18,0
SKU0006,2025-04-14,102,179805.6,1762.8,0,0,Textiles,Throws,899.36,1762.8,2024-12-18,0
SKU0006,2025-04-21,116,204484.8,1762.8,0,0,Textiles,Throws,899.36,1762.8,2024-12-18,0
SKU0006,2025-04-28,87,153363.6,1762.8,0,0,Textiles,Throws,899.36,1762.8,2024-12-18,0
SKU0006,2025-05-05,86,151600.8,1762.8,0,0,Textiles,Throws,899.36,1762.8,2024-12-18,0
SKU0006,2025-05-12,67,118107.6,1762.8,0,0,Textiles,Throws,899.36,1762.8,2024-12-18,0
SKU0006,2025-05-19,51,89902.79999999999,1762.8,0,0,Textiles,Throws,899.36,1762.8,2024-12-18,0
SKU0006,2025-05-26,103,174408.36,1736.5728571428572,1,0,Textiles,Throws,899.36,1762.8,2024-12-18,1
SKU0006,2025-06-02,134,211614.02,1579.2100000000003,7,0,Textiles,Throws,899.36,1762.8,2024-12-18,1
SKU0006,2025-06-09,87,147488.69,1710.3457142857144,2,0,Textiles,Throws,899.36,1762.8,2024-12-18,1
SKU0006,2025-06-16,105,185094.0,1762.8,0,0,Textiles,Throws,899.36,1762.8,2024-12-18,0
SKU0006,2025-06-23,63,111056.4,1762.8,0,0,Textiles,Throws,899.36,1762.8,2024-12-18,0
SKU0006,2025-06-30,93,163940.4,1762.8,0,0,Textiles,Throws,899.36,1762.8,2024-12-18,0
SKU0006,2025-07-07,90,158652.0,1762.8,0,0,Textiles,Throws,899.36,1762.8,2024-12-18,0
SKU0006,2025-07-14,110,193908.0,1762.8,0,0,Textiles,Throws,899.36,1762.8,2024-12-18,0
SKU0006,2025-07-21,113,199196.4,1762.8,0,0,Textiles,Throws,899.36,1762.8,2024-12-18,0
SKU0006,2025-07-28,45,79326.0,1762.8,0,0,Textiles,Throws,899.36,1762.8,2024-12-18,0
SKU0006,2025-08-04,112,197433.6,1762.8,0,0,Textiles,Throws,899.36,1762.8,2024-12-18,0
SKU0006,2025-08-11,80,141024.0,1762.8,0,1,Textiles,Throws,899.36,1762.8,2024-12-18,0
SKU0006,2025-08-18,61,107530.8,1762.8,0,0,Textiles,Throws,899.36,1762.8,2024-12-18,0
SKU0006,2025-08-25,81,142786.8,1762.8,0,0,Textiles,Throws,899.36,1762.8,2024-12-18,0
SKU0007,2023-12-18,244,1261070.95,5274.001428571428,5,0,Furniture,Tables,2779.74,6375.93,2023-12-18,1
SKU0007,2023-12-25,301,1454801.82,4833.2300000000005,7,1,Furniture,Tables,2779.74,6375.93,2023-12-18,1
SKU0007,2024-01-01,156,994645.08,6375.93,0,1,Furniture,Tables,2779.74,6375.93,2023-12-18,0
SKU0007,2024-01-08,141,899006.13,6375.93,0,0,Furniture,Tables,2779.74,6375.93,2023-12-18,0
SKU0007,2024-01-15,148,943637.64,6375.93,0,0,Furniture,Tables,2779.74,6375.93,2023-12-18,0
SKU0007,2024-01-22,168,1071156.24,6375.93,0,0,Furniture,Tables,2779.74,6375.93,2023-12-18,0
SKU0007,2024-01-29,149,950013.5700000001,6375.93,0,0,Furniture,Tables,2779.74,6375.93,2023-12-18,0
SKU0007,2024-02-05,129,822494.97,6375.93,0,0,Furniture,Tables,2779.74,6375.93,2023-12-18,0
SKU0007,2024-02-12,135,860750.55,6375.93,0,0,Furniture,Tables,2779.74,6375.93,2023-12-18,0
SKU0007,2024-02-19,144,918133.92,6375.93,0,0,Furniture,Tables,2779.74,6375.93,2023-12-18,0
SKU0007,2024-02-26,130,828870.9,6375.93,0,0,Furniture,Tables,2779.74,6375.93,2023-12-18,0
SKU0007,2024-03-04,147,937261.71,6375.93,0,0,Furniture,Tables,2779.74,6375.93,2023-12-18,0
SKU0007,2024-03-11,139,886254.27,6375.93,0,0,Furniture,Tables,2779.74,6375.93,2023-12-18,0
SKU0007,2024-03-18,140,892630.2000000001,6375.93,0,0,Furniture,Tables,2779.74,6375.93,2023-12-18,0
SKU0007,2024-03-25,133,847998.69,6375.93,0,0,Furniture,Tables,2779.74,6375.93,2023-12-18,0
SKU0007,2024-04-01,125,796991.25,6375.93,0,0,Furniture,Tables,2779.74,6375.93,2023-12-18,0
SKU0007,2024-04-08,172,1096659.96,6375.93,0,0,Furniture,Tables,2779.74,6375.93,2023-12-18,0
SKU0007,2024-04-15,118,752359.74,6375.93,0,0,Furniture,Tables,2779.74,6375.93,2023-12-18,0
SKU0007,2024-04-22,153,975517.29,6375.93,0,0,Furniture,Tables,2779.74,6375.93,2023-12-18,0
SKU0007,2024-04-29,151,962765.43,6375.93,0,0,Furniture,Tables,2779.74,6375.93,2023-12-18,0
SKU0007,2024-05-06,163,1039276.5900000001,6375.93,0,0,Furniture,Tables,2779.74,6375.93,2023-12-18,0
SKU0007,2024-05-13,176,1122163.68,6375.93,0,0,Furniture,Tables,2779.74,6375.93,2023-12-18,0
SKU0007,2024-05-20,160,1020148.8,6375.93,0,0,Furniture,Tables,2779.74,6375.93,2023-12-18,0
SKU0007,2024-05-27,147,840071.53,5935.158571428571,2,0,Furniture,Tables,2779.74,6375.93,2023-12-18,1
SKU0007,2024-06-03,301,1454801.8199999998,4833.2300000000005,7,0,Furniture,Tables,2779.74,6375.93,2023-12-18,1
SKU0007,2024-06-10,184,1092950.65,6155.544285714285,1,0,Furniture,Tables,2779.74,6375.93,2023-12-18,1
SKU0007,2024-06-17,140,892630.2,6375.93,0,0,Furniture,Tables,2779.74,6375.93,2023-12-18,0
SKU0007,2024-06-24,185,1179547.05,6375.93,0,0,Furniture,Tables,2779.74,6375.93,2023-12-18,0
SKU0007,2024-07-01,130,828870.9,6375.93,0,0,Furniture,Tables,2779.74,6375.93,2023-12-18,0
SKU0007,2024-07-08,143,911757.99,6375.93,0,0,Furniture,Tables,2779.74,6375.93,2023-12-18,0
SKU0007,2024-07-15,155,988269.15,6375.93,0,0,Furniture,Tables,2779.74,6375.93,2023-12-18,0
SKU0007,2024-07-22,139,886254.27,6375.93,0,0,Furniture,Tables,2779.74,6375.93,2023-12-18,0
SKU0007,2024-07-29,172,1096659.96,6375.93,0,0,Furniture,Tables,2779.74,6375.93,2023-12-18,0
SKU0007,2024-08-05,184,1173171.12,6375.93,0,0,Furniture,Tables,2779.74,6375.93,2023-12-18,0
SKU0007,2024-08-12,166,1058404.38,6375.93,0,1,Furniture,Tables,2779.74,6375.93,2023-12-18,0
SKU0007,2024-08-19,171,1090284.03,6375.93,0,0,Furniture,Tables,2779.74,6375.93,2023-12-18,0
SKU0007,2024-08-26,146,930885.78,6375.93,0,0,Furniture,Tables,2779.74,6375.93,2023-12-18,0
SKU0007,2024-09-02,128,816119.0399999999,6375.93,0,0,Furniture,Tables,2779.74,6375.93,2023-12-18,0
SKU0007,2024-09-09,204,1300689.72,6375.93,0,0,Furniture,Tables,2779.74,6375.93,2023-12-18,0
SKU0007,2024-09-16,151,962765.43,6375.93,0,0,Furniture,Tables,2779.74,6375.93,2023-12-18,0
SKU0007,2024-09-23,119,758735.67,6375.93,0,0,Furniture,Tables,2779.74,6375.93,2023-12-18,0
SKU0007,2024-09-30,199,1268810.07,6375.93,0,1,Furniture,Tables,2779.74,6375.93,2023-12-18,0
SKU0007,2024-10-07,179,1141291.47,6375.93,0,0,Furniture,Tables,2779.74,6375.93,2023-12-18,0
SKU0007,2024-10-14,206,1313441.58,6375.93,0,0,Furniture,Tables,2779.74,6375.93,2023-12-18,0
SKU0007,2024-10-21,182,1160419.26,6375.93,0,0,Furniture,Tables,2779.74,6375.93,2023-12-18,0
SKU0007,2024-10-28,199,1268810.0699999998,6375.93,0,0,Furniture,Tables,2779.74,6375.93,2023-12-18,0
SKU0007,2024-11-04,242,1328539.57,5714.772857142858,3,0,Furniture,Tables,2779.74,6375.93,2023-12-18,1
SKU0007,2024-11-11,260,1309091.3,5274.001428571428,5,0,Furniture,Tables,2779.74,6375.93,2023-12-18,1
SKU0007,2024-11-18,138,879878.34,6375.93,0,0,Furniture,Tables,2779.74,6375.93,2023-12-18,0
SKU0007,2024-11-25,214,1364449.02,6375.93,0,0,Furniture,Tables,2779.74,6375.93,2023-12-18,0
SKU0007,2024-12-02,203,1294313.79,6375.93,0,0,Furniture,Tables,2779.74,6375.93,2023-12-18,0
SKU0007,2024-12-09,215,1370824.95,6375.93,0,0,Furniture,Tables,2779.74,6375.93,2023-12-18,0
SKU0007,2024-12-16,184,1031242.6000000001,5714.772857142858,3,0,Furniture,Tables,2779.74,6375.93,2023-12-18,1
SKU0007,2024-12-23,371,1793127.81,4833.2300000000005,7,1,Furniture,Tables,2779.74,6375.93,2023-12-18,1
SKU0007,2024-12-30,214,1233319.4,5935.158571428571,2,1,Furniture,Tables,2779.74,6375.93,2023-12-18,1
SKU0007,2025-01-06,177,1128539.6099999999,6375.93,0,0,Furniture,Tables,2779.74,6375.93,2023-12-18,0
SKU0007,2025-01-13,170,1083908.1,6375.93,0,0,Furniture,Tables,2779.74,6375.93,2023-12-18,0
SKU0007,2025-01-20,136,867126.48,6375.93,0,0,Furniture,Tables,2779.74,6375.93,2023-12-18,0
SKU0007,2025-01-27,146,930885.78,6375.93,0,0,Furniture,Tables,2779.74,6375.93,2023-12-18,0
SKU0007,2025-02-03,171,1090284.03,6375.93,0,0,Furniture,Tables,2779.74,6375.93,2023-12-18,0
SKU0007,2025-02-10,172,1096659.96,6375.93,0,0,Furniture,Tables,2779.74,6375.93,2023-12-18,0
SKU0007,2025-02-17,189,1205050.77,6375.93,0,0,Furniture,Tables,2779.74,6375.93,2023-12-18,0
SKU0007,2025-02-24,177,1128539.6099999999,6375.93,0,0,Furniture,Tables,2779.74,6375.93,2023-12-18,0
SKU0007,2025-03-03,153,975517.29,6375.93,0,0,Furniture,Tables,2779.74,6375.93,2023-12-18,0
SKU0007,2025-03-10,184,1173171.12,6375.93,0,0,Furniture,Tables,2779.74,6375.93,2023-12-18,0
SKU0007,2025-03-17,182,1160419.26,6375.93,0,0,Furniture,Tables,2779.74,6375.93,2023-12-18,0
SKU0007,2025-03-24,155,988269.15,6375.93,0,0,Furniture,Tables,2779.74,6375.93,2023-12-18,0
SKU0007,2025-03-31,165,1052028.45,6375.93,0,0,Furniture,Tables,2779.74,6375.93,2023-12-18,0
SKU0007,2025-04-07,155,988269.15,6375.93,0,0,Furniture,Tables,2779.74,6375.93,2023-12-18,0
SKU0007,2025-04-14,195,1243306.35,6375.93,0,0,Furniture,Tables,2779.74,6375.93,2023-12-18,0
SKU0007,2025-04-21,156,994645.08,6375.93,0,0,Furniture,Tables,2779.74,6375.93,2023-12-18,0
SKU0007,2025-04-28,196,1249682.28,6375.93,0,0,Furniture,Tables,2779.74,6375.93,2023-12-18,0
SKU0007,2025-05-05,181,1154043.33,6375.93,0,0,Furniture,Tables,2779.74,6375.93,2023-12-18,0
SKU0007,2025-05-12,146,930885.78,6375.93,0,0,Furniture,Tables,2779.74,6375.93,2023-12-18,0
SKU0007,2025-05-19,182,1160419.26,6375.93,0,0,Furniture,Tables,2779.74,6375.93,2023-12-18,0
SKU0007,2025-05-26,255,1499360.6400000001,6155.544285714285,1,0,Furniture,Tables,2779.74,6375.93,2023-12-18,1
SKU0007,2025-06-02,354,1710962.93,4833.2300000000005,7,0,Furniture,Tables,2779.74,6375.93,2023-12-18,1
SKU0007,2025-06-09,210,1215529.19,5935.158571428571,2,0,Furniture,Tables,2779.74,6375.93,2023-12-18,1
SKU0007,2025-06-16,179,1141291.47,6375.93,0,0,Furniture,Tables,2779.74,6375.93,2023-12-18,0
SKU0007,2025-06-23,229,1460087.97,6375.93,0,0,Furniture,Tables,2779.74,6375.93,2023-12-18,0
SKU0007,2025-06-30,215,1370824.95,6375.93,0,0,Furniture,Tables,2779.74,6375.93,2023-12-18,0
SKU0007,2025-07-07,201,1281561.93,6375.93,0,0,Furniture,Tables,2779.74,6375.93,2023-12-18,0
SKU0007,2025-07-14,202,1287937.86,6375.93,0,0,Furniture,Tables,2779.74,6375.93,2023-12-18,0
SKU0007,2025-07-21,208,1326193.44,6375.93,0,0,Furniture,Tables,2779.74,6375.93,2023-12-18,0
SKU0007,2025-07-28,219,1396328.67,6375.93,0,0,Furniture,Tables,2779.74,6375.93,2023-12-18,0
SKU0007,2025-08-04,214,1364449.02,6375.93,0,0,Furniture,Tables,2779.74,6375.93,2023-12-18,0
SKU0007,2025-08-11,215,1370824.95,6375.93,0,1,Furniture,Tables,2779.74,6375.93,2023-12-18,0
SKU0007,2025-08-18,213,1358073.09,6375.93,0,0,Furniture,Tables,2779.74,6375.93,2023-12-18,0
SKU0007,2025-08-25,196,1249682.28,6375.93,0,0,Furniture,Tables,2779.74,6375.93,2023-12-18,0
SKU0008,2025-05-26,133,406480.58,3103.837142857143,1,0,Decor,Rugs,1957.79,3186.04,2025-05-26,1
SKU0008,2025-06-02,225,587388.46,2610.62,7,0,Decor,Rugs,1957.79,3186.04,2025-05-26,1
SKU0008,2025-06-09,150,431872.04000000004,3021.6342857142854,2,0,Decor,Rugs,1957.79,3186.04,2025-05-26,1
SKU0008,2025-06-16,90,286743.6,3186.04,0,0,Decor,Rugs,1957.79,3186.04,2025-05-26,0
SKU0008,2025-06-23,103,328162.12,3186.04,0,0,Decor,Rugs,1957.79,3186.04,2025-05-26,0
SKU0008,2025-06-30,125,398255.0,3186.04,0,0,Decor,Rugs,1957.79,3186.04,2025-05-26,0
SKU0008,2025-07-07,113,360022.52,3186.04,0,0,Decor,Rugs,1957.79,3186.04,2025-05-26,0
SKU0008,2025-07-14,130,414185.2,3186.04,0,0,Decor,Rugs,1957.79,3186.04,2025-05-26,0
SKU0008,2025-07-21,113,360022.52,3186.04,0,0,Decor,Rugs,1957.79,3186.04,2025-05-26,0
SKU0008,2025-07-28,117,372766.68,3186.04,0,0,Decor,Rugs,1957.79,3186.04,2025-05-26,0
SKU0008,2025-08-04,113,360022.52,3186.04,0,0,Decor,Rugs,1957.79,3186.04,2025-05-26,0
SKU0008,2025-08-11,156,497022.24,3186.04,0,1,Decor,Rugs,1957.79,3186.04,2025-05-26,0
SKU0008,2025-08-18,117,372766.68,3186.04,0,0,Decor,Rugs,1957.79,3186.04,2025-05-26,0
SKU0008,2025-08-25,129,410999.16000000003,3186.04,0,0,Decor,Rugs,1957.79,3186.04,2025-05-26,0
SKU0009,2024-07-29,185,417321.15,2255.79,0,0,Furniture,Storage,1023.6,2255.79,2024-07-29,0
SKU0009,2024-08-05,151,340624.29,2255.79,0,0,Furniture,Storage,1023.6,2255.79,2024-07-29,0
SKU0009,2024-08-12,189,426344.31,2255.79,0,1,Furniture,Storage,1023.6,2255.79,2024-07-29,0
SKU0009,2024-08-19,154,347391.66,2255.79,0,0,Furniture,Storage,1023.6,2255.79,2024-07-29,0
SKU0009,2024-08-26,162,365437.98,2255.79,0,0,Furniture,Storage,1023.6,2255.79,2024-07-29,0
SKU0009,2024-09-02,190,428600.1,2255.79,0,0,Furniture,Storage,1023.6,2255.79,2024-07-29,0
SKU0009,2024-09-09,150,338368.5,2255.79,0,0,Furniture,Storage,1023.6,2255.79,2024-07-29,0
SKU0009,2024-09-16,216,487250.64,2255.79,0,0,Furniture,Storage,1023.6,2255.79,2024-07-29,0
SKU0009,2024-09-23,146,329345.34,2255.79,0,0,Furniture,Storage,1023.6,2255.79,2024-07-29,0
SKU0009,2024-09-30,164,369949.56,2255.79,0,1,Furniture,Storage,1023.6,2255.79,2024-07-29,0
SKU0009,2024-10-07,182,410553.78,2255.79,0,0,Furniture,Storage,1023.6,2255.79,2024-07-29,0
SKU0009,2024-10-14,195,439879.05,2255.79,0,0,Furniture,Storage,1023.6,2255.79,2024-07-29,0
SKU0009,2024-10-21,199,448902.21,2255.79,0,0,Furniture,Storage,1023.6,2255.79,2024-07-29,0
SKU0009,2024-10-28,171,385740.09,2255.79,0,0,Furniture,Storage,1023.6,2255.79,2024-07-29,0
SKU0009,2024-11-04,208,418742.93,2085.5057142857145,3,0,Furniture,Storage,1023.6,2255.79,2024-07-29,1
SKU0009,2024-11-11,269,509858.05,1971.9828571428573,5,0,Furniture,Storage,1023.6,2255.79,2024-07-29,1
SKU0009,2024-11-18,192,433111.68000000005,2255.79,0,0,Furniture,Storage,1023.6,2255.79,2024-07-29,0
SKU0009,2024-11-25,165,372205.35000000003,2255.79,0,0,Furniture,Storage,1023.6,2255.79,2024-07-29,0
SKU0009,2024-12-02,180,406042.2,2255.79,0,0,Furniture,Storage,1023.6,2255.79,2024-07-29,0
SKU0009,2024-12-09,152,342880.08,2255.79,0,0,Furniture,Storage,1023.6,2255.79,2024-07-29,0
SKU0009,2024-12-16,340,692667.17,2085.5057142857145,3,0,Furniture,Storage,1023.6,2255.79,2024-07-29,1
SKU0009,2024-12-23,392,728514.8,1858.4600000000003,7,1,Furniture,Storage,1023.6,2255.79,2024-07-29,1
SKU0009,2024-12-30,214,439827.0,2142.2671428571425,2,1,Furniture,Storage,1023.6,2255.79,2024-07-29,1
SKU0009,2025-01-06,179,403786.41000000003,2255.79,0,0,Furniture,Storage,1023.6,2255.79,2024-07-29,0
SKU0009,2025-01-13,212,478227.48,2255.79,0,0,Furniture,Storage,1023.6,2255.79,2024-07-29,0
SKU0009,2025-01-20,167,376716.93,2255.79,0,0,Furniture,Storage,1023.6,2255.79,2024-07-29,0
SKU0009,2025-01-27,207,466948.53,2255.79,0,0,Furniture,Storage,1023.6,2255.79,2024-07-29,0
SKU0009,2025-02-03,220,496273.8,2255.79,0,0,Furniture,Storage,1023.6,2255.79,2024-07-29,0
SKU0009,2025-02-10,259,584249.61,2255.79,0,0,Furniture,Storage,1023.6,2255.79,2024-07-29,0
SKU0009,2025-02-17,177,399274.83,2255.79,0,0,Furniture,Storage,1023.6,2255.79,2024-07-29,0
SKU0009,2025-02-24,251,566203.29,2255.79,0,0,Furniture,Storage,1023.6,2255.79,2024-07-29,0
SKU0009,2025-03-03,196,442134.83999999997,2255.79,0,0,Furniture,Storage,1023.6,2255.79,2024-07-29,0
SKU0009,2025-03-10,160,360926.4,2255.79,0,0,Furniture,Storage,1023.6,2255.79,2024-07-29,0
SKU0009,2025-03-17,217,489506.43,2255.79,0,0,Furniture,Storage,1023.6,2255.79,2024-07-29,0
SKU0009,2025-03-24,225,507552.75,2255.79,0,0,Furniture,Storage,1023.6,2255.79,2024-07-29,0
SKU0009,2025-03-31,196,442134.83999999997,2255.79,0,0,Furniture,Storage,1023.6,2255.79,2024-07-29,0
SKU0009,2025-04-07,181,408297.99,2255.79,0,0,Furniture,Storage,1023.6,2255.79,2024-07-29,0
SKU0009,2025-04-14,210,473715.9,2255.79,0,0,Furniture,Storage,1023.6,2255.79,2024-07-29,0
SKU0009,2025-04-21,198,446646.42000000004,2255.79,0,0,Furniture,Storage,1023.6,2255.79,2024-07-29,0
SKU0009,2025-04-28,259,584249.61,2255.79,0,0,Furniture,Storage,1023.6,2255.79,2024-07-29,0
SKU0009,2025-05-05,217,489506.43,2255.79,0,0,Furniture,Storage,1023.6,2255.79,2024-07-29,0
SKU0009,2025-05-12,200,451158.0,2255.79,0,0,Furniture,Storage,1023.6,2255.79,2024-07-29,0
SKU0009,2025-05-19,222,500785.38,2255.79,0,0,Furniture,Storage,1023.6,2255.79,2024-07-29,0
SKU0009,2025-05-26,224,488608.94,2199.0285714285715,1,0,Furniture,Storage,1023.6,2255.79,2024-07-29,1
SKU0009,2025-06-02,381,708071.8,1858.4600000000003,7,0,Furniture,Storage,1023.6,2255.79,2024-07-29,1
SKU0009,2025-06-09,353,740667.12,2142.2671428571425,2,0,Furniture,Storage,1023.6,2255.79,2024-07-29,1
SKU0009,2025-06-16,196,442134.83999999997,2255.79,0,0,Furniture,Storage,1023.6,2255.79,2024-07-29,0
SKU0009,2025-06-23,202,455669.57999999996,2255.79,0,0,Furniture,Storage,1023.6,2255.79,2024-07-29,0
SKU0009,2025-06-30,290,654179.1,2255.79,0,0,Furniture,Storage,1023.6,2255.79,2024-07-29,0
SKU0009,2025-07-07,163,367693.77,2255.79,0,0,Furniture,Storage,1023.6,2255.79,2024-07-29,0
SKU0009,2025-07-14,241,543645.39,2255.79,0,0,Furniture,Storage,1023.6,2255.79,2024-07-29,0
SKU0009,2025-07-21,184,415065.36,2255.79,0,0,Furniture,Storage,1023.6,2255.79,2024-07-29,0
SKU0009,2025-07-28,212,478227.48,2255.79,0,0,Furniture,Storage,1023.6,2255.79,2024-07-29,0
SKU0009,2025-08-04,212,478227.48000000004,2255.79,0,0,Furniture,Storage,1023.6,2255.79,2024-07-29,0
SKU0009,2025-08-11,250,563947.5,2255.79,0,1,Furniture,Storage,1023.6,2255.79,2024-07-29,0
SKU0009,2025-08-18,255,575226.45,2255.79,0,0,Furniture,Storage,1023.6,2255.79,2024-07-29,0
SKU0009,2025-08-25,253,570714.87,2255.79,0,0,Furniture,Storage,1023.6,2255.79,2024-07-29,0
SKU0010,2024-11-11,147,415455.4,2937.075,2,0,Textiles,Cushions,1352.61,3244.52,2024-11-14,1
SKU0010,2024-11-18,191,619703.32,3244.52,0,0,Textiles,Cushions,1352.61,3244.52,2024-11-14,0
SKU0010,2024-11-25,216,700816.32,3244.52,0,0,Textiles,Cushions,1352.61,3244.52,2024-11-14,0
SKU0010,2024-12-02,211,684593.72,3244.52,0,0,Textiles,Cushions,1352.61,3244.52,2024-11-14,0
SKU0010,2024-12-09,129,418543.08,3244.52,0,0,Textiles,Cushions,1352.61,3244.52,2024-11-14,0
SKU0010,2024-12-16,311,928495.07,2980.9957142857143,3,0,Textiles,Cushions,1352.61,3244.52,2024-11-14,1
SKU0010,2024-12-23,441,1159666.68,2629.63,7,1,Textiles,Cushions,1352.61,3244.52,2024-11-14,1
SKU0010,2024-12-30,316,921966.74,3068.837142857143,2,1,Textiles,Cushions,1352.61,3244.52,2024-11-14,1
SKU0010,2025-01-06,211,684593.72,3244.52,0,0,Textiles,Cushions,1352.61,3244.52,2024-11-14,0
SKU0010,2025-01-13,192,622947.8400000001,3244.52,0,0,Textiles,Cushions,1352.61,3244.52,2024-11-14,0
SKU0010,2025-01-20,207,671615.64,3244.52,0,0,Textiles,Cushions,1352.61,3244.52,2024-11-14,0
SKU0010,2025-01-27,202,655393.04,3244.52,0,0,Textiles,Cushions,1352.61,3244.52,2024-11-14,0
SKU0010,2025-02-03,199,645659.48,3244.52,0,0,Textiles,Cushions,1352.61,3244.52,2024-11-14,0
SKU0010,2025-02-10,178,577524.56,3244.52,0,0,Textiles,Cushions,1352.61,3244.52,2024-11-14,0
SKU0010,2025-02-17,172,558057.44,3244.52,0,0,Textiles,Cushions,1352.61,3244.52,2024-11-14,0
SKU0010,2025-02-24,207,671615.64,3244.52,0,0,Textiles,Cushions,1352.61,3244.52,2024-11-14,0
SKU0010,2025-03-03,246,798151.9199999999,3244.52,0,0,Textiles,Cushions,1352.61,3244.52,2024-11-14,0
SKU0010,2025-03-10,232,752728.64,3244.52,0,0,Textiles,Cushions,1352.61,3244.52,2024-11-14,0
SKU0010,2025-03-17,166,538590.32,3244.52,0,0,Textiles,Cushions,1352.61,3244.52,2024-11-14,0
SKU0010,2025-03-24,184,596991.6799999999,3244.52,0,0,Textiles,Cushions,1352.61,3244.52,2024-11-14,0
SKU0010,2025-03-31,223,723527.9600000001,3244.52,0,0,Textiles,Cushions,1352.61,3244.52,2024-11-14,0
SKU0010,2025-04-07,226,733261.52,3244.52,0,0,Textiles,Cushions,1352.61,3244.52,2024-11-14,0
SKU0010,2025-04-14,206,668371.12,3244.52,0,0,Textiles,Cushions,1352.61,3244.52,2024-11-14,0
SKU0010,2025-04-21,227,736506.04,3244.52,0,0,Textiles,Cushions,1352.61,3244.52,2024-11-14,0
SKU0010,2025-04-28,205,665126.6,3244.52,0,0,Textiles,Cushions,1352.61,3244.52,2024-11-14,0
SKU0010,2025-05-05,239,775440.28,3244.52,0,0,Textiles,Cushions,1352.61,3244.52,2024-11-14,0
SKU0010,2025-05-12,222,720283.44,3244.52,0,0,Textiles,Cushions,1352.61,3244.52,2024-11-14,0
SKU0010,2025-05-19,254,824108.08,3244.52,0,0,Textiles,Cushions,1352.61,3244.52,2024-11-14,0
SKU0010,2025-05-26,248,780045.35,3156.6785714285716,1,0,Textiles,Cushions,1352.61,3244.52,2024-11-14,1
SKU0010,2025-06-02,439,1154407.4,2629.63,7,0,Textiles,Cushions,1352.61,3244.52,2024-11-14,1
SKU0010,2025-06-09,314,908713.91,3068.837142857143,2,0,Textiles,Cushions,1352.61,3244.52,2024-11-14,1
SKU0010,2025-06-16,189,613214.2799999999,3244.52,0,0,Textiles,Cushions,1352.61,3244.52,2024-11-14,0
SKU0010,2025-06-23,247,801396.4400000001,3244.52,0,0,Textiles,Cushions,1352.61,3244.52,2024-11-14,0
SKU0010,2025-06-30,240,778684.8,3244.52,0,0,Textiles,Cushions,1352.61,3244.52,2024-11-14,0
SKU0010,2025-07-07,219,710549.88,3244.52,0,0,Textiles,Cushions,1352.61,3244.52,2024-11-14,0
SKU0010,2025-07-14,208,674860.16,3244.52,0,0,Textiles,Cushions,1352.61,3244.52,2024-11-14,0
SKU0010,2025-07-21,198,642414.96,3244.52,0,0,Textiles,Cushions,1352.61,3244.52,2024-11-14,0
SKU0010,2025-07-28,279,905221.0800000001,3244.52,0,0,Textiles,Cushions,1352.61,3244.52,2024-11-14,0
SKU0010,2025-08-04,226,733261.52,3244.52,0,0,Textiles,Cushions,1352.61,3244.52,2024-11-14,0
SKU0010,2025-08-11,237,768951.24,3244.52,0,1,Textiles,Cushions,1352.61,3244.52,2024-11-14,0
SKU0010,2025-08-18,290,940910.7999999999,3244.52,0,0,Textiles,Cushions,1352.61,3244.52,2024-11-14,0
SKU0010,2025-08-25,269,872775.88,3244.52,0,0,Textiles,Cushions,1352.61,3244.52,2024-11-14,0
SKU0011,2024-05-27,42,109464.94,2677.994,2,0,Textiles,Throws,1949.42,2796.07,2024-05-29,1
SKU0011,2024-06-03,59,147552.2,2500.88,7,0,Textiles,Throws,1949.42,2796.07,2024-05-29,1
SKU0011,2024-06-10,23,61948.130000000005,2753.9000000000005,1,0,Textiles,Throws,1949.42,2796.07,2024-05-29,1
SKU0011,2024-06-17,26,72697.81999999999,2796.07,0,0,Textiles,Throws,1949.42,2796.07,2024-05-29,0
SKU0011,2024-06-24,32,89474.23999999999,2796.07,0,0,Textiles,Throws,1949.42,2796.07,2024-05-29,0
SKU0011,2024-07-01,27,75493.89,2796.07,0,0,Textiles,Throws,1949.42,2796.07,2024-05-29,0
SKU0011,2024-07-08,26,72697.82,2796.07,0,0,Textiles,Throws,1949.42,2796.07,2024-05-29,0
SKU0011,2024-07-15,31,86678.17,2796.07,0,0,Textiles,Throws,1949.42,2796.07,2024-05-29,0
SKU0011,2024-07-22,30,83882.1,2796.07,0,0,Textiles,Throws,1949.42,2796.07,2024-05-29,0
SKU0011,2024-07-29,51,142599.57,2796.07,0,0,Textiles,Throws,1949.42,2796.07,2024-05-29,0
SKU0011,2024-08-05,28,78289.95999999999,2796.07,0,0,Textiles,Throws,1949.42,2796.07,2024-05-29,0
SKU0011,2024-08-12,50,139803.5,2796.07,0,1,Textiles,Throws,1949.42,2796.07,2024-05-29,0
SKU0011,2024-08-19,27,75493.89,2796.07,0,0,Textiles,Throws,1949.42,2796.07,2024-05-29,0
SKU0011,2024-08-26,46,128619.22,2796.07,0,0,Textiles,Throws,1949.42,2796.07,2024-05-29,0
SKU0011,2024-09-02,47,131415.29,2796.07,0,0,Textiles,Throws,1949.42,2796.07,2024-05-29,0
SKU0011,2024-09-09,37,103454.59,2796.07,0,0,Textiles,Throws,1949.42,2796.07,2024-05-29,0
SKU0011,2024-09-16,37,103454.59,2796.07,0,0,Textiles,Throws,1949.42,2796.07,2024-05-29,0
SKU0011,2024-09-23,42,117434.94,2796.07,0,0,Textiles,Throws,1949.42,2796.07,2024-05-29,0
SKU0011,2024-09-30,50,139803.5,2796.07,0,1,Textiles,Throws,1949.42,2796.07,2024-05-29,0
SKU0011,2024-10-07,45,125823.15,2796.07,0,0,Textiles,Throws,1949.42,2796.07,2024-05-29,0
SKU0011,2024-10-14,40,111842.8,2796.07,0,0,Textiles,Throws,1949.42,2796.07,2024-05-29,0
SKU0011,2024-10-21,57,159375.99,2796.07,0,0,Textiles,Throws,1949.42,2796.07,2024-05-29,0
SKU0011,2024-10-28,44,123027.08,2796.07,0,0,Textiles,Throws,1949.42,2796.07,2024-05-29,0
SKU0011,2024-11-04,46,120944.41,2669.5600000000004,3,0,Textiles,Throws,1949.42,2796.07,2024-05-29,1
SKU0011,2024-11-11,100,253630.7,2585.2200000000003,5,0,Textiles,Throws,1949.42,2796.07,2024-05-29,1
SKU0011,2024-11-18,33,92270.31000000001,2796.07,0,0,Textiles,Throws,1949.42,2796.07,2024-05-29,0
SKU0011,2024-11-25,43,120231.01,2796.07,0,0,Textiles,Throws,1949.42,2796.07,2024-05-29,0
SKU0011,2024-12-02,36,100658.52,2796.07,0,0,Textiles,Throws,1949.42,2796.07,2024-05-29,0
SKU0011,2024-12-09,40,111842.8,2796.07,0,0,Textiles,Throws,1949.42,2796.07,2024-05-29,0
SKU0011,2024-12-16,54,140065.93,2669.5600000000004,3,0,Textiles,Throws,1949.42,2796.07,2024-05-29,1
SKU0011,2024-12-23,61,152553.97,2500.88,7,1,Textiles,Throws,1949.42,2796.07,2024-05-29,1
SKU0011,2024-12-30,54,142427.41,2711.73,2,1,Textiles,Throws,1949.42,2796.07,2024-05-29,1
SKU0011,2025-01-06,33,92270.31,2796.07,0,0,Textiles,Throws,1949.42,2796.07,2024-05-29,0
SKU0011,2025-01-13,28,78289.96,2796.07,0,0,Textiles,Throws,1949.42,2796.07,2024-05-29,0
SKU0011,2025-01-20,44,123027.08,2796.07,0,0,Textiles,Throws,1949.42,2796.07,2024-05-29,0
SKU0011,2025-01-27,34,95066.38,2796.07,0,0,Textiles,Throws,1949.42,2796.07,2024-05-29,0
SKU0011,2025-02-03,45,125823.15000000001,2796.07,0,0,Textiles,Throws,1949.42,2796.07,2024-05-29,0
SKU0011,2025-02-10,28,78289.95999999999,2796.07,0,0,Textiles,Throws,1949.42,2796.07,2024-05-29,0
SKU0011,2025-02-17,34,95066.38,2796.07,0,0,Textiles,Throws,1949.42,2796.07,2024-05-29,0
SKU0011,2025-02-24,38,106250.66,2796.07,0,0,Textiles,Throws,1949.42,2796.07,2024-05-29,0
SKU0011,2025-03-03,28,78289.96,2796.07,0,0,Textiles,Throws,1949.42,2796.07,2024-05-29,0
SKU0011,2025-03-10,30,83882.09999999999,2796.07,0,0,Textiles,Throws,1949.42,2796.07,2024-05-29,0
SKU0011,2025-03-17,28,78289.96,2796.07,0,0,Textiles,Throws,1949.42,2796.07,2024-05-29,0
SKU0011,2025-03-24,29,81086.03,2796.07,0,0,Textiles,Throws,1949.42,2796.07,2024-05-29,0
SKU0011,2025-03-31,37,103454.59000000001,2796.07,0,0,Textiles,Throws,1949.42,2796.07,2024-05-29,0
SKU0011,2025-04-07,18,50329.26,2796.07,0,0,Textiles,Throws,1949.42,2796.07,2024-05-29,0
SKU0011,2025-04-14,19,53125.33,2796.07,0,0,Textiles,Throws,1949.42,2796.07,2024-05-29,0
SKU0011,2025-04-21,37,103454.59,2796.07,0,0,Textiles,Throws,1949.42,2796.07,2024-05-29,0
SKU0011,2025-04-28,26,72697.81999999999,2796.07,0,0,Textiles,Throws,1949.42,2796.07,2024-05-29,0
SKU0011,2025-05-05,35,97862.45,2796.07,0,0,Textiles,Throws,1949.42,2796.07,2024-05-29,0
SKU0011,2025-05-12,41,114638.87,2796.07,0,0,Textiles,Throws,1949.42,2796.07,2024-05-29,0
SKU0011,2025-05-19,30,83882.1,2796.07,0,0,Textiles,Throws,1949.42,2796.07,2024-05-29,0
SKU0011,2025-05-26,44,120370.41,2753.9000000000005,1,0,Textiles,Throws,1949.42,2796.07,2024-05-29,1
SKU0011,2025-06-02,62,155054.84999999998,2500.88,7,0,Textiles,Throws,1949.42,2796.07,2024-05-29,1
SKU0011,2025-06-09,41,108735.16,2711.73,2,0,Textiles,Throws,1949.42,2796.07,2024-05-29,1
SKU0011,2025-06-16,42,117434.94,2796.07,0,0,Textiles,Throws,1949.42,2796.07,2024-05-29,0
SKU0011,2025-06-23,36,100658.52,2796.07,0,0,Textiles,Throws,1949.42,2796.07,2024-05-29,0
SKU0011,2025-06-30,35,97862.45000000001,2796.07,0,0,Textiles,Throws,1949.42,2796.07,2024-05-29,0
SKU0011,2025-07-07,44,123027.08,2796.07,0,0,Textiles,Throws,1949.42,2796.07,2024-05-29,0
SKU0011,2025-07-14,38,106250.66,2796.07,0,0,Textiles,Throws,1949.42,2796.07,2024-05-29,0
SKU0011,2025-07-21,52,145395.64,2796.07,0,0,Textiles,Throws,1949.42,2796.07,2024-05-29,0
SKU0011,2025-07-28,47,131415.29,2796.07,0,0,Textiles,Throws,1949.42,2796.07,2024-05-29,0
SKU0011,2025-08-04,50,139803.5,2796.07,0,0,Textiles,Throws,1949.42,2796.07,2024-05-29,0
SKU0011,2025-08-11,39,109046.73,2796.07,0,1,Textiles,Throws,1949.42,2796.07,2024-05-29,0
SKU0011,2025-08-18,34,95066.38,2796.07,0,0,Textiles,Throws,1949.42,2796.07,2024-05-29,0
SKU0011,2025-08-25,58,162172.06,2796.07,0,0,Textiles,Throws,1949.42,2796.07,2024-05-29,0
SKU0012,2025-03-17,100,698832.0,6988.32,0,0,Furniture,Chairs,3179.66,6988.32,2025-03-17,0
SKU0012,2025-03-24,94,656902.08,6988.32,0,0,Furniture,Chairs,3179.66,6988.32,2025-03-17,0
SKU0012,2025-03-31,84,587018.88,6988.32,0,0,Furniture,Chairs,3179.66,6988.32,2025-03-17,0
SKU0012,2025-04-07,99,691843.6799999999,6988.32,0,0,Furniture,Chairs,3179.66,6988.32,2025-03-17,0
SKU0012,2025-04-14,96,670878.72,6988.32,0,0,Furniture,Chairs,3179.66,6988.32,2025-03-17,0
SKU0012,2025-04-21,73,510147.36,6988.32,0,0,Furniture,Chairs,3179.66,6988.32,2025-03-17,0
SKU0012,2025-04-28,139,971376.48,6988.32,0,0,Furniture,Chairs,3179.66,6988.32,2025-03-17,0
SKU0012,2025-05-05,126,880528.3200000001,6988.32,0,0,Furniture,Chairs,3179.66,6988.32,2025-03-17,0
SKU0012,2025-05-12,110,768715.2,6988.32,0,0,Furniture,Chairs,3179.66,6988.32,2025-03-17,0
SKU0012,2025-05-19,147,1027283.0399999999,6988.32,0,0,Furniture,Chairs,3179.66,6988.32,2025-03-17,0
SKU0012,2025-05-26,130,857339.62,6773.437142857142,1,0,Furniture,Chairs,3179.66,6988.32,2025-03-17,1
SKU0012,2025-06-02,243,1332647.0,5484.14,7,0,Furniture,Chairs,3179.66,6988.32,2025-03-17,1
SKU0012,2025-06-09,200,1256271.46,6558.5542857142855,2,0,Furniture,Chairs,3179.66,6988.32,2025-03-17,1
SKU0012,2025-06-16,101,705820.32,6988.32,0,0,Furniture,Chairs,3179.66,6988.32,2025-03-17,0
SKU0012,2025-06-23,134,936434.88,6988.32,0,0,Furniture,Chairs,3179.66,6988.32,2025-03-17,0
SKU0012,2025-06-30,91,635937.12,6988.32,0,0,Furniture,Chairs,3179.66,6988.32,2025-03-17,0
SKU0012,2025-07-07,117,817633.44,6988.32,0,0,Furniture,Chairs,3179.66,6988.32,2025-03-17,0
SKU0012,2025-07-14,118,824621.76,6988.32,0,0,Furniture,Chairs,3179.66,6988.32,2025-03-17,0
SKU0012,2025-07-21,87,607983.84,6988.32,0,0,Furniture,Chairs,3179.66,6988.32,2025-03-17,0
SKU0012,2025-07-28,135,943423.2,6988.32,0,0,Furniture,Chairs,3179.66,6988.32,2025-03-17,0
SKU0012,2025-08-04,113,789680.16,6988.32,0,0,Furniture,Chairs,3179.66,6988.32,2025-03-17,0
SKU0012,2025-08-11,98,684855.36,6988.32,0,1,Furniture,Chairs,3179.66,6988.32,2025-03-17,0
SKU0012,2025-08-18,130,908481.6,6988.32,0,0,Furniture,Chairs,3179.66,6988.32,2025-03-17,0
SKU0012,2025-08-25,170,1188014.4,6988.32,0,0,Furniture,Chairs,3179.66,6988.32,2025-03-17,0
SKU0013,2025-02-24,5,19958.9,3991.78,0,0,Small Appliances,Kitchen,1916.83,3991.78,2025-02-28,0
SKU0013,2025-03-03,39,155679.42,3991.78,0,0,Small Appliances,Kitchen,1916.83,3991.78,2025-02-28,0
SKU0013,2025-03-10,23,91810.94,3991.78,0,0,Small Appliances,Kitchen,1916.83,3991.78,2025-02-28,0
SKU0013,2025-03-17,21,83827.38,3991.78,0,0,Small Appliances,Kitchen,1916.83,3991.78,2025-02-28,0
SKU0013,2025-03-24,29,115761.62000000001,3991.78,0,0,Small Appliances,Kitchen,1916.83,3991.78,2025-02-28,0
SKU0013,2025-03-31,29,115761.62000000001,3991.78,0,0,Small Appliances,Kitchen,1916.83,3991.78,2025-02-28,0
SKU0013,2025-04-07,22,87819.16,3991.78,0,0,Small Appliances,Kitchen,1916.83,3991.78,2025-02-28,0
SKU0013,2025-04-14,24,95802.72,3991.78,0,0,Small Appliances,Kitchen,1916.83,3991.78,2025-02-28,0
SKU0013,2025-04-21,30,119753.40000000001,3991.78,0,0,Small Appliances,Kitchen,1916.83,3991.78,2025-02-28,0
SKU0013,2025-04-28,25,99794.5,3991.78,0,0,Small Appliances,Kitchen,1916.83,3991.78,2025-02-28,0
SKU0013,2025-05-05,31,123745.18000000001,3991.78,0,0,Small Appliances,Kitchen,1916.83,3991.78,2025-02-28,0
SKU0013,2025-05-12,45,179630.1,3991.78,0,0,Small Appliances,Kitchen,1916.83,3991.78,2025-02-28,0
SKU0013,2025-05-19,42,167654.76,3991.78,0,0,Small Appliances,Kitchen,1916.83,3991.78,2025-02-28,0
SKU0013,2025-05-26,47,184124.08000000002,3867.151428571429,1,0,Small Appliances,Kitchen,1916.83,3991.78,2025-02-28,1
SKU0013,2025-06-02,39,121656.0,3119.38,7,0,Small Appliances,Kitchen,1916.83,3991.78,2025-02-28,1
SKU0013,2025-06-09,42,149334.46,3742.522857142857,2,0,Small Appliances,Kitchen,1916.83,3991.78,2025-02-28,1
SKU0013,2025-06-16,37,147695.86000000002,3991.78,0,0,Small Appliances,Kitchen,1916.83,3991.78,2025-02-28,0
SKU0013,2025-06-23,28,111769.84000000001,3991.78,0,0,Small Appliances,Kitchen,1916.83,3991.78,2025-02-28,0
SKU0013,2025-06-30,23,91810.94,3991.78,0,0,Small Appliances,Kitchen,1916.83,3991.78,2025-02-28,0
SKU0013,2025-07-07,40,159671.2,3991.78,0,0,Small Appliances,Kitchen,1916.83,3991.78,2025-02-28,0
SKU0013,2025-07-14,32,127736.95999999999,3991.78,0,0,Small Appliances,Kitchen,1916.83,3991.78,2025-02-28,0
SKU0013,2025-07-21,38,151687.64,3991.78,0,0,Small Appliances,Kitchen,1916.83,3991.78,2025-02-28,0
SKU0013,2025-07-28,34,135720.52,3991.78,0,0,Small Appliances,Kitchen,1916.83,3991.78,2025-02-28,0
SKU0013,2025-08-04,17,67860.26000000001,3991.78,0,0,Small Appliances,Kitchen,1916.83,3991.78,2025-02-28,0
SKU0013,2025-08-11,51,203580.78,3991.78,0,1,Small Appliances,Kitchen,1916.83,3991.78,2025-02-28,0
SKU0013,2025-08-18,27,107778.06000000001,3991.78,0,0,Small Appliances,Kitchen,1916.83,3991.78,2025-02-28,0
SKU0013,2025-08-25,25,99794.5,3991.78,0,0,Small Appliances,Kitchen,1916.83,3991.78,2025-02-28,0
SKU0014,2024-07-01,33,134678.61,4081.17,0,0,Furniture,Chairs,1963.72,4081.17,2024-07-04,0
SKU0014,2024-07-08,99,404035.83,4081.1700000000005,0,0,Furniture,Chairs,1963.72,4081.17,2024-07-04,0
SKU0014,2024-07-15,73,297925.41,4081.1700000000005,0,0,Furniture,Chairs,1963.72,4081.17,2024-07-04,0
SKU0014,2024-07-22,58,236707.86,4081.1700000000005,0,0,Furniture,Chairs,1963.72,4081.17,2024-07-04,0
SKU0014,2024-07-29,58,236707.86000000002,4081.1700000000005,0,0,Furniture,Chairs,1963.72,4081.17,2024-07-04,0
SKU0014,2024-08-05,59,240789.03,4081.1700000000005,0,0,Furniture,Chairs,1963.72,4081.17,2024-07-04,0
SKU0014,2024-08-12,71,289763.07,4081.1700000000005,0,1,Furniture,Chairs,1963.72,4081.17,2024-07-04,0
SKU0014,2024-08-19,65,265276.05,4081.1700000000005,0,0,Furniture,Chairs,1963.72,4081.17,2024-07-04,0
SKU0014,2024-08-26,80,326493.60000000003,4081.1700000000005,0,0,Furniture,Chairs,1963.72,4081.17,2024-07-04,0
SKU0014,2024-09-02,58,236707.86000000002,4081.1700000000005,0,0,Furniture,Chairs,1963.72,4081.17,2024-07-04,0
SKU0014,2024-09-09,39,159165.63,4081.1700000000005,0,0,Furniture,Chairs,1963.72,4081.17,2024-07-04,0
SKU0014,2024-09-16,71,289763.07,4081.1700000000005,0,0,Furniture,Chairs,1963.72,4081.17,2024-07-04,0
SKU0014,2024-09-23,59,240789.03,4081.1700000000005,0,0,Furniture,Chairs,1963.72,4081.17,2024-07-04,0
SKU0014,2024-09-30,74,302006.57999999996,4081.1700000000005,0,1,Furniture,Chairs,1963.72,4081.17,2024-07-04,0
SKU0014,2024-10-07,64,261194.88,4081.1700000000005,0,0,Furniture,Chairs,1963.72,4081.17,2024-07-04,0
SKU0014,2024-10-14,56,228545.52,4081.1700000000005,0,0,Furniture,Chairs,1963.72,4081.17,2024-07-04,0
SKU0014,2024-10-21,59,240789.03,4081.1700000000005,0,0,Furniture,Chairs,1963.72,4081.17,2024-07-04,0
SKU0014,2024-10-28,61,248951.37,4081.1700000000005,0,0,Furniture,Chairs,1963.72,4081.17,2024-07-04,0
SKU0014,2024-11-04,76,289085.74,3769.594285714286,3,0,Furniture,Chairs,1963.72,4081.17,2024-07-04,1
SKU0014,2024-11-11,126,431348.73,3561.8771428571426,5,0,Furniture,Chairs,1963.72,4081.17,2024-07-04,1
SKU0014,2024-11-18,75,306087.75,4081.1700000000005,0,0,Furniture,Chairs,1963.72,4081.17,2024-07-04,0
SKU0014,2024-11-25,59,240789.03,4081.1700000000005,0,0,Furniture,Chairs,1963.72,4081.17,2024-07-04,0
SKU0014,2024-12-02,43,175490.31,4081.1700000000005,0,0,Furniture,Chairs,1963.72,4081.17,2024-07-04,0
SKU0014,2024-12-09,60,244870.2,4081.1700000000005,0,0,Furniture,Chairs,1963.72,4081.17,2024-07-04,0
SKU0014,2024-12-16,65,251462.93,3769.594285714286,3,0,Furniture,Chairs,1963.72,4081.17,2024-07-04,1
SKU0014,2024-12-23,106,355541.37,3354.16,7,1,Furniture,Chairs,1963.72,4081.17,2024-07-04,1
SKU0014,2024-12-30,97,363158.22,3873.452857142857,2,1,Furniture,Chairs,1963.72,4081.17,2024-07-04,1
SKU0014,2025-01-06,60,244870.2,4081.1700000000005,0,0,Furniture,Chairs,1963.72,4081.17,2024-07-04,0
SKU0014,2025-01-13,54,220383.18000000002,4081.1700000000005,0,0,Furniture,Chairs,1963.72,4081.17,2024-07-04,0
SKU0014,2025-01-20,54,220383.18,4081.1700000000005,0,0,Furniture,Chairs,1963.72,4081.17,2024-07-04,0
SKU0014,2025-01-27,87,355061.79000000004,4081.1700000000005,0,0,Furniture,Chairs,1963.72,4081.17,2024-07-04,0
SKU0014,2025-02-03,41,167327.97,4081.1700000000005,0,0,Furniture,Chairs,1963.72,4081.17,2024-07-04,0
SKU0014,2025-02-10,75,306087.75,4081.1700000000005,0,0,Furniture,Chairs,1963.72,4081.17,2024-07-04,0
SKU0014,2025-02-17,50,204058.5,4081.1700000000005,0,0,Furniture,Chairs,1963.72,4081.17,2024-07-04,0
SKU0014,2025-02-24,41,167327.97,4081.1700000000005,0,0,Furniture,Chairs,1963.72,4081.17,2024-07-04,0
SKU0014,2025-03-03,54,220383.18,4081.1700000000005,0,0,Furniture,Chairs,1963.72,4081.17,2024-07-04,0
SKU0014,2025-03-10,87,355061.79,4081.1700000000005,0,0,Furniture,Chairs,1963.72,4081.17,2024-07-04,0
SKU0014,2025-03-17,73,297925.41,4081.1700000000005,0,0,Furniture,Chairs,1963.72,4081.17,2024-07-04,0
SKU0014,2025-03-24,79,322412.43,4081.1700000000005,0,0,Furniture,Chairs,1963.72,4081.17,2024-07-04,0
SKU0014,2025-03-31,82,334655.94,4081.1700000000005,0,0,Furniture,Chairs,1963.72,4081.17,2024-07-04,0
SKU0014,2025-04-07,51,208139.66999999998,4081.1700000000005,0,0,Furniture,Chairs,1963.72,4081.17,2024-07-04,0
SKU0014,2025-04-14,84,342818.28,4081.1700000000005,0,0,Furniture,Chairs,1963.72,4081.17,2024-07-04,0
SKU0014,2025-04-21,58,236707.86,4081.1700000000005,0,0,Furniture,Chairs,1963.72,4081.17,2024-07-04,0
SKU0014,2025-04-28,43,175490.31,4081.1700000000005,0,0,Furniture,Chairs,1963.72,4081.17,2024-07-04,0
SKU0014,2025-05-05,77,314250.09,4081.1700000000005,0,0,Furniture,Chairs,1963.72,4081.17,2024-07-04,0
SKU0014,2025-05-12,33,134678.61,4081.1700000000005,0,0,Furniture,Chairs,1963.72,4081.17,2024-07-04,0
SKU0014,2025-05-19,90,367305.3,4081.1700000000005,0,0,Furniture,Chairs,1963.72,4081.17,2024-07-04,0
SKU0014,2025-05-26,96,377979.2,3977.3114285714287,1,0,Furniture,Chairs,1963.72,4081.17,2024-07-04,1
SKU0014,2025-06-02,109,365603.87,3354.16,7,0,Furniture,Chairs,1963.72,4081.17,2024-07-04,1
SKU0014,2025-06-09,113,421186.88,3873.452857142857,2,0,Furniture,Chairs,1963.72,4081.17,2024-07-04,1
SKU0014,2025-06-16,62,253032.54,4081.1700000000005,0,0,Furniture,Chairs,1963.72,4081.17,2024-07-04,0
SKU0014,2025-06-23,62,253032.54,4081.1700000000005,0,0,Furniture,Chairs,1963.72,4081.17,2024-07-04,0
SKU0014,2025-06-30,78,318331.26,4081.1700000000005,0,0,Furniture,Chairs,1963.72,4081.17,2024-07-04,0
SKU0014,2025-07-07,80,326493.6,4081.1700000000005,0,0,Furniture,Chairs,1963.72,4081.17,2024-07-04,0
SKU0014,2025-07-14,57,232626.69,4081.1700000000005,0,0,Furniture,Chairs,1963.72,4081.17,2024-07-04,0
SKU0014,2025-07-21,59,240789.03,4081.1700000000005,0,0,Furniture,Chairs,1963.72,4081.17,2024-07-04,0
SKU0014,2025-07-28,69,281600.73,4081.1700000000005,0,0,Furniture,Chairs,1963.72,4081.17,2024-07-04,0
SKU0014,2025-08-04,65,265276.05,4081.1700000000005,0,0,Furniture,Chairs,1963.72,4081.17,2024-07-04,0
SKU0014,2025-08-11,82,334655.94,4081.1700000000005,0,1,Furniture,Chairs,1963.72,4081.17,2024-07-04,0
SKU0014,2025-08-18,63,257113.71,4081.1700000000005,0,0,Furniture,Chairs,1963.72,4081.17,2024-07-04,0
SKU0014,2025-08-25,45,183652.65,4081.1700000000005,0,0,Furniture,Chairs,1963.72,4081.17,2024-07-04,0
SKU0015,2024-11-18,46,217333.44,4724.64,0,0,Small Appliances,Climate,2281.28,4724.64,2024-11-18,0
SKU0015,2024-11-25,43,203159.52000000002,4724.64,0,0,Small Appliances,Climate,2281.28,4724.64,2024-11-18,0
SKU0015,2024-12-02,38,179536.32,4724.64,0,0,Small Appliances,Climate,2281.28,4724.64,2024-11-18,0
SKU0015,2024-12-09,43,203159.52000000002,4724.64,0,0,Small Appliances,Climate,2281.28,4724.64,2024-11-18,0
SKU0015,2024-12-16,84,349785.85,4370.627142857144,3,0,Small Appliances,Climate,2281.28,4724.64,2024-11-18,1
SKU0015,2024-12-23,110,428846.70999999996,3898.61,7,1,Small Appliances,Climate,2281.28,4724.64,2024-11-18,1
SKU0015,2024-12-30,64,276769.93,4488.631428571429,2,1,Small Appliances,Climate,2281.28,4724.64,2024-11-18,1
SKU0015,2025-01-06,51,240956.64,4724.64,0,0,Small Appliances,Climate,2281.28,4724.64,2024-11-18,0
SKU0015,2025-01-13,59,278753.76,4724.64,0,0,Small Appliances,Climate,2281.28,4724.64,2024-11-18,0
SKU0015,2025-01-20,44,207884.16,4724.64,0,0,Small Appliances,Climate,2281.28,4724.64,2024-11-18,0
SKU0015,2025-01-27,49,231507.36000000002,4724.64,0,0,Small Appliances,Climate,2281.28,4724.64,2024-11-18,0
SKU0015,2025-02-03,52,245681.28,4724.64,0,0,Small Appliances,Climate,2281.28,4724.64,2024-11-18,0
SKU0015,2025-02-10,51,240956.64,4724.64,0,0,Small Appliances,Climate,2281.28,4724.64,2024-11-18,0
SKU0015,2025-02-17,64,302376.96,4724.64,0,0,Small Appliances,Climate,2281.28,4724.64,2024-11-18,0
SKU0015,2025-02-24,60,283478.4,4724.64,0,0,Small Appliances,Climate,2281.28,4724.64,2024-11-18,0
SKU0015,2025-03-03,64,302376.96,4724.64,0,0,Small Appliances,Climate,2281.28,4724.64,2024-11-18,0
SKU0015,2025-03-10,55,259855.2,4724.64,0,0,Small Appliances,Climate,2281.28,4724.64,2024-11-18,0
SKU0015,2025-03-17,57,269304.48000000004,4724.64,0,0,Small Appliances,Climate,2281.28,4724.64,2024-11-18,0
SKU0015,2025-03-24,50,236232.0,4724.64,0,0,Small Appliances,Climate,2281.28,4724.64,2024-11-18,0
SKU0015,2025-03-31,52,245681.28000000003,4724.64,0,0,Small Appliances,Climate,2281.28,4724.64,2024-11-18,0
SKU0015,2025-04-07,42,198434.88,4724.64,0,0,Small Appliances,Climate,2281.28,4724.64,2024-11-18,0
SKU0015,2025-04-14,60,283478.4,4724.64,0,0,Small Appliances,Climate,2281.28,4724.64,2024-11-18,0
SKU0015,2025-04-21,70,330724.80000000005,4724.64,0,0,Small Appliances,Climate,2281.28,4724.64,2024-11-18,0
SKU0015,2025-04-28,51,240956.64,4724.64,0,0,Small Appliances,Climate,2281.28,4724.64,2024-11-18,0
SKU0015,2025-05-05,49,231507.36000000002,4724.64,0,0,Small Appliances,Climate,2281.28,4724.64,2024-11-18,0
SKU0015,2025-05-12,49,231507.36000000002,4724.64,0,0,Small Appliances,Climate,2281.28,4724.64,2024-11-18,0
SKU0015,2025-05-19,55,259855.2,4724.64,0,0,Small Appliances,Climate,2281.28,4724.64,2024-11-18,0
SKU0015,2025-05-26,72,331913.78,4606.635714285714,1,0,Small Appliances,Climate,2281.28,4724.64,2024-11-18,1
SKU0015,2025-06-02,146,569196.57,3898.61,7,0,Small Appliances,Climate,2281.28,4724.64,2024-11-18,1
SKU0015,2025-06-09,64,280900.08999999997,4488.631428571429,2,0,Small Appliances,Climate,2281.28,4724.64,2024-11-18,1
SKU0015,2025-06-16,49,231507.36000000002,4724.64,0,0,Small Appliances,Climate,2281.28,4724.64,2024-11-18,0
SKU0015,2025-06-23,52,245681.28,4724.64,0,0,Small Appliances,Climate,2281.28,4724.64,2024-11-18,0
SKU0015,2025-06-30,57,269304.48000000004,4724.64,0,0,Small Appliances,Climate,2281.28,4724.64,2024-11-18,0
SKU0015,2025-07-07,48,226782.72,4724.64,0,0,Small Appliances,Climate,2281.28,4724.64,2024-11-18,0
SKU0015,2025-07-14,40,188985.6,4724.64,0,0,Small Appliances,Climate,2281.28,4724.64,2024-11-18,0
SKU0015,2025-07-21,59,278753.76,4724.64,0,0,Small Appliances,Climate,2281.28,4724.64,2024-11-18,0
SKU0015,2025-07-28,71,335449.44,4724.64,0,0,Small Appliances,Climate,2281.28,4724.64,2024-11-18,0
SKU0015,2025-08-04,52,245681.28,4724.64,0,0,Small Appliances,Climate,2281.28,4724.64,2024-11-18,0
SKU0015,2025-08-11,68,321275.52,4724.64,0,1,Small Appliances,Climate,2281.28,4724.64,2024-11-18,0
SKU0015,2025-08-18,51,240956.64,4724.64,0,0,Small Appliances,Climate,2281.28,4724.64,2024-11-18,0
SKU0015,2025-08-25,41,193710.24,4724.64,0,0,Small Appliances,Climate,2281.28,4724.64,2024-11-18,0
SKU0016,2024-04-29,9,16606.35,1845.15,0,0,Furniture,Chairs,976.15,1845.15,2024-05-01,0
SKU0016,2024-05-06,13,23986.95,1845.15,0,0,Furniture,Chairs,976.15,1845.15,2024-05-01,0
SKU0016,2024-05-13,20,36903.0,1845.15,0,0,Furniture,Chairs,976.15,1845.15,2024-05-01,0
SKU0016,2024-05-20,17,31367.550000000003,1845.15,0,0,Furniture,Chairs,976.15,1845.15,2024-05-01,0
SKU0016,2024-05-27,15,26274.35,1778.3442857142857,2,0,Furniture,Chairs,976.15,1845.15,2024-05-01,1
SKU0016,2024-06-03,19,30615.35,1611.33,7,0,Furniture,Chairs,976.15,1845.15,2024-05-01,1
SKU0016,2024-06-10,12,21907.98,1811.7471428571428,1,0,Furniture,Chairs,976.15,1845.15,2024-05-01,1
SKU0016,2024-06-17,21,38748.15,1845.15,0,0,Furniture,Chairs,976.15,1845.15,2024-05-01,0
SKU0016,2024-06-24,12,22141.800000000003,1845.15,0,0,Furniture,Chairs,976.15,1845.15,2024-05-01,0
SKU0016,2024-07-01,16,29522.4,1845.15,0,0,Furniture,Chairs,976.15,1845.15,2024-05-01,0
SKU0016,2024-07-08,11,20296.65,1845.15,0,0,Furniture,Chairs,976.15,1845.15,2024-05-01,0
SKU0016,2024-07-15,21,38748.15,1845.15,0,0,Furniture,Chairs,976.15,1845.15,2024-05-01,0
SKU0016,2024-07-22,14,25832.100000000002,1845.15,0,0,Furniture,Chairs,976.15,1845.15,2024-05-01,0
SKU0016,2024-07-29,12,22141.8,1845.15,0,0,Furniture,Chairs,976.15,1845.15,2024-05-01,0
SKU0016,2024-08-05,18,33212.7,1845.15,0,0,Furniture,Chairs,976.15,1845.15,2024-05-01,0
SKU0016,2024-08-12,18,33212.7,1845.15,0,1,Furniture,Chairs,976.15,1845.15,2024-05-01,0
SKU0016,2024-08-19,8,14761.2,1845.15,0,0,Furniture,Chairs,976.15,1845.15,2024-05-01,0
SKU0016,2024-08-26,9,16606.350000000002,1845.15,0,0,Furniture,Chairs,976.15,1845.15,2024-05-01,0
SKU0016,2024-09-02,14,25832.100000000002,1845.15,0,0,Furniture,Chairs,976.15,1845.15,2024-05-01,0
SKU0016,2024-09-09,5,9225.75,1845.15,0,0,Furniture,Chairs,976.15,1845.15,2024-05-01,0
SKU0016,2024-09-16,15,27677.25,1845.15,0,0,Furniture,Chairs,976.15,1845.15,2024-05-01,0
SKU0016,2024-09-23,11,20296.65,1845.15,0,0,Furniture,Chairs,976.15,1845.15,2024-05-01,0
SKU0016,2024-09-30,11,20296.65,1845.15,0,1,Furniture,Chairs,976.15,1845.15,2024-05-01,0
SKU0016,2024-10-07,11,20296.65,1845.15,0,0,Furniture,Chairs,976.15,1845.15,2024-05-01,0
SKU0016,2024-10-14,15,27677.25,1845.15,0,0,Furniture,Chairs,976.15,1845.15,2024-05-01,0
SKU0016,2024-10-21,27,49819.05,1845.15,0,0,Furniture,Chairs,976.15,1845.15,2024-05-01,0
SKU0016,2024-10-28,5,9225.75,1845.15,0,0,Furniture,Chairs,976.15,1845.15,2024-05-01,0
SKU0016,2024-11-04,24,40542.55,1744.9414285714286,3,0,Furniture,Chairs,976.15,1845.15,2024-05-01,1
SKU0016,2024-11-11,25,41452.44,1678.1357142857144,5,0,Furniture,Chairs,976.15,1845.15,2024-05-01,1
SKU0016,2024-11-18,9,16606.35,1845.15,0,0,Furniture,Chairs,976.15,1845.15,2024-05-01,0
SKU0016,2024-11-25,17,31367.55,1845.15,0,0,Furniture,Chairs,976.15,1845.15,2024-05-01,0
SKU0016,2024-12-02,10,18451.5,1845.15,0,0,Furniture,Chairs,976.15,1845.15,2024-05-01,0
SKU0016,2024-12-09,11,20296.65,1845.15,0,0,Furniture,Chairs,976.15,1845.15,2024-05-01,0
SKU0016,2024-12-16,25,42153.87,1744.9414285714286,3,0,Furniture,Chairs,976.15,1845.15,2024-05-01,1
SKU0016,2024-12-23,31,49951.36,1611.33,7,1,Furniture,Chairs,976.15,1845.15,2024-05-01,1
SKU0016,2024-12-30,28,47221.7,1778.3442857142857,2,1,Furniture,Chairs,976.15,1845.15,2024-05-01,1
SKU0016,2025-01-06,13,23986.95,1845.15,0,0,Furniture,Chairs,976.15,1845.15,2024-05-01,0
SKU0016,2025-01-13,21,38748.15,1845.15,0,0,Furniture,Chairs,976.15,1845.15,2024-05-01,0
SKU0016,2025-01-20,13,23986.95,1845.15,0,0,Furniture,Chairs,976.15,1845.15,2024-05-01,0
SKU0016,2025-01-27,15,27677.25,1845.15,0,0,Furniture,Chairs,976.15,1845.15,2024-05-01,0
SKU0016,2025-02-03,20,36903.0,1845.15,0,0,Furniture,Chairs,976.15,1845.15,2024-05-01,0
SKU0016,2025-02-10,17,31367.55,1845.15,0,0,Furniture,Chairs,976.15,1845.15,2024-05-01,0
SKU0016,2025-02-17,17,31367.55,1845.15,0,0,Furniture,Chairs,976.15,1845.15,2024-05-01,0
SKU0016,2025-02-24,15,27677.25,1845.15,0,0,Furniture,Chairs,976.15,1845.15,2024-05-01,0
SKU0016,2025-03-03,14,25832.100000000002,1845.15,0,0,Furniture,Chairs,976.15,1845.15,2024-05-01,0
SKU0016,2025-03-10,16,29522.4,1845.15,0,0,Furniture,Chairs,976.15,1845.15,2024-05-01,0
SKU0016,2025-03-17,16,29522.4,1845.15,0,0,Furniture,Chairs,976.15,1845.15,2024-05-01,0
SKU0016,2025-03-24,15,27677.25,1845.15,0,0,Furniture,Chairs,976.15,1845.15,2024-05-01,0
SKU0016,2025-03-31,12,22141.8,1845.15,0,0,Furniture,Chairs,976.15,1845.15,2024-05-01,0
SKU0016,2025-04-07,12,22141.8,1845.15,0,0,Furniture,Chairs,976.15,1845.15,2024-05-01,0
SKU0016,2025-04-14,25,46128.75,1845.15,0,0,Furniture,Chairs,976.15,1845.15,2024-05-01,0
SKU0016,2025-04-21,16,29522.4,1845.15,0,0,Furniture,Chairs,976.15,1845.15,2024-05-01,0
SKU0016,2025-04-28,7,12916.050000000001,1845.15,0,0,Furniture,Chairs,976.15,1845.15,2024-05-01,0
SKU0016,2025-05-05,18,33212.7,1845.15,0,0,Furniture,Chairs,976.15,1845.15,2024-05-01,0
SKU0016,2025-05-12,20,36903.0,1845.15,0,0,Furniture,Chairs,976.15,1845.15,2024-05-01,0
SKU0016,2025-05-19,9,16606.350000000002,1845.15,0,0,Furniture,Chairs,976.15,1845.15,2024-05-01,0
SKU0016,2025-05-26,13,23051.690000000002,1811.7471428571428,1,0,Furniture,Chairs,976.15,1845.15,2024-05-01,1
SKU0016,2025-06-02,32,51562.69,1611.33,7,0,Furniture,Chairs,976.15,1845.15,2024-05-01,1
SKU0016,2025-06-09,16,26716.61,1778.3442857142857,2,0,Furniture,Chairs,976.15,1845.15,2024-05-01,1
SKU0016,2025-06-16,30,55354.5,1845.15,0,0,Furniture,Chairs,976.15,1845.15,2024-05-01,0
SKU0016,2025-06-23,13,23986.95,1845.15,0,0,Furniture,Chairs,976.15,1845.15,2024-05-01,0
SKU0016,2025-06-30,10,18451.5,1845.15,0,0,Furniture,Chairs,976.15,1845.15,2024-05-01,0
SKU0016,2025-07-07,19,35057.85,1845.15,0,0,Furniture,Chairs,976.15,1845.15,2024-05-01,0
SKU0016,2025-07-14,8,14761.2,1845.15,0,0,Furniture,Chairs,976.15,1845.15,2024-05-01,0
SKU0016,2025-07-21,14,25832.1,1845.15,0,0,Furniture,Chairs,976.15,1845.15,2024-05-01,0
SKU0016,2025-07-28,16,29522.4,1845.15,0,0,Furniture,Chairs,976.15,1845.15,2024-05-01,0
SKU0016,2025-08-04,18,33212.7,1845.15,0,0,Furniture,Chairs,976.15,1845.15,2024-05-01,0
SKU0016,2025-08-11,10,18451.5,1845.15,0,1,Furniture,Chairs,976.15,1845.15,2024-05-01,0
SKU0016,2025-08-18,4,7380.6,1845.15,0,0,Furniture,Chairs,976.15,1845.15,2024-05-01,0
SKU0016,2025-08-25,12,22141.8,1845.15,0,0,Furniture,Chairs,976.15,1845.15,2024-05-01,0
SKU0017,2024-02-05,17,11061.9,650.7,0,0,Textiles,Bedding,374.47,650.7,2024-02-11,0
SKU0017,2024-02-12,230,149661.0,650.7,0,0,Textiles,Bedding,374.47,650.7,2024-02-11,0
SKU0017,2024-02-19,227,147708.9,650.7,0,0,Textiles,Bedding,374.47,650.7,2024-02-11,0
SKU0017,2024-02-26,228,148359.6,650.7,0,0,Textiles,Bedding,374.47,650.7,2024-02-11,0
SKU0017,2024-03-04,263,171134.1,650.7,0,0,Textiles,Bedding,374.47,650.7,2024-02-11,0
SKU0017,2024-03-11,268,174387.6,650.7,0,0,Textiles,Bedding,374.47,650.7,2024-02-11,0
SKU0017,2024-03-18,299,194559.3,650.7,0,0,Textiles,Bedding,374.47,650.7,2024-02-11,0
SKU0017,2024-03-25,241,156818.7,650.7,0,0,Textiles,Bedding,374.47,650.7,2024-02-11,0
SKU0017,2024-04-01,234,152263.8,650.7,0,0,Textiles,Bedding,374.47,650.7,2024-02-11,0
SKU0017,2024-04-08,279,181545.3,650.7,0,0,Textiles,Bedding,374.47,650.7,2024-02-11,0
SKU0017,2024-04-15,262,170483.4,650.7,0,0,Textiles,Bedding,374.47,650.7,2024-02-11,0
SKU0017,2024-04-22,267,173736.9,650.7,0,0,Textiles,Bedding,374.47,650.7,2024-02-11,0
SKU0017,2024-04-29,264,171784.8,650.7,0,0,Textiles,Bedding,374.47,650.7,2024-02-11,0
SKU0017,2024-05-06,300,195210.0,650.7,0,0,Textiles,Bedding,374.47,650.7,2024-02-11,0
SKU0017,2024-05-13,254,165277.80000000002,650.7,0,0,Textiles,Bedding,374.47,650.7,2024-02-11,0
SKU0017,2024-05-20,321,208874.7,650.7,0,0,Textiles,Bedding,374.47,650.7,2024-02-11,0
SKU0017,2024-05-27,332,206668.89,628.5914285714287,2,0,Textiles,Bedding,374.47,650.7,2024-02-11,1
SKU0017,2024-06-03,588,337109.57,573.32,7,0,Textiles,Bedding,374.47,650.7,2024-02-11,1
SKU0017,2024-06-10,233,147821.26,639.6457142857143,1,0,Textiles,Bedding,374.47,650.7,2024-02-11,1
SKU0017,2024-06-17,318,206922.6,650.7,0,0,Textiles,Bedding,374.47,650.7,2024-02-11,0
SKU0017,2024-06-24,291,189353.7,650.7,0,0,Textiles,Bedding,374.47,650.7,2024-02-11,0
SKU0017,2024-07-01,290,188703.0,650.7,0,0,Textiles,Bedding,374.47,650.7,2024-02-11,0
SKU0017,2024-07-08,233,151613.1,650.7,0,0,Textiles,Bedding,374.47,650.7,2024-02-11,0
SKU0017,2024-07-15,296,192607.2,650.7,0,0,Textiles,Bedding,374.47,650.7,2024-02-11,0
SKU0017,2024-07-22,219,142503.3,650.7,0,0,Textiles,Bedding,374.47,650.7,2024-02-11,0
SKU0017,2024-07-29,226,147058.2,650.7,0,0,Textiles,Bedding,374.47,650.7,2024-02-11,0
SKU0017,2024-08-05,276,179593.2,650.7,0,0,Textiles,Bedding,374.47,650.7,2024-02-11,0
SKU0017,2024-08-12,268,174387.6,650.7,0,1,Textiles,Bedding,374.47,650.7,2024-02-11,0
SKU0017,2024-08-19,199,129489.3,650.7,0,0,Textiles,Bedding,374.47,650.7,2024-02-11,0
SKU0017,2024-08-26,232,150962.4,650.7,0,0,Textiles,Bedding,374.47,650.7,2024-02-11,0
SKU0017,2024-09-02,208,135345.6,650.7,0,0,Textiles,Bedding,374.47,650.7,2024-02-11,0
SKU0017,2024-09-09,156,101509.2,650.7,0,0,Textiles,Bedding,374.47,650.7,2024-02-11,0
SKU0017,2024-09-16,222,144455.4,650.7,0,0,Textiles,Bedding,374.47,650.7,2024-02-11,0
SKU0017,2024-09-23,226,147058.2,650.7,0,0,Textiles,Bedding,374.47,650.7,2024-02-11,0
SKU0017,2024-09-30,190,123633.0,650.7,0,1,Textiles,Bedding,374.47,650.7,2024-02-11,0
SKU0017,2024-10-07,170,110619.0,650.7,0,0,Textiles,Bedding,374.47,650.7,2024-02-11,0
SKU0017,2024-10-14,176,114523.2,650.7,0,0,Textiles,Bedding,374.47,650.7,2024-02-11,0
SKU0017,2024-10-21,226,147058.2,650.7,0,0,Textiles,Bedding,374.47,650.7,2024-02-11,0
SKU0017,2024-10-28,168,109317.6,650.7,0,0,Textiles,Bedding,374.47,650.7,2024-02-11,0
SKU0017,2024-11-04,199,121131.78,617.5371428571428,3,0,Textiles,Bedding,374.47,650.7,2024-02-11,1
SKU0017,2024-11-11,331,192475.91,595.4285714285714,5,0,Textiles,Bedding,374.47,650.7,2024-02-11,1
SKU0017,2024-11-18,194,126235.8,650.7,0,0,Textiles,Bedding,374.47,650.7,2024-02-11,0
SKU0017,2024-11-25,165,107365.5,650.7,0,0,Textiles,Bedding,374.47,650.7,2024-02-11,0
SKU0017,2024-12-02,134,87193.8,650.7,0,0,Textiles,Bedding,374.47,650.7,2024-02-11,0
SKU0017,2024-12-09,165,107365.5,650.7,0,0,Textiles,Bedding,374.47,650.7,2024-02-11,0
SKU0017,2024-12-16,237,144775.01,617.5371428571428,3,0,Textiles,Bedding,374.47,650.7,2024-02-11,1
SKU0017,2024-12-23,347,198940.5,573.32,7,1,Textiles,Bedding,374.47,650.7,2024-02-11,1
SKU0017,2024-12-30,236,143737.38,628.5914285714287,2,1,Textiles,Bedding,374.47,650.7,2024-02-11,1
SKU0017,2025-01-06,184,119728.8,650.7,0,0,Textiles,Bedding,374.47,650.7,2024-02-11,0
SKU0017,2025-01-13,143,93050.1,650.7,0,0,Textiles,Bedding,374.47,650.7,2024-02-11,0
SKU0017,2025-01-20,169,109968.3,650.7,0,0,Textiles,Bedding,374.47,650.7,2024-02-11,0
SKU0017,2025-01-27,191,124283.7,650.7,0,0,Textiles,Bedding,374.47,650.7,2024-02-11,0
SKU0017,2025-02-03,219,142503.3,650.7,0,0,Textiles,Bedding,374.47,650.7,2024-02-11,0
SKU0017,2025-02-10,268,174387.6,650.7,0,0,Textiles,Bedding,374.47,650.7,2024-02-11,0
SKU0017,2025-02-17,278,180894.6,650.7,0,0,Textiles,Bedding,374.47,650.7,2024-02-11,0
SKU0017,2025-02-24,182,118427.4,650.7,0,0,Textiles,Bedding,374.47,650.7,2024-02-11,0
SKU0017,2025-03-03,231,150311.7,650.7,0,0,Textiles,Bedding,374.47,650.7,2024-02-11,0
SKU0017,2025-03-10,238,154866.6,650.7,0,0,Textiles,Bedding,374.47,650.7,2024-02-11,0
SKU0017,2025-03-17,236,153565.2,650.7,0,0,Textiles,Bedding,374.47,650.7,2024-02-11,0
SKU0017,2025-03-24,241,156818.69999999998,650.7,0,0,Textiles,Bedding,374.47,650.7,2024-02-11,0
SKU0017,2025-03-31,212,137948.4,650.7,0,0,Textiles,Bedding,374.47,650.7,2024-02-11,0
SKU0017,2025-04-07,240,156168.0,650.7,0,0,Textiles,Bedding,374.47,650.7,2024-02-11,0
SKU0017,2025-04-14,319,207573.3,650.7,0,0,Textiles,Bedding,374.47,650.7,2024-02-11,0
SKU0017,2025-04-21,212,137948.4,650.7,0,0,Textiles,Bedding,374.47,650.7,2024-02-11,0
SKU0017,2025-04-28,276,179593.2,650.7,0,0,Textiles,Bedding,374.47,650.7,2024-02-11,0
SKU0017,2025-05-05,225,146407.5,650.7,0,0,Textiles,Bedding,374.47,650.7,2024-02-11,0
SKU0017,2025-05-12,245,159421.5,650.7,0,0,Textiles,Bedding,374.47,650.7,2024-02-11,0
SKU0017,2025-05-19,262,170483.4,650.7,0,0,Textiles,Bedding,374.47,650.7,2024-02-11,0
SKU0017,2025-05-26,295,186926.51,639.6457142857143,1,0,Textiles,Bedding,374.47,650.7,2024-02-11,1
SKU0017,2025-06-02,427,244805.75,573.32,7,0,Textiles,Bedding,374.47,650.7,2024-02-11,1
SKU0017,2025-06-09,378,232499.71,628.5914285714287,2,0,Textiles,Bedding,374.47,650.7,2024-02-11,1
SKU0017,2025-06-16,230,149661.0,650.7,0,0,Textiles,Bedding,374.47,650.7,2024-02-11,0
SKU0017,2025-06-23,236,153565.2,650.7,0,0,Textiles,Bedding,374.47,650.7,2024-02-11,0
SKU0017,2025-06-30,244,158770.8,650.7,0,0,Textiles,Bedding,374.47,650.7,2024-02-11,0
SKU0017,2025-07-07,272,176990.4,650.7,0,0,Textiles,Bedding,374.47,650.7,2024-02-11,0
SKU0017,2025-07-14,240,156168.0,650.7,0,0,Textiles,Bedding,374.47,650.7,2024-02-11,0
SKU0017,2025-07-21,249,162024.3,650.7,0,0,Textiles,Bedding,374.47,650.7,2024-02-11,0
SKU0017,2025-07-28,207,134694.9,650.7,0,0,Textiles,Bedding,374.47,650.7,2024-02-11,0
SKU0017,2025-08-04,211,137297.7,650.7,0,0,Textiles,Bedding,374.47,650.7,2024-02-11,0
SKU0017,2025-08-11,231,150311.7,650.7,0,1,Textiles,Bedding,374.47,650.7,2024-02-11,0
SKU0017,2025-08-18,219,142503.3,650.7,0,0,Textiles,Bedding,374.47,650.7,2024-02-11,0
SKU0017,2025-08-25,269,175038.30000000002,650.7,0,0,Textiles,Bedding,374.47,650.7,2024-02-11,0
SKU0018,2023-11-27,38,264505.84,6960.68,0,0,Small Appliances,Kitchen,3168.01,6960.68,2023-11-28,0
SKU0018,2023-12-04,66,459404.88,6960.68,0,0,Small Appliances,Kitchen,3168.01,6960.68,2023-11-28,0
SKU0018,2023-12-11,46,320191.28,6960.68,0,0,Small Appliances,Kitchen,3168.01,6960.68,2023-11-28,0
SKU0018,2023-12-18,82,461445.85000000003,5828.901428571428,5,0,Small Appliances,Kitchen,3168.01,6960.68,2023-11-28,1
SKU0018,2023-12-25,77,413966.53,5376.19,7,1,Small Appliances,Kitchen,3168.01,6960.68,2023-11-28,1
SKU0018,2024-01-01,57,396758.76,6960.68,0,1,Small Appliances,Kitchen,3168.01,6960.68,2023-11-28,0
SKU0018,2024-01-08,31,215781.08000000002,6960.68,0,0,Small Appliances,Kitchen,3168.01,6960.68,2023-11-28,0
SKU0018,2024-01-15,48,334112.64,6960.68,0,0,Small Appliances,Kitchen,3168.01,6960.68,2023-11-28,0
SKU0018,2024-01-22,63,438522.84,6960.68,0,0,Small Appliances,Kitchen,3168.01,6960.68,2023-11-28,0
SKU0018,2024-01-29,44,306269.92000000004,6960.68,0,0,Small Appliances,Kitchen,3168.01,6960.68,2023-11-28,0
SKU0018,2024-02-05,36,250584.48,6960.68,0,0,Small Appliances,Kitchen,3168.01,6960.68,2023-11-28,0
SKU0018,2024-02-12,42,292348.56,6960.68,0,0,Small Appliances,Kitchen,3168.01,6960.68,2023-11-28,0
SKU0018,2024-02-19,42,292348.56,6960.68,0,0,Small Appliances,Kitchen,3168.01,6960.68,2023-11-28,0
SKU0018,2024-02-26,33,229702.44,6960.68,0,0,Small Appliances,Kitchen,3168.01,6960.68,2023-11-28,0
SKU0018,2024-03-04,49,341073.32,6960.68,0,0,Small Appliances,Kitchen,3168.01,6960.68,2023-11-28,0
SKU0018,2024-03-11,40,278427.2,6960.68,0,0,Small Appliances,Kitchen,3168.01,6960.68,2023-11-28,0
SKU0018,2024-03-18,38,264505.84,6960.68,0,0,Small Appliances,Kitchen,3168.01,6960.68,2023-11-28,0
SKU0018,2024-03-25,36,250584.48,6960.68,0,0,Small Appliances,Kitchen,3168.01,6960.68,2023-11-28,0
SKU0018,2024-04-01,43,299309.24,6960.68,0,0,Small Appliances,Kitchen,3168.01,6960.68,2023-11-28,0
SKU0018,2024-04-08,48,334112.64,6960.68,0,0,Small Appliances,Kitchen,3168.01,6960.68,2023-11-28,0
SKU0018,2024-04-15,46,320191.28,6960.68,0,0,Small Appliances,Kitchen,3168.01,6960.68,2023-11-28,0
SKU0018,2024-04-22,38,264505.84,6960.68,0,0,Small Appliances,Kitchen,3168.01,6960.68,2023-11-28,0
SKU0018,2024-04-29,41,285387.88,6960.68,0,0,Small Appliances,Kitchen,3168.01,6960.68,2023-11-28,0
SKU0018,2024-05-06,62,431562.16000000003,6960.68,0,0,Small Appliances,Kitchen,3168.01,6960.68,2023-11-28,0
SKU0018,2024-05-13,41,285387.88,6960.68,0,0,Small Appliances,Kitchen,3168.01,6960.68,2023-11-28,0
SKU0018,2024-05-20,62,431562.16000000003,6960.68,0,0,Small Appliances,Kitchen,3168.01,6960.68,2023-11-28,0
SKU0018,2024-05-27,81,528956.28,6507.9685714285715,2,0,Small Appliances,Kitchen,3168.01,6960.68,2023-11-28,1
SKU0018,2024-06-03,92,494609.36,5376.19,7,0,Small Appliances,Kitchen,3168.01,6960.68,2023-11-28,1
SKU0018,2024-06-10,92,592847.8200000001,6734.324285714286,1,0,Small Appliances,Kitchen,3168.01,6960.68,2023-11-28,1
SKU0018,2024-06-17,75,522051.0,6960.68,0,0,Small Appliances,Kitchen,3168.01,6960.68,2023-11-28,0
SKU0018,2024-06-24,82,570775.76,6960.68,0,0,Small Appliances,Kitchen,3168.01,6960.68,2023-11-28,0
SKU0018,2024-07-01,92,640382.56,6960.68,0,0,Small Appliances,Kitchen,3168.01,6960.68,2023-11-28,0
SKU0018,2024-07-08,106,737832.08,6960.68,0,0,Small Appliances,Kitchen,3168.01,6960.68,2023-11-28,0
SKU0018,2024-07-15,78,542933.04,6960.68,0,0,Small Appliances,Kitchen,3168.01,6960.68,2023-11-28,0
SKU0018,2024-07-22,72,501168.96,6960.68,0,0,Small Appliances,Kitchen,3168.01,6960.68,2023-11-28,0
SKU0018,2024-07-29,88,612539.84,6960.68,0,0,Small Appliances,Kitchen,3168.01,6960.68,2023-11-28,0
SKU0018,2024-08-05,65,452444.2,6960.68,0,0,Small Appliances,Kitchen,3168.01,6960.68,2023-11-28,0
SKU0018,2024-08-12,129,897927.72,6960.68,0,1,Small Appliances,Kitchen,3168.01,6960.68,2023-11-28,0
SKU0018,2024-08-19,83,577736.4400000001,6960.68,0,0,Small Appliances,Kitchen,3168.01,6960.68,2023-11-28,0
SKU0018,2024-08-26,55,382837.4,6960.68,0,0,Small Appliances,Kitchen,3168.01,6960.68,2023-11-28,0
SKU0018,2024-09-02,92,640382.56,6960.68,0,0,Small Appliances,Kitchen,3168.01,6960.68,2023-11-28,0
SKU0018,2024-09-09,77,535972.36,6960.68,0,0,Small Appliances,Kitchen,3168.01,6960.68,2023-11-28,0
SKU0018,2024-09-16,57,396758.76,6960.68,0,0,Small Appliances,Kitchen,3168.01,6960.68,2023-11-28,0
SKU0018,2024-09-23,58,403719.44,6960.68,0,0,Small Appliances,Kitchen,3168.01,6960.68,2023-11-28,0
SKU0018,2024-09-30,70,487247.6,6960.68,0,1,Small Appliances,Kitchen,3168.01,6960.68,2023-11-28,0
SKU0018,2024-10-07,46,320191.28,6960.68,0,0,Small Appliances,Kitchen,3168.01,6960.68,2023-11-28,0
SKU0018,2024-10-14,77,535972.36,6960.68,0,0,Small Appliances,Kitchen,3168.01,6960.68,2023-11-28,0
SKU0018,2024-10-21,62,431562.16000000003,6960.68,0,0,Small Appliances,Kitchen,3168.01,6960.68,2023-11-28,0
SKU0018,2024-10-28,59,410680.12,6960.68,0,0,Small Appliances,Kitchen,3168.01,6960.68,2023-11-28,0
SKU0018,2024-11-04,59,369483.34,6281.612857142857,3,0,Small Appliances,Kitchen,3168.01,6960.68,2023-11-28,1
SKU0018,2024-11-11,74,429527.8,5828.901428571428,5,0,Small Appliances,Kitchen,3168.01,6960.68,2023-11-28,1
SKU0018,2024-11-18,77,535972.36,6960.68,0,0,Small Appliances,Kitchen,3168.01,6960.68,2023-11-28,0
SKU0018,2024-11-25,40,278427.2,6960.68,0,0,Small Appliances,Kitchen,3168.01,6960.68,2023-11-28,0
SKU0018,2024-12-02,49,341073.32,6960.68,0,0,Small Appliances,Kitchen,3168.01,6960.68,2023-11-28,0
SKU0018,2024-12-09,46,320191.27999999997,6960.68,0,0,Small Appliances,Kitchen,3168.01,6960.68,2023-11-28,0
SKU0018,2024-12-16,45,292632.20999999996,6281.612857142857,3,0,Small Appliances,Kitchen,3168.01,6960.68,2023-11-28,1
SKU0018,2024-12-23,81,435471.29000000004,5376.19,7,1,Small Appliances,Kitchen,3168.01,6960.68,2023-11-28,1
SKU0018,2024-12-30,42,254320.77000000002,6507.9685714285715,2,1,Small Appliances,Kitchen,3168.01,6960.68,2023-11-28,1
SKU0018,2025-01-06,28,194899.04,6960.68,0,0,Small Appliances,Kitchen,3168.01,6960.68,2023-11-28,0
SKU0018,2025-01-13,39,271466.52,6960.68,0,0,Small Appliances,Kitchen,3168.01,6960.68,2023-11-28,0
SKU0018,2025-01-20,27,187938.36000000002,6960.68,0,0,Small Appliances,Kitchen,3168.01,6960.68,2023-11-28,0
SKU0018,2025-01-27,21,146174.28,6960.68,0,0,Small Appliances,Kitchen,3168.01,6960.68,2023-11-28,0
SKU0018,2025-02-03,40,278427.2,6960.68,0,0,Small Appliances,Kitchen,3168.01,6960.68,2023-11-28,0
SKU0018,2025-02-10,45,313230.6,6960.68,0,0,Small Appliances,Kitchen,3168.01,6960.68,2023-11-28,0
SKU0018,2025-02-17,33,229702.44,6960.68,0,0,Small Appliances,Kitchen,3168.01,6960.68,2023-11-28,0
SKU0018,2025-02-24,25,174017.0,6960.68,0,0,Small Appliances,Kitchen,3168.01,6960.68,2023-11-28,0
SKU0018,2025-03-03,33,229702.44,6960.68,0,0,Small Appliances,Kitchen,3168.01,6960.68,2023-11-28,0
SKU0018,2025-03-10,40,278427.2,6960.68,0,0,Small Appliances,Kitchen,3168.01,6960.68,2023-11-28,0
SKU0018,2025-03-17,46,320191.28,6960.68,0,0,Small Appliances,Kitchen,3168.01,6960.68,2023-11-28,0
SKU0018,2025-03-24,29,201859.72,6960.68,0,0,Small Appliances,Kitchen,3168.01,6960.68,2023-11-28,0
SKU0018,2025-03-31,38,264505.84,6960.68,0,0,Small Appliances,Kitchen,3168.01,6960.68,2023-11-28,0
SKU0018,2025-04-07,29,201859.72,6960.68,0,0,Small Appliances,Kitchen,3168.01,6960.68,2023-11-28,0
SKU0018,2025-04-14,41,285387.88,6960.68,0,0,Small Appliances,Kitchen,3168.01,6960.68,2023-11-28,0
SKU0018,2025-04-21,27,187938.36000000002,6960.68,0,0,Small Appliances,Kitchen,3168.01,6960.68,2023-11-28,0
SKU0018,2025-04-28,42,292348.56,6960.68,0,0,Small Appliances,Kitchen,3168.01,6960.68,2023-11-28,0
SKU0018,2025-05-05,56,389798.08,6960.68,0,0,Small Appliances,Kitchen,3168.01,6960.68,2023-11-28,0
SKU0018,2025-05-12,47,327151.96,6960.68,0,0,Small Appliances,Kitchen,3168.01,6960.68,2023-11-28,0
SKU0018,2025-05-19,36,250584.48,6960.68,0,0,Small Appliances,Kitchen,3168.01,6960.68,2023-11-28,0
SKU0018,2025-05-26,74,488153.97000000003,6734.324285714286,1,0,Small Appliances,Kitchen,3168.01,6960.68,2023-11-28,1
SKU0018,2025-06-02,90,483856.98,5376.19,7,0,Small Appliances,Kitchen,3168.01,6960.68,2023-11-28,1
SKU0018,2025-06-09,85,536200.61,6507.9685714285715,2,0,Small Appliances,Kitchen,3168.01,6960.68,2023-11-28,1
SKU0018,2025-06-16,56,389798.07999999996,6960.68,0,0,Small Appliances,Kitchen,3168.01,6960.68,2023-11-28,0
SKU0018,2025-06-23,69,480286.92000000004,6960.68,0,0,Small Appliances,Kitchen,3168.01,6960.68,2023-11-28,0
SKU0018,2025-06-30,59,410680.12,6960.68,0,0,Small Appliances,Kitchen,3168.01,6960.68,2023-11-28,0
SKU0018,2025-07-07,83,577736.44,6960.68,0,0,Small Appliances,Kitchen,3168.01,6960.68,2023-11-28,0
SKU0018,2025-07-14,61,424601.48,6960.68,0,0,Small Appliances,Kitchen,3168.01,6960.68,2023-11-28,0
SKU0018,2025-07-21,53,368916.04,6960.68,0,0,Small Appliances,Kitchen,3168.01,6960.68,2023-11-28,0
SKU0018,2025-07-28,51,354994.68000000005,6960.68,0,0,Small Appliances,Kitchen,3168.01,6960.68,2023-11-28,0
SKU0018,2025-08-04,67,466365.56,6960.68,0,0,Small Appliances,Kitchen,3168.01,6960.68,2023-11-28,0
SKU0018,2025-08-11,61,424601.48,6960.68,0,1,Small Appliances,Kitchen,3168.01,6960.68,2023-11-28,0
SKU0018,2025-08-18,67,466365.56,6960.68,0,0,Small Appliances,Kitchen,3168.01,6960.68,2023-11-28,0
SKU0018,2025-08-25,74,515090.32,6960.68,0,0,Small Appliances,Kitchen,3168.01,6960.68,2023-11-28,0
SKU0019,2025-03-17,23,26026.8,1131.6,0,0,Decor,Lighting,792.85,1131.6,2025-03-23,0
SKU0019,2025-03-24,226,255741.59999999998,1131.6,0,0,Decor,Lighting,792.85,1131.6,2025-03-23,0
SKU0019,2025-03-31,221,250083.6,1131.6,0,0,Decor,Lighting,792.85,1131.6,2025-03-23,0
SKU0019,2025-04-07,275,311190.0,1131.6,0,0,Decor,Lighting,792.85,1131.6,2025-03-23,0
SKU0019,2025-04-14,195,220662.0,1131.6,0,0,Decor,Lighting,792.85,1131.6,2025-03-23,0
SKU0019,2025-04-21,250,282900.0,1131.6,0,0,Decor,Lighting,792.85,1131.6,2025-03-23,0
SKU0019,2025-04-28,254,287426.4,1131.6,0,0,Decor,Lighting,792.85,1131.6,2025-03-23,0
SKU0019,2025-05-05,174,196898.40000000002,1131.6,0,0,Decor,Lighting,792.85,1131.6,2025-03-23,0
SKU0019,2025-05-12,256,289689.6,1131.6,0,0,Decor,Lighting,792.85,1131.6,2025-03-23,0
SKU0019,2025-05-19,207,234241.2,1131.6,0,0,Decor,Lighting,792.85,1131.6,2025-03-23,0
SKU0019,2025-05-26,273,297312.76,1107.8985714285714,1,0,Decor,Lighting,792.85,1131.6,2025-03-23,1
SKU0019,2025-06-02,379,365994.68,965.6899999999999,7,0,Decor,Lighting,792.85,1131.6,2025-03-23,1
SKU0019,2025-06-09,364,378387.61,1084.1971428571428,2,0,Decor,Lighting,792.85,1131.6,2025-03-23,1
SKU0019,2025-06-16,249,281768.4,1131.6,0,0,Decor,Lighting,792.85,1131.6,2025-03-23,0
SKU0019,2025-06-23,240,271584.0,1131.6,0,0,Decor,Lighting,792.85,1131.6,2025-03-23,0
SKU0019,2025-06-30,171,193503.59999999998,1131.6,0,0,Decor,Lighting,792.85,1131.6,2025-03-23,0
SKU0019,2025-07-07,181,204819.6,1131.6,0,0,Decor,Lighting,792.85,1131.6,2025-03-23,0
SKU0019,2025-07-14,204,230846.4,1131.6,0,0,Decor,Lighting,792.85,1131.6,2025-03-23,0
SKU0019,2025-07-21,221,250083.6,1131.6,0,0,Decor,Lighting,792.85,1131.6,2025-03-23,0
SKU0019,2025-07-28,182,205951.19999999998,1131.6,0,0,Decor,Lighting,792.85,1131.6,2025-03-23,0
SKU0019,2025-08-04,184,208214.4,1131.6,0,0,Decor,Lighting,792.85,1131.6,2025-03-23,0
SKU0019,2025-08-11,188,212740.8,1131.6,0,1,Decor,Lighting,792.85,1131.6,2025-03-23,0
SKU0019,2025-08-18,212,239899.2,1131.6,0,0,Decor,Lighting,792.85,1131.6,2025-03-23,0
SKU0019,2025-08-25,197,222925.2,1131.6,0,0,Decor,Lighting,792.85,1131.6,2025-03-23,0
SKU0020,2024-12-30,53,79172.39,1509.5083333333332,1,1,Small Appliances,Kitchen,770.9,1542.77,2024-12-31,1
SKU0020,2025-01-06,47,72510.19,1542.77,0,0,Small Appliances,Kitchen,770.9,1542.77,2024-12-31,0
SKU0020,2025-01-13,61,94108.97,1542.77,0,0,Small Appliances,Kitchen,770.9,1542.77,2024-12-31,0
SKU0020,2025-01-20,42,64796.340000000004,1542.77,0,0,Small Appliances,Kitchen,770.9,1542.77,2024-12-31,0
SKU0020,2025-01-27,55,84852.35,1542.77,0,0,Small Appliances,Kitchen,770.9,1542.77,2024-12-31,0
SKU0020,2025-02-03,77,118793.29000000001,1542.77,0,0,Small Appliances,Kitchen,770.9,1542.77,2024-12-31,0
SKU0020,2025-02-10,55,84852.35,1542.77,0,0,Small Appliances,Kitchen,770.9,1542.77,2024-12-31,0
SKU0020,2025-02-17,71,109536.67,1542.77,0,0,Small Appliances,Kitchen,770.9,1542.77,2024-12-31,0
SKU0020,2025-02-24,56,86395.12,1542.77,0,0,Small Appliances,Kitchen,770.9,1542.77,2024-12-31,0
SKU0020,2025-03-03,68,104908.36,1542.77,0,0,Small Appliances,Kitchen,770.9,1542.77,2024-12-31,0
SKU0020,2025-03-10,67,103365.59,1542.77,0,0,Small Appliances,Kitchen,770.9,1542.77,2024-12-31,0
SKU0020,2025-03-17,61,94108.97,1542.77,0,0,Small Appliances,Kitchen,770.9,1542.77,2024-12-31,0
SKU0020,2025-03-24,46,70967.42,1542.77,0,0,Small Appliances,Kitchen,770.9,1542.77,2024-12-31,0
SKU0020,2025-03-31,52,80224.04,1542.77,0,0,Small Appliances,Kitchen,770.9,1542.77,2024-12-31,0
SKU0020,2025-04-07,63,97194.51,1542.77,0,0,Small Appliances,Kitchen,770.9,1542.77,2024-12-31,0
SKU0020,2025-04-14,47,72510.19,1542.77,0,0,Small Appliances,Kitchen,770.9,1542.77,2024-12-31,0
SKU0020,2025-04-21,61,94108.97,1542.77,0,0,Small Appliances,Kitchen,770.9,1542.77,2024-12-31,0
SKU0020,2025-04-28,67,103365.59,1542.77,0,0,Small Appliances,Kitchen,770.9,1542.77,2024-12-31,0
SKU0020,2025-05-05,54,83309.58,1542.77,0,0,Small Appliances,Kitchen,770.9,1542.77,2024-12-31,0
SKU0020,2025-05-12,71,109536.67,1542.77,0,0,Small Appliances,Kitchen,770.9,1542.77,2024-12-31,0
SKU0020,2025-05-19,65,100280.05,1542.77,0,0,Small Appliances,Kitchen,770.9,1542.77,2024-12-31,0
SKU0020,2025-05-26,61,92512.41,1514.26,1,0,Small Appliances,Kitchen,770.9,1542.77,2024-12-31,1
SKU0020,2025-06-02,123,165213.54,1343.2,7,0,Small Appliances,Kitchen,770.9,1542.77,2024-12-31,1
SKU0020,2025-06-09,87,126238.17,1485.75,2,0,Small Appliances,Kitchen,770.9,1542.77,2024-12-31,1
SKU0020,2025-06-16,67,103365.59,1542.77,0,0,Small Appliances,Kitchen,770.9,1542.77,2024-12-31,0
SKU0020,2025-06-23,36,55539.72,1542.77,0,0,Small Appliances,Kitchen,770.9,1542.77,2024-12-31,0
SKU0020,2025-06-30,63,97194.51,1542.77,0,0,Small Appliances,Kitchen,770.9,1542.77,2024-12-31,0
SKU0020,2025-07-07,66,101822.82,1542.77,0,0,Small Appliances,Kitchen,770.9,1542.77,2024-12-31,0
SKU0020,2025-07-14,74,114164.98,1542.77,0,0,Small Appliances,Kitchen,770.9,1542.77,2024-12-31,0
SKU0020,2025-07-21,62,95651.74,1542.77,0,0,Small Appliances,Kitchen,770.9,1542.77,2024-12-31,0
SKU0020,2025-07-28,60,92566.2,1542.77,0,0,Small Appliances,Kitchen,770.9,1542.77,2024-12-31,0
SKU0020,2025-08-04,58,89480.66,1542.77,0,0,Small Appliances,Kitchen,770.9,1542.77,2024-12-31,0
SKU0020,2025-08-11,60,92566.2,1542.77,0,1,Small Appliances,Kitchen,770.9,1542.77,2024-12-31,0
SKU0020,2025-08-18,54,83309.58,1542.77,0,0,Small Appliances,Kitchen,770.9,1542.77,2024-12-31,0
SKU0020,2025-08-25,51,78681.27,1542.77,0,0,Small Appliances,Kitchen,770.9,1542.77,2024-12-31,0
SKU0021,2024-12-30,21,70160.74,3356.9566666666665,1,1,Furniture,Tables,1867.7,3468.74,2024-12-31,1
SKU0021,2025-01-06,27,93655.98,3468.7400000000002,0,0,Furniture,Tables,1867.7,3468.74,2024-12-31,0
SKU0021,2025-01-13,25,86718.5,3468.7400000000002,0,0,Furniture,Tables,1867.7,3468.74,2024-12-31,0
SKU0021,2025-01-20,23,79781.02,3468.7400000000002,0,0,Furniture,Tables,1867.7,3468.74,2024-12-31,0
SKU0021,2025-01-27,27,93655.98,3468.7400000000002,0,0,Furniture,Tables,1867.7,3468.74,2024-12-31,0
SKU0021,2025-02-03,38,131812.12,3468.7400000000002,0,0,Furniture,Tables,1867.7,3468.74,2024-12-31,0
SKU0021,2025-02-10,34,117937.16,3468.7400000000002,0,0,Furniture,Tables,1867.7,3468.74,2024-12-31,0
SKU0021,2025-02-17,30,104062.2,3468.7400000000002,0,0,Furniture,Tables,1867.7,3468.74,2024-12-31,0
SKU0021,2025-02-24,24,83249.76,3468.7400000000002,0,0,Furniture,Tables,1867.7,3468.74,2024-12-31,0
SKU0021,2025-03-03,36,124874.64,3468.7400000000002,0,0,Furniture,Tables,1867.7,3468.74,2024-12-31,0
SKU0021,2025-03-10,19,65906.06,3468.7400000000002,0,0,Furniture,Tables,1867.7,3468.74,2024-12-31,0
SKU0021,2025-03-17,17,58968.579999999994,3468.7400000000002,0,0,Furniture,Tables,1867.7,3468.74,2024-12-31,0
SKU0021,2025-03-24,28,97124.72,3468.7400000000002,0,0,Furniture,Tables,1867.7,3468.74,2024-12-31,0
SKU0021,2025-03-31,31,107530.94,3468.7400000000002,0,0,Furniture,Tables,1867.7,3468.74,2024-12-31,0
SKU0021,2025-04-07,28,97124.72,3468.7400000000002,0,0,Furniture,Tables,1867.7,3468.74,2024-12-31,0
SKU0021,2025-04-14,22,76312.28,3468.7400000000002,0,0,Furniture,Tables,1867.7,3468.74,2024-12-31,0
SKU0021,2025-04-21,25,86718.5,3468.7400000000002,0,0,Furniture,Tables,1867.7,3468.74,2024-12-31,0
SKU0021,2025-04-28,36,124874.64,3468.7400000000002,0,0,Furniture,Tables,1867.7,3468.74,2024-12-31,0
SKU0021,2025-05-05,26,90187.23999999999,3468.7400000000002,0,0,Furniture,Tables,1867.7,3468.74,2024-12-31,0
SKU0021,2025-05-12,23,79781.02,3468.7400000000002,0,0,Furniture,Tables,1867.7,3468.74,2024-12-31,0
SKU0021,2025-05-19,39,135280.86,3468.7400000000002,0,0,Furniture,Tables,1867.7,3468.74,2024-12-31,0
SKU0021,2025-05-26,28,95783.32,3372.925714285714,1,0,Furniture,Tables,1867.7,3468.74,2024-12-31,1
SKU0021,2025-06-02,40,111921.6,2798.04,7,0,Furniture,Tables,1867.7,3468.74,2024-12-31,1
SKU0021,2025-06-09,59,181851.86,3277.1114285714284,2,0,Furniture,Tables,1867.7,3468.74,2024-12-31,1
SKU0021,2025-06-16,29,100593.45999999999,3468.7400000000002,0,0,Furniture,Tables,1867.7,3468.74,2024-12-31,0
SKU0021,2025-06-23,39,135280.86,3468.7400000000002,0,0,Furniture,Tables,1867.7,3468.74,2024-12-31,0
SKU0021,2025-06-30,31,107530.94,3468.7400000000002,0,0,Furniture,Tables,1867.7,3468.74,2024-12-31,0
SKU0021,2025-07-07,44,152624.56,3468.7400000000002,0,0,Furniture,Tables,1867.7,3468.74,2024-12-31,0
SKU0021,2025-07-14,24,83249.76,3468.7400000000002,0,0,Furniture,Tables,1867.7,3468.74,2024-12-31,0
SKU0021,2025-07-21,35,121405.9,3468.7400000000002,0,0,Furniture,Tables,1867.7,3468.74,2024-12-31,0
SKU0021,2025-07-28,19,65906.06,3468.7400000000002,0,0,Furniture,Tables,1867.7,3468.74,2024-12-31,0
SKU0021,2025-08-04,36,124874.64,3468.7400000000002,0,0,Furniture,Tables,1867.7,3468.74,2024-12-31,0
SKU0021,2025-08-11,42,145687.08,3468.7400000000002,0,1,Furniture,Tables,1867.7,3468.74,2024-12-31,0
SKU0021,2025-08-18,40,138749.6,3468.7400000000002,0,0,Furniture,Tables,1867.7,3468.74,2024-12-31,0
SKU0021,2025-08-25,36,124874.64,3468.7400000000002,0,0,Furniture,Tables,1867.7,3468.74,2024-12-31,0
SKU0022,2024-10-28,124,93181.04000000001,751.46,0,0,Small Appliances,Kitchen,487.45,751.46,2024-10-30,0
SKU0022,2024-11-04,368,264296.27999999997,708.4571428571428,3,0,Small Appliances,Kitchen,487.45,751.46,2024-10-30,1
SKU0022,2024-11-11,398,263762.78,679.7885714285715,5,0,Small Appliances,Kitchen,487.45,751.46,2024-10-30,1
SKU0022,2024-11-18,252,189367.92,751.46,0,0,Small Appliances,Kitchen,487.45,751.46,2024-10-30,0
SKU0022,2024-11-25,202,151794.91999999998,751.46,0,0,Small Appliances,Kitchen,487.45,751.46,2024-10-30,0
SKU0022,2024-12-02,268,201391.28,751.46,0,0,Small Appliances,Kitchen,487.45,751.46,2024-10-30,0
SKU0022,2024-12-09,289,217171.94,751.46,0,0,Small Appliances,Kitchen,487.45,751.46,2024-10-30,0
SKU0022,2024-12-16,372,264492.7,708.4571428571428,3,0,Small Appliances,Kitchen,487.45,751.46,2024-10-30,1
SKU0022,2024-12-23,527,343142.29000000004,651.12,7,1,Small Appliances,Kitchen,487.45,751.46,2024-10-30,1
SKU0022,2024-12-30,294,208086.23,722.7914285714286,2,1,Small Appliances,Kitchen,487.45,751.46,2024-10-30,1
SKU0022,2025-01-06,294,220929.24,751.46,0,0,Small Appliances,Kitchen,487.45,751.46,2024-10-30,0
SKU0022,2025-01-13,283,212663.18,751.46,0,0,Small Appliances,Kitchen,487.45,751.46,2024-10-30,0
SKU0022,2025-01-20,336,252490.56,751.46,0,0,Small Appliances,Kitchen,487.45,751.46,2024-10-30,0
SKU0022,2025-01-27,239,179598.94,751.46,0,0,Small Appliances,Kitchen,487.45,751.46,2024-10-30,0
SKU0022,2025-02-03,273,205148.58,751.46,0,0,Small Appliances,Kitchen,487.45,751.46,2024-10-30,0
SKU0022,2025-02-10,247,185610.62,751.46,0,0,Small Appliances,Kitchen,487.45,751.46,2024-10-30,0
SKU0022,2025-02-17,223,167575.58000000002,751.46,0,0,Small Appliances,Kitchen,487.45,751.46,2024-10-30,0
SKU0022,2025-02-24,302,226940.92,751.46,0,0,Small Appliances,Kitchen,487.45,751.46,2024-10-30,0
SKU0022,2025-03-03,241,181101.86,751.46,0,0,Small Appliances,Kitchen,487.45,751.46,2024-10-30,0
SKU0022,2025-03-10,264,198385.44,751.46,0,0,Small Appliances,Kitchen,487.45,751.46,2024-10-30,0
SKU0022,2025-03-17,306,229946.76,751.46,0,0,Small Appliances,Kitchen,487.45,751.46,2024-10-30,0
SKU0022,2025-03-24,306,229946.76,751.46,0,0,Small Appliances,Kitchen,487.45,751.46,2024-10-30,0
SKU0022,2025-03-31,270,202894.2,751.46,0,0,Small Appliances,Kitchen,487.45,751.46,2024-10-30,0
SKU0022,2025-04-07,299,224686.54,751.46,0,0,Small Appliances,Kitchen,487.45,751.46,2024-10-30,0
SKU0022,2025-04-14,239,179598.94,751.46,0,0,Small Appliances,Kitchen,487.45,751.46,2024-10-30,0
SKU0022,2025-04-21,282,211911.72,751.46,0,0,Small Appliances,Kitchen,487.45,751.46,2024-10-30,0
SKU0022,2025-04-28,285,214166.1,751.46,0,0,Small Appliances,Kitchen,487.45,751.46,2024-10-30,0
SKU0022,2025-05-05,220,165321.2,751.46,0,0,Small Appliances,Kitchen,487.45,751.46,2024-10-30,0
SKU0022,2025-05-12,267,200639.82,751.46,0,0,Small Appliances,Kitchen,487.45,751.46,2024-10-30,0
SKU0022,2025-05-19,200,150292.0,751.46,0,0,Small Appliances,Kitchen,487.45,751.46,2024-10-30,0
SKU0022,2025-05-26,282,208299.62,737.1257142857143,1,0,Small Appliances,Kitchen,487.45,751.46,2024-10-30,1
SKU0022,2025-06-02,514,334677.69,651.12,7,0,Small Appliances,Kitchen,487.45,751.46,2024-10-30,1
SKU0022,2025-06-09,345,242096.22999999998,722.7914285714286,2,0,Small Appliances,Kitchen,487.45,751.46,2024-10-30,1
SKU0022,2025-06-16,229,172084.34,751.46,0,0,Small Appliances,Kitchen,487.45,751.46,2024-10-30,0
SKU0022,2025-06-23,215,161563.9,751.46,0,0,Small Appliances,Kitchen,487.45,751.46,2024-10-30,0
SKU0022,2025-06-30,192,144280.32,751.46,0,0,Small Appliances,Kitchen,487.45,751.46,2024-10-30,0
SKU0022,2025-07-07,186,139771.56,751.46,0,0,Small Appliances,Kitchen,487.45,751.46,2024-10-30,0
SKU0022,2025-07-14,225,169078.5,751.46,0,0,Small Appliances,Kitchen,487.45,751.46,2024-10-30,0
SKU0022,2025-07-21,230,172835.80000000002,751.46,0,0,Small Appliances,Kitchen,487.45,751.46,2024-10-30,0
SKU0022,2025-07-28,250,187865.0,751.46,0,0,Small Appliances,Kitchen,487.45,751.46,2024-10-30,0
SKU0022,2025-08-04,245,184107.7,751.46,0,0,Small Appliances,Kitchen,487.45,751.46,2024-10-30,0
SKU0022,2025-08-11,259,194628.13999999998,751.46,0,1,Small Appliances,Kitchen,487.45,751.46,2024-10-30,0
SKU0022,2025-08-18,277,208154.41999999998,751.46,0,0,Small Appliances,Kitchen,487.45,751.46,2024-10-30,0
SKU0022,2025-08-25,226,169829.96,751.46,0,0,Small Appliances,Kitchen,487.45,751.46,2024-10-30,0
SKU0023,2025-05-26,156,713161.3200000001,4704.105,1,0,Textiles,Cushions,2843.87,4888.74,2025-05-29,1
SKU0023,2025-06-02,536,2224507.67,4150.2,7,0,Textiles,Cushions,2843.87,4888.74,2025-05-29,1
SKU0023,2025-06-09,252,1171402.27,4677.728571428571,2,0,Textiles,Cushions,2843.87,4888.74,2025-05-29,1
SKU0023,2025-06-16,230,1124410.2,4888.74,0,0,Textiles,Cushions,2843.87,4888.74,2025-05-29,0
SKU0023,2025-06-23,243,1187963.82,4888.74,0,0,Textiles,Cushions,2843.87,4888.74,2025-05-29,0
SKU0023,2025-06-30,222,1085300.28,4888.74,0,0,Textiles,Cushions,2843.87,4888.74,2025-05-29,0
SKU0023,2025-07-07,310,1515509.4,4888.74,0,0,Textiles,Cushions,2843.87,4888.74,2025-05-29,0
SKU0023,2025-07-14,282,1378624.68,4888.74,0,0,Textiles,Cushions,2843.87,4888.74,2025-05-29,0
SKU0023,2025-07-21,231,1129298.94,4888.74,0,0,Textiles,Cushions,2843.87,4888.74,2025-05-29,0
SKU0023,2025-07-28,231,1129298.94,4888.74,0,0,Textiles,Cushions,2843.87,4888.74,2025-05-29,0
SKU0023,2025-08-04,283,1383513.42,4888.74,0,0,Textiles,Cushions,2843.87,4888.74,2025-05-29,0
SKU0023,2025-08-11,295,1442178.3,4888.74,0,1,Textiles,Cushions,2843.87,4888.74,2025-05-29,0
SKU0023,2025-08-18,279,1363958.46,4888.74,0,0,Textiles,Cushions,2843.87,4888.74,2025-05-29,0
SKU0023,2025-08-25,192,938638.0800000001,4888.74,0,0,Textiles,Cushions,2843.87,4888.74,2025-05-29,0
SKU0024,2024-02-26,74,240222.5,3246.25,0,0,Small Appliances,Cleaning,1880.04,3246.25,2024-03-01,0
SKU0024,2024-03-04,224,727160.0,3246.25,0,0,Small Appliances,Cleaning,1880.04,3246.25,2024-03-01,0
SKU0024,2024-03-11,248,805070.0,3246.25,0,0,Small Appliances,Cleaning,1880.04,3246.25,2024-03-01,0
SKU0024,2024-03-18,283,918688.75,3246.25,0,0,Small Appliances,Cleaning,1880.04,3246.25,2024-03-01,0
SKU0024,2024-03-25,191,620033.75,3246.25,0,0,Small Appliances,Cleaning,1880.04,3246.25,2024-03-01,0
SKU0024,2024-04-01,232,753130.0,3246.25,0,0,Small Appliances,Cleaning,1880.04,3246.25,2024-03-01,0
SKU0024,2024-04-08,303,983613.75,3246.25,0,0,Small Appliances,Cleaning,1880.04,3246.25,2024-03-01,0
SKU0024,2024-04-15,391,1269283.75,3246.25,0,0,Small Appliances,Cleaning,1880.04,3246.25,2024-03-01,0
SKU0024,2024-04-22,361,1171896.25,3246.25,0,0,Small Appliances,Cleaning,1880.04,3246.25,2024-03-01,0
SKU0024,2024-04-29,390,1266037.5,3246.25,0,0,Small Appliances,Cleaning,1880.04,3246.25,2024-03-01,0
SKU0024,2024-05-06,308,999845.0,3246.25,0,0,Small Appliances,Cleaning,1880.04,3246.25,2024-03-01,0
SKU0024,2024-05-13,404,1311485.0,3246.25,0,0,Small Appliances,Cleaning,1880.04,3246.25,2024-03-01,0
SKU0024,2024-05-20,260,844025.0,3246.25,0,0,Small Appliances,Cleaning,1880.04,3246.25,2024-03-01,0
SKU0024,2024-05-27,374,1088278.18,3073.421428571429,2,0,Small Appliances,Cleaning,1880.04,3246.25,2024-03-01,1
SKU0024,2024-06-03,605,1598016.3900000001,2641.35,7,0,Small Appliances,Cleaning,1880.04,3246.25,2024-03-01,1
SKU0024,2024-06-10,195,606403.12,3159.835714285714,1,0,Small Appliances,Cleaning,1880.04,3246.25,2024-03-01,1
SKU0024,2024-06-17,282,915442.5,3246.25,0,0,Small Appliances,Cleaning,1880.04,3246.25,2024-03-01,0
SKU0024,2024-06-24,392,1272530.0,3246.25,0,0,Small Appliances,Cleaning,1880.04,3246.25,2024-03-01,0
SKU0024,2024-07-01,300,973875.0,3246.25,0,0,Small Appliances,Cleaning,1880.04,3246.25,2024-03-01,0
SKU0024,2024-07-08,341,1106971.25,3246.25,0,0,Small Appliances,Cleaning,1880.04,3246.25,2024-03-01,0
SKU0024,2024-07-15,385,1249806.25,3246.25,0,0,Small Appliances,Cleaning,1880.04,3246.25,2024-03-01,0
SKU0024,2024-07-22,275,892718.75,3246.25,0,0,Small Appliances,Cleaning,1880.04,3246.25,2024-03-01,0
SKU0024,2024-07-29,339,1100478.75,3246.25,0,0,Small Appliances,Cleaning,1880.04,3246.25,2024-03-01,0
SKU0024,2024-08-05,413,1340701.25,3246.25,0,0,Small Appliances,Cleaning,1880.04,3246.25,2024-03-01,0
SKU0024,2024-08-12,237,769361.25,3246.25,0,1,Small Appliances,Cleaning,1880.04,3246.25,2024-03-01,0
SKU0024,2024-08-19,320,1038800.0,3246.25,0,0,Small Appliances,Cleaning,1880.04,3246.25,2024-03-01,0
SKU0024,2024-08-26,338,1097232.5,3246.25,0,0,Small Appliances,Cleaning,1880.04,3246.25,2024-03-01,0
SKU0024,2024-09-02,365,1184881.25,3246.25,0,0,Small Appliances,Cleaning,1880.04,3246.25,2024-03-01,0
SKU0024,2024-09-09,322,1045292.5,3246.25,0,0,Small Appliances,Cleaning,1880.04,3246.25,2024-03-01,0
SKU0024,2024-09-16,315,1022568.75,3246.25,0,0,Small Appliances,Cleaning,1880.04,3246.25,2024-03-01,0
SKU0024,2024-09-23,244,792085.0,3246.25,0,0,Small Appliances,Cleaning,1880.04,3246.25,2024-03-01,0
SKU0024,2024-09-30,227,736898.75,3246.25,0,1,Small Appliances,Cleaning,1880.04,3246.25,2024-03-01,0
SKU0024,2024-10-07,196,636265.0,3246.25,0,0,Small Appliances,Cleaning,1880.04,3246.25,2024-03-01,0
SKU0024,2024-10-14,224,727160.0,3246.25,0,0,Small Appliances,Cleaning,1880.04,3246.25,2024-03-01,0
SKU0024,2024-10-21,244,792085.0,3246.25,0,0,Small Appliances,Cleaning,1880.04,3246.25,2024-03-01,0
SKU0024,2024-10-28,250,811562.5,3246.25,0,0,Small Appliances,Cleaning,1880.04,3246.25,2024-03-01,0
SKU0024,2024-11-04,287,828840.65,2987.0071428571428,3,0,Small Appliances,Cleaning,1880.04,3246.25,2024-03-01,1
SKU0024,2024-11-11,400,1089809.3,2814.1785714285716,5,0,Small Appliances,Cleaning,1880.04,3246.25,2024-03-01,1
SKU0024,2024-11-18,221,717421.25,3246.25,0,0,Small Appliances,Cleaning,1880.04,3246.25,2024-03-01,0
SKU0024,2024-11-25,203,658988.75,3246.25,0,0,Small Appliances,Cleaning,1880.04,3246.25,2024-03-01,0
SKU0024,2024-12-02,178,577832.5,3246.25,0,0,Small Appliances,Cleaning,1880.04,3246.25,2024-03-01,0
SKU0024,2024-12-09,192,623280.0,3246.25,0,0,Small Appliances,Cleaning,1880.04,3246.25,2024-03-01,0
SKU0024,2024-12-16,285,828397.15,2987.0071428571428,3,0,Small Appliances,Cleaning,1880.04,3246.25,2024-03-01,1
SKU0024,2024-12-23,419,1106725.4,2641.35,7,1,Small Appliances,Cleaning,1880.04,3246.25,2024-03-01,1
SKU0024,2024-12-30,293,887031.79,3073.421428571429,2,1,Small Appliances,Cleaning,1880.04,3246.25,2024-03-01,1
SKU0024,2025-01-06,216,701190.0,3246.25,0,0,Small Appliances,Cleaning,1880.04,3246.25,2024-03-01,0
SKU0024,2025-01-13,231,749883.75,3246.25,0,0,Small Appliances,Cleaning,1880.04,3246.25,2024-03-01,0
SKU0024,2025-01-20,224,727160.0,3246.25,0,0,Small Appliances,Cleaning,1880.04,3246.25,2024-03-01,0
SKU0024,2025-01-27,228,740145.0,3246.25,0,0,Small Appliances,Cleaning,1880.04,3246.25,2024-03-01,0
SKU0024,2025-02-03,229,743391.25,3246.25,0,0,Small Appliances,Cleaning,1880.04,3246.25,2024-03-01,0
SKU0024,2025-02-10,296,960890.0,3246.25,0,0,Small Appliances,Cleaning,1880.04,3246.25,2024-03-01,0
SKU0024,2025-02-17,282,915442.5,3246.25,0,0,Small Appliances,Cleaning,1880.04,3246.25,2024-03-01,0
SKU0024,2025-02-24,251,814808.75,3246.25,0,0,Small Appliances,Cleaning,1880.04,3246.25,2024-03-01,0
SKU0024,2025-03-03,263,853763.75,3246.25,0,0,Small Appliances,Cleaning,1880.04,3246.25,2024-03-01,0
SKU0024,2025-03-10,247,801823.75,3246.25,0,0,Small Appliances,Cleaning,1880.04,3246.25,2024-03-01,0
SKU0024,2025-03-17,333,1081001.25,3246.25,0,0,Small Appliances,Cleaning,1880.04,3246.25,2024-03-01,0
SKU0024,2025-03-24,298,967382.5,3246.25,0,0,Small Appliances,Cleaning,1880.04,3246.25,2024-03-01,0
SKU0024,2025-03-31,375,1217343.75,3246.25,0,0,Small Appliances,Cleaning,1880.04,3246.25,2024-03-01,0
SKU0024,2025-04-07,351,1139433.75,3246.25,0,0,Small Appliances,Cleaning,1880.04,3246.25,2024-03-01,0
SKU0024,2025-04-14,208,675220.0,3246.25,0,0,Small Appliances,Cleaning,1880.04,3246.25,2024-03-01,0
SKU0024,2025-04-21,213,691451.25,3246.25,0,0,Small Appliances,Cleaning,1880.04,3246.25,2024-03-01,0
SKU0024,2025-04-28,286,928427.5,3246.25,0,0,Small Appliances,Cleaning,1880.04,3246.25,2024-03-01,0
SKU0024,2025-05-05,386,1253052.5,3246.25,0,0,Small Appliances,Cleaning,1880.04,3246.25,2024-03-01,0
SKU0024,2025-05-12,394,1279022.5,3246.25,0,0,Small Appliances,Cleaning,1880.04,3246.25,2024-03-01,0
SKU0024,2025-05-19,372,1207605.0,3246.25,0,0,Small Appliances,Cleaning,1880.04,3246.25,2024-03-01,0
SKU0024,2025-05-26,600,1860644.32,3159.835714285714,1,0,Small Appliances,Cleaning,1880.04,3246.25,2024-03-01,1
SKU0024,2025-06-02,777,2052328.5,2641.35,7,0,Small Appliances,Cleaning,1880.04,3246.25,2024-03-01,1
SKU0024,2025-06-09,518,1499482.43,3073.421428571429,2,0,Small Appliances,Cleaning,1880.04,3246.25,2024-03-01,1
SKU0024,2025-06-16,407,1321223.75,3246.25,0,0,Small Appliances,Cleaning,1880.04,3246.25,2024-03-01,0
SKU0024,2025-06-23,367,1191373.75,3246.25,0,0,Small Appliances,Cleaning,1880.04,3246.25,2024-03-01,0
SKU0024,2025-06-30,363,1178388.75,3246.25,0,0,Small Appliances,Cleaning,1880.04,3246.25,2024-03-01,0
SKU0024,2025-07-07,385,1249806.25,3246.25,0,0,Small Appliances,Cleaning,1880.04,3246.25,2024-03-01,0
SKU0024,2025-07-14,361,1171896.25,3246.25,0,0,Small Appliances,Cleaning,1880.04,3246.25,2024-03-01,0
SKU0024,2025-07-21,369,1197866.25,3246.25,0,0,Small Appliances,Cleaning,1880.04,3246.25,2024-03-01,0
SKU0024,2025-07-28,437,1418611.25,3246.25,0,0,Small Appliances,Cleaning,1880.04,3246.25,2024-03-01,0
SKU0024,2025-08-04,305,990106.25,3246.25,0,0,Small Appliances,Cleaning,1880.04,3246.25,2024-03-01,0
SKU0024,2025-08-11,363,1178388.75,3246.25,0,1,Small Appliances,Cleaning,1880.04,3246.25,2024-03-01,0
SKU0024,2025-08-18,366,1188127.5,3246.25,0,0,Small Appliances,Cleaning,1880.04,3246.25,2024-03-01,0
SKU0024,2025-08-25,307,996598.75,3246.25,0,0,Small Appliances,Cleaning,1880.04,3246.25,2024-03-01,0
SKU0025,2025-05-19,59,184621.62,3129.18,0,0,Furniture,Tables,1904.74,3129.18,2025-05-24,0
SKU0025,2025-05-26,101,284666.43,3022.442857142857,1,0,Furniture,Tables,1904.74,3129.18,2025-05-24,1
SKU0025,2025-06-02,263,626471.05,2382.02,7,0,Furniture,Tables,1904.74,3129.18,2025-05-24,1
SKU0025,2025-06-09,225,661477.33,2915.7057142857143,2,0,Furniture,Tables,1904.74,3129.18,2025-05-24,1
SKU0025,2025-06-16,123,384889.14,3129.18,0,0,Furniture,Tables,1904.74,3129.18,2025-05-24,0
SKU0025,2025-06-23,191,597673.38,3129.18,0,0,Furniture,Tables,1904.74,3129.18,2025-05-24,0
SKU0025,2025-06-30,127,397405.86,3129.18,0,0,Furniture,Tables,1904.74,3129.18,2025-05-24,0
SKU0025,2025-07-07,153,478764.54,3129.18,0,0,Furniture,Tables,1904.74,3129.18,2025-05-24,0
SKU0025,2025-07-14,158,494410.44,3129.18,0,0,Furniture,Tables,1904.74,3129.18,2025-05-24,0
SKU0025,2025-07-21,163,510056.33999999997,3129.18,0,0,Furniture,Tables,1904.74,3129.18,2025-05-24,0
SKU0025,2025-07-28,146,456860.28,3129.18,0,0,Furniture,Tables,1904.74,3129.18,2025-05-24,0
SKU0025,2025-08-04,154,481893.72000000003,3129.18,0,0,Furniture,Tables,1904.74,3129.18,2025-05-24,0
SKU0025,2025-08-11,122,381759.95999999996,3129.18,0,1,Furniture,Tables,1904.74,3129.18,2025-05-24,0
SKU0025,2025-08-18,102,319176.36,3129.18,0,0,Furniture,Tables,1904.74,3129.18,2025-05-24,0
SKU0025,2025-08-25,83,259721.93999999997,3129.18,0,0,Furniture,Tables,1904.74,3129.18,2025-05-24,0
SKU0026,2024-09-16,133,1059419.48,7965.56,0,0,Decor,Wall Art,2140.585,7965.56,2024-09-17,0
SKU0026,2024-09-23,211,1680733.1600000001,7965.56,0,0,Decor,Wall Art,2140.585,7965.56,2024-09-17,0
SKU0026,2024-09-30,186,1481594.1600000001,7965.56,0,1,Decor,Wall Art,2140.585,7965.56,2024-09-17,0
SKU0026,2024-10-07,223,1776319.88,7965.56,0,0,Decor,Wall Art,2140.585,7965.56,2024-09-17,0
SKU0026,2024-10-14,187,1489559.72,7965.56,0,0,Decor,Wall Art,2140.585,7965.56,2024-09-17,0
SKU0026,2024-10-21,219,1744457.6400000001,7965.56,0,0,Decor,Wall Art,2140.585,7965.56,2024-09-17,0
SKU0026,2024-10-28,216,1720560.96,7965.56,0,0,Decor,Wall Art,2140.585,7965.56,2024-09-17,0
SKU0026,2024-11-04,274,2050940.56,7452.744285714286,3,0,Decor,Wall Art,2140.585,7965.56,2024-09-17,1
SKU0026,2024-11-11,447,3085566.4,7110.867142857142,5,0,Decor,Wall Art,2140.585,7965.56,2024-09-17,1
SKU0026,2024-11-18,204,1624974.24,7965.56,0,0,Decor,Wall Art,2140.585,7965.56,2024-09-17,0
SKU0026,2024-11-25,200,1593112.0,7965.56,0,0,Decor,Wall Art,2140.585,7965.56,2024-09-17,0
SKU0026,2024-12-02,213,1696664.28,7965.56,0,0,Decor,Wall Art,2140.585,7965.56,2024-09-17,0
SKU0026,2024-12-09,202,1609043.1199999999,7965.56,0,0,Decor,Wall Art,2140.585,7965.56,2024-09-17,0
SKU0026,2024-12-16,264,1966498.67,7452.744285714286,3,0,Decor,Wall Art,2140.585,7965.56,2024-09-17,1
SKU0026,2024-12-23,463,3134041.63,6768.99,7,1,Decor,Wall Art,2140.585,7965.56,2024-09-17,1
SKU0026,2024-12-30,252,1855356.53,7623.682857142857,2,1,Decor,Wall Art,2140.585,7965.56,2024-09-17,1
SKU0026,2025-01-06,242,1927665.52,7965.56,0,0,Decor,Wall Art,2140.585,7965.56,2024-09-17,0
SKU0026,2025-01-13,232,1848009.92,7965.56,0,0,Decor,Wall Art,2140.585,7965.56,2024-09-17,0
SKU0026,2025-01-20,187,1489559.72,7965.56,0,0,Decor,Wall Art,2140.585,7965.56,2024-09-17,0
SKU0026,2025-01-27,212,1688698.7200000002,7965.56,0,0,Decor,Wall Art,2140.585,7965.56,2024-09-17,0
SKU0026,2025-02-03,241,1919699.96,7965.56,0,0,Decor,Wall Art,2140.585,7965.56,2024-09-17,0
SKU0026,2025-02-10,240,1911734.4,7965.56,0,0,Decor,Wall Art,2140.585,7965.56,2024-09-17,0
SKU0026,2025-02-17,253,2015286.68,7965.56,0,0,Decor,Wall Art,2140.585,7965.56,2024-09-17,0
SKU0026,2025-02-24,263,2094942.28,7965.56,0,0,Decor,Wall Art,2140.585,7965.56,2024-09-17,0
SKU0026,2025-03-03,221,1760388.76,7965.56,0,0,Decor,Wall Art,2140.585,7965.56,2024-09-17,0
SKU0026,2025-03-10,202,1609043.1199999999,7965.56,0,0,Decor,Wall Art,2140.585,7965.56,2024-09-17,0
SKU0026,2025-03-17,285,2270184.6,7965.56,0,0,Decor,Wall Art,2140.585,7965.56,2024-09-17,0
SKU0026,2025-03-24,163,1298386.28,7965.56,0,0,Decor,Wall Art,2140.585,7965.56,2024-09-17,0
SKU0026,2025-03-31,279,2222391.24,7965.56,0,0,Decor,Wall Art,2140.585,7965.56,2024-09-17,0
SKU0026,2025-04-07,286,2278150.16,7965.56,0,0,Decor,Wall Art,2140.585,7965.56,2024-09-17,0
SKU0026,2025-04-14,203,1617008.68,7965.56,0,0,Decor,Wall Art,2140.585,7965.56,2024-09-17,0
SKU0026,2025-04-21,287,2286115.72,7965.56,0,0,Decor,Wall Art,2140.585,7965.56,2024-09-17,0
SKU0026,2025-04-28,303,2413564.68,7965.56,0,0,Decor,Wall Art,2140.585,7965.56,2024-09-17,0
SKU0026,2025-05-05,317,2525082.52,7965.56,0,0,Decor,Wall Art,2140.585,7965.56,2024-09-17,0
SKU0026,2025-05-12,220,1752423.2,7965.56,0,0,Decor,Wall Art,2140.585,7965.56,2024-09-17,0
SKU0026,2025-05-19,276,2198494.56,7965.56,0,0,Decor,Wall Art,2140.585,7965.56,2024-09-17,0
SKU0026,2025-05-26,281,2150972.63,7794.6214285714295,1,0,Decor,Wall Art,2140.585,7965.56,2024-09-17,1
SKU0026,2025-06-02,426,2883589.06,6768.99,7,0,Decor,Wall Art,2140.585,7965.56,2024-09-17,1
SKU0026,2025-06-09,339,2517249.38,7623.682857142857,2,0,Decor,Wall Art,2140.585,7965.56,2024-09-17,1
SKU0026,2025-06-16,242,1927665.52,7965.56,0,0,Decor,Wall Art,2140.585,7965.56,2024-09-17,0
SKU0026,2025-06-23,330,2628634.8,7965.56,0,0,Decor,Wall Art,2140.585,7965.56,2024-09-17,0
SKU0026,2025-06-30,303,2413564.68,7965.56,0,0,Decor,Wall Art,2140.585,7965.56,2024-09-17,0
SKU0026,2025-07-07,345,2748118.2,7965.56,0,0,Decor,Wall Art,2140.585,7965.56,2024-09-17,0
SKU0026,2025-07-14,230,1832078.7999999998,7965.56,0,0,Decor,Wall Art,2140.585,7965.56,2024-09-17,0
SKU0026,2025-07-21,244,1943596.6400000001,7965.56,0,0,Decor,Wall Art,2140.585,7965.56,2024-09-17,0
SKU0026,2025-07-28,275,2190529.0,7965.56,0,0,Decor,Wall Art,2140.585,7965.56,2024-09-17,0
SKU0026,2025-08-04,270,2150701.2,7965.56,0,0,Decor,Wall Art,2140.585,7965.56,2024-09-17,0
SKU0026,2025-08-11,323,2572875.88,7965.56,0,1,Decor,Wall Art,2140.585,7965.56,2024-09-17,0
SKU0026,2025-08-18,280,2230356.8,7965.56,0,0,Decor,Wall Art,2140.585,7965.56,2024-09-17,0
SKU0026,2025-08-25,284,2262219.04,7965.56,0,0,Decor,Wall Art,2140.585,7965.56,2024-09-17,0
SKU0027,2024-06-24,47,253290.05,5389.15,0,0,Small Appliances,Climate,2565.14,5389.15,2024-06-29,0
SKU0027,2024-07-01,201,1083219.15,5389.15,0,0,Small Appliances,Climate,2565.14,5389.15,2024-06-29,0
SKU0027,2024-07-08,159,856874.85,5389.15,0,0,Small Appliances,Climate,2565.14,5389.15,2024-06-29,0
SKU0027,2024-07-15,134,722146.1,5389.15,0,0,Small Appliances,Climate,2565.14,5389.15,2024-06-29,0
SKU0027,2024-07-22,199,1072440.85,5389.15,0,0,Small Appliances,Climate,2565.14,5389.15,2024-06-29,0
SKU0027,2024-07-29,168,905377.2,5389.15,0,0,Small Appliances,Climate,2565.14,5389.15,2024-06-29,0
SKU0027,2024-08-05,168,905377.2,5389.15,0,0,Small Appliances,Climate,2565.14,5389.15,2024-06-29,0
SKU0027,2024-08-12,142,765259.3,5389.15,0,1,Small Appliances,Climate,2565.14,5389.15,2024-06-29,0
SKU0027,2024-08-19,128,689811.2,5389.15,0,0,Small Appliances,Climate,2565.14,5389.15,2024-06-29,0
SKU0027,2024-08-26,180,970047.0,5389.15,0,0,Small Appliances,Climate,2565.14,5389.15,2024-06-29,0
SKU0027,2024-09-02,152,819150.8,5389.15,0,0,Small Appliances,Climate,2565.14,5389.15,2024-06-29,0
SKU0027,2024-09-09,154,829929.1,5389.15,0,0,Small Appliances,Climate,2565.14,5389.15,2024-06-29,0
SKU0027,2024-09-16,211,1137110.65,5389.15,0,0,Small Appliances,Climate,2565.14,5389.15,2024-06-29,0
SKU0027,2024-09-23,222,1196391.3,5389.15,0,0,Small Appliances,Climate,2565.14,5389.15,2024-06-29,0
SKU0027,2024-09-30,180,970047.0,5389.15,0,1,Small Appliances,Climate,2565.14,5389.15,2024-06-29,0
SKU0027,2024-10-07,227,1223337.05,5389.15,0,0,Small Appliances,Climate,2565.14,5389.15,2024-06-29,0
SKU0027,2024-10-14,204,1099386.6,5389.15,0,0,Small Appliances,Climate,2565.14,5389.15,2024-06-29,0
SKU0027,2024-10-21,256,1379622.4,5389.15,0,0,Small Appliances,Climate,2565.14,5389.15,2024-06-29,0
SKU0027,2024-10-28,196,1056273.4,5389.15,0,0,Small Appliances,Climate,2565.14,5389.15,2024-06-29,0
SKU0027,2024-11-04,310,1489579.35,5003.101428571428,3,0,Small Appliances,Climate,2565.14,5389.15,2024-06-29,1
SKU0027,2024-11-11,407,1905133.86,4745.7357142857145,5,0,Small Appliances,Climate,2565.14,5389.15,2024-06-29,1
SKU0027,2024-11-18,107,576639.05,5389.15,0,0,Small Appliances,Climate,2565.14,5389.15,2024-06-29,0
SKU0027,2024-11-25,307,1654469.05,5389.15,0,0,Small Appliances,Climate,2565.14,5389.15,2024-06-29,0
SKU0027,2024-12-02,237,1277228.55,5389.15,0,0,Small Appliances,Climate,2565.14,5389.15,2024-06-29,0
SKU0027,2024-12-09,284,1530518.6,5389.15,0,0,Small Appliances,Climate,2565.14,5389.15,2024-06-29,0
SKU0027,2024-12-16,449,2229663.38,5003.101428571428,3,0,Small Appliances,Climate,2565.14,5389.15,2024-06-29,1
SKU0027,2024-12-23,526,2360881.66,4488.37,7,1,Small Appliances,Climate,2565.14,5389.15,2024-06-29,1
SKU0027,2024-12-30,450,2188211.88,5131.784285714285,2,1,Small Appliances,Climate,2565.14,5389.15,2024-06-29,1
SKU0027,2025-01-06,293,1579020.95,5389.15,0,0,Small Appliances,Climate,2565.14,5389.15,2024-06-29,0
SKU0027,2025-01-13,276,1487405.4,5389.15,0,0,Small Appliances,Climate,2565.14,5389.15,2024-06-29,0
SKU0027,2025-01-20,264,1422735.6,5389.15,0,0,Small Appliances,Climate,2565.14,5389.15,2024-06-29,0
SKU0027,2025-01-27,374,2015542.1,5389.15,0,0,Small Appliances,Climate,2565.14,5389.15,2024-06-29,0
SKU0027,2025-02-03,334,1799976.1,5389.15,0,0,Small Appliances,Climate,2565.14,5389.15,2024-06-29,0
SKU0027,2025-02-10,269,1449681.35,5389.15,0,0,Small Appliances,Climate,2565.14,5389.15,2024-06-29,0
SKU0027,2025-02-17,288,1552075.2,5389.15,0,0,Small Appliances,Climate,2565.14,5389.15,2024-06-29,0
SKU0027,2025-02-24,495,2667629.25,5389.15,0,0,Small Appliances,Climate,2565.14,5389.15,2024-06-29,0
SKU0027,2025-03-03,305,1643690.75,5389.15,0,0,Small Appliances,Climate,2565.14,5389.15,2024-06-29,0
SKU0027,2025-03-10,314,1692193.1,5389.15,0,0,Small Appliances,Climate,2565.14,5389.15,2024-06-29,0
SKU0027,2025-03-17,270,1455070.5,5389.15,0,0,Small Appliances,Climate,2565.14,5389.15,2024-06-29,0
SKU0027,2025-03-24,304,1638301.5999999999,5389.15,0,0,Small Appliances,Climate,2565.14,5389.15,2024-06-29,0
SKU0027,2025-03-31,307,1654469.05,5389.15,0,0,Small Appliances,Climate,2565.14,5389.15,2024-06-29,0
SKU0027,2025-04-07,258,1390400.7,5389.15,0,0,Small Appliances,Climate,2565.14,5389.15,2024-06-29,0
SKU0027,2025-04-14,274,1476627.1,5389.15,0,0,Small Appliances,Climate,2565.14,5389.15,2024-06-29,0
SKU0027,2025-04-21,269,1449681.35,5389.15,0,0,Small Appliances,Climate,2565.14,5389.15,2024-06-29,0
SKU0027,2025-04-28,302,1627523.3,5389.15,0,0,Small Appliances,Climate,2565.14,5389.15,2024-06-29,0
SKU0027,2025-05-05,300,1616745.0,5389.15,0,0,Small Appliances,Climate,2565.14,5389.15,2024-06-29,0
SKU0027,2025-05-12,345,1859256.75,5389.15,0,0,Small Appliances,Climate,2565.14,5389.15,2024-06-29,0
SKU0027,2025-05-19,224,1207169.6,5389.15,0,0,Small Appliances,Climate,2565.14,5389.15,2024-06-29,0
SKU0027,2025-05-26,243,1257318.0999999999,5260.467142857143,1,0,Small Appliances,Climate,2565.14,5389.15,2024-06-29,1
SKU0027,2025-06-02,395,1772905.43,4488.37,7,0,Small Appliances,Climate,2565.14,5389.15,2024-06-29,1
SKU0027,2025-06-09,306,1527474.51,5131.784285714285,2,0,Small Appliances,Climate,2565.14,5389.15,2024-06-29,1
SKU0027,2025-06-16,182,980825.3,5389.15,0,0,Small Appliances,Climate,2565.14,5389.15,2024-06-29,0
SKU0027,2025-06-23,247,1331120.05,5389.15,0,0,Small Appliances,Climate,2565.14,5389.15,2024-06-29,0
SKU0027,2025-06-30,163,878431.45,5389.15,0,0,Small Appliances,Climate,2565.14,5389.15,2024-06-29,0
SKU0027,2025-07-07,208,1120943.2,5389.15,0,0,Small Appliances,Climate,2565.14,5389.15,2024-06-29,0
SKU0027,2025-07-14,167,899988.05,5389.15,0,0,Small Appliances,Climate,2565.14,5389.15,2024-06-29,0
SKU0027,2025-07-21,251,1352676.6500000001,5389.15,0,0,Small Appliances,Climate,2565.14,5389.15,2024-06-29,0
SKU0027,2025-07-28,169,910766.35,5389.15,0,0,Small Appliances,Climate,2565.14,5389.15,2024-06-29,0
SKU0027,2025-08-04,244,1314952.6,5389.15,0,0,Small Appliances,Climate,2565.14,5389.15,2024-06-29,0
SKU0027,2025-08-11,197,1061662.55,5389.15,0,1,Small Appliances,Climate,2565.14,5389.15,2024-06-29,0
SKU0027,2025-08-18,278,1498183.7000000002,5389.15,0,0,Small Appliances,Climate,2565.14,5389.15,2024-06-29,0
SKU0027,2025-08-25,181,975436.15,5389.15,0,0,Small Appliances,Climate,2565.14,5389.15,2024-06-29,0
SKU0028,2025-02-10,136,84072.48,618.18,0,0,Furniture,Tables,310.21,618.18,2025-02-12,0
SKU0028,2025-02-17,160,98908.8,618.18,0,0,Furniture,Tables,310.21,618.18,2025-02-12,0
SKU0028,2025-02-24,180,111272.4,618.18,0,0,Furniture,Tables,310.21,618.18,2025-02-12,0
SKU0028,2025-03-03,215,132908.7,618.18,0,0,Furniture,Tables,310.21,618.18,2025-02-12,0
SKU0028,2025-03-10,167,103236.06,618.18,0,0,Furniture,Tables,310.21,618.18,2025-02-12,0
SKU0028,2025-03-17,206,127345.08,618.18,0,0,Furniture,Tables,310.21,618.18,2025-02-12,0
SKU0028,2025-03-24,195,120545.09999999999,618.18,0,0,Furniture,Tables,310.21,618.18,2025-02-12,0
SKU0028,2025-03-31,187,115599.66,618.18,0,0,Furniture,Tables,310.21,618.18,2025-02-12,0
SKU0028,2025-04-07,207,127963.26,618.18,0,0,Furniture,Tables,310.21,618.18,2025-02-12,0
SKU0028,2025-04-14,203,125490.54,618.18,0,0,Furniture,Tables,310.21,618.18,2025-02-12,0
SKU0028,2025-04-21,199,123017.82,618.18,0,0,Furniture,Tables,310.21,618.18,2025-02-12,0
SKU0028,2025-04-28,184,113745.12,618.18,0,0,Furniture,Tables,310.21,618.18,2025-02-12,0
SKU0028,2025-05-05,145,89636.1,618.18,0,0,Furniture,Tables,310.21,618.18,2025-02-12,0
SKU0028,2025-05-12,204,126108.72,618.18,0,0,Furniture,Tables,310.21,618.18,2025-02-12,0
SKU0028,2025-05-19,202,124872.36,618.18,0,0,Furniture,Tables,310.21,618.18,2025-02-12,0
SKU0028,2025-05-26,202,119146.77,598.7057142857142,1,0,Furniture,Tables,310.21,618.18,2025-02-12,1
SKU0028,2025-06-02,464,223581.41999999998,481.86,7,0,Furniture,Tables,310.21,618.18,2025-02-12,1
SKU0028,2025-06-09,253,141131.31,579.2314285714285,2,0,Furniture,Tables,310.21,618.18,2025-02-12,1
SKU0028,2025-06-16,274,169381.32,618.18,0,0,Furniture,Tables,310.21,618.18,2025-02-12,0
SKU0028,2025-06-23,234,144654.12,618.18,0,0,Furniture,Tables,310.21,618.18,2025-02-12,0
SKU0028,2025-06-30,207,127963.26,618.18,0,0,Furniture,Tables,310.21,618.18,2025-02-12,0
SKU0028,2025-07-07,268,165672.24,618.18,0,0,Furniture,Tables,310.21,618.18,2025-02-12,0
SKU0028,2025-07-14,277,171235.86,618.18,0,0,Furniture,Tables,310.21,618.18,2025-02-12,0
SKU0028,2025-07-21,293,181126.74,618.18,0,0,Furniture,Tables,310.21,618.18,2025-02-12,0
SKU0028,2025-07-28,289,178654.02,618.18,0,0,Furniture,Tables,310.21,618.18,2025-02-12,0
SKU0028,2025-08-04,322,199053.96,618.18,0,0,Furniture,Tables,310.21,618.18,2025-02-12,0
SKU0028,2025-08-11,265,163817.7,618.18,0,1,Furniture,Tables,310.21,618.18,2025-02-12,0
SKU0028,2025-08-18,256,158254.08,618.18,0,0,Furniture,Tables,310.21,618.18,2025-02-12,0
SKU0028,2025-08-25,393,242944.74,618.18,0,0,Furniture,Tables,310.21,618.18,2025-02-12,0
SKU0029,2023-12-11,48,55384.8,1153.85,0,0,Decor,Lighting,548.1,1153.85,2023-12-11,0
SKU0029,2023-12-18,80,83923.83,1057.257142857143,5,0,Decor,Lighting,548.1,1153.85,2023-12-11,1
SKU0029,2023-12-25,84,85564.2,1018.62,7,1,Decor,Lighting,548.1,1153.85,2023-12-11,1
SKU0029,2024-01-01,57,65769.45,1153.85,0,1,Decor,Lighting,548.1,1153.85,2023-12-11,0
SKU0029,2024-01-08,47,54230.95,1153.85,0,0,Decor,Lighting,548.1,1153.85,2023-12-11,0
SKU0029,2024-01-15,46,53077.1,1153.85,0,0,Decor,Lighting,548.1,1153.85,2023-12-11,0
SKU0029,2024-01-22,50,57692.5,1153.85,0,0,Decor,Lighting,548.1,1153.85,2023-12-11,0
SKU0029,2024-01-29,43,49615.55,1153.85,0,0,Decor,Lighting,548.1,1153.85,2023-12-11,0
SKU0029,2024-02-05,34,39230.9,1153.85,0,0,Decor,Lighting,548.1,1153.85,2023-12-11,0
SKU0029,2024-02-12,33,38077.05,1153.85,0,0,Decor,Lighting,548.1,1153.85,2023-12-11,0
SKU0029,2024-02-19,23,26538.55,1153.85,0,0,Decor,Lighting,548.1,1153.85,2023-12-11,0
SKU0029,2024-02-26,42,48461.7,1153.85,0,0,Decor,Lighting,548.1,1153.85,2023-12-11,0
SKU0029,2024-03-04,22,25384.699999999997,1153.85,0,0,Decor,Lighting,548.1,1153.85,2023-12-11,0
SKU0029,2024-03-11,44,50769.399999999994,1153.85,0,0,Decor,Lighting,548.1,1153.85,2023-12-11,0
SKU0029,2024-03-18,36,41538.6,1153.85,0,0,Decor,Lighting,548.1,1153.85,2023-12-11,0
SKU0029,2024-03-25,35,40384.75,1153.85,0,0,Decor,Lighting,548.1,1153.85,2023-12-11,0
SKU0029,2024-04-01,43,49615.55,1153.85,0,0,Decor,Lighting,548.1,1153.85,2023-12-11,0
SKU0029,2024-04-08,38,43846.3,1153.85,0,0,Decor,Lighting,548.1,1153.85,2023-12-11,0
SKU0029,2024-04-15,37,42692.45,1153.85,0,0,Decor,Lighting,548.1,1153.85,2023-12-11,0
SKU0029,2024-04-22,27,31153.95,1153.85,0,0,Decor,Lighting,548.1,1153.85,2023-12-11,0
SKU0029,2024-04-29,45,51923.25,1153.85,0,0,Decor,Lighting,548.1,1153.85,2023-12-11,0
SKU0029,2024-05-06,38,43846.3,1153.85,0,0,Decor,Lighting,548.1,1153.85,2023-12-11,0
SKU0029,2024-05-13,40,46154.0,1153.85,0,0,Decor,Lighting,548.1,1153.85,2023-12-11,0
SKU0029,2024-05-20,45,51923.25,1153.85,0,0,Decor,Lighting,548.1,1153.85,2023-12-11,0
SKU0029,2024-05-27,67,73927.23999999999,1115.212857142857,2,0,Decor,Lighting,548.1,1153.85,2023-12-11,1
SKU0029,2024-06-03,80,81489.73,1018.62,7,0,Decor,Lighting,548.1,1153.85,2023-12-11,1
SKU0029,2024-06-10,54,60279.47,1134.5314285714285,1,0,Decor,Lighting,548.1,1153.85,2023-12-11,1
SKU0029,2024-06-17,59,68077.15,1153.85,0,0,Decor,Lighting,548.1,1153.85,2023-12-11,0
SKU0029,2024-06-24,46,53077.1,1153.85,0,0,Decor,Lighting,548.1,1153.85,2023-12-11,0
SKU0029,2024-07-01,57,65769.45,1153.85,0,0,Decor,Lighting,548.1,1153.85,2023-12-11,0
SKU0029,2024-07-08,61,70384.85,1153.85,0,0,Decor,Lighting,548.1,1153.85,2023-12-11,0
SKU0029,2024-07-15,50,57692.5,1153.85,0,0,Decor,Lighting,548.1,1153.85,2023-12-11,0
SKU0029,2024-07-22,77,88846.45,1153.85,0,0,Decor,Lighting,548.1,1153.85,2023-12-11,0
SKU0029,2024-07-29,92,106154.2,1153.85,0,0,Decor,Lighting,548.1,1153.85,2023-12-11,0
SKU0029,2024-08-05,67,77307.95,1153.85,0,0,Decor,Lighting,548.1,1153.85,2023-12-11,0
SKU0029,2024-08-12,53,61154.05,1153.85,0,1,Decor,Lighting,548.1,1153.85,2023-12-11,0
SKU0029,2024-08-19,72,83077.2,1153.85,0,0,Decor,Lighting,548.1,1153.85,2023-12-11,0
SKU0029,2024-08-26,88,101538.8,1153.85,0,0,Decor,Lighting,548.1,1153.85,2023-12-11,0
SKU0029,2024-09-02,80,92308.0,1153.85,0,0,Decor,Lighting,548.1,1153.85,2023-12-11,0
SKU0029,2024-09-09,80,92308.0,1153.85,0,0,Decor,Lighting,548.1,1153.85,2023-12-11,0
SKU0029,2024-09-16,64,73846.4,1153.85,0,0,Decor,Lighting,548.1,1153.85,2023-12-11,0
SKU0029,2024-09-23,74,85384.9,1153.85,0,0,Decor,Lighting,548.1,1153.85,2023-12-11,0
SKU0029,2024-09-30,88,101538.79999999999,1153.85,0,1,Decor,Lighting,548.1,1153.85,2023-12-11,0
SKU0029,2024-10-07,94,108461.9,1153.85,0,0,Decor,Lighting,548.1,1153.85,2023-12-11,0
SKU0029,2024-10-14,88,101538.8,1153.85,0,0,Decor,Lighting,548.1,1153.85,2023-12-11,0
SKU0029,2024-10-21,75,86538.75,1153.85,0,0,Decor,Lighting,548.1,1153.85,2023-12-11,0
SKU0029,2024-10-28,100,115385.0,1153.85,0,0,Decor,Lighting,548.1,1153.85,2023-12-11,0
SKU0029,2024-11-04,123,131646.19,1095.8942857142856,3,0,Decor,Lighting,548.1,1153.85,2023-12-11,1
SKU0029,2024-11-11,157,164386.12,1057.2571428571428,5,0,Decor,Lighting,548.1,1153.85,2023-12-11,1
SKU0029,2024-11-18,71,81923.34999999999,1153.85,0,0,Decor,Lighting,548.1,1153.85,2023-12-11,0
SKU0029,2024-11-25,78,90000.3,1153.85,0,0,Decor,Lighting,548.1,1153.85,2023-12-11,0
SKU0029,2024-12-02,50,57692.5,1153.85,0,0,Decor,Lighting,548.1,1153.85,2023-12-11,0
SKU0029,2024-12-09,55,63461.75,1153.85,0,0,Decor,Lighting,548.1,1153.85,2023-12-11,0
SKU0029,2024-12-16,111,121315.93,1095.8942857142856,3,0,Decor,Lighting,548.1,1153.85,2023-12-11,1
SKU0029,2024-12-23,114,116122.86,1018.62,7,1,Decor,Lighting,548.1,1153.85,2023-12-11,1
SKU0029,2024-12-30,60,66255.97,1115.212857142857,2,1,Decor,Lighting,548.1,1153.85,2023-12-11,1
SKU0029,2025-01-06,71,81923.34999999999,1153.85,0,0,Decor,Lighting,548.1,1153.85,2023-12-11,0
SKU0029,2025-01-13,41,47307.85,1153.85,0,0,Decor,Lighting,548.1,1153.85,2023-12-11,0
SKU0029,2025-01-20,60,69231.0,1153.85,0,0,Decor,Lighting,548.1,1153.85,2023-12-11,0
SKU0029,2025-01-27,42,48461.7,1153.85,0,0,Decor,Lighting,548.1,1153.85,2023-12-11,0
SKU0029,2025-02-03,52,60000.2,1153.85,0,0,Decor,Lighting,548.1,1153.85,2023-12-11,0
SKU0029,2025-02-10,41,47307.85,1153.85,0,0,Decor,Lighting,548.1,1153.85,2023-12-11,0
SKU0029,2025-02-17,58,66923.3,1153.85,0,0,Decor,Lighting,548.1,1153.85,2023-12-11,0
SKU0029,2025-02-24,49,56538.65,1153.85,0,0,Decor,Lighting,548.1,1153.85,2023-12-11,0
SKU0029,2025-03-03,41,47307.85,1153.85,0,0,Decor,Lighting,548.1,1153.85,2023-12-11,0
SKU0029,2025-03-10,42,48461.7,1153.85,0,0,Decor,Lighting,548.1,1153.85,2023-12-11,0
SKU0029,2025-03-17,36,41538.6,1153.85,0,0,Decor,Lighting,548.1,1153.85,2023-12-11,0
SKU0029,2025-03-24,43,49615.55,1153.85,0,0,Decor,Lighting,548.1,1153.85,2023-12-11,0
SKU0029,2025-03-31,56,64615.6,1153.85,0,0,Decor,Lighting,548.1,1153.85,2023-12-11,0
SKU0029,2025-04-07,48,55384.8,1153.85,0,0,Decor,Lighting,548.1,1153.85,2023-12-11,0
SKU0029,2025-04-14,30,34615.5,1153.85,0,0,Decor,Lighting,548.1,1153.85,2023-12-11,0
SKU0029,2025-04-21,62,71538.7,1153.85,0,0,Decor,Lighting,548.1,1153.85,2023-12-11,0
SKU0029,2025-04-28,40,46154.0,1153.85,0,0,Decor,Lighting,548.1,1153.85,2023-12-11,0
SKU0029,2025-05-05,59,68077.15,1153.85,0,0,Decor,Lighting,548.1,1153.85,2023-12-11,0
SKU0029,2025-05-12,57,65769.45,1153.85,0,0,Decor,Lighting,548.1,1153.85,2023-12-11,0
SKU0029,2025-05-19,74,85384.9,1153.85,0,0,Decor,Lighting,548.1,1153.85,2023-12-11,0
SKU0029,2025-05-26,44,49687.57,1134.5314285714285,1,0,Decor,Lighting,548.1,1153.85,2023-12-11,1
SKU0029,2025-06-02,100,101862.15999999999,1018.62,7,0,Decor,Lighting,548.1,1153.85,2023-12-11,1
SKU0029,2025-06-09,58,63407.36,1115.212857142857,2,0,Decor,Lighting,548.1,1153.85,2023-12-11,1
SKU0029,2025-06-16,44,50769.4,1153.85,0,0,Decor,Lighting,548.1,1153.85,2023-12-11,0
SKU0029,2025-06-23,56,64615.6,1153.85,0,0,Decor,Lighting,548.1,1153.85,2023-12-11,0
SKU0029,2025-06-30,80,92308.0,1153.85,0,0,Decor,Lighting,548.1,1153.85,2023-12-11,0
SKU0029,2025-07-07,46,53077.1,1153.85,0,0,Decor,Lighting,548.1,1153.85,2023-12-11,0
SKU0029,2025-07-14,71,81923.35,1153.85,0,0,Decor,Lighting,548.1,1153.85,2023-12-11,0
SKU0029,2025-07-21,58,66923.3,1153.85,0,0,Decor,Lighting,548.1,1153.85,2023-12-11,0
SKU0029,2025-07-28,92,106154.2,1153.85,0,0,Decor,Lighting,548.1,1153.85,2023-12-11,0
SKU0029,2025-08-04,70,80769.5,1153.85,0,0,Decor,Lighting,548.1,1153.85,2023-12-11,0
SKU0029,2025-08-11,67,77307.95,1153.85,0,1,Decor,Lighting,548.1,1153.85,2023-12-11,0
SKU0029,2025-08-18,63,72692.55,1153.85,0,0,Decor,Lighting,548.1,1153.85,2023-12-11,0
SKU0029,2025-08-25,96,110769.59999999999,1153.85,0,0,Decor,Lighting,548.1,1153.85,2023-12-11,0
SKU0030,2025-07-21,33,103387.68,3132.96,0,0,Textiles,Bedding,1485.45,3132.96,2025-07-24,0
SKU0030,2025-07-28,70,219307.19999999998,3132.96,0,0,Textiles,Bedding,1485.45,3132.96,2025-07-24,0
SKU0030,2025-08-04,72,225573.12,3132.96,0,0,Textiles,Bedding,1485.45,3132.96,2025-07-24,0
SKU0030,2025-08-11,69,216174.24,3132.96,0,1,Textiles,Bedding,1485.45,3132.96,2025-07-24,0
SKU0030,2025-08-18,61,191110.56,3132.96,0,0,Textiles,Bedding,1485.45,3132.96,2025-07-24,0
SKU0030,2025-08-25,65,203642.40000000002,3132.96,0,0,Textiles,Bedding,1485.45,3132.96,2025-07-24,0
SKU0031,2025-06-30,141,661944.24,4694.64,0,0,Furniture,Chairs,2006.87,4694.64,2025-07-02,0
SKU0031,2025-07-07,240,1126713.6,4694.64,0,0,Furniture,Chairs,2006.87,4694.64,2025-07-02,0
SKU0031,2025-07-14,206,967095.84,4694.64,0,0,Furniture,Chairs,2006.87,4694.64,2025-07-02,0
SKU0031,2025-07-21,260,1220606.4,4694.64,0,0,Furniture,Chairs,2006.87,4694.64,2025-07-02,0
SKU0031,2025-07-28,304,1427170.56,4694.64,0,0,Furniture,Chairs,2006.87,4694.64,2025-07-02,0
SKU0031,2025-08-04,249,1168965.3599999999,4694.64,0,0,Furniture,Chairs,2006.87,4694.64,2025-07-02,0
SKU0031,2025-08-11,266,1248774.24,4694.64,0,1,Furniture,Chairs,2006.87,4694.64,2025-07-02,0
SKU0031,2025-08-18,220,1032820.8,4694.64,0,0,Furniture,Chairs,2006.87,4694.64,2025-07-02,0
SKU0031,2025-08-25,225,1056294.0,4694.64,0,0,Furniture,Chairs,2006.87,4694.64,2025-07-02,0
SKU0032,2024-12-09,81,635440.95,7844.95,0,0,Decor,Wall Art,3760.63,7844.95,2024-12-13,0
SKU0032,2024-12-16,399,2963495.26,7456.814285714286,3,0,Decor,Wall Art,3760.63,7844.95,2024-12-13,1
SKU0032,2024-12-23,312,2165061.3,6939.3,7,1,Decor,Wall Art,3760.63,7844.95,2024-12-13,1
SKU0032,2024-12-30,272,2017903.07,7586.192857142857,2,1,Decor,Wall Art,3760.63,7844.95,2024-12-13,1
SKU0032,2025-01-06,247,1937702.65,7844.95,0,0,Decor,Wall Art,3760.63,7844.95,2024-12-13,0
SKU0032,2025-01-13,217,1702354.1500000001,7844.95,0,0,Decor,Wall Art,3760.63,7844.95,2024-12-13,0
SKU0032,2025-01-20,261,2047531.95,7844.95,0,0,Decor,Wall Art,3760.63,7844.95,2024-12-13,0
SKU0032,2025-01-27,192,1506230.4,7844.95,0,0,Decor,Wall Art,3760.63,7844.95,2024-12-13,0
SKU0032,2025-02-03,272,2133826.4,7844.95,0,0,Decor,Wall Art,3760.63,7844.95,2024-12-13,0
SKU0032,2025-02-10,243,1906322.85,7844.95,0,0,Decor,Wall Art,3760.63,7844.95,2024-12-13,0
SKU0032,2025-02-17,197,1545455.15,7844.95,0,0,Decor,Wall Art,3760.63,7844.95,2024-12-13,0
SKU0032,2025-02-24,238,1867098.0999999999,7844.95,0,0,Decor,Wall Art,3760.63,7844.95,2024-12-13,0
SKU0032,2025-03-03,238,1867098.1,7844.95,0,0,Decor,Wall Art,3760.63,7844.95,2024-12-13,0
SKU0032,2025-03-10,192,1506230.4,7844.95,0,0,Decor,Wall Art,3760.63,7844.95,2024-12-13,0
SKU0032,2025-03-17,297,2329950.15,7844.95,0,0,Decor,Wall Art,3760.63,7844.95,2024-12-13,0
SKU0032,2025-03-24,237,1859253.1500000001,7844.95,0,0,Decor,Wall Art,3760.63,7844.95,2024-12-13,0
SKU0032,2025-03-31,333,2612368.35,7844.95,0,0,Decor,Wall Art,3760.63,7844.95,2024-12-13,0
SKU0032,2025-04-07,304,2384864.8000000003,7844.95,0,0,Decor,Wall Art,3760.63,7844.95,2024-12-13,0
SKU0032,2025-04-14,280,2196586.0,7844.95,0,0,Decor,Wall Art,3760.63,7844.95,2024-12-13,0
SKU0032,2025-04-21,199,1561145.05,7844.95,0,0,Decor,Wall Art,3760.63,7844.95,2024-12-13,0
SKU0032,2025-04-28,226,1772958.7,7844.95,0,0,Decor,Wall Art,3760.63,7844.95,2024-12-13,0
SKU0032,2025-05-05,228,1788648.6,7844.95,0,0,Decor,Wall Art,3760.63,7844.95,2024-12-13,0
SKU0032,2025-05-12,284,2227965.8,7844.95,0,0,Decor,Wall Art,3760.63,7844.95,2024-12-13,0
SKU0032,2025-05-19,226,1772958.7,7844.95,0,0,Decor,Wall Art,3760.63,7844.95,2024-12-13,0
SKU0032,2025-05-26,209,1626915.44,7715.571428571428,1,0,Decor,Wall Art,3760.63,7844.95,2024-12-13,1
SKU0032,2025-06-02,705,4892205.800000001,6939.3,7,0,Decor,Wall Art,3760.63,7844.95,2024-12-13,1
SKU0032,2025-06-09,341,2492186.45,7586.192857142857,2,0,Decor,Wall Art,3760.63,7844.95,2024-12-13,1
SKU0032,2025-06-16,351,2753577.45,7844.95,0,0,Decor,Wall Art,3760.63,7844.95,2024-12-13,0
SKU0032,2025-06-23,266,2086756.7,7844.95,0,0,Decor,Wall Art,3760.63,7844.95,2024-12-13,0
SKU0032,2025-06-30,248,1945547.6,7844.95,0,0,Decor,Wall Art,3760.63,7844.95,2024-12-13,0
SKU0032,2025-07-07,348,2730042.6,7844.95,0,0,Decor,Wall Art,3760.63,7844.95,2024-12-13,0
SKU0032,2025-07-14,227,1780803.65,7844.95,0,0,Decor,Wall Art,3760.63,7844.95,2024-12-13,0
SKU0032,2025-07-21,318,2494694.1,7844.95,0,0,Decor,Wall Art,3760.63,7844.95,2024-12-13,0
SKU0032,2025-07-28,224,1757268.8,7844.95,0,0,Decor,Wall Art,3760.63,7844.95,2024-12-13,0
SKU0032,2025-08-04,220,1725889.0,7844.95,0,0,Decor,Wall Art,3760.63,7844.95,2024-12-13,0
SKU0032,2025-08-11,240,1882788.0,7844.95,0,1,Decor,Wall Art,3760.63,7844.95,2024-12-13,0
SKU0032,2025-08-18,214,1678819.3,7844.95,0,0,Decor,Wall Art,3760.63,7844.95,2024-12-13,0
SKU0032,2025-08-25,299,2345640.05,7844.95,0,0,Decor,Wall Art,3760.63,7844.95,2024-12-13,0
SKU0033,2024-03-04,107,309066.29,2888.47,0,0,Decor,Rugs,1426.54,2888.47,2024-03-05,0
SKU0033,2024-03-11,103,297512.41,2888.47,0,0,Decor,Rugs,1426.54,2888.47,2024-03-05,0
SKU0033,2024-03-18,131,378389.57,2888.47,0,0,Decor,Rugs,1426.54,2888.47,2024-03-05,0
SKU0033,2024-03-25,134,387054.98,2888.47,0,0,Decor,Rugs,1426.54,2888.47,2024-03-05,0
SKU0033,2024-04-01,130,375501.1,2888.47,0,0,Decor,Rugs,1426.54,2888.47,2024-03-05,0
SKU0033,2024-04-08,100,288847.0,2888.47,0,0,Decor,Rugs,1426.54,2888.47,2024-03-05,0
SKU0033,2024-04-15,114,329285.58,2888.47,0,0,Decor,Rugs,1426.54,2888.47,2024-03-05,0
SKU0033,2024-04-22,75,216635.25,2888.47,0,0,Decor,Rugs,1426.54,2888.47,2024-03-05,0
SKU0033,2024-04-29,59,170419.73,2888.47,0,0,Decor,Rugs,1426.54,2888.47,2024-03-05,0
SKU0033,2024-05-06,91,262850.77,2888.47,0,0,Decor,Rugs,1426.54,2888.47,2024-03-05,0
SKU0033,2024-05-13,75,216635.25,2888.47,0,0,Decor,Rugs,1426.54,2888.47,2024-03-05,0
SKU0033,2024-05-20,93,268627.70999999996,2888.47,0,0,Decor,Rugs,1426.54,2888.47,2024-03-05,0
SKU0033,2024-05-27,77,205476.5,2715.655714285714,2,0,Decor,Rugs,1426.54,2888.47,2024-03-05,1
SKU0033,2024-06-03,121,276318.49,2283.62,7,0,Decor,Rugs,1426.54,2888.47,2024-03-05,1
SKU0033,2024-06-10,125,351986.06,2802.062857142857,1,0,Decor,Rugs,1426.54,2888.47,2024-03-05,1
SKU0033,2024-06-17,57,164642.78999999998,2888.47,0,0,Decor,Rugs,1426.54,2888.47,2024-03-05,0
SKU0033,2024-06-24,99,285958.53,2888.47,0,0,Decor,Rugs,1426.54,2888.47,2024-03-05,0
SKU0033,2024-07-01,110,317731.7,2888.47,0,0,Decor,Rugs,1426.54,2888.47,2024-03-05,0
SKU0033,2024-07-08,121,349504.87,2888.47,0,0,Decor,Rugs,1426.54,2888.47,2024-03-05,0
SKU0033,2024-07-15,85,245519.95,2888.47,0,0,Decor,Rugs,1426.54,2888.47,2024-03-05,0
SKU0033,2024-07-22,91,262850.77,2888.47,0,0,Decor,Rugs,1426.54,2888.47,2024-03-05,0
SKU0033,2024-07-29,153,441935.91,2888.47,0,0,Decor,Rugs,1426.54,2888.47,2024-03-05,0
SKU0033,2024-08-05,112,323508.64,2888.47,0,0,Decor,Rugs,1426.54,2888.47,2024-03-05,0
SKU0033,2024-08-12,151,436158.97,2888.47,0,1,Decor,Rugs,1426.54,2888.47,2024-03-05,0
SKU0033,2024-08-19,142,410162.74,2888.47,0,0,Decor,Rugs,1426.54,2888.47,2024-03-05,0
SKU0033,2024-08-26,149,430382.03,2888.47,0,0,Decor,Rugs,1426.54,2888.47,2024-03-05,0
SKU0033,2024-09-02,129,372612.63,2888.47,0,0,Decor,Rugs,1426.54,2888.47,2024-03-05,0
SKU0033,2024-09-09,121,349504.87,2888.47,0,0,Decor,Rugs,1426.54,2888.47,2024-03-05,0
SKU0033,2024-09-16,153,441935.91000000003,2888.47,0,0,Decor,Rugs,1426.54,2888.47,2024-03-05,0
SKU0033,2024-09-23,191,551697.77,2888.47,0,0,Decor,Rugs,1426.54,2888.47,2024-03-05,0
SKU0033,2024-09-30,187,540143.89,2888.47,0,1,Decor,Rugs,1426.54,2888.47,2024-03-05,0
SKU0033,2024-10-07,180,519924.60000000003,2888.47,0,0,Decor,Rugs,1426.54,2888.47,2024-03-05,0
SKU0033,2024-10-14,140,404385.80000000005,2888.47,0,0,Decor,Rugs,1426.54,2888.47,2024-03-05,0
SKU0033,2024-10-21,138,398608.86,2888.47,0,0,Decor,Rugs,1426.54,2888.47,2024-03-05,0
SKU0033,2024-10-28,167,482374.49,2888.47,0,0,Decor,Rugs,1426.54,2888.47,2024-03-05,0
SKU0033,2024-11-04,282,724426.45,2629.2485714285713,3,0,Decor,Rugs,1426.54,2888.47,2024-03-05,1
SKU0033,2024-11-11,226,533639.51,2456.434285714286,5,0,Decor,Rugs,1426.54,2888.47,2024-03-05,1
SKU0033,2024-11-18,184,531478.48,2888.47,0,0,Decor,Rugs,1426.54,2888.47,2024-03-05,0
SKU0033,2024-11-25,151,436158.97,2888.47,0,0,Decor,Rugs,1426.54,2888.47,2024-03-05,0
SKU0033,2024-12-02,114,329285.58,2888.47,0,0,Decor,Rugs,1426.54,2888.47,2024-03-05,0
SKU0033,2024-12-09,224,647017.28,2888.47,0,0,Decor,Rugs,1426.54,2888.47,2024-03-05,0
SKU0033,2024-12-16,174,427592.83999999997,2629.2485714285713,3,0,Decor,Rugs,1426.54,2888.47,2024-03-05,1
SKU0033,2024-12-23,457,1043616.05,2283.62,7,1,Decor,Rugs,1426.54,2888.47,2024-03-05,1
SKU0033,2024-12-30,138,357479.32,2715.655714285714,2,1,Decor,Rugs,1426.54,2888.47,2024-03-05,1
SKU0033,2025-01-06,165,476597.55,2888.47,0,0,Decor,Rugs,1426.54,2888.47,2024-03-05,0
SKU0033,2025-01-13,141,407274.27,2888.47,0,0,Decor,Rugs,1426.54,2888.47,2024-03-05,0
SKU0033,2025-01-20,167,482374.49,2888.47,0,0,Decor,Rugs,1426.54,2888.47,2024-03-05,0
SKU0033,2025-01-27,154,444824.38,2888.47,0,0,Decor,Rugs,1426.54,2888.47,2024-03-05,0
SKU0033,2025-02-03,194,560363.1799999999,2888.47,0,0,Decor,Rugs,1426.54,2888.47,2024-03-05,0
SKU0033,2025-02-10,139,401497.33,2888.47,0,0,Decor,Rugs,1426.54,2888.47,2024-03-05,0
SKU0033,2025-02-17,189,545920.83,2888.47,0,0,Decor,Rugs,1426.54,2888.47,2024-03-05,0
SKU0033,2025-02-24,151,436158.97,2888.47,0,0,Decor,Rugs,1426.54,2888.47,2024-03-05,0
SKU0033,2025-03-03,221,638351.87,2888.47,0,0,Decor,Rugs,1426.54,2888.47,2024-03-05,0
SKU0033,2025-03-10,118,340839.46,2888.47,0,0,Decor,Rugs,1426.54,2888.47,2024-03-05,0
SKU0033,2025-03-17,107,309066.29,2888.47,0,0,Decor,Rugs,1426.54,2888.47,2024-03-05,0
SKU0033,2025-03-24,98,283070.06,2888.47,0,0,Decor,Rugs,1426.54,2888.47,2024-03-05,0
SKU0033,2025-03-31,144,415939.68,2888.47,0,0,Decor,Rugs,1426.54,2888.47,2024-03-05,0
SKU0033,2025-04-07,142,410162.74,2888.47,0,0,Decor,Rugs,1426.54,2888.47,2024-03-05,0
SKU0033,2025-04-14,119,343727.93,2888.47,0,0,Decor,Rugs,1426.54,2888.47,2024-03-05,0
SKU0033,2025-04-21,89,257073.83,2888.47,0,0,Decor,Rugs,1426.54,2888.47,2024-03-05,0
SKU0033,2025-04-28,158,456378.26,2888.47,0,0,Decor,Rugs,1426.54,2888.47,2024-03-05,0
SKU0033,2025-05-05,126,363947.22000000003,2888.47,0,0,Decor,Rugs,1426.54,2888.47,2024-03-05,0
SKU0033,2025-05-12,129,372612.63,2888.47,0,0,Decor,Rugs,1426.54,2888.47,2024-03-05,0
SKU0033,2025-05-19,94,271516.18,2888.47,0,0,Decor,Rugs,1426.54,2888.47,2024-03-05,0
SKU0033,2025-05-26,151,410150.58,2802.062857142857,1,0,Decor,Rugs,1426.54,2888.47,2024-03-05,1
SKU0033,2025-06-02,196,447590.24999999994,2283.62,7,0,Decor,Rugs,1426.54,2888.47,2024-03-05,1
SKU0033,2025-06-09,151,393214.88,2715.655714285714,2,0,Decor,Rugs,1426.54,2888.47,2024-03-05,1
SKU0033,2025-06-16,99,285958.53,2888.47,0,0,Decor,Rugs,1426.54,2888.47,2024-03-05,0
SKU0033,2025-06-23,110,317731.7,2888.47,0,0,Decor,Rugs,1426.54,2888.47,2024-03-05,0
SKU0033,2025-06-30,111,320620.17000000004,2888.47,0,0,Decor,Rugs,1426.54,2888.47,2024-03-05,0
SKU0033,2025-07-07,138,398608.86,2888.47,0,0,Decor,Rugs,1426.54,2888.47,2024-03-05,0
SKU0033,2025-07-14,91,262850.77,2888.47,0,0,Decor,Rugs,1426.54,2888.47,2024-03-05,0
SKU0033,2025-07-21,141,407274.26999999996,2888.47,0,0,Decor,Rugs,1426.54,2888.47,2024-03-05,0
SKU0033,2025-07-28,107,309066.29,2888.47,0,0,Decor,Rugs,1426.54,2888.47,2024-03-05,0
SKU0033,2025-08-04,163,470820.61,2888.47,0,0,Decor,Rugs,1426.54,2888.47,2024-03-05,0
SKU0033,2025-08-11,143,413051.21,2888.47,0,1,Decor,Rugs,1426.54,2888.47,2024-03-05,0
SKU0033,2025-08-18,137,395720.39,2888.47,0,0,Decor,Rugs,1426.54,2888.47,2024-03-05,0
SKU0033,2025-08-25,167,482374.49,2888.47,0,0,Decor,Rugs,1426.54,2888.47,2024-03-05,0
SKU0034,2024-05-06,35,197617.7,5646.22,0,0,Furniture,Tables,3600.22,5646.22,2024-05-12,0
SKU0034,2024-05-13,170,959857.4,5646.22,0,0,Furniture,Tables,3600.22,5646.22,2024-05-12,0
SKU0034,2024-05-20,161,909041.42,5646.22,0,0,Furniture,Tables,3600.22,5646.22,2024-05-12,0
SKU0034,2024-05-27,187,968329.57,5261.545714285714,2,0,Furniture,Tables,3600.22,5646.22,2024-05-12,1
SKU0034,2024-06-03,381,1638245.7,4299.86,7,0,Furniture,Tables,3600.22,5646.22,2024-05-12,1
SKU0034,2024-06-10,195,1053890.21,5453.882857142858,1,0,Furniture,Tables,3600.22,5646.22,2024-05-12,1
SKU0034,2024-06-17,163,920333.86,5646.22,0,0,Furniture,Tables,3600.22,5646.22,2024-05-12,0
SKU0034,2024-06-24,147,829994.3400000001,5646.22,0,0,Furniture,Tables,3600.22,5646.22,2024-05-12,0
SKU0034,2024-07-01,161,909041.42,5646.22,0,0,Furniture,Tables,3600.22,5646.22,2024-05-12,0
SKU0034,2024-07-08,189,1067135.58,5646.22,0,0,Furniture,Tables,3600.22,5646.22,2024-05-12,0
SKU0034,2024-07-15,209,1180059.98,5646.22,0,0,Furniture,Tables,3600.22,5646.22,2024-05-12,0
SKU0034,2024-07-22,161,909041.42,5646.22,0,0,Furniture,Tables,3600.22,5646.22,2024-05-12,0
SKU0034,2024-07-29,132,745301.0399999999,5646.22,0,0,Furniture,Tables,3600.22,5646.22,2024-05-12,0
SKU0034,2024-08-05,176,993734.72,5646.22,0,0,Furniture,Tables,3600.22,5646.22,2024-05-12,0
SKU0034,2024-08-12,210,1185706.2,5646.22,0,1,Furniture,Tables,3600.22,5646.22,2024-05-12,0
SKU0034,2024-08-19,221,1247814.62,5646.22,0,0,Furniture,Tables,3600.22,5646.22,2024-05-12,0
SKU0034,2024-08-26,174,982442.28,5646.22,0,0,Furniture,Tables,3600.22,5646.22,2024-05-12,0
SKU0034,2024-09-02,173,976796.06,5646.22,0,0,Furniture,Tables,3600.22,5646.22,2024-05-12,0
SKU0034,2024-09-09,270,1524479.4,5646.22,0,0,Furniture,Tables,3600.22,5646.22,2024-05-12,0
SKU0034,2024-09-16,231,1304276.82,5646.22,0,0,Furniture,Tables,3600.22,5646.22,2024-05-12,0
SKU0034,2024-09-23,151,852579.22,5646.22,0,0,Furniture,Tables,3600.22,5646.22,2024-05-12,0
SKU0034,2024-09-30,283,1597880.26,5646.22,0,1,Furniture,Tables,3600.22,5646.22,2024-05-12,0
SKU0034,2024-10-07,213,1202644.86,5646.22,0,0,Furniture,Tables,3600.22,5646.22,2024-05-12,0
SKU0034,2024-10-14,268,1513186.96,5646.22,0,0,Furniture,Tables,3600.22,5646.22,2024-05-12,0
SKU0034,2024-10-21,234,1321215.48,5646.22,0,0,Furniture,Tables,3600.22,5646.22,2024-05-12,0
SKU0034,2024-10-28,320,1806790.4,5646.22,0,0,Furniture,Tables,3600.22,5646.22,2024-05-12,0
SKU0034,2024-11-04,385,1936834.9,5069.208571428571,3,0,Furniture,Tables,3600.22,5646.22,2024-05-12,1
SKU0034,2024-11-11,355,1623387.51,4684.534285714285,5,0,Furniture,Tables,3600.22,5646.22,2024-05-12,1
SKU0034,2024-11-18,271,1530125.62,5646.22,0,0,Furniture,Tables,3600.22,5646.22,2024-05-12,0
SKU0034,2024-11-25,237,1338154.14,5646.22,0,0,Furniture,Tables,3600.22,5646.22,2024-05-12,0
SKU0034,2024-12-02,313,1767266.8599999999,5646.22,0,0,Furniture,Tables,3600.22,5646.22,2024-05-12,0
SKU0034,2024-12-09,309,1744681.98,5646.22,0,0,Furniture,Tables,3600.22,5646.22,2024-05-12,0
SKU0034,2024-12-16,426,2086201.81,5069.208571428571,3,0,Furniture,Tables,3600.22,5646.22,2024-05-12,1
SKU0034,2024-12-23,630,2708910.21,4299.86,7,1,Furniture,Tables,3600.22,5646.22,2024-05-12,1
SKU0034,2024-12-30,365,1895267.71,5261.545714285714,2,1,Furniture,Tables,3600.22,5646.22,2024-05-12,1
SKU0034,2025-01-06,305,1722097.0999999999,5646.22,0,0,Furniture,Tables,3600.22,5646.22,2024-05-12,0
SKU0034,2025-01-13,270,1524479.4,5646.22,0,0,Furniture,Tables,3600.22,5646.22,2024-05-12,0
SKU0034,2025-01-20,336,1897129.92,5646.22,0,0,Furniture,Tables,3600.22,5646.22,2024-05-12,0
SKU0034,2025-01-27,296,1671281.12,5646.22,0,0,Furniture,Tables,3600.22,5646.22,2024-05-12,0
SKU0034,2025-02-03,233,1315569.26,5646.22,0,0,Furniture,Tables,3600.22,5646.22,2024-05-12,0
SKU0034,2025-02-10,215,1213937.3,5646.22,0,0,Furniture,Tables,3600.22,5646.22,2024-05-12,0
SKU0034,2025-02-17,254,1434139.88,5646.22,0,0,Furniture,Tables,3600.22,5646.22,2024-05-12,0
SKU0034,2025-02-24,287,1620465.1400000001,5646.22,0,0,Furniture,Tables,3600.22,5646.22,2024-05-12,0
SKU0034,2025-03-03,246,1388970.12,5646.22,0,0,Furniture,Tables,3600.22,5646.22,2024-05-12,0
SKU0034,2025-03-10,310,1750328.2,5646.22,0,0,Furniture,Tables,3600.22,5646.22,2024-05-12,0
SKU0034,2025-03-17,306,1727743.32,5646.22,0,0,Furniture,Tables,3600.22,5646.22,2024-05-12,0
SKU0034,2025-03-24,256,1445432.32,5646.22,0,0,Furniture,Tables,3600.22,5646.22,2024-05-12,0
SKU0034,2025-03-31,227,1281691.94,5646.22,0,0,Furniture,Tables,3600.22,5646.22,2024-05-12,0
SKU0034,2025-04-07,192,1084074.24,5646.22,0,0,Furniture,Tables,3600.22,5646.22,2024-05-12,0
SKU0034,2025-04-14,226,1276045.72,5646.22,0,0,Furniture,Tables,3600.22,5646.22,2024-05-12,0
SKU0034,2025-04-21,228,1287338.16,5646.22,0,0,Furniture,Tables,3600.22,5646.22,2024-05-12,0
SKU0034,2025-04-28,262,1479309.64,5646.22,0,0,Furniture,Tables,3600.22,5646.22,2024-05-12,0
SKU0034,2025-05-05,203,1146182.6600000001,5646.22,0,0,Furniture,Tables,3600.22,5646.22,2024-05-12,0
SKU0034,2025-05-12,171,965503.62,5646.22,0,0,Furniture,Tables,3600.22,5646.22,2024-05-12,0
SKU0034,2025-05-19,172,971149.84,5646.22,0,0,Furniture,Tables,3600.22,5646.22,2024-05-12,0
SKU0034,2025-05-26,202,1079950.13,5453.882857142858,1,0,Furniture,Tables,3600.22,5646.22,2024-05-12,1
SKU0034,2025-06-02,473,2033832.59,4299.86,7,0,Furniture,Tables,3600.22,5646.22,2024-05-12,1
SKU0034,2025-06-09,241,1224756.4,5261.545714285714,2,0,Furniture,Tables,3600.22,5646.22,2024-05-12,1
SKU0034,2025-06-16,167,942918.74,5646.22,0,0,Furniture,Tables,3600.22,5646.22,2024-05-12,0
SKU0034,2025-06-23,179,1010673.38,5646.22,0,0,Furniture,Tables,3600.22,5646.22,2024-05-12,0
SKU0034,2025-06-30,168,948564.96,5646.22,0,0,Furniture,Tables,3600.22,5646.22,2024-05-12,0
SKU0034,2025-07-07,193,1089720.46,5646.22,0,0,Furniture,Tables,3600.22,5646.22,2024-05-12,0
SKU0034,2025-07-14,196,1106659.12,5646.22,0,0,Furniture,Tables,3600.22,5646.22,2024-05-12,0
SKU0034,2025-07-21,292,1648696.24,5646.22,0,0,Furniture,Tables,3600.22,5646.22,2024-05-12,0
SKU0034,2025-07-28,180,1016319.6,5646.22,0,0,Furniture,Tables,3600.22,5646.22,2024-05-12,0
SKU0034,2025-08-04,183,1033258.26,5646.22,0,0,Furniture,Tables,3600.22,5646.22,2024-05-12,0
SKU0034,2025-08-11,283,1597880.26,5646.22,0,1,Furniture,Tables,3600.22,5646.22,2024-05-12,0
SKU0034,2025-08-18,190,1072781.8,5646.22,0,0,Furniture,Tables,3600.22,5646.22,2024-05-12,0
SKU0034,2025-08-25,206,1163121.32,5646.22,0,0,Furniture,Tables,3600.22,5646.22,2024-05-12,0
SKU0035,2023-11-13,43,204569.49000000002,4757.43,0,0,Decor,Wall Art,2738.12,4757.43,2023-11-16,0
SKU0035,2023-11-20,245,943458.25,3850.85,7,0,Decor,Wall Art,2738.12,4757.43,2023-11-16,1
SKU0035,2023-11-27,186,809635.83,4627.918571428571,1,0,Decor,Wall Art,2738.12,4757.43,2023-11-16,1
SKU0035,2023-12-04,209,994302.87,4757.43,0,0,Decor,Wall Art,2738.12,4757.43,2023-11-16,0
SKU0035,2023-12-11,94,447198.42,4757.43,0,0,Decor,Wall Art,2738.12,4757.43,2023-11-16,0
SKU0035,2023-12-18,218,891160.36,4109.872857142857,5,0,Decor,Wall Art,2738.12,4757.43,2023-11-16,1
SKU0035,2023-12-25,241,928054.85,3850.85,7,1,Decor,Wall Art,2738.12,4757.43,2023-11-16,1
SKU0035,2024-01-01,136,647010.48,4757.43,0,1,Decor,Wall Art,2738.12,4757.43,2023-11-16,0
SKU0035,2024-01-08,164,780218.52,4757.43,0,0,Decor,Wall Art,2738.12,4757.43,2023-11-16,0
SKU0035,2024-01-15,149,708857.0700000001,4757.43,0,0,Decor,Wall Art,2738.12,4757.43,2023-11-16,0
SKU0035,2024-01-22,117,556619.31,4757.43,0,0,Decor,Wall Art,2738.12,4757.43,2023-11-16,0
SKU0035,2024-01-29,109,518559.87,4757.43,0,0,Decor,Wall Art,2738.12,4757.43,2023-11-16,0
SKU0035,2024-02-05,132,627980.76,4757.43,0,0,Decor,Wall Art,2738.12,4757.43,2023-11-16,0
SKU0035,2024-02-12,93,442440.99,4757.43,0,0,Decor,Wall Art,2738.12,4757.43,2023-11-16,0
SKU0035,2024-02-19,95,451955.85,4757.43,0,0,Decor,Wall Art,2738.12,4757.43,2023-11-16,0
SKU0035,2024-02-26,90,428168.7,4757.43,0,0,Decor,Wall Art,2738.12,4757.43,2023-11-16,0
SKU0035,2024-03-04,99,470985.57,4757.43,0,0,Decor,Wall Art,2738.12,4757.43,2023-11-16,0
SKU0035,2024-03-11,135,642253.0499999999,4757.43,0,0,Decor,Wall Art,2738.12,4757.43,2023-11-16,0
SKU0035,2024-03-18,75,356807.25,4757.43,0,0,Decor,Wall Art,2738.12,4757.43,2023-11-16,0
SKU0035,2024-03-25,118,561376.74,4757.43,0,0,Decor,Wall Art,2738.12,4757.43,2023-11-16,0
SKU0035,2024-04-01,111,528074.73,4757.43,0,0,Decor,Wall Art,2738.12,4757.43,2023-11-16,0
SKU0035,2024-04-08,107,509045.01,4757.43,0,0,Decor,Wall Art,2738.12,4757.43,2023-11-16,0
SKU0035,2024-04-15,128,608951.04,4757.43,0,0,Decor,Wall Art,2738.12,4757.43,2023-11-16,0
SKU0035,2024-04-22,116,551861.88,4757.43,0,0,Decor,Wall Art,2738.12,4757.43,2023-11-16,0
SKU0035,2024-04-29,95,451955.85000000003,4757.43,0,0,Decor,Wall Art,2738.12,4757.43,2023-11-16,0
SKU0035,2024-05-06,146,694584.78,4757.43,0,0,Decor,Wall Art,2738.12,4757.43,2023-11-16,0
SKU0035,2024-05-13,110,523317.3,4757.43,0,0,Decor,Wall Art,2738.12,4757.43,2023-11-16,0
SKU0035,2024-05-20,126,599436.18,4757.43,0,0,Decor,Wall Art,2738.12,4757.43,2023-11-16,0
SKU0035,2024-05-27,217,974341.19,4498.407142857143,2,0,Decor,Wall Art,2738.12,4757.43,2023-11-16,1
SKU0035,2024-06-03,307,1182210.95,3850.85,7,0,Decor,Wall Art,2738.12,4757.43,2023-11-16,1
SKU0035,2024-06-10,154,690941.54,4627.918571428571,1,0,Decor,Wall Art,2738.12,4757.43,2023-11-16,1
SKU0035,2024-06-17,121,575649.03,4757.43,0,0,Decor,Wall Art,2738.12,4757.43,2023-11-16,0
SKU0035,2024-06-24,150,713614.5,4757.43,0,0,Decor,Wall Art,2738.12,4757.43,2023-11-16,0
SKU0035,2024-07-01,225,1070421.75,4757.43,0,0,Decor,Wall Art,2738.12,4757.43,2023-11-16,0
SKU0035,2024-07-08,156,742159.0800000001,4757.43,0,0,Decor,Wall Art,2738.12,4757.43,2023-11-16,0
SKU0035,2024-07-15,176,837307.68,4757.43,0,0,Decor,Wall Art,2738.12,4757.43,2023-11-16,0
SKU0035,2024-07-22,233,1108481.19,4757.43,0,0,Decor,Wall Art,2738.12,4757.43,2023-11-16,0
SKU0035,2024-07-29,215,1022847.4500000001,4757.43,0,0,Decor,Wall Art,2738.12,4757.43,2023-11-16,0
SKU0035,2024-08-05,227,1079936.6099999999,4757.43,0,0,Decor,Wall Art,2738.12,4757.43,2023-11-16,0
SKU0035,2024-08-12,244,1160812.92,4757.43,0,1,Decor,Wall Art,2738.12,4757.43,2023-11-16,0
SKU0035,2024-08-19,168,799248.24,4757.43,0,0,Decor,Wall Art,2738.12,4757.43,2023-11-16,0
SKU0035,2024-08-26,186,884881.98,4757.43,0,0,Decor,Wall Art,2738.12,4757.43,2023-11-16,0
SKU0035,2024-09-02,235,1117996.05,4757.43,0,0,Decor,Wall Art,2738.12,4757.43,2023-11-16,0
SKU0035,2024-09-09,196,932456.28,4757.43,0,0,Decor,Wall Art,2738.12,4757.43,2023-11-16,0
SKU0035,2024-09-16,202,961000.86,4757.43,0,0,Decor,Wall Art,2738.12,4757.43,2023-11-16,0
SKU0035,2024-09-23,228,1084694.04,4757.43,0,0,Decor,Wall Art,2738.12,4757.43,2023-11-16,0
SKU0035,2024-09-30,215,1022847.45,4757.43,0,1,Decor,Wall Art,2738.12,4757.43,2023-11-16,0
SKU0035,2024-10-07,215,1022847.45,4757.43,0,0,Decor,Wall Art,2738.12,4757.43,2023-11-16,0
SKU0035,2024-10-14,173,823035.39,4757.43,0,0,Decor,Wall Art,2738.12,4757.43,2023-11-16,0
SKU0035,2024-10-21,136,647010.48,4757.43,0,0,Decor,Wall Art,2738.12,4757.43,2023-11-16,0
SKU0035,2024-10-28,160,761188.8,4757.43,0,0,Decor,Wall Art,2738.12,4757.43,2023-11-16,0
SKU0035,2024-11-04,273,1181829.57,4368.895714285714,3,0,Decor,Wall Art,2738.12,4757.43,2023-11-16,1
SKU0035,2024-11-11,421,1652031.56,4109.872857142857,5,0,Decor,Wall Art,2738.12,4757.43,2023-11-16,1
SKU0035,2024-11-18,157,746916.51,4757.43,0,0,Decor,Wall Art,2738.12,4757.43,2023-11-16,0
SKU0035,2024-11-25,155,737401.65,4757.43,0,0,Decor,Wall Art,2738.12,4757.43,2023-11-16,0
SKU0035,2024-12-02,172,818277.9600000001,4757.43,0,0,Decor,Wall Art,2738.12,4757.43,2023-11-16,0
SKU0035,2024-12-09,94,447198.42000000004,4757.43,0,0,Decor,Wall Art,2738.12,4757.43,2023-11-16,0
SKU0035,2024-12-16,179,789932.53,4368.895714285714,3,0,Decor,Wall Art,2738.12,4757.43,2023-11-16,1
SKU0035,2024-12-23,277,1066685.45,3850.85,7,1,Decor,Wall Art,2738.12,4757.43,2023-11-16,1
SKU0035,2024-12-30,230,950062.67,4498.407142857143,2,1,Decor,Wall Art,2738.12,4757.43,2023-11-16,1
SKU0035,2025-01-06,171,813520.53,4757.43,0,0,Decor,Wall Art,2738.12,4757.43,2023-11-16,0
SKU0035,2025-01-13,166,789733.38,4757.43,0,0,Decor,Wall Art,2738.12,4757.43,2023-11-16,0
SKU0035,2025-01-20,205,975273.15,4757.43,0,0,Decor,Wall Art,2738.12,4757.43,2023-11-16,0
SKU0035,2025-01-27,152,723129.36,4757.43,0,0,Decor,Wall Art,2738.12,4757.43,2023-11-16,0
SKU0035,2025-02-03,125,594678.75,4757.43,0,0,Decor,Wall Art,2738.12,4757.43,2023-11-16,0
SKU0035,2025-02-10,138,656525.34,4757.43,0,0,Decor,Wall Art,2738.12,4757.43,2023-11-16,0
SKU0035,2025-02-17,158,751673.9400000001,4757.43,0,0,Decor,Wall Art,2738.12,4757.43,2023-11-16,0
SKU0035,2025-02-24,117,556619.31,4757.43,0,0,Decor,Wall Art,2738.12,4757.43,2023-11-16,0
SKU0035,2025-03-03,155,737401.65,4757.43,0,0,Decor,Wall Art,2738.12,4757.43,2023-11-16,0
SKU0035,2025-03-10,141,670797.63,4757.43,0,0,Decor,Wall Art,2738.12,4757.43,2023-11-16,0
SKU0035,2025-03-17,174,827792.82,4757.43,0,0,Decor,Wall Art,2738.12,4757.43,2023-11-16,0
SKU0035,2025-03-24,129,613708.47,4757.43,0,0,Decor,Wall Art,2738.12,4757.43,2023-11-16,0
SKU0035,2025-03-31,139,661282.77,4757.43,0,0,Decor,Wall Art,2738.12,4757.43,2023-11-16,0
SKU0035,2025-04-07,155,737401.65,4757.43,0,0,Decor,Wall Art,2738.12,4757.43,2023-11-16,0
SKU0035,2025-04-14,118,561376.74,4757.43,0,0,Decor,Wall Art,2738.12,4757.43,2023-11-16,0
SKU0035,2025-04-21,177,842065.11,4757.43,0,0,Decor,Wall Art,2738.12,4757.43,2023-11-16,0
SKU0035,2025-04-28,154,732644.22,4757.43,0,0,Decor,Wall Art,2738.12,4757.43,2023-11-16,0
SKU0035,2025-05-05,139,661282.77,4757.43,0,0,Decor,Wall Art,2738.12,4757.43,2023-11-16,0
SKU0035,2025-05-12,112,532832.16,4757.43,0,0,Decor,Wall Art,2738.12,4757.43,2023-11-16,0
SKU0035,2025-05-19,114,542347.02,4757.43,0,0,Decor,Wall Art,2738.12,4757.43,2023-11-16,0
SKU0035,2025-05-26,188,876265.24,4627.918571428571,1,0,Decor,Wall Art,2738.12,4757.43,2023-11-16,1
SKU0035,2025-06-02,226,870292.1,3850.85,7,0,Decor,Wall Art,2738.12,4757.43,2023-11-16,1
SKU0035,2025-06-09,259,1093467.62,4498.407142857143,2,0,Decor,Wall Art,2738.12,4757.43,2023-11-16,1
SKU0035,2025-06-16,132,627980.76,4757.43,0,0,Decor,Wall Art,2738.12,4757.43,2023-11-16,0
SKU0035,2025-06-23,184,875367.12,4757.43,0,0,Decor,Wall Art,2738.12,4757.43,2023-11-16,0
SKU0035,2025-06-30,180,856337.4,4757.43,0,0,Decor,Wall Art,2738.12,4757.43,2023-11-16,0
SKU0035,2025-07-07,246,1170327.78,4757.43,0,0,Decor,Wall Art,2738.12,4757.43,2023-11-16,0
SKU0035,2025-07-14,156,742159.08,4757.43,0,0,Decor,Wall Art,2738.12,4757.43,2023-11-16,0
SKU0035,2025-07-21,269,1279748.67,4757.43,0,0,Decor,Wall Art,2738.12,4757.43,2023-11-16,0
SKU0035,2025-07-28,179,851579.97,4757.43,0,0,Decor,Wall Art,2738.12,4757.43,2023-11-16,0
SKU0035,2025-08-04,192,913426.5599999999,4757.43,0,0,Decor,Wall Art,2738.12,4757.43,2023-11-16,0
SKU0035,2025-08-11,247,1175085.21,4757.43,0,1,Decor,Wall Art,2738.12,4757.43,2023-11-16,0
SKU0035,2025-08-18,203,965758.29,4757.43,0,0,Decor,Wall Art,2738.12,4757.43,2023-11-16,0
SKU0035,2025-08-25,149,708857.07,4757.43,0,0,Decor,Wall Art,2738.12,4757.43,2023-11-16,0
SKU0036,2025-06-16,77,108690.12,1411.56,0,0,Small Appliances,Climate,564.8,1411.56,2025-06-19,0
SKU0036,2025-06-23,128,180679.68,1411.56,0,0,Small Appliances,Climate,564.8,1411.56,2025-06-19,0
SKU0036,2025-06-30,139,196206.84000000003,1411.56,0,0,Small Appliances,Climate,564.8,1411.56,2025-06-19,0
SKU0036,2025-07-07,119,167975.64,1411.56,0,0,Small Appliances,Climate,564.8,1411.56,2025-06-19,0
SKU0036,2025-07-14,131,184914.36000000002,1411.56,0,0,Small Appliances,Climate,564.8,1411.56,2025-06-19,0
SKU0036,2025-07-21,178,251257.68,1411.56,0,0,Small Appliances,Climate,564.8,1411.56,2025-06-19,0
SKU0036,2025-07-28,167,235730.52000000002,1411.56,0,0,Small Appliances,Climate,564.8,1411.56,2025-06-19,0
SKU0036,2025-08-04,125,176445.0,1411.56,0,0,Small Appliances,Climate,564.8,1411.56,2025-06-19,0
SKU0036,2025-08-11,173,244199.88,1411.56,0,1,Small Appliances,Climate,564.8,1411.56,2025-06-19,0
SKU0036,2025-08-18,175,247023.0,1411.56,0,0,Small Appliances,Climate,564.8,1411.56,2025-06-19,0
SKU0036,2025-08-25,113,159506.28,1411.56,0,0,Small Appliances,Climate,564.8,1411.56,2025-06-19,0
SKU0037,2023-09-25,89,375424.25,4218.25,0,0,Furniture,Chairs,2286.18,4218.25,2023-09-27,0
SKU0037,2023-10-02,111,468225.75,4218.25,0,1,Furniture,Chairs,2286.18,4218.25,2023-09-27,0
SKU0037,2023-10-09,165,696011.25,4218.25,0,0,Furniture,Chairs,2286.18,4218.25,2023-09-27,0
SKU0037,2023-10-16,144,607428.0,4218.25,0,0,Furniture,Chairs,2286.18,4218.25,2023-09-27,0
SKU0037,2023-10-23,136,573682.0,4218.25,0,0,Furniture,Chairs,2286.18,4218.25,2023-09-27,0
SKU0037,2023-10-30,87,366987.75,4218.25,0,0,Furniture,Chairs,2286.18,4218.25,2023-09-27,0
SKU0037,2023-11-06,129,544154.25,4218.25,0,0,Furniture,Chairs,2286.18,4218.25,2023-09-27,0
SKU0037,2023-11-13,137,577900.25,4218.25,0,0,Furniture,Chairs,2286.18,4218.25,2023-09-27,0
SKU0037,2023-11-20,305,1149342.32,3768.34,7,0,Furniture,Chairs,2286.18,4218.25,2023-09-27,1
SKU0037,2023-11-27,137,562603.16,4153.977142857143,1,0,Furniture,Chairs,2286.18,4218.25,2023-09-27,1
SKU0037,2023-12-04,174,733975.5,4218.25,0,0,Furniture,Chairs,2286.18,4218.25,2023-09-27,0
SKU0037,2023-12-11,112,472444.0,4218.25,0,0,Furniture,Chairs,2286.18,4218.25,2023-09-27,0
SKU0037,2023-12-18,190,737129.72,3896.8857142857146,5,0,Furniture,Chairs,2286.18,4218.25,2023-09-27,1
SKU0037,2023-12-25,416,1567627.55,3768.34,7,1,Furniture,Chairs,2286.18,4218.25,2023-09-27,1
SKU0037,2024-01-01,150,632737.5,4218.25,0,1,Furniture,Chairs,2286.18,4218.25,2023-09-27,0
SKU0037,2024-01-08,166,700229.5,4218.25,0,0,Furniture,Chairs,2286.18,4218.25,2023-09-27,0
SKU0037,2024-01-15,130,548372.5,4218.25,0,0,Furniture,Chairs,2286.18,4218.25,2023-09-27,0
SKU0037,2024-01-22,170,717102.5,4218.25,0,0,Furniture,Chairs,2286.18,4218.25,2023-09-27,0
SKU0037,2024-01-29,151,636955.75,4218.25,0,0,Furniture,Chairs,2286.18,4218.25,2023-09-27,0
SKU0037,2024-02-05,162,683356.5,4218.25,0,0,Furniture,Chairs,2286.18,4218.25,2023-09-27,0
SKU0037,2024-02-12,166,700229.5,4218.25,0,0,Furniture,Chairs,2286.18,4218.25,2023-09-27,0
SKU0037,2024-02-19,90,379642.5,4218.25,0,0,Furniture,Chairs,2286.18,4218.25,2023-09-27,0
SKU0037,2024-02-26,216,911142.0,4218.25,0,0,Furniture,Chairs,2286.18,4218.25,2023-09-27,0
SKU0037,2024-03-04,192,809904.0,4218.25,0,0,Furniture,Chairs,2286.18,4218.25,2023-09-27,0
SKU0037,2024-03-11,163,687574.75,4218.25,0,0,Furniture,Chairs,2286.18,4218.25,2023-09-27,0
SKU0037,2024-03-18,157,662265.25,4218.25,0,0,Furniture,Chairs,2286.18,4218.25,2023-09-27,0
SKU0037,2024-03-25,153,645392.25,4218.25,0,0,Furniture,Chairs,2286.18,4218.25,2023-09-27,0
SKU0037,2024-04-01,160,674920.0,4218.25,0,0,Furniture,Chairs,2286.18,4218.25,2023-09-27,0
SKU0037,2024-04-08,174,733975.5,4218.25,0,0,Furniture,Chairs,2286.18,4218.25,2023-09-27,0
SKU0037,2024-04-15,195,822558.75,4218.25,0,0,Furniture,Chairs,2286.18,4218.25,2023-09-27,0
SKU0037,2024-04-22,166,700229.5,4218.25,0,0,Furniture,Chairs,2286.18,4218.25,2023-09-27,0
SKU0037,2024-04-29,176,742412.0,4218.25,0,0,Furniture,Chairs,2286.18,4218.25,2023-09-27,0
SKU0037,2024-05-06,152,641174.0,4218.25,0,0,Furniture,Chairs,2286.18,4218.25,2023-09-27,0
SKU0037,2024-05-13,209,881614.25,4218.25,0,0,Furniture,Chairs,2286.18,4218.25,2023-09-27,0
SKU0037,2024-05-20,214,902705.5,4218.25,0,0,Furniture,Chairs,2286.18,4218.25,2023-09-27,0
SKU0037,2024-05-27,165,677564.76,4089.7042857142856,2,0,Furniture,Chairs,2286.18,4218.25,2023-09-27,1
SKU0037,2024-06-03,299,1126732.31,3768.34,7,0,Furniture,Chairs,2286.18,4218.25,2023-09-27,1
SKU0037,2024-06-10,216,886396.7,4153.977142857143,1,0,Furniture,Chairs,2286.18,4218.25,2023-09-27,1
SKU0037,2024-06-17,173,729757.25,4218.25,0,0,Furniture,Chairs,2286.18,4218.25,2023-09-27,0
SKU0037,2024-06-24,181,763503.25,4218.25,0,0,Furniture,Chairs,2286.18,4218.25,2023-09-27,0
SKU0037,2024-07-01,201,847868.25,4218.25,0,0,Furniture,Chairs,2286.18,4218.25,2023-09-27,0
SKU0037,2024-07-08,180,759285.0,4218.25,0,0,Furniture,Chairs,2286.18,4218.25,2023-09-27,0
SKU0037,2024-07-15,163,687574.75,4218.25,0,0,Furniture,Chairs,2286.18,4218.25,2023-09-27,0
SKU0037,2024-07-22,144,607428.0,4218.25,0,0,Furniture,Chairs,2286.18,4218.25,2023-09-27,0
SKU0037,2024-07-29,154,649610.5,4218.25,0,0,Furniture,Chairs,2286.18,4218.25,2023-09-27,0
SKU0037,2024-08-05,133,561027.25,4218.25,0,0,Furniture,Chairs,2286.18,4218.25,2023-09-27,0
SKU0037,2024-08-12,196,826777.0,4218.25,0,1,Furniture,Chairs,2286.18,4218.25,2023-09-27,0
SKU0037,2024-08-19,127,535717.75,4218.25,0,0,Furniture,Chairs,2286.18,4218.25,2023-09-27,0
SKU0037,2024-08-26,169,712884.25,4218.25,0,0,Furniture,Chairs,2286.18,4218.25,2023-09-27,0
SKU0037,2024-09-02,159,670701.75,4218.25,0,0,Furniture,Chairs,2286.18,4218.25,2023-09-27,0
SKU0037,2024-09-09,155,653828.75,4218.25,0,0,Furniture,Chairs,2286.18,4218.25,2023-09-27,0
SKU0037,2024-09-16,98,413388.5,4218.25,0,0,Furniture,Chairs,2286.18,4218.25,2023-09-27,0
SKU0037,2024-09-23,137,577900.25,4218.25,0,0,Furniture,Chairs,2286.18,4218.25,2023-09-27,0
SKU0037,2024-09-30,157,662265.25,4218.25,0,1,Furniture,Chairs,2286.18,4218.25,2023-09-27,0
SKU0037,2024-10-07,161,679138.25,4218.25,0,0,Furniture,Chairs,2286.18,4218.25,2023-09-27,0
SKU0037,2024-10-14,138,582118.5,4218.25,0,0,Furniture,Chairs,2286.18,4218.25,2023-09-27,0
SKU0037,2024-10-21,165,696011.25,4218.25,0,0,Furniture,Chairs,2286.18,4218.25,2023-09-27,0
SKU0037,2024-10-28,133,561027.25,4218.25,0,0,Furniture,Chairs,2286.18,4218.25,2023-09-27,0
SKU0037,2024-11-04,173,696463.5700000001,4025.4314285714286,3,0,Furniture,Chairs,2286.18,4218.25,2023-09-27,1
SKU0037,2024-11-11,210,799898.82,3896.8857142857146,5,0,Furniture,Chairs,2286.18,4218.25,2023-09-27,1
SKU0037,2024-11-18,135,569463.75,4218.25,0,0,Furniture,Chairs,2286.18,4218.25,2023-09-27,0
SKU0037,2024-11-25,167,704447.75,4218.25,0,0,Furniture,Chairs,2286.18,4218.25,2023-09-27,0
SKU0037,2024-12-02,155,653828.75,4218.25,0,0,Furniture,Chairs,2286.18,4218.25,2023-09-27,0
SKU0037,2024-12-09,233,982852.25,4218.25,0,0,Furniture,Chairs,2286.18,4218.25,2023-09-27,0
SKU0037,2024-12-16,138,542975.94,4025.4314285714286,3,0,Furniture,Chairs,2286.18,4218.25,2023-09-27,1
SKU0037,2024-12-23,289,1089048.96,3768.34,7,1,Furniture,Chairs,2286.18,4218.25,2023-09-27,1
SKU0037,2024-12-30,209,839322.29,4089.7042857142856,2,1,Furniture,Chairs,2286.18,4218.25,2023-09-27,1
SKU0037,2025-01-06,113,476662.25,4218.25,0,0,Furniture,Chairs,2286.18,4218.25,2023-09-27,0
SKU0037,2025-01-13,145,611646.25,4218.25,0,0,Furniture,Chairs,2286.18,4218.25,2023-09-27,0
SKU0037,2025-01-20,130,548372.5,4218.25,0,0,Furniture,Chairs,2286.18,4218.25,2023-09-27,0
SKU0037,2025-01-27,251,1058780.75,4218.25,0,0,Furniture,Chairs,2286.18,4218.25,2023-09-27,0
SKU0037,2025-02-03,154,649610.5,4218.25,0,0,Furniture,Chairs,2286.18,4218.25,2023-09-27,0
SKU0037,2025-02-10,190,801467.5,4218.25,0,0,Furniture,Chairs,2286.18,4218.25,2023-09-27,0
SKU0037,2025-02-17,165,696011.25,4218.25,0,0,Furniture,Chairs,2286.18,4218.25,2023-09-27,0
SKU0037,2025-02-24,229,965979.25,4218.25,0,0,Furniture,Chairs,2286.18,4218.25,2023-09-27,0
SKU0037,2025-03-03,205,864741.25,4218.25,0,0,Furniture,Chairs,2286.18,4218.25,2023-09-27,0
SKU0037,2025-03-10,188,793031.0,4218.25,0,0,Furniture,Chairs,2286.18,4218.25,2023-09-27,0
SKU0037,2025-03-17,186,784594.5,4218.25,0,0,Furniture,Chairs,2286.18,4218.25,2023-09-27,0
SKU0037,2025-03-24,187,788812.75,4218.25,0,0,Furniture,Chairs,2286.18,4218.25,2023-09-27,0
SKU0037,2025-03-31,160,674920.0,4218.25,0,0,Furniture,Chairs,2286.18,4218.25,2023-09-27,0
SKU0037,2025-04-07,176,742412.0,4218.25,0,0,Furniture,Chairs,2286.18,4218.25,2023-09-27,0
SKU0037,2025-04-14,261,1100963.25,4218.25,0,0,Furniture,Chairs,2286.18,4218.25,2023-09-27,0
SKU0037,2025-04-21,191,805685.75,4218.25,0,0,Furniture,Chairs,2286.18,4218.25,2023-09-27,0
SKU0037,2025-04-28,151,636955.75,4218.25,0,0,Furniture,Chairs,2286.18,4218.25,2023-09-27,0
SKU0037,2025-05-05,157,662265.25,4218.25,0,0,Furniture,Chairs,2286.18,4218.25,2023-09-27,0
SKU0037,2025-05-12,210,885832.5,4218.25,0,0,Furniture,Chairs,2286.18,4218.25,2023-09-27,0
SKU0037,2025-05-19,155,653828.75,4218.25,0,0,Furniture,Chairs,2286.18,4218.25,2023-09-27,0
SKU0037,2025-05-26,247,1012663.31,4153.977142857143,1,0,Furniture,Chairs,2286.18,4218.25,2023-09-27,1
SKU0037,2025-06-02,307,1156879.1,3768.34,7,0,Furniture,Chairs,2286.18,4218.25,2023-09-27,1
SKU0037,2025-06-09,232,928693.49,4089.7042857142856,2,0,Furniture,Chairs,2286.18,4218.25,2023-09-27,1
SKU0037,2025-06-16,186,784594.5,4218.25,0,0,Furniture,Chairs,2286.18,4218.25,2023-09-27,0
SKU0037,2025-06-23,175,738193.75,4218.25,0,0,Furniture,Chairs,2286.18,4218.25,2023-09-27,0
SKU0037,2025-06-30,235,991288.75,4218.25,0,0,Furniture,Chairs,2286.18,4218.25,2023-09-27,0
SKU0037,2025-07-07,242,1020816.5,4218.25,0,0,Furniture,Chairs,2286.18,4218.25,2023-09-27,0
SKU0037,2025-07-14,154,649610.5,4218.25,0,0,Furniture,Chairs,2286.18,4218.25,2023-09-27,0
SKU0037,2025-07-21,178,750848.5,4218.25,0,0,Furniture,Chairs,2286.18,4218.25,2023-09-27,0
SKU0037,2025-07-28,117,493535.25,4218.25,0,0,Furniture,Chairs,2286.18,4218.25,2023-09-27,0
SKU0037,2025-08-04,190,801467.5,4218.25,0,0,Furniture,Chairs,2286.18,4218.25,2023-09-27,0
SKU0037,2025-08-11,189,797249.25,4218.25,0,1,Furniture,Chairs,2286.18,4218.25,2023-09-27,0
SKU0037,2025-08-18,164,691793.0,4218.25,0,0,Furniture,Chairs,2286.18,4218.25,2023-09-27,0
SKU0037,2025-08-25,152,641174.0,4218.25,0,0,Furniture,Chairs,2286.18,4218.25,2023-09-27,0
SKU0038,2025-06-30,6,40075.32,6679.22,0,0,Textiles,Throws,3818.66,6679.22,2025-07-06,0
SKU0038,2025-07-07,64,427470.07999999996,6679.22,0,0,Textiles,Throws,3818.66,6679.22,2025-07-06,0
SKU0038,2025-07-14,50,333961.0,6679.22,0,0,Textiles,Throws,3818.66,6679.22,2025-07-06,0
SKU0038,2025-07-21,42,280527.24,6679.22,0,0,Textiles,Throws,3818.66,6679.22,2025-07-06,0
SKU0038,2025-07-28,43,287206.46,6679.22,0,0,Textiles,Throws,3818.66,6679.22,2025-07-06,0
SKU0038,2025-08-04,59,394073.98,6679.22,0,0,Textiles,Throws,3818.66,6679.22,2025-07-06,0
SKU0038,2025-08-11,31,207055.82,6679.22,0,1,Textiles,Throws,3818.66,6679.22,2025-07-06,0
SKU0038,2025-08-18,56,374036.32,6679.22,0,0,Textiles,Throws,3818.66,6679.22,2025-07-06,0
SKU0038,2025-08-25,58,387394.76,6679.22,0,0,Textiles,Throws,3818.66,6679.22,2025-07-06,0
SKU0039,2024-02-26,224,1343274.24,5996.759999999999,0,0,Decor,Rugs,3753.77,5996.76,2024-02-27,0
SKU0039,2024-03-04,251,1505186.76,5996.76,0,0,Decor,Rugs,3753.77,5996.76,2024-02-27,0
SKU0039,2024-03-11,302,1811021.52,5996.76,0,0,Decor,Rugs,3753.77,5996.76,2024-02-27,0
SKU0039,2024-03-18,199,1193355.24,5996.76,0,0,Decor,Rugs,3753.77,5996.76,2024-02-27,0
SKU0039,2024-03-25,310,1858995.5999999999,5996.76,0,0,Decor,Rugs,3753.77,5996.76,2024-02-27,0
SKU0039,2024-04-01,288,1727066.88,5996.76,0,0,Decor,Rugs,3753.77,5996.76,2024-02-27,0
SKU0039,2024-04-08,378,2266775.2800000003,5996.76,0,0,Decor,Rugs,3753.77,5996.76,2024-02-27,0
SKU0039,2024-04-15,226,1355267.76,5996.76,0,0,Decor,Rugs,3753.77,5996.76,2024-02-27,0
SKU0039,2024-04-22,199,1193355.24,5996.76,0,0,Decor,Rugs,3753.77,5996.76,2024-02-27,0
SKU0039,2024-04-29,304,1823015.04,5996.76,0,0,Decor,Rugs,3753.77,5996.76,2024-02-27,0
SKU0039,2024-05-06,255,1529173.8,5996.76,0,0,Decor,Rugs,3753.77,5996.76,2024-02-27,0
SKU0039,2024-05-13,283,1697083.0799999998,5996.76,0,0,Decor,Rugs,3753.77,5996.76,2024-02-27,0
SKU0039,2024-05-20,263,1577147.88,5996.76,0,0,Decor,Rugs,3753.77,5996.76,2024-02-27,0
SKU0039,2024-05-27,289,1618314.48,5785.24,2,0,Decor,Rugs,3753.77,5996.76,2024-02-27,1
SKU0039,2024-06-03,423,2223475.31,5256.44,7,0,Decor,Rugs,3753.77,5996.76,2024-02-27,1
SKU0039,2024-06-10,257,1505632.09,5891.0,1,0,Decor,Rugs,3753.77,5996.76,2024-02-27,1
SKU0039,2024-06-17,241,1445219.16,5996.76,0,0,Decor,Rugs,3753.77,5996.76,2024-02-27,0
SKU0039,2024-06-24,262,1571151.12,5996.76,0,0,Decor,Rugs,3753.77,5996.76,2024-02-27,0
SKU0039,2024-07-01,239,1433225.64,5996.76,0,0,Decor,Rugs,3753.77,5996.76,2024-02-27,0
SKU0039,2024-07-08,251,1505186.76,5996.76,0,0,Decor,Rugs,3753.77,5996.76,2024-02-27,0
SKU0039,2024-07-15,208,1247326.08,5996.76,0,0,Decor,Rugs,3753.77,5996.76,2024-02-27,0
SKU0039,2024-07-22,273,1637115.48,5996.76,0,0,Decor,Rugs,3753.77,5996.76,2024-02-27,0
SKU0039,2024-07-29,210,1259319.6,5996.76,0,0,Decor,Rugs,3753.77,5996.76,2024-02-27,0
SKU0039,2024-08-05,248,1487196.48,5996.76,0,0,Decor,Rugs,3753.77,5996.76,2024-02-27,0
SKU0039,2024-08-12,161,965478.36,5996.76,0,1,Decor,Rugs,3753.77,5996.76,2024-02-27,0
SKU0039,2024-08-19,152,911507.52,5996.76,0,0,Decor,Rugs,3753.77,5996.76,2024-02-27,0
SKU0039,2024-08-26,185,1109400.6,5996.76,0,0,Decor,Rugs,3753.77,5996.76,2024-02-27,0
SKU0039,2024-09-02,197,1181361.72,5996.76,0,0,Decor,Rugs,3753.77,5996.76,2024-02-27,0
SKU0039,2024-09-09,151,905510.76,5996.76,0,0,Decor,Rugs,3753.77,5996.76,2024-02-27,0
SKU0039,2024-09-16,166,995462.16,5996.76,0,0,Decor,Rugs,3753.77,5996.76,2024-02-27,0
SKU0039,2024-09-23,138,827552.88,5996.76,0,0,Decor,Rugs,3753.77,5996.76,2024-02-27,0
SKU0039,2024-09-30,223,1337277.48,5996.76,0,1,Decor,Rugs,3753.77,5996.76,2024-02-27,0
SKU0039,2024-10-07,181,1085413.56,5996.76,0,0,Decor,Rugs,3753.77,5996.76,2024-02-27,0
SKU0039,2024-10-14,146,875526.96,5996.76,0,0,Decor,Rugs,3753.77,5996.76,2024-02-27,0
SKU0039,2024-10-21,156,935494.5599999999,5996.76,0,0,Decor,Rugs,3753.77,5996.76,2024-02-27,0
SKU0039,2024-10-28,107,641653.32,5996.76,0,0,Decor,Rugs,3753.77,5996.76,2024-02-27,0
SKU0039,2024-11-04,264,1490604.99,5679.4800000000005,3,0,Decor,Rugs,3753.77,5996.76,2024-02-27,1
SKU0039,2024-11-11,253,1366155.5699999998,5467.96,5,0,Decor,Rugs,3753.77,5996.76,2024-02-27,1
SKU0039,2024-11-18,158,947488.08,5996.76,0,0,Decor,Rugs,3753.77,5996.76,2024-02-27,0
SKU0039,2024-11-25,188,1127390.88,5996.76,0,0,Decor,Rugs,3753.77,5996.76,2024-02-27,0
SKU0039,2024-12-02,159,953484.8400000001,5996.76,0,0,Decor,Rugs,3753.77,5996.76,2024-02-27,0
SKU0039,2024-12-09,178,1067423.28,5996.76,0,0,Decor,Rugs,3753.77,5996.76,2024-02-27,0
SKU0039,2024-12-16,215,1196023.43,5679.4800000000005,3,0,Decor,Rugs,3753.77,5996.76,2024-02-27,1
SKU0039,2024-12-23,297,1561163.52,5256.44,7,1,Decor,Rugs,3753.77,5996.76,2024-02-27,1
SKU0039,2024-12-30,246,1393027.75,5785.24,2,1,Decor,Rugs,3753.77,5996.76,2024-02-27,1
SKU0039,2025-01-06,141,845543.16,5996.76,0,0,Decor,Rugs,3753.77,5996.76,2024-02-27,0
SKU0039,2025-01-13,168,1007455.6799999999,5996.76,0,0,Decor,Rugs,3753.77,5996.76,2024-02-27,0
SKU0039,2025-01-20,200,1199352.0,5996.76,0,0,Decor,Rugs,3753.77,5996.76,2024-02-27,0
SKU0039,2025-01-27,187,1121394.12,5996.76,0,0,Decor,Rugs,3753.77,5996.76,2024-02-27,0
SKU0039,2025-02-03,194,1163371.44,5996.76,0,0,Decor,Rugs,3753.77,5996.76,2024-02-27,0
SKU0039,2025-02-10,180,1079416.8,5996.76,0,0,Decor,Rugs,3753.77,5996.76,2024-02-27,0
SKU0039,2025-02-17,103,617666.28,5996.76,0,0,Decor,Rugs,3753.77,5996.76,2024-02-27,0
SKU0039,2025-02-24,228,1367261.28,5996.76,0,0,Decor,Rugs,3753.77,5996.76,2024-02-27,0
SKU0039,2025-03-03,189,1133387.64,5996.76,0,0,Decor,Rugs,3753.77,5996.76,2024-02-27,0
SKU0039,2025-03-10,190,1139384.4,5996.76,0,0,Decor,Rugs,3753.77,5996.76,2024-02-27,0
SKU0039,2025-03-17,174,1043436.24,5996.76,0,0,Decor,Rugs,3753.77,5996.76,2024-02-27,0
SKU0039,2025-03-24,263,1577147.8800000001,5996.76,0,0,Decor,Rugs,3753.77,5996.76,2024-02-27,0
SKU0039,2025-03-31,310,1858995.5999999999,5996.76,0,0,Decor,Rugs,3753.77,5996.76,2024-02-27,0
SKU0039,2025-04-07,292,1751053.92,5996.76,0,0,Decor,Rugs,3753.77,5996.76,2024-02-27,0
SKU0039,2025-04-14,270,1619125.2,5996.76,0,0,Decor,Rugs,3753.77,5996.76,2024-02-27,0
SKU0039,2025-04-21,278,1667099.28,5996.76,0,0,Decor,Rugs,3753.77,5996.76,2024-02-27,0
SKU0039,2025-04-28,284,1703079.8399999999,5996.76,0,0,Decor,Rugs,3753.77,5996.76,2024-02-27,0
SKU0039,2025-05-05,222,1331280.72,5996.76,0,0,Decor,Rugs,3753.77,5996.76,2024-02-27,0
SKU0039,2025-05-12,242,1451215.92,5996.76,0,0,Decor,Rugs,3753.77,5996.76,2024-02-27,0
SKU0039,2025-05-19,213,1277309.88,5996.76,0,0,Decor,Rugs,3753.77,5996.76,2024-02-27,0
SKU0039,2025-05-26,276,1600322.29,5891.0,1,0,Decor,Rugs,3753.77,5996.76,2024-02-27,1
SKU0039,2025-06-02,452,2375912.15,5256.44,7,0,Decor,Rugs,3753.77,5996.76,2024-02-27,1
SKU0039,2025-06-09,259,1481350.07,5785.24,2,0,Decor,Rugs,3753.77,5996.76,2024-02-27,1
SKU0039,2025-06-16,245,1469206.2,5996.76,0,0,Decor,Rugs,3753.77,5996.76,2024-02-27,0
SKU0039,2025-06-23,263,1577147.8800000001,5996.76,0,0,Decor,Rugs,3753.77,5996.76,2024-02-27,0
SKU0039,2025-06-30,222,1331280.72,5996.76,0,0,Decor,Rugs,3753.77,5996.76,2024-02-27,0
SKU0039,2025-07-07,238,1427228.88,5996.76,0,0,Decor,Rugs,3753.77,5996.76,2024-02-27,0
SKU0039,2025-07-14,228,1367261.28,5996.76,0,0,Decor,Rugs,3753.77,5996.76,2024-02-27,0
SKU0039,2025-07-21,180,1079416.8,5996.76,0,0,Decor,Rugs,3753.77,5996.76,2024-02-27,0
SKU0039,2025-07-28,207,1241329.32,5996.76,0,0,Decor,Rugs,3753.77,5996.76,2024-02-27,0
SKU0039,2025-08-04,222,1331280.72,5996.76,0,0,Decor,Rugs,3753.77,5996.76,2024-02-27,0
SKU0039,2025-08-11,200,1199352.0,5996.76,0,1,Decor,Rugs,3753.77,5996.76,2024-02-27,0
SKU0039,2025-08-18,186,1115397.36,5996.76,0,0,Decor,Rugs,3753.77,5996.76,2024-02-27,0
SKU0039,2025-08-25,172,1031442.72,5996.76,0,0,Decor,Rugs,3753.77,5996.76,2024-02-27,0
SKU0040,2025-07-07,134,1103465.88,8234.82,0,0,Decor,Wall Art,3582.96,8234.82,2025-07-10,0
SKU0040,2025-07-14,246,2025765.72,8234.82,0,0,Decor,Wall Art,3582.96,8234.82,2025-07-10,0
SKU0040,2025-07-21,205,1688138.1,8234.82,0,0,Decor,Wall Art,3582.96,8234.82,2025-07-10,0
SKU0040,2025-07-28,231,1902243.42,8234.82,0,0,Decor,Wall Art,3582.96,8234.82,2025-07-10,0
SKU0040,2025-08-04,203,1671668.46,8234.82,0,0,Decor,Wall Art,3582.96,8234.82,2025-07-10,0
SKU0040,2025-08-11,221,1819895.22,8234.82,0,1,Decor,Wall Art,3582.96,8234.82,2025-07-10,0
SKU0040,2025-08-18,187,1539911.34,8234.82,0,0,Decor,Wall Art,3582.96,8234.82,2025-07-10,0
SKU0040,2025-08-25,195,1605789.9,8234.82,0,0,Decor,Wall Art,3582.96,8234.82,2025-07-10,0
SKU0041,2025-05-12,26,99341.58,3820.83,0,0,Textiles,Bedding,2147.6,3820.83,2025-05-18,0
SKU0041,2025-05-19,191,729778.53,3820.8299999999995,0,0,Textiles,Bedding,2147.6,3820.83,2025-05-18,0
SKU0041,2025-05-26,218,816371.63,3764.4714285714285,1,0,Textiles,Bedding,2147.6,3820.83,2025-05-18,1
SKU0041,2025-06-02,352,1206065.52,3426.32,7,0,Textiles,Bedding,2147.6,3820.83,2025-05-18,1
SKU0041,2025-06-09,226,818139.22,3708.112857142857,2,0,Textiles,Bedding,2147.6,3820.83,2025-05-18,1
SKU0041,2025-06-16,180,687749.4,3820.8299999999995,0,0,Textiles,Bedding,2147.6,3820.83,2025-05-18,0
SKU0041,2025-06-23,151,576945.33,3820.8299999999995,0,0,Textiles,Bedding,2147.6,3820.83,2025-05-18,0
SKU0041,2025-06-30,178,680107.74,3820.8299999999995,0,0,Textiles,Bedding,2147.6,3820.83,2025-05-18,0
SKU0041,2025-07-07,184,703032.72,3820.8299999999995,0,0,Textiles,Bedding,2147.6,3820.83,2025-05-18,0
SKU0041,2025-07-14,178,680107.74,3820.8299999999995,0,0,Textiles,Bedding,2147.6,3820.83,2025-05-18,0
SKU0041,2025-07-21,191,729778.53,3820.8299999999995,0,0,Textiles,Bedding,2147.6,3820.83,2025-05-18,0
SKU0041,2025-07-28,155,592228.65,3820.8299999999995,0,0,Textiles,Bedding,2147.6,3820.83,2025-05-18,0
SKU0041,2025-08-04,146,557841.18,3820.8299999999995,0,0,Textiles,Bedding,2147.6,3820.83,2025-05-18,0
SKU0041,2025-08-11,174,664824.42,3820.8299999999995,0,1,Textiles,Bedding,2147.6,3820.83,2025-05-18,0
SKU0041,2025-08-18,181,691570.23,3820.8299999999995,0,0,Textiles,Bedding,2147.6,3820.83,2025-05-18,0
SKU0041,2025-08-25,138,527274.54,3820.8299999999995,0,0,Textiles,Bedding,2147.6,3820.83,2025-05-18,0
SKU0042,2024-06-10,14,16513.42,1179.53,0,0,Small Appliances,Cleaning,513.7,1179.53,2024-06-14,0
SKU0042,2024-06-17,38,44822.14,1179.53,0,0,Small Appliances,Cleaning,513.7,1179.53,2024-06-14,0
SKU0042,2024-06-24,40,47181.2,1179.53,0,0,Small Appliances,Cleaning,513.7,1179.53,2024-06-14,0
SKU0042,2024-07-01,44,51899.32,1179.53,0,0,Small Appliances,Cleaning,513.7,1179.53,2024-06-14,0
SKU0042,2024-07-08,44,51899.31999999999,1179.53,0,0,Small Appliances,Cleaning,513.7,1179.53,2024-06-14,0
SKU0042,2024-07-15,24,28308.719999999998,1179.53,0,0,Small Appliances,Cleaning,513.7,1179.53,2024-06-14,0
SKU0042,2024-07-22,35,41283.549999999996,1179.53,0,0,Small Appliances,Cleaning,513.7,1179.53,2024-06-14,0
SKU0042,2024-07-29,55,64874.15,1179.53,0,0,Small Appliances,Cleaning,513.7,1179.53,2024-06-14,0
SKU0042,2024-08-05,43,50719.79,1179.53,0,0,Small Appliances,Cleaning,513.7,1179.53,2024-06-14,0
SKU0042,2024-08-12,34,40104.02,1179.53,0,1,Small Appliances,Cleaning,513.7,1179.53,2024-06-14,0
SKU0042,2024-08-19,31,36565.43,1179.53,0,0,Small Appliances,Cleaning,513.7,1179.53,2024-06-14,0
SKU0042,2024-08-26,41,48360.729999999996,1179.53,0,0,Small Appliances,Cleaning,513.7,1179.53,2024-06-14,0
SKU0042,2024-09-02,54,63694.619999999995,1179.53,0,0,Small Appliances,Cleaning,513.7,1179.53,2024-06-14,0
SKU0042,2024-09-09,31,36565.43,1179.53,0,0,Small Appliances,Cleaning,513.7,1179.53,2024-06-14,0
SKU0042,2024-09-16,20,23590.6,1179.53,0,0,Small Appliances,Cleaning,513.7,1179.53,2024-06-14,0
SKU0042,2024-09-23,38,44822.14,1179.53,0,0,Small Appliances,Cleaning,513.7,1179.53,2024-06-14,0
SKU0042,2024-09-30,32,37744.96,1179.53,0,1,Small Appliances,Cleaning,513.7,1179.53,2024-06-14,0
SKU0042,2024-10-07,28,33026.84,1179.53,0,0,Small Appliances,Cleaning,513.7,1179.53,2024-06-14,0
SKU0042,2024-10-14,31,36565.43,1179.53,0,0,Small Appliances,Cleaning,513.7,1179.53,2024-06-14,0
SKU0042,2024-10-21,28,33026.84,1179.53,0,0,Small Appliances,Cleaning,513.7,1179.53,2024-06-14,0
SKU0042,2024-10-28,45,53078.85,1179.53,0,0,Small Appliances,Cleaning,513.7,1179.53,2024-06-14,0
SKU0042,2024-11-04,40,42219.32,1082.8700000000001,3,0,Small Appliances,Cleaning,513.7,1179.53,2024-06-14,1
SKU0042,2024-11-11,64,63085.219999999994,1018.4300000000001,5,0,Small Appliances,Cleaning,513.7,1179.53,2024-06-14,1
SKU0042,2024-11-18,22,25949.66,1179.53,0,0,Small Appliances,Cleaning,513.7,1179.53,2024-06-14,0
SKU0042,2024-11-25,26,30667.78,1179.53,0,0,Small Appliances,Cleaning,513.7,1179.53,2024-06-14,0
SKU0042,2024-12-02,24,28308.72,1179.53,0,0,Small Appliances,Cleaning,513.7,1179.53,2024-06-14,0
SKU0042,2024-12-09,31,36565.43,1179.53,0,0,Small Appliances,Cleaning,513.7,1179.53,2024-06-14,0
SKU0042,2024-12-16,57,61369.17,1082.8700000000001,3,0,Small Appliances,Cleaning,513.7,1179.53,2024-06-14,1
SKU0042,2024-12-23,58,55331.42,953.99,7,1,Small Appliances,Cleaning,513.7,1179.53,2024-06-14,1
SKU0042,2024-12-30,44,47162.979999999996,1115.09,2,1,Small Appliances,Cleaning,513.7,1179.53,2024-06-14,1
SKU0042,2025-01-06,33,38924.49,1179.53,0,0,Small Appliances,Cleaning,513.7,1179.53,2024-06-14,0
SKU0042,2025-01-13,31,36565.43,1179.53,0,0,Small Appliances,Cleaning,513.7,1179.53,2024-06-14,0
SKU0042,2025-01-20,34,40104.020000000004,1179.53,0,0,Small Appliances,Cleaning,513.7,1179.53,2024-06-14,0
SKU0042,2025-01-27,30,35385.9,1179.53,0,0,Small Appliances,Cleaning,513.7,1179.53,2024-06-14,0
SKU0042,2025-02-03,42,49540.26,1179.53,0,0,Small Appliances,Cleaning,513.7,1179.53,2024-06-14,0
SKU0042,2025-02-10,32,37744.96,1179.53,0,0,Small Appliances,Cleaning,513.7,1179.53,2024-06-14,0
SKU0042,2025-02-17,23,27129.190000000002,1179.53,0,0,Small Appliances,Cleaning,513.7,1179.53,2024-06-14,0
SKU0042,2025-02-24,40,47181.2,1179.53,0,0,Small Appliances,Cleaning,513.7,1179.53,2024-06-14,0
SKU0042,2025-03-03,39,46001.67,1179.53,0,0,Small Appliances,Cleaning,513.7,1179.53,2024-06-14,0
SKU0042,2025-03-10,26,30667.78,1179.53,0,0,Small Appliances,Cleaning,513.7,1179.53,2024-06-14,0
SKU0042,2025-03-17,37,43642.61,1179.53,0,0,Small Appliances,Cleaning,513.7,1179.53,2024-06-14,0
SKU0042,2025-03-24,39,46001.67,1179.53,0,0,Small Appliances,Cleaning,513.7,1179.53,2024-06-14,0
SKU0042,2025-03-31,37,43642.61,1179.53,0,0,Small Appliances,Cleaning,513.7,1179.53,2024-06-14,0
SKU0042,2025-04-07,27,31847.309999999998,1179.53,0,0,Small Appliances,Cleaning,513.7,1179.53,2024-06-14,0
SKU0042,2025-04-14,57,67233.21,1179.53,0,0,Small Appliances,Cleaning,513.7,1179.53,2024-06-14,0
SKU0042,2025-04-21,51,60156.03,1179.53,0,0,Small Appliances,Cleaning,513.7,1179.53,2024-06-14,0
SKU0042,2025-04-28,42,49540.26,1179.53,0,0,Small Appliances,Cleaning,513.7,1179.53,2024-06-14,0
SKU0042,2025-05-05,22,25949.66,1179.53,0,0,Small Appliances,Cleaning,513.7,1179.53,2024-06-14,0
SKU0042,2025-05-12,40,47181.2,1179.53,0,0,Small Appliances,Cleaning,513.7,1179.53,2024-06-14,0
SKU0042,2025-05-19,26,30667.78,1179.53,0,0,Small Appliances,Cleaning,513.7,1179.53,2024-06-14,0
SKU0042,2025-05-26,55,62393.21,1147.31,1,0,Small Appliances,Cleaning,513.7,1179.53,2024-06-14,1
SKU0042,2025-06-02,55,52469.45,953.99,7,0,Small Appliances,Cleaning,513.7,1179.53,2024-06-14,1
SKU0042,2025-06-09,73,78211.79,1115.09,2,0,Small Appliances,Cleaning,513.7,1179.53,2024-06-14,1
SKU0042,2025-06-16,55,64874.15,1179.53,0,0,Small Appliances,Cleaning,513.7,1179.53,2024-06-14,0
SKU0042,2025-06-23,50,58976.5,1179.53,0,0,Small Appliances,Cleaning,513.7,1179.53,2024-06-14,0
SKU0042,2025-06-30,45,53078.85,1179.53,0,0,Small Appliances,Cleaning,513.7,1179.53,2024-06-14,0
SKU0042,2025-07-07,44,51899.32,1179.53,0,0,Small Appliances,Cleaning,513.7,1179.53,2024-06-14,0
SKU0042,2025-07-14,22,25949.66,1179.53,0,0,Small Appliances,Cleaning,513.7,1179.53,2024-06-14,0
SKU0042,2025-07-21,45,53078.85,1179.53,0,0,Small Appliances,Cleaning,513.7,1179.53,2024-06-14,0
SKU0042,2025-07-28,43,50719.79,1179.53,0,0,Small Appliances,Cleaning,513.7,1179.53,2024-06-14,0
SKU0042,2025-08-04,49,57796.97,1179.53,0,0,Small Appliances,Cleaning,513.7,1179.53,2024-06-14,0
SKU0042,2025-08-11,53,62515.09,1179.53,0,1,Small Appliances,Cleaning,513.7,1179.53,2024-06-14,0
SKU0042,2025-08-18,44,51899.32,1179.53,0,0,Small Appliances,Cleaning,513.7,1179.53,2024-06-14,0
SKU0042,2025-08-25,42,49540.26,1179.53,0,0,Small Appliances,Cleaning,513.7,1179.53,2024-06-14,0
SKU0043,2025-06-16,53,88382.8,1667.5999999999997,0,0,Furniture,Chairs,1077.74,1667.6,2025-06-17,0
SKU0043,2025-06-23,44,73374.4,1667.6,0,0,Furniture,Chairs,1077.74,1667.6,2025-06-17,0
SKU0043,2025-06-30,46,76709.6,1667.6,0,0,Furniture,Chairs,1077.74,1667.6,2025-06-17,0
SKU0043,2025-07-07,62,103391.2,1667.6,0,0,Furniture,Chairs,1077.74,1667.6,2025-06-17,0
SKU0043,2025-07-14,60,100056.0,1667.6,0,0,Furniture,Chairs,1077.74,1667.6,2025-06-17,0
SKU0043,2025-07-21,71,118399.6,1667.6,0,0,Furniture,Chairs,1077.74,1667.6,2025-06-17,0
SKU0043,2025-07-28,53,88382.8,1667.6,0,0,Furniture,Chairs,1077.74,1667.6,2025-06-17,0
SKU0043,2025-08-04,45,75042.0,1667.6,0,0,Furniture,Chairs,1077.74,1667.6,2025-06-17,0
SKU0043,2025-08-11,64,106726.4,1667.6,0,1,Furniture,Chairs,1077.74,1667.6,2025-06-17,0
SKU0043,2025-08-18,57,95053.2,1667.6,0,0,Furniture,Chairs,1077.74,1667.6,2025-06-17,0
SKU0043,2025-08-25,60,100056.0,1667.6,0,0,Furniture,Chairs,1077.74,1667.6,2025-06-17,0
SKU0044,2025-02-03,41,246815.08,6019.88,0,0,Furniture,Storage,2457.62,6019.88,2025-02-04,0
SKU0044,2025-02-10,59,355172.92,6019.88,0,0,Furniture,Storage,2457.62,6019.88,2025-02-04,0
SKU0044,2025-02-17,60,361192.8,6019.88,0,0,Furniture,Storage,2457.62,6019.88,2025-02-04,0
SKU0044,2025-02-24,38,228755.44,6019.88,0,0,Furniture,Storage,2457.62,6019.88,2025-02-04,0
SKU0044,2025-03-03,78,469550.64,6019.88,0,0,Furniture,Storage,2457.62,6019.88,2025-02-04,0
SKU0044,2025-03-10,43,258854.84,6019.88,0,0,Furniture,Storage,2457.62,6019.88,2025-02-04,0
SKU0044,2025-03-17,51,307013.88,6019.88,0,0,Furniture,Storage,2457.62,6019.88,2025-02-04,0
SKU0044,2025-03-24,57,343133.16000000003,6019.88,0,0,Furniture,Storage,2457.62,6019.88,2025-02-04,0
SKU0044,2025-03-31,46,276914.48,6019.88,0,0,Furniture,Storage,2457.62,6019.88,2025-02-04,0
SKU0044,2025-04-07,47,282934.36,6019.88,0,0,Furniture,Storage,2457.62,6019.88,2025-02-04,0
SKU0044,2025-04-14,54,325073.52,6019.88,0,0,Furniture,Storage,2457.62,6019.88,2025-02-04,0
SKU0044,2025-04-21,33,198656.04,6019.88,0,0,Furniture,Storage,2457.62,6019.88,2025-02-04,0
SKU0044,2025-04-28,28,168556.64,6019.88,0,0,Furniture,Storage,2457.62,6019.88,2025-02-04,0
SKU0044,2025-05-05,64,385272.32,6019.88,0,0,Furniture,Storage,2457.62,6019.88,2025-02-04,0
SKU0044,2025-05-12,21,126417.48000000001,6019.88,0,0,Furniture,Storage,2457.62,6019.88,2025-02-04,0
SKU0044,2025-05-19,26,156516.88,6019.88,0,0,Furniture,Storage,2457.62,6019.88,2025-02-04,0
SKU0044,2025-05-26,19,110560.81,5883.561428571428,1,0,Furniture,Storage,2457.62,6019.88,2025-02-04,1
SKU0044,2025-06-02,66,334333.05,5065.65,7,0,Furniture,Storage,2457.62,6019.88,2025-02-04,1
SKU0044,2025-06-09,43,236907.6,5747.242857142856,2,0,Furniture,Storage,2457.62,6019.88,2025-02-04,1
SKU0044,2025-06-16,25,150497.0,6019.88,0,0,Furniture,Storage,2457.62,6019.88,2025-02-04,0
SKU0044,2025-06-23,37,222735.56,6019.88,0,0,Furniture,Storage,2457.62,6019.88,2025-02-04,0
SKU0044,2025-06-30,52,313033.76,6019.88,0,0,Furniture,Storage,2457.62,6019.88,2025-02-04,0
SKU0044,2025-07-07,20,120397.59999999999,6019.88,0,0,Furniture,Storage,2457.62,6019.88,2025-02-04,0
SKU0044,2025-07-14,42,252834.96,6019.88,0,0,Furniture,Storage,2457.62,6019.88,2025-02-04,0
SKU0044,2025-07-21,36,216715.68,6019.88,0,0,Furniture,Storage,2457.62,6019.88,2025-02-04,0
SKU0044,2025-07-28,23,138457.24,6019.88,0,0,Furniture,Storage,2457.62,6019.88,2025-02-04,0
SKU0044,2025-08-04,47,282934.36,6019.88,0,0,Furniture,Storage,2457.62,6019.88,2025-02-04,0
SKU0044,2025-08-11,49,294974.12,6019.88,0,1,Furniture,Storage,2457.62,6019.88,2025-02-04,0
SKU0044,2025-08-18,37,222735.56,6019.88,0,0,Furniture,Storage,2457.62,6019.88,2025-02-04,0
SKU0044,2025-08-25,46,276914.48,6019.88,0,0,Furniture,Storage,2457.62,6019.88,2025-02-04,0
SKU0045,2024-04-01,67,540393.19,8065.57,0,0,Furniture,Chairs,3143.01,8065.57,2024-04-05,0
SKU0045,2024-04-08,181,1459868.17,8065.57,0,0,Furniture,Chairs,3143.01,8065.57,2024-04-05,0
SKU0045,2024-04-15,180,1451802.6,8065.57,0,0,Furniture,Chairs,3143.01,8065.57,2024-04-05,0
SKU0045,2024-04-22,174,1403409.18,8065.57,0,0,Furniture,Chairs,3143.01,8065.57,2024-04-05,0
SKU0045,2024-04-29,199,1605048.43,8065.57,0,0,Furniture,Chairs,3143.01,8065.57,2024-04-05,0
SKU0045,2024-05-06,208,1677638.56,8065.57,0,0,Furniture,Chairs,3143.01,8065.57,2024-04-05,0
SKU0045,2024-05-13,188,1516327.16,8065.57,0,0,Furniture,Chairs,3143.01,8065.57,2024-04-05,0
SKU0045,2024-05-20,178,1435671.46,8065.57,0,0,Furniture,Chairs,3143.01,8065.57,2024-04-05,0
SKU0045,2024-05-27,155,1197991.58,7734.321428571428,2,0,Furniture,Chairs,3143.01,8065.57,2024-04-05,1
SKU0045,2024-06-03,301,2078765.36,6906.2,7,0,Furniture,Chairs,3143.01,8065.57,2024-04-05,1
SKU0045,2024-06-10,165,1272850.41,7899.945714285714,1,0,Furniture,Chairs,3143.01,8065.57,2024-04-05,1
SKU0045,2024-06-17,167,1346950.19,8065.57,0,0,Furniture,Chairs,3143.01,8065.57,2024-04-05,0
SKU0045,2024-06-24,149,1201769.93,8065.57,0,0,Furniture,Chairs,3143.01,8065.57,2024-04-05,0
SKU0045,2024-07-01,147,1185638.79,8065.57,0,0,Furniture,Chairs,3143.01,8065.57,2024-04-05,0
SKU0045,2024-07-08,139,1121114.23,8065.57,0,0,Furniture,Chairs,3143.01,8065.57,2024-04-05,0
SKU0045,2024-07-15,128,1032392.96,8065.57,0,0,Furniture,Chairs,3143.01,8065.57,2024-04-05,0
SKU0045,2024-07-22,147,1185638.79,8065.57,0,0,Furniture,Chairs,3143.01,8065.57,2024-04-05,0
SKU0045,2024-07-29,131,1056589.67,8065.57,0,0,Furniture,Chairs,3143.01,8065.57,2024-04-05,0
SKU0045,2024-08-05,135,1088851.95,8065.57,0,0,Furniture,Chairs,3143.01,8065.57,2024-04-05,0
SKU0045,2024-08-12,144,1161442.08,8065.57,0,1,Furniture,Chairs,3143.01,8065.57,2024-04-05,0
SKU0045,2024-08-19,129,1040458.53,8065.57,0,0,Furniture,Chairs,3143.01,8065.57,2024-04-05,0
SKU0045,2024-08-26,129,1040458.53,8065.57,0,0,Furniture,Chairs,3143.01,8065.57,2024-04-05,0
SKU0045,2024-09-02,145,1169507.6500000001,8065.57,0,0,Furniture,Chairs,3143.01,8065.57,2024-04-05,0
SKU0045,2024-09-09,137,1104983.09,8065.57,0,0,Furniture,Chairs,3143.01,8065.57,2024-04-05,0
SKU0045,2024-09-16,109,879147.13,8065.57,0,0,Furniture,Chairs,3143.01,8065.57,2024-04-05,0
SKU0045,2024-09-23,116,935606.12,8065.57,0,0,Furniture,Chairs,3143.01,8065.57,2024-04-05,0
SKU0045,2024-09-30,134,1080786.3800000001,8065.57,0,1,Furniture,Chairs,3143.01,8065.57,2024-04-05,0
SKU0045,2024-10-07,120,967868.4,8065.57,0,0,Furniture,Chairs,3143.01,8065.57,2024-04-05,0
SKU0045,2024-10-14,153,1234032.21,8065.57,0,0,Furniture,Chairs,3143.01,8065.57,2024-04-05,0
SKU0045,2024-10-21,142,1145310.94,8065.57,0,0,Furniture,Chairs,3143.01,8065.57,2024-04-05,0
SKU0045,2024-10-28,135,1088851.95,8065.57,0,0,Furniture,Chairs,3143.01,8065.57,2024-04-05,0
SKU0045,2024-11-04,163,1243966.16,7568.697142857142,3,0,Furniture,Chairs,3143.01,8065.57,2024-04-05,1
SKU0045,2024-11-11,202,1420558.03,7237.448571428571,5,0,Furniture,Chairs,3143.01,8065.57,2024-04-05,1
SKU0045,2024-11-18,122,983999.54,8065.57,0,0,Furniture,Chairs,3143.01,8065.57,2024-04-05,0
SKU0045,2024-11-25,153,1234032.21,8065.57,0,0,Furniture,Chairs,3143.01,8065.57,2024-04-05,0
SKU0045,2024-12-02,175,1411474.75,8065.57,0,0,Furniture,Chairs,3143.01,8065.57,2024-04-05,0
SKU0045,2024-12-09,169,1363081.33,8065.57,0,0,Furniture,Chairs,3143.01,8065.57,2024-04-05,0
SKU0045,2024-12-16,257,1930248.6300000001,7568.697142857142,3,0,Furniture,Chairs,3143.01,8065.57,2024-04-05,1
SKU0045,2024-12-23,353,2437887.6,6906.2,7,1,Furniture,Chairs,3143.01,8065.57,2024-04-05,1
SKU0045,2024-12-30,272,2046594.69,7734.321428571428,2,1,Furniture,Chairs,3143.01,8065.57,2024-04-05,1
SKU0045,2025-01-06,186,1500196.02,8065.57,0,0,Furniture,Chairs,3143.01,8065.57,2024-04-05,0
SKU0045,2025-01-13,162,1306622.3399999999,8065.57,0,0,Furniture,Chairs,3143.01,8065.57,2024-04-05,0
SKU0045,2025-01-20,208,1677638.56,8065.57,0,0,Furniture,Chairs,3143.01,8065.57,2024-04-05,0
SKU0045,2025-01-27,188,1516327.16,8065.57,0,0,Furniture,Chairs,3143.01,8065.57,2024-04-05,0
SKU0045,2025-02-03,214,1726031.98,8065.57,0,0,Furniture,Chairs,3143.01,8065.57,2024-04-05,0
SKU0045,2025-02-10,178,1435671.46,8065.57,0,0,Furniture,Chairs,3143.01,8065.57,2024-04-05,0
SKU0045,2025-02-17,211,1701835.27,8065.57,0,0,Furniture,Chairs,3143.01,8065.57,2024-04-05,0
SKU0045,2025-02-24,203,1637310.71,8065.57,0,0,Furniture,Chairs,3143.01,8065.57,2024-04-05,0
SKU0045,2025-03-03,203,1637310.71,8065.57,0,0,Furniture,Chairs,3143.01,8065.57,2024-04-05,0
SKU0045,2025-03-10,176,1419540.32,8065.57,0,0,Furniture,Chairs,3143.01,8065.57,2024-04-05,0
SKU0045,2025-03-17,218,1758294.26,8065.57,0,0,Furniture,Chairs,3143.01,8065.57,2024-04-05,0
SKU0045,2025-03-24,181,1459868.17,8065.57,0,0,Furniture,Chairs,3143.01,8065.57,2024-04-05,0
SKU0045,2025-03-31,217,1750228.69,8065.57,0,0,Furniture,Chairs,3143.01,8065.57,2024-04-05,0
SKU0045,2025-04-07,197,1588917.29,8065.57,0,0,Furniture,Chairs,3143.01,8065.57,2024-04-05,0
SKU0045,2025-04-14,173,1395343.6099999999,8065.57,0,0,Furniture,Chairs,3143.01,8065.57,2024-04-05,0
SKU0045,2025-04-21,173,1395343.6099999999,8065.57,0,0,Furniture,Chairs,3143.01,8065.57,2024-04-05,0
SKU0045,2025-04-28,212,1709900.84,8065.57,0,0,Furniture,Chairs,3143.01,8065.57,2024-04-05,0
SKU0045,2025-05-05,232,1871212.24,8065.57,0,0,Furniture,Chairs,3143.01,8065.57,2024-04-05,0
SKU0045,2025-05-12,157,1266294.49,8065.57,0,0,Furniture,Chairs,3143.01,8065.57,2024-04-05,0
SKU0045,2025-05-19,164,1322753.48,8065.57,0,0,Furniture,Chairs,3143.01,8065.57,2024-04-05,0
SKU0045,2025-05-26,161,1266094.33,7899.945714285714,1,0,Furniture,Chairs,3143.01,8065.57,2024-04-05,1
SKU0045,2025-06-02,348,2403356.61,6906.2,7,0,Furniture,Chairs,3143.01,8065.57,2024-04-05,1
SKU0045,2025-06-09,197,1476458.1300000001,7734.321428571428,2,0,Furniture,Chairs,3143.01,8065.57,2024-04-05,1
SKU0045,2025-06-16,160,1290491.2,8065.57,0,0,Furniture,Chairs,3143.01,8065.57,2024-04-05,0
SKU0045,2025-06-23,129,1040458.53,8065.57,0,0,Furniture,Chairs,3143.01,8065.57,2024-04-05,0
SKU0045,2025-06-30,119,959802.83,8065.57,0,0,Furniture,Chairs,3143.01,8065.57,2024-04-05,0
SKU0045,2025-07-07,138,1113048.66,8065.57,0,0,Furniture,Chairs,3143.01,8065.57,2024-04-05,0
SKU0045,2025-07-14,166,1338884.62,8065.57,0,0,Furniture,Chairs,3143.01,8065.57,2024-04-05,0
SKU0045,2025-07-21,150,1209835.5,8065.57,0,0,Furniture,Chairs,3143.01,8065.57,2024-04-05,0
SKU0045,2025-07-28,144,1161442.08,8065.57,0,0,Furniture,Chairs,3143.01,8065.57,2024-04-05,0
SKU0045,2025-08-04,156,1258228.92,8065.57,0,0,Furniture,Chairs,3143.01,8065.57,2024-04-05,0
SKU0045,2025-08-11,142,1145310.94,8065.57,0,1,Furniture,Chairs,3143.01,8065.57,2024-04-05,0
SKU0045,2025-08-18,137,1104983.09,8065.57,0,0,Furniture,Chairs,3143.01,8065.57,2024-04-05,0
SKU0045,2025-08-25,90,725901.3,8065.57,0,0,Furniture,Chairs,3143.01,8065.57,2024-04-05,0
SKU0046,2025-06-16,123,198208.34999999998,1611.45,0,0,Furniture,Tables,1034.18,1611.45,2025-06-16,0
SKU0046,2025-06-23,82,132138.9,1611.45,0,0,Furniture,Tables,1034.18,1611.45,2025-06-16,0
SKU0046,2025-06-30,79,127304.55,1611.45,0,0,Furniture,Tables,1034.18,1611.45,2025-06-16,0
SKU0046,2025-07-07,123,198208.35,1611.45,0,0,Furniture,Tables,1034.18,1611.45,2025-06-16,0
SKU0046,2025-07-14,99,159533.55,1611.45,0,0,Furniture,Tables,1034.18,1611.45,2025-06-16,0
SKU0046,2025-07-21,106,170813.7,1611.45,0,0,Furniture,Tables,1034.18,1611.45,2025-06-16,0
SKU0046,2025-07-28,136,219157.2,1611.45,0,0,Furniture,Tables,1034.18,1611.45,2025-06-16,0
SKU0046,2025-08-04,68,109578.6,1611.45,0,0,Furniture,Tables,1034.18,1611.45,2025-06-16,0
SKU0046,2025-08-11,110,177259.5,1611.45,0,1,Furniture,Tables,1034.18,1611.45,2025-06-16,0
SKU0046,2025-08-18,73,117635.84999999999,1611.45,0,0,Furniture,Tables,1034.18,1611.45,2025-06-16,0
SKU0046,2025-08-25,82,132138.9,1611.45,0,0,Furniture,Tables,1034.18,1611.45,2025-06-16,0
SKU0047,2023-11-20,33,137748.53999999998,4174.2,2,0,Small Appliances,Cleaning,2099.37,4688.13,2023-11-25,1
SKU0047,2023-11-27,187,836079.71,4614.711428571429,1,0,Small Appliances,Cleaning,2099.37,4688.13,2023-11-25,1
SKU0047,2023-12-04,95,445372.35,4688.13,0,0,Small Appliances,Cleaning,2099.37,4688.13,2023-11-25,0
SKU0047,2023-12-11,145,679778.85,4688.13,0,0,Small Appliances,Cleaning,2099.37,4688.13,2023-11-25,0
SKU0047,2023-12-18,223,954487.0900000001,4321.0371428571425,5,0,Small Appliances,Cleaning,2099.37,4688.13,2023-11-25,1
SKU0047,2023-12-25,279,1164601.3499999999,4174.2,7,1,Small Appliances,Cleaning,2099.37,4688.13,2023-11-25,1
SKU0047,2024-01-01,144,675090.72,4688.13,0,1,Small Appliances,Cleaning,2099.37,4688.13,2023-11-25,0
SKU0047,2024-01-08,171,801670.23,4688.13,0,0,Small Appliances,Cleaning,2099.37,4688.13,2023-11-25,0
SKU0047,2024-01-15,145,679778.85,4688.13,0,0,Small Appliances,Cleaning,2099.37,4688.13,2023-11-25,0
SKU0047,2024-01-22,156,731348.28,4688.13,0,0,Small Appliances,Cleaning,2099.37,4688.13,2023-11-25,0
SKU0047,2024-01-29,212,993883.56,4688.13,0,0,Small Appliances,Cleaning,2099.37,4688.13,2023-11-25,0
SKU0047,2024-02-05,174,815734.62,4688.13,0,0,Small Appliances,Cleaning,2099.37,4688.13,2023-11-25,0
SKU0047,2024-02-12,157,736036.41,4688.13,0,0,Small Appliances,Cleaning,2099.37,4688.13,2023-11-25,0
SKU0047,2024-02-19,205,961066.65,4688.13,0,0,Small Appliances,Cleaning,2099.37,4688.13,2023-11-25,0
SKU0047,2024-02-26,158,740724.54,4688.13,0,0,Small Appliances,Cleaning,2099.37,4688.13,2023-11-25,0
SKU0047,2024-03-04,168,787605.84,4688.13,0,0,Small Appliances,Cleaning,2099.37,4688.13,2023-11-25,0
SKU0047,2024-03-11,125,586016.25,4688.13,0,0,Small Appliances,Cleaning,2099.37,4688.13,2023-11-25,0
SKU0047,2024-03-18,174,815734.62,4688.13,0,0,Small Appliances,Cleaning,2099.37,4688.13,2023-11-25,0
SKU0047,2024-03-25,211,989195.4299999999,4688.13,0,0,Small Appliances,Cleaning,2099.37,4688.13,2023-11-25,0
SKU0047,2024-04-01,239,1120463.0699999998,4688.13,0,0,Small Appliances,Cleaning,2099.37,4688.13,2023-11-25,0
SKU0047,2024-04-08,164,768853.3200000001,4688.13,0,0,Small Appliances,Cleaning,2099.37,4688.13,2023-11-25,0
SKU0047,2024-04-15,143,670402.59,4688.13,0,0,Small Appliances,Cleaning,2099.37,4688.13,2023-11-25,0
SKU0047,2024-04-22,185,867304.05,4688.13,0,0,Small Appliances,Cleaning,2099.37,4688.13,2023-11-25,0
SKU0047,2024-04-29,195,914185.35,4688.13,0,0,Small Appliances,Cleaning,2099.37,4688.13,2023-11-25,0
SKU0047,2024-05-06,239,1120463.07,4688.13,0,0,Small Appliances,Cleaning,2099.37,4688.13,2023-11-25,0
SKU0047,2024-05-13,202,947002.26,4688.13,0,0,Small Appliances,Cleaning,2099.37,4688.13,2023-11-25,0
SKU0047,2024-05-20,252,1181408.76,4688.13,0,0,Small Appliances,Cleaning,2099.37,4688.13,2023-11-25,0
SKU0047,2024-05-27,228,1018528.34,4541.292857142857,2,0,Small Appliances,Cleaning,2099.37,4688.13,2023-11-25,1
SKU0047,2024-06-03,361,1506885.62,4174.2,7,0,Small Appliances,Cleaning,2099.37,4688.13,2023-11-25,1
SKU0047,2024-06-10,190,869159.57,4614.711428571429,1,0,Small Appliances,Cleaning,2099.37,4688.13,2023-11-25,1
SKU0047,2024-06-17,165,773541.45,4688.13,0,0,Small Appliances,Cleaning,2099.37,4688.13,2023-11-25,0
SKU0047,2024-06-24,213,998571.69,4688.13,0,0,Small Appliances,Cleaning,2099.37,4688.13,2023-11-25,0
SKU0047,2024-07-01,204,956378.52,4688.13,0,0,Small Appliances,Cleaning,2099.37,4688.13,2023-11-25,0
SKU0047,2024-07-08,201,942314.13,4688.13,0,0,Small Appliances,Cleaning,2099.37,4688.13,2023-11-25,0
SKU0047,2024-07-15,163,764165.1900000001,4688.13,0,0,Small Appliances,Cleaning,2099.37,4688.13,2023-11-25,0
SKU0047,2024-07-22,201,942314.13,4688.13,0,0,Small Appliances,Cleaning,2099.37,4688.13,2023-11-25,0
SKU0047,2024-07-29,173,811046.49,4688.13,0,0,Small Appliances,Cleaning,2099.37,4688.13,2023-11-25,0
SKU0047,2024-08-05,164,768853.3200000001,4688.13,0,0,Small Appliances,Cleaning,2099.37,4688.13,2023-11-25,0
SKU0047,2024-08-12,133,623521.29,4688.13,0,1,Small Appliances,Cleaning,2099.37,4688.13,2023-11-25,0
SKU0047,2024-08-19,153,717283.89,4688.13,0,0,Small Appliances,Cleaning,2099.37,4688.13,2023-11-25,0
SKU0047,2024-08-26,134,628209.42,4688.13,0,0,Small Appliances,Cleaning,2099.37,4688.13,2023-11-25,0
SKU0047,2024-09-02,178,834487.14,4688.13,0,0,Small Appliances,Cleaning,2099.37,4688.13,2023-11-25,0
SKU0047,2024-09-09,212,993883.56,4688.13,0,0,Small Appliances,Cleaning,2099.37,4688.13,2023-11-25,0
SKU0047,2024-09-16,193,904809.09,4688.13,0,0,Small Appliances,Cleaning,2099.37,4688.13,2023-11-25,0
SKU0047,2024-09-23,173,811046.49,4688.13,0,0,Small Appliances,Cleaning,2099.37,4688.13,2023-11-25,0
SKU0047,2024-09-30,169,792293.97,4688.13,0,1,Small Appliances,Cleaning,2099.37,4688.13,2023-11-25,0
SKU0047,2024-10-07,173,811046.49,4688.13,0,0,Small Appliances,Cleaning,2099.37,4688.13,2023-11-25,0
SKU0047,2024-10-14,176,825110.88,4688.13,0,0,Small Appliances,Cleaning,2099.37,4688.13,2023-11-25,0
SKU0047,2024-10-21,144,675090.72,4688.13,0,0,Small Appliances,Cleaning,2099.37,4688.13,2023-11-25,0
SKU0047,2024-10-28,172,806358.36,4688.13,0,0,Small Appliances,Cleaning,2099.37,4688.13,2023-11-25,0
SKU0047,2024-11-04,202,888927.99,4467.874285714285,3,0,Small Appliances,Cleaning,2099.37,4688.13,2023-11-25,1
SKU0047,2024-11-11,302,1290929.88,4321.0371428571425,5,0,Small Appliances,Cleaning,2099.37,4688.13,2023-11-25,1
SKU0047,2024-11-18,185,867304.05,4688.13,0,0,Small Appliances,Cleaning,2099.37,4688.13,2023-11-25,0
SKU0047,2024-11-25,159,745412.67,4688.13,0,0,Small Appliances,Cleaning,2099.37,4688.13,2023-11-25,0
SKU0047,2024-12-02,161,754788.93,4688.13,0,0,Small Appliances,Cleaning,2099.37,4688.13,2023-11-25,0
SKU0047,2024-12-09,176,825110.88,4688.13,0,0,Small Appliances,Cleaning,2099.37,4688.13,2023-11-25,0
SKU0047,2024-12-16,232,1044475.9,4467.874285714285,3,0,Small Appliances,Cleaning,2099.37,4688.13,2023-11-25,1
SKU0047,2024-12-23,422,1761511.71,4174.2,7,1,Small Appliances,Cleaning,2099.37,4688.13,2023-11-25,1
SKU0047,2024-12-30,232,1039336.58,4541.292857142857,2,1,Small Appliances,Cleaning,2099.37,4688.13,2023-11-25,1
SKU0047,2025-01-06,203,951690.39,4688.13,0,0,Small Appliances,Cleaning,2099.37,4688.13,2023-11-25,0
SKU0047,2025-01-13,195,914185.35,4688.13,0,0,Small Appliances,Cleaning,2099.37,4688.13,2023-11-25,0
SKU0047,2025-01-20,171,801670.23,4688.13,0,0,Small Appliances,Cleaning,2099.37,4688.13,2023-11-25,0
SKU0047,2025-01-27,228,1068893.64,4688.13,0,0,Small Appliances,Cleaning,2099.37,4688.13,2023-11-25,0
SKU0047,2025-02-03,229,1073581.77,4688.13,0,0,Small Appliances,Cleaning,2099.37,4688.13,2023-11-25,0
SKU0047,2025-02-10,227,1064205.51,4688.13,0,0,Small Appliances,Cleaning,2099.37,4688.13,2023-11-25,0
SKU0047,2025-02-17,275,1289235.75,4688.13,0,0,Small Appliances,Cleaning,2099.37,4688.13,2023-11-25,0
SKU0047,2025-02-24,206,965754.78,4688.13,0,0,Small Appliances,Cleaning,2099.37,4688.13,2023-11-25,0
SKU0047,2025-03-03,162,759477.06,4688.13,0,0,Small Appliances,Cleaning,2099.37,4688.13,2023-11-25,0
SKU0047,2025-03-10,267,1251730.71,4688.13,0,0,Small Appliances,Cleaning,2099.37,4688.13,2023-11-25,0
SKU0047,2025-03-17,233,1092334.29,4688.13,0,0,Small Appliances,Cleaning,2099.37,4688.13,2023-11-25,0
SKU0047,2025-03-24,177,829799.01,4688.13,0,0,Small Appliances,Cleaning,2099.37,4688.13,2023-11-25,0
SKU0047,2025-03-31,276,1293923.88,4688.13,0,0,Small Appliances,Cleaning,2099.37,4688.13,2023-11-25,0
SKU0047,2025-04-07,262,1228290.06,4688.13,0,0,Small Appliances,Cleaning,2099.37,4688.13,2023-11-25,0
SKU0047,2025-04-14,202,947002.26,4688.13,0,0,Small Appliances,Cleaning,2099.37,4688.13,2023-11-25,0
SKU0047,2025-04-21,178,834487.14,4688.13,0,0,Small Appliances,Cleaning,2099.37,4688.13,2023-11-25,0
SKU0047,2025-04-28,190,890744.7,4688.13,0,0,Small Appliances,Cleaning,2099.37,4688.13,2023-11-25,0
SKU0047,2025-05-05,212,993883.56,4688.13,0,0,Small Appliances,Cleaning,2099.37,4688.13,2023-11-25,0
SKU0047,2025-05-12,206,965754.78,4688.13,0,0,Small Appliances,Cleaning,2099.37,4688.13,2023-11-25,0
SKU0047,2025-05-19,209,979819.1699999999,4688.13,0,0,Small Appliances,Cleaning,2099.37,4688.13,2023-11-25,0
SKU0047,2025-05-26,247,1136382.98,4614.711428571429,1,0,Small Appliances,Cleaning,2099.37,4688.13,2023-11-25,1
SKU0047,2025-06-02,471,1966047.42,4174.2,7,0,Small Appliances,Cleaning,2099.37,4688.13,2023-11-25,1
SKU0047,2025-06-09,300,1317528.83,4541.292857142857,2,0,Small Appliances,Cleaning,2099.37,4688.13,2023-11-25,1
SKU0047,2025-06-16,184,862615.9199999999,4688.13,0,0,Small Appliances,Cleaning,2099.37,4688.13,2023-11-25,0
SKU0047,2025-06-23,282,1322052.6600000001,4688.13,0,0,Small Appliances,Cleaning,2099.37,4688.13,2023-11-25,0
SKU0047,2025-06-30,214,1003259.8200000001,4688.13,0,0,Small Appliances,Cleaning,2099.37,4688.13,2023-11-25,0
SKU0047,2025-07-07,233,1092334.29,4688.13,0,0,Small Appliances,Cleaning,2099.37,4688.13,2023-11-25,0
SKU0047,2025-07-14,202,947002.26,4688.13,0,0,Small Appliances,Cleaning,2099.37,4688.13,2023-11-25,0
SKU0047,2025-07-21,223,1045452.99,4688.13,0,0,Small Appliances,Cleaning,2099.37,4688.13,2023-11-25,0
SKU0047,2025-07-28,212,993883.56,4688.13,0,0,Small Appliances,Cleaning,2099.37,4688.13,2023-11-25,0
SKU0047,2025-08-04,187,876680.31,4688.13,0,0,Small Appliances,Cleaning,2099.37,4688.13,2023-11-25,0
SKU0047,2025-08-11,205,961066.65,4688.13,0,1,Small Appliances,Cleaning,2099.37,4688.13,2023-11-25,0
SKU0047,2025-08-18,202,947002.26,4688.13,0,0,Small Appliances,Cleaning,2099.37,4688.13,2023-11-25,0
SKU0047,2025-08-25,252,1181408.76,4688.13,0,0,Small Appliances,Cleaning,2099.37,4688.13,2023-11-25,0
SKU0048,2025-04-28,226,1500988.04,6641.54,0,0,Furniture,Tables,2904.32,6641.54,2025-04-28,0
SKU0048,2025-05-05,200,1328308.0,6641.54,0,0,Furniture,Tables,2904.32,6641.54,2025-04-28,0
SKU0048,2025-05-12,211,1401364.94,6641.54,0,0,Furniture,Tables,2904.32,6641.54,2025-04-28,0
SKU0048,2025-05-19,193,1281817.22,6641.54,0,0,Furniture,Tables,2904.32,6641.54,2025-04-28,0
SKU0048,2025-05-26,230,1489962.34,6540.214285714285,1,0,Furniture,Tables,2904.32,6641.54,2025-04-28,1
SKU0048,2025-06-02,406,2408497.42,5932.26,7,0,Furniture,Tables,2904.32,6641.54,2025-04-28,1
SKU0048,2025-06-09,297,1855506.13,6438.888571428572,2,0,Furniture,Tables,2904.32,6641.54,2025-04-28,1
SKU0048,2025-06-16,271,1799857.34,6641.54,0,0,Furniture,Tables,2904.32,6641.54,2025-04-28,0
SKU0048,2025-06-23,258,1713517.32,6641.54,0,0,Furniture,Tables,2904.32,6641.54,2025-04-28,0
SKU0048,2025-06-30,267,1773291.18,6641.54,0,0,Furniture,Tables,2904.32,6641.54,2025-04-28,0
SKU0048,2025-07-07,254,1686951.16,6641.54,0,0,Furniture,Tables,2904.32,6641.54,2025-04-28,0
SKU0048,2025-07-14,228,1514271.12,6641.54,0,0,Furniture,Tables,2904.32,6641.54,2025-04-28,0
SKU0048,2025-07-21,254,1686951.1600000001,6641.54,0,0,Furniture,Tables,2904.32,6641.54,2025-04-28,0
SKU0048,2025-07-28,274,1819781.96,6641.54,0,0,Furniture,Tables,2904.32,6641.54,2025-04-28,0
SKU0048,2025-08-04,308,2045594.32,6641.54,0,0,Furniture,Tables,2904.32,6641.54,2025-04-28,0
SKU0048,2025-08-11,243,1613894.22,6641.54,0,1,Furniture,Tables,2904.32,6641.54,2025-04-28,0
SKU0048,2025-08-18,218,1447855.72,6641.54,0,0,Furniture,Tables,2904.32,6641.54,2025-04-28,0
SKU0048,2025-08-25,259,1720158.8599999999,6641.54,0,0,Furniture,Tables,2904.32,6641.54,2025-04-28,0
SKU0049,2023-11-20,19,110720.16,5827.38,1,0,Furniture,Tables,3721.12,6984.89,2023-11-26,1
SKU0049,2023-11-27,76,511173.91,6819.5314285714285,1,0,Furniture,Tables,3721.12,6984.89,2023-11-26,1
SKU0049,2023-12-04,55,384168.95,6984.89,0,0,Furniture,Tables,3721.12,6984.89,2023-11-26,0
SKU0049,2023-12-11,75,523866.75,6984.89,0,0,Furniture,Tables,3721.12,6984.89,2023-11-26,0
SKU0049,2023-12-18,118,715410.76,6158.097142857143,5,0,Furniture,Tables,3721.12,6984.89,2023-11-26,1
SKU0049,2023-12-25,108,629356.68,5827.38,7,1,Furniture,Tables,3721.12,6984.89,2023-11-26,1
SKU0049,2024-01-01,59,412108.51,6984.89,0,1,Furniture,Tables,3721.12,6984.89,2023-11-26,0
SKU0049,2024-01-08,68,474972.52,6984.89,0,0,Furniture,Tables,3721.12,6984.89,2023-11-26,0
SKU0049,2024-01-15,67,467987.62999999995,6984.89,0,0,Furniture,Tables,3721.12,6984.89,2023-11-26,0
SKU0049,2024-01-22,76,530851.64,6984.89,0,0,Furniture,Tables,3721.12,6984.89,2023-11-26,0
SKU0049,2024-01-29,64,447032.96,6984.89,0,0,Furniture,Tables,3721.12,6984.89,2023-11-26,0
SKU0049,2024-02-05,66,461002.74,6984.89,0,0,Furniture,Tables,3721.12,6984.89,2023-11-26,0
SKU0049,2024-02-12,51,356229.39,6984.89,0,0,Furniture,Tables,3721.12,6984.89,2023-11-26,0
SKU0049,2024-02-19,63,440048.07,6984.89,0,0,Furniture,Tables,3721.12,6984.89,2023-11-26,0
SKU0049,2024-02-26,63,440048.07,6984.89,0,0,Furniture,Tables,3721.12,6984.89,2023-11-26,0
SKU0049,2024-03-04,77,537836.53,6984.89,0,0,Furniture,Tables,3721.12,6984.89,2023-11-26,0
SKU0049,2024-03-11,86,600700.54,6984.89,0,0,Furniture,Tables,3721.12,6984.89,2023-11-26,0
SKU0049,2024-03-18,80,558791.2,6984.89,0,0,Furniture,Tables,3721.12,6984.89,2023-11-26,0
SKU0049,2024-03-25,74,516881.86,6984.89,0,0,Furniture,Tables,3721.12,6984.89,2023-11-26,0
SKU0049,2024-04-01,69,481957.41000000003,6984.89,0,0,Furniture,Tables,3721.12,6984.89,2023-11-26,0
SKU0049,2024-04-08,68,474972.52,6984.89,0,0,Furniture,Tables,3721.12,6984.89,2023-11-26,0
SKU0049,2024-04-15,72,502912.07999999996,6984.89,0,0,Furniture,Tables,3721.12,6984.89,2023-11-26,0
SKU0049,2024-04-22,81,565776.09,6984.89,0,0,Furniture,Tables,3721.12,6984.89,2023-11-26,0
SKU0049,2024-04-29,96,670549.44,6984.89,0,0,Furniture,Tables,3721.12,6984.89,2023-11-26,0
SKU0049,2024-05-06,126,880096.14,6984.89,0,0,Furniture,Tables,3721.12,6984.89,2023-11-26,0
SKU0049,2024-05-13,97,677534.3300000001,6984.89,0,0,Furniture,Tables,3721.12,6984.89,2023-11-26,0
SKU0049,2024-05-20,110,768337.9,6984.89,0,0,Furniture,Tables,3721.12,6984.89,2023-11-26,0
SKU0049,2024-05-27,119,771011.21,6654.172857142857,2,0,Furniture,Tables,3721.12,6984.89,2023-11-26,1
SKU0049,2024-06-03,199,1159647.96,5827.38,7,0,Furniture,Tables,3721.12,6984.89,2023-11-26,1
SKU0049,2024-06-10,152,1002670.1000000001,6819.5314285714285,1,0,Furniture,Tables,3721.12,6984.89,2023-11-26,1
SKU0049,2024-06-17,134,935975.26,6984.89,0,0,Furniture,Tables,3721.12,6984.89,2023-11-26,0
SKU0049,2024-06-24,104,726428.56,6984.89,0,0,Furniture,Tables,3721.12,6984.89,2023-11-26,0
SKU0049,2024-07-01,93,649594.77,6984.89,0,0,Furniture,Tables,3721.12,6984.89,2023-11-26,0
SKU0049,2024-07-08,112,782307.6799999999,6984.89,0,0,Furniture,Tables,3721.12,6984.89,2023-11-26,0
SKU0049,2024-07-15,158,1103612.62,6984.89,0,0,Furniture,Tables,3721.12,6984.89,2023-11-26,0
SKU0049,2024-07-22,101,705473.89,6984.89,0,0,Furniture,Tables,3721.12,6984.89,2023-11-26,0
SKU0049,2024-07-29,107,747383.23,6984.89,0,0,Furniture,Tables,3721.12,6984.89,2023-11-26,0
SKU0049,2024-08-05,124,866126.36,6984.89,0,0,Furniture,Tables,3721.12,6984.89,2023-11-26,0
SKU0049,2024-08-12,96,670549.4400000001,6984.89,0,1,Furniture,Tables,3721.12,6984.89,2023-11-26,0
SKU0049,2024-08-19,106,740398.34,6984.89,0,0,Furniture,Tables,3721.12,6984.89,2023-11-26,0
SKU0049,2024-08-26,102,712458.78,6984.89,0,0,Furniture,Tables,3721.12,6984.89,2023-11-26,0
SKU0049,2024-09-02,121,845171.6900000001,6984.89,0,0,Furniture,Tables,3721.12,6984.89,2023-11-26,0
SKU0049,2024-09-09,121,845171.6900000001,6984.89,0,0,Furniture,Tables,3721.12,6984.89,2023-11-26,0
SKU0049,2024-09-16,103,719443.67,6984.89,0,0,Furniture,Tables,3721.12,6984.89,2023-11-26,0
SKU0049,2024-09-23,83,579745.87,6984.89,0,0,Furniture,Tables,3721.12,6984.89,2023-11-26,0
SKU0049,2024-09-30,80,558791.2,6984.89,0,1,Furniture,Tables,3721.12,6984.89,2023-11-26,0
SKU0049,2024-10-07,92,642609.88,6984.89,0,0,Furniture,Tables,3721.12,6984.89,2023-11-26,0
SKU0049,2024-10-14,108,754368.12,6984.89,0,0,Furniture,Tables,3721.12,6984.89,2023-11-26,0
SKU0049,2024-10-21,91,635624.99,6984.89,0,0,Furniture,Tables,3721.12,6984.89,2023-11-26,0
SKU0049,2024-10-28,96,670549.44,6984.89,0,0,Furniture,Tables,3721.12,6984.89,2023-11-26,0
SKU0049,2024-11-04,120,756003.36,6488.814285714287,3,0,Furniture,Tables,3721.12,6984.89,2023-11-26,1
SKU0049,2024-11-11,153,904321.28,6158.097142857143,5,0,Furniture,Tables,3721.12,6984.89,2023-11-26,1
SKU0049,2024-11-18,66,461002.74,6984.89,0,0,Furniture,Tables,3721.12,6984.89,2023-11-26,0
SKU0049,2024-11-25,79,551806.31,6984.89,0,0,Furniture,Tables,3721.12,6984.89,2023-11-26,0
SKU0049,2024-12-02,88,614670.3200000001,6984.89,0,0,Furniture,Tables,3721.12,6984.89,2023-11-26,0
SKU0049,2024-12-09,66,461002.74,6984.89,0,0,Furniture,Tables,3721.12,6984.89,2023-11-26,0
SKU0049,2024-12-16,91,587009.4299999999,6488.814285714287,3,0,Furniture,Tables,3721.12,6984.89,2023-11-26,1
SKU0049,2024-12-23,134,780868.47,5827.38,7,1,Furniture,Tables,3721.12,6984.89,2023-11-26,1
SKU0049,2024-12-30,95,629996.67,6654.172857142857,2,1,Furniture,Tables,3721.12,6984.89,2023-11-26,1
SKU0049,2025-01-06,74,516881.86,6984.89,0,0,Furniture,Tables,3721.12,6984.89,2023-11-26,0
SKU0049,2025-01-13,85,593715.6499999999,6984.89,0,0,Furniture,Tables,3721.12,6984.89,2023-11-26,0
SKU0049,2025-01-20,67,467987.63,6984.89,0,0,Furniture,Tables,3721.12,6984.89,2023-11-26,0
SKU0049,2025-01-27,70,488942.30000000005,6984.89,0,0,Furniture,Tables,3721.12,6984.89,2023-11-26,0
SKU0049,2025-02-03,71,495927.19,6984.89,0,0,Furniture,Tables,3721.12,6984.89,2023-11-26,0
SKU0049,2025-02-10,72,502912.08,6984.89,0,0,Furniture,Tables,3721.12,6984.89,2023-11-26,0
SKU0049,2025-02-17,96,670549.44,6984.89,0,0,Furniture,Tables,3721.12,6984.89,2023-11-26,0
SKU0049,2025-02-24,91,635624.99,6984.89,0,0,Furniture,Tables,3721.12,6984.89,2023-11-26,0
SKU0049,2025-03-03,99,691504.11,6984.89,0,0,Furniture,Tables,3721.12,6984.89,2023-11-26,0
SKU0049,2025-03-10,100,698489.0,6984.89,0,0,Furniture,Tables,3721.12,6984.89,2023-11-26,0
SKU0049,2025-03-17,74,516881.86000000004,6984.89,0,0,Furniture,Tables,3721.12,6984.89,2023-11-26,0
SKU0049,2025-03-24,107,747383.23,6984.89,0,0,Furniture,Tables,3721.12,6984.89,2023-11-26,0
SKU0049,2025-03-31,120,838186.8,6984.89,0,0,Furniture,Tables,3721.12,6984.89,2023-11-26,0
SKU0049,2025-04-07,97,677534.33,6984.89,0,0,Furniture,Tables,3721.12,6984.89,2023-11-26,0
SKU0049,2025-04-14,88,614670.32,6984.89,0,0,Furniture,Tables,3721.12,6984.89,2023-11-26,0
SKU0049,2025-04-21,112,782307.68,6984.89,0,0,Furniture,Tables,3721.12,6984.89,2023-11-26,0
SKU0049,2025-04-28,113,789292.5700000001,6984.89,0,0,Furniture,Tables,3721.12,6984.89,2023-11-26,0
SKU0049,2025-05-05,109,761353.01,6984.89,0,0,Furniture,Tables,3721.12,6984.89,2023-11-26,0
SKU0049,2025-05-12,114,796277.46,6984.89,0,0,Furniture,Tables,3721.12,6984.89,2023-11-26,0
SKU0049,2025-05-19,141,984869.49,6984.89,0,0,Furniture,Tables,3721.12,6984.89,2023-11-26,0
SKU0049,2025-05-26,144,959523.63,6819.5314285714285,1,0,Furniture,Tables,3721.12,6984.89,2023-11-26,1
SKU0049,2025-06-02,233,1357778.76,5827.38,7,0,Furniture,Tables,3721.12,6984.89,2023-11-26,1
SKU0049,2025-06-09,179,1150749.17,6654.172857142857,2,0,Furniture,Tables,3721.12,6984.89,2023-11-26,1
SKU0049,2025-06-16,130,908035.7000000001,6984.89,0,0,Furniture,Tables,3721.12,6984.89,2023-11-26,0
SKU0049,2025-06-23,112,782307.6799999999,6984.89,0,0,Furniture,Tables,3721.12,6984.89,2023-11-26,0
SKU0049,2025-06-30,160,1117582.4,6984.89,0,0,Furniture,Tables,3721.12,6984.89,2023-11-26,0
SKU0049,2025-07-07,117,817232.13,6984.89,0,0,Furniture,Tables,3721.12,6984.89,2023-11-26,0
SKU0049,2025-07-14,158,1103612.62,6984.89,0,0,Furniture,Tables,3721.12,6984.89,2023-11-26,0
SKU0049,2025-07-21,118,824217.0199999999,6984.89,0,0,Furniture,Tables,3721.12,6984.89,2023-11-26,0
SKU0049,2025-07-28,134,935975.26,6984.89,0,0,Furniture,Tables,3721.12,6984.89,2023-11-26,0
SKU0049,2025-08-04,130,908035.7,6984.89,0,0,Furniture,Tables,3721.12,6984.89,2023-11-26,0
SKU0049,2025-08-11,145,1012809.05,6984.89,0,1,Furniture,Tables,3721.12,6984.89,2023-11-26,0
SKU0049,2025-08-18,144,1005824.16,6984.89,0,0,Furniture,Tables,3721.12,6984.89,2023-11-26,0
SKU0049,2025-08-25,125,873111.25,6984.89,0,0,Furniture,Tables,3721.12,6984.89,2023-11-26,0
SKU0050,2024-08-19,61,407298.22,6677.020000000001,0,0,Decor,Wall Art,3829.15,6677.02,2024-08-21,0
SKU0050,2024-08-26,116,774534.32,6677.0199999999995,0,0,Decor,Wall Art,3829.15,6677.02,2024-08-21,0
SKU0050,2024-09-02,78,520807.56000000006,6677.0199999999995,0,0,Decor,Wall Art,3829.15,6677.02,2024-08-21,0
SKU0050,2024-09-09,122,814596.44,6677.0199999999995,0,0,Decor,Wall Art,3829.15,6677.02,2024-08-21,0
SKU0050,2024-09-16,99,661024.98,6677.0199999999995,0,0,Decor,Wall Art,3829.15,6677.02,2024-08-21,0
SKU0050,2024-09-23,78,520807.56,6677.0199999999995,0,0,Decor,Wall Art,3829.15,6677.02,2024-08-21,0
SKU0050,2024-09-30,134,894720.6799999999,6677.0199999999995,0,1,Decor,Wall Art,3829.15,6677.02,2024-08-21,0
SKU0050,2024-10-07,134,894720.68,6677.0199999999995,0,0,Decor,Wall Art,3829.15,6677.02,2024-08-21,0
SKU0050,2024-10-14,107,714441.14,6677.0199999999995,0,0,Decor,Wall Art,3829.15,6677.02,2024-08-21,0
SKU0050,2024-10-21,107,714441.14,6677.0199999999995,0,0,Decor,Wall Art,3829.15,6677.02,2024-08-21,0
SKU0050,2024-10-28,177,1181832.54,6677.0199999999995,0,0,Decor,Wall Art,3829.15,6677.02,2024-08-21,0
SKU0050,2024-11-04,280,1610640.71,6077.1957142857145,3,0,Decor,Wall Art,3829.15,6677.02,2024-08-21,1
SKU0050,2024-11-11,225,1257400.55,5677.312857142858,5,0,Decor,Wall Art,3829.15,6677.02,2024-08-21,1
SKU0050,2024-11-18,170,1135093.4,6677.0199999999995,0,0,Decor,Wall Art,3829.15,6677.02,2024-08-21,0
SKU0050,2024-11-25,116,774534.3200000001,6677.0199999999995,0,0,Decor,Wall Art,3829.15,6677.02,2024-08-21,0
SKU0050,2024-12-02,212,1415528.24,6677.0199999999995,0,0,Decor,Wall Art,3829.15,6677.02,2024-08-21,0
SKU0050,2024-12-09,222,1482298.44,6677.0199999999995,0,0,Decor,Wall Art,3829.15,6677.02,2024-08-21,0
SKU0050,2024-12-16,223,1298630.68,6077.1957142857145,3,0,Decor,Wall Art,3829.15,6677.02,2024-08-21,1
SKU0050,2024-12-23,292,1541008.3800000001,5277.43,7,1,Decor,Wall Art,3829.15,6677.02,2024-08-21,1
SKU0050,2024-12-30,252,1509059.38,6277.137142857144,2,1,Decor,Wall Art,3829.15,6677.02,2024-08-21,1
SKU0050,2025-01-06,150,1001553.0,6677.0199999999995,0,0,Decor,Wall Art,3829.15,6677.02,2024-08-21,0
SKU0050,2025-01-13,179,1195186.58,6677.0199999999995,0,0,Decor,Wall Art,3829.15,6677.02,2024-08-21,0
SKU0050,2025-01-20,195,1302018.9,6677.0199999999995,0,0,Decor,Wall Art,3829.15,6677.02,2024-08-21,0
SKU0050,2025-01-27,136,908074.72,6677.0199999999995,0,0,Decor,Wall Art,3829.15,6677.02,2024-08-21,0
SKU0050,2025-02-03,163,1088354.26,6677.0199999999995,0,0,Decor,Wall Art,3829.15,6677.02,2024-08-21,0
SKU0050,2025-02-10,152,1014907.04,6677.0199999999995,0,0,Decor,Wall Art,3829.15,6677.02,2024-08-21,0
SKU0050,2025-02-17,211,1408851.22,6677.0199999999995,0,0,Decor,Wall Art,3829.15,6677.02,2024-08-21,0
SKU0050,2025-02-24,143,954813.86,6677.0199999999995,0,0,Decor,Wall Art,3829.15,6677.02,2024-08-21,0
SKU0050,2025-03-03,148,988198.9600000001,6677.0199999999995,0,0,Decor,Wall Art,3829.15,6677.02,2024-08-21,0
SKU0050,2025-03-10,177,1181832.54,6677.0199999999995,0,0,Decor,Wall Art,3829.15,6677.02,2024-08-21,0
SKU0050,2025-03-17,128,854658.5599999999,6677.0199999999995,0,0,Decor,Wall Art,3829.15,6677.02,2024-08-21,0
SKU0050,2025-03-24,147,981521.9400000001,6677.0199999999995,0,0,Decor,Wall Art,3829.15,6677.02,2024-08-21,0
SKU0050,2025-03-31,126,841304.52,6677.0199999999995,0,0,Decor,Wall Art,3829.15,6677.02,2024-08-21,0
SKU0050,2025-04-07,178,1188509.56,6677.0199999999995,0,0,Decor,Wall Art,3829.15,6677.02,2024-08-21,0
SKU0050,2025-04-14,171,1141770.42,6677.0199999999995,0,0,Decor,Wall Art,3829.15,6677.02,2024-08-21,0
SKU0050,2025-04-21,173,1155124.46,6677.0199999999995,0,0,Decor,Wall Art,3829.15,6677.02,2024-08-21,0
SKU0050,2025-04-28,128,854658.56,6677.0199999999995,0,0,Decor,Wall Art,3829.15,6677.02,2024-08-21,0
SKU0050,2025-05-05,171,1141770.42,6677.0199999999995,0,0,Decor,Wall Art,3829.15,6677.02,2024-08-21,0
SKU0050,2025-05-12,110,734472.2,6677.0199999999995,0,0,Decor,Wall Art,3829.15,6677.02,2024-08-21,0
SKU0050,2025-05-19,144,961490.88,6677.0199999999995,0,0,Decor,Wall Art,3829.15,6677.02,2024-08-21,0
SKU0050,2025-05-26,137,874163.51,6477.078571428572,1,0,Decor,Wall Art,3829.15,6677.02,2024-08-21,1
SKU0050,2025-06-02,283,1493511.54,5277.43,7,0,Decor,Wall Art,3829.15,6677.02,2024-08-21,1
SKU0050,2025-06-09,124,755171.5900000001,6277.137142857144,2,0,Decor,Wall Art,3829.15,6677.02,2024-08-21,1
SKU0050,2025-06-16,111,741149.22,6677.0199999999995,0,0,Decor,Wall Art,3829.15,6677.02,2024-08-21,0
SKU0050,2025-06-23,101,674379.02,6677.0199999999995,0,0,Decor,Wall Art,3829.15,6677.02,2024-08-21,0
SKU0050,2025-06-30,105,701087.1,6677.0199999999995,0,0,Decor,Wall Art,3829.15,6677.02,2024-08-21,0
SKU0050,2025-07-07,67,447360.34,6677.0199999999995,0,0,Decor,Wall Art,3829.15,6677.02,2024-08-21,0
SKU0050,2025-07-14,118,787888.36,6677.0199999999995,0,0,Decor,Wall Art,3829.15,6677.02,2024-08-21,0
SKU0050,2025-07-21,89,594254.78,6677.0199999999995,0,0,Decor,Wall Art,3829.15,6677.02,2024-08-21,0
SKU0050,2025-07-28,111,741149.22,6677.0199999999995,0,0,Decor,Wall Art,3829.15,6677.02,2024-08-21,0
SKU0050,2025-08-04,110,734472.2,6677.0199999999995,0,0,Decor,Wall Art,3829.15,6677.02,2024-08-21,0
SKU0050,2025-08-11,62,413975.24,6677.0199999999995,0,1,Decor,Wall Art,3829.15,6677.02,2024-08-21,0
SKU0050,2025-08-18,105,701087.1000000001,6677.0199999999995,0,0,Decor,Wall Art,3829.15,6677.02,2024-08-21,0
SKU0050,2025-08-25,95,634316.9,6677.0199999999995,0,0,Decor,Wall Art,3829.15,6677.02,2024-08-21,0
SKU0051,2023-09-18,186,919357.0800000001,4942.78,0,0,Textiles,Cushions,2287.51,4942.78,2023-09-18,0
SKU0051,2023-09-25,200,988556.0,4942.78,0,0,Textiles,Cushions,2287.51,4942.78,2023-09-18,0
SKU0051,2023-10-02,160,790844.8,4942.78,0,1,Textiles,Cushions,2287.51,4942.78,2023-09-18,0
SKU0051,2023-10-09,164,810615.9199999999,4942.78,0,0,Textiles,Cushions,2287.51,4942.78,2023-09-18,0
SKU0051,2023-10-16,185,914414.3,4942.78,0,0,Textiles,Cushions,2287.51,4942.78,2023-09-18,0
SKU0051,2023-10-23,144,711760.32,4942.78,0,0,Textiles,Cushions,2287.51,4942.78,2023-09-18,0
SKU0051,2023-10-30,198,978670.44,4942.78,0,0,Textiles,Cushions,2287.51,4942.78,2023-09-18,0
SKU0051,2023-11-06,223,1102239.94,4942.78,0,0,Textiles,Cushions,2287.51,4942.78,2023-09-18,0
SKU0051,2023-11-13,177,874872.06,4942.78,0,0,Textiles,Cushions,2287.51,4942.78,2023-09-18,0
SKU0051,2023-11-20,333,1337527.97,4016.6,7,0,Textiles,Cushions,2287.51,4942.78,2023-09-18,1
SKU0051,2023-11-27,196,925254.44,4810.4685714285715,1,0,Textiles,Cushions,2287.51,4942.78,2023-09-18,1
SKU0051,2023-12-04,203,1003384.3400000001,4942.78,0,0,Textiles,Cushions,2287.51,4942.78,2023-09-18,0
SKU0051,2023-12-11,165,815558.7000000001,4942.78,0,0,Textiles,Cushions,2287.51,4942.78,2023-09-18,0
SKU0051,2023-12-18,307,1286814.77,4281.222857142857,5,0,Textiles,Cushions,2287.51,4942.78,2023-09-18,1
SKU0051,2023-12-25,392,1574507.41,4016.6,7,1,Textiles,Cushions,2287.51,4942.78,2023-09-18,1
SKU0051,2024-01-01,224,1107182.72,4942.78,0,1,Textiles,Cushions,2287.51,4942.78,2023-09-18,0
SKU0051,2024-01-08,176,869929.28,4942.78,0,0,Textiles,Cushions,2287.51,4942.78,2023-09-18,0
SKU0051,2024-01-15,215,1062697.7,4942.78,0,0,Textiles,Cushions,2287.51,4942.78,2023-09-18,0
SKU0051,2024-01-22,215,1062697.7,4942.78,0,0,Textiles,Cushions,2287.51,4942.78,2023-09-18,0
SKU0051,2024-01-29,256,1265351.68,4942.78,0,0,Textiles,Cushions,2287.51,4942.78,2023-09-18,0
SKU0051,2024-02-05,192,949013.76,4942.78,0,0,Textiles,Cushions,2287.51,4942.78,2023-09-18,0
SKU0051,2024-02-12,213,1052812.14,4942.78,0,0,Textiles,Cushions,2287.51,4942.78,2023-09-18,0
SKU0051,2024-02-19,189,934185.42,4942.78,0,0,Textiles,Cushions,2287.51,4942.78,2023-09-18,0
SKU0051,2024-02-26,204,1008327.12,4942.78,0,0,Textiles,Cushions,2287.51,4942.78,2023-09-18,0
SKU0051,2024-03-04,247,1220866.6600000001,4942.78,0,0,Textiles,Cushions,2287.51,4942.78,2023-09-18,0
SKU0051,2024-03-11,215,1062697.7,4942.78,0,0,Textiles,Cushions,2287.51,4942.78,2023-09-18,0
SKU0051,2024-03-18,188,929242.64,4942.78,0,0,Textiles,Cushions,2287.51,4942.78,2023-09-18,0
SKU0051,2024-03-25,277,1369150.06,4942.78,0,0,Textiles,Cushions,2287.51,4942.78,2023-09-18,0
SKU0051,2024-04-01,213,1052812.14,4942.78,0,0,Textiles,Cushions,2287.51,4942.78,2023-09-18,0
SKU0051,2024-04-08,216,1067640.48,4942.78,0,0,Textiles,Cushions,2287.51,4942.78,2023-09-18,0
SKU0051,2024-04-15,204,1008327.12,4942.78,0,0,Textiles,Cushions,2287.51,4942.78,2023-09-18,0
SKU0051,2024-04-22,224,1107182.72,4942.78,0,0,Textiles,Cushions,2287.51,4942.78,2023-09-18,0
SKU0051,2024-04-29,184,909471.52,4942.78,0,0,Textiles,Cushions,2287.51,4942.78,2023-09-18,0
SKU0051,2024-05-06,201,993498.78,4942.78,0,0,Textiles,Cushions,2287.51,4942.78,2023-09-18,0
SKU0051,2024-05-13,227,1122011.06,4942.78,0,0,Textiles,Cushions,2287.51,4942.78,2023-09-18,0
SKU0051,2024-05-20,208,1028098.24,4942.78,0,0,Textiles,Cushions,2287.51,4942.78,2023-09-18,0
SKU0051,2024-05-27,213,963898.8999999999,4678.157142857142,2,0,Textiles,Cushions,2287.51,4942.78,2023-09-18,1
SKU0051,2024-06-03,411,1650822.7999999998,4016.6,7,0,Textiles,Cushions,2287.51,4942.78,2023-09-18,1
SKU0051,2024-06-10,241,1132860.67,4810.4685714285715,1,0,Textiles,Cushions,2287.51,4942.78,2023-09-18,1
SKU0051,2024-06-17,180,889700.4,4942.78,0,0,Textiles,Cushions,2287.51,4942.78,2023-09-18,0
SKU0051,2024-06-24,141,696931.98,4942.78,0,0,Textiles,Cushions,2287.51,4942.78,2023-09-18,0
SKU0051,2024-07-01,184,909471.52,4942.78,0,0,Textiles,Cushions,2287.51,4942.78,2023-09-18,0
SKU0051,2024-07-08,159,785902.02,4942.78,0,0,Textiles,Cushions,2287.51,4942.78,2023-09-18,0
SKU0051,2024-07-15,188,929242.6399999999,4942.78,0,0,Textiles,Cushions,2287.51,4942.78,2023-09-18,0
SKU0051,2024-07-22,176,869929.28,4942.78,0,0,Textiles,Cushions,2287.51,4942.78,2023-09-18,0
SKU0051,2024-07-29,195,963842.1000000001,4942.78,0,0,Textiles,Cushions,2287.51,4942.78,2023-09-18,0
SKU0051,2024-08-05,163,805673.1399999999,4942.78,0,0,Textiles,Cushions,2287.51,4942.78,2023-09-18,0
SKU0051,2024-08-12,147,726588.66,4942.78,0,1,Textiles,Cushions,2287.51,4942.78,2023-09-18,0
SKU0051,2024-08-19,147,726588.6599999999,4942.78,0,0,Textiles,Cushions,2287.51,4942.78,2023-09-18,0
SKU0051,2024-08-26,175,864986.5,4942.78,0,0,Textiles,Cushions,2287.51,4942.78,2023-09-18,0
SKU0051,2024-09-02,182,899585.96,4942.78,0,0,Textiles,Cushions,2287.51,4942.78,2023-09-18,0
SKU0051,2024-09-09,153,756245.34,4942.78,0,0,Textiles,Cushions,2287.51,4942.78,2023-09-18,0
SKU0051,2024-09-16,191,944070.98,4942.78,0,0,Textiles,Cushions,2287.51,4942.78,2023-09-18,0
SKU0051,2024-09-23,160,790844.8,4942.78,0,0,Textiles,Cushions,2287.51,4942.78,2023-09-18,0
SKU0051,2024-09-30,169,835329.82,4942.78,0,1,Textiles,Cushions,2287.51,4942.78,2023-09-18,0
SKU0051,2024-10-07,151,746359.78,4942.78,0,0,Textiles,Cushions,2287.51,4942.78,2023-09-18,0
SKU0051,2024-10-14,153,756245.34,4942.78,0,0,Textiles,Cushions,2287.51,4942.78,2023-09-18,0
SKU0051,2024-10-21,181,894643.1799999999,4942.78,0,0,Textiles,Cushions,2287.51,4942.78,2023-09-18,0
SKU0051,2024-10-28,169,835329.82,4942.78,0,0,Textiles,Cushions,2287.51,4942.78,2023-09-18,0
SKU0051,2024-11-04,244,1110641.83,4545.845714285714,3,0,Textiles,Cushions,2287.51,4942.78,2023-09-18,1
SKU0051,2024-11-11,249,1043663.96,4281.222857142857,5,0,Textiles,Cushions,2287.51,4942.78,2023-09-18,1
SKU0051,2024-11-18,172,850158.1599999999,4942.78,0,0,Textiles,Cushions,2287.51,4942.78,2023-09-18,0
SKU0051,2024-11-25,177,874872.0599999999,4942.78,0,0,Textiles,Cushions,2287.51,4942.78,2023-09-18,0
SKU0051,2024-12-02,194,958899.32,4942.78,0,0,Textiles,Cushions,2287.51,4942.78,2023-09-18,0
SKU0051,2024-12-09,185,914414.3,4942.78,0,0,Textiles,Cushions,2287.51,4942.78,2023-09-18,0
SKU0051,2024-12-16,261,1163178.99,4545.845714285714,3,0,Textiles,Cushions,2287.51,4942.78,2023-09-18,1
SKU0051,2024-12-23,311,1249162.76,4016.6,7,1,Textiles,Cushions,2287.51,4942.78,2023-09-18,1
SKU0051,2024-12-30,278,1269434.55,4678.157142857142,2,1,Textiles,Cushions,2287.51,4942.78,2023-09-18,1
SKU0051,2025-01-06,188,929242.64,4942.78,0,0,Textiles,Cushions,2287.51,4942.78,2023-09-18,0
SKU0051,2025-01-13,158,780959.24,4942.78,0,0,Textiles,Cushions,2287.51,4942.78,2023-09-18,0
SKU0051,2025-01-20,189,934185.4199999999,4942.78,0,0,Textiles,Cushions,2287.51,4942.78,2023-09-18,0
SKU0051,2025-01-27,177,874872.06,4942.78,0,0,Textiles,Cushions,2287.51,4942.78,2023-09-18,0
SKU0051,2025-02-03,217,1072583.26,4942.78,0,0,Textiles,Cushions,2287.51,4942.78,2023-09-18,0
SKU0051,2025-02-10,203,1003384.34,4942.78,0,0,Textiles,Cushions,2287.51,4942.78,2023-09-18,0
SKU0051,2025-02-17,181,894643.1799999999,4942.78,0,0,Textiles,Cushions,2287.51,4942.78,2023-09-18,0
SKU0051,2025-02-24,243,1201095.54,4942.78,0,0,Textiles,Cushions,2287.51,4942.78,2023-09-18,0
SKU0051,2025-03-03,215,1062697.7,4942.78,0,0,Textiles,Cushions,2287.51,4942.78,2023-09-18,0
SKU0051,2025-03-10,214,1057754.92,4942.78,0,0,Textiles,Cushions,2287.51,4942.78,2023-09-18,0
SKU0051,2025-03-17,208,1028098.24,4942.78,0,0,Textiles,Cushions,2287.51,4942.78,2023-09-18,0
SKU0051,2025-03-24,203,1003384.34,4942.78,0,0,Textiles,Cushions,2287.51,4942.78,2023-09-18,0
SKU0051,2025-03-31,190,939128.2,4942.78,0,0,Textiles,Cushions,2287.51,4942.78,2023-09-18,0
SKU0051,2025-04-07,263,1299951.14,4942.78,0,0,Textiles,Cushions,2287.51,4942.78,2023-09-18,0
SKU0051,2025-04-14,208,1028098.24,4942.78,0,0,Textiles,Cushions,2287.51,4942.78,2023-09-18,0
SKU0051,2025-04-21,186,919357.0800000001,4942.78,0,0,Textiles,Cushions,2287.51,4942.78,2023-09-18,0
SKU0051,2025-04-28,188,929242.64,4942.78,0,0,Textiles,Cushions,2287.51,4942.78,2023-09-18,0
SKU0051,2025-05-05,209,1033041.02,4942.78,0,0,Textiles,Cushions,2287.51,4942.78,2023-09-18,0
SKU0051,2025-05-12,180,889700.3999999999,4942.78,0,0,Textiles,Cushions,2287.51,4942.78,2023-09-18,0
SKU0051,2025-05-19,180,889700.4,4942.78,0,0,Textiles,Cushions,2287.51,4942.78,2023-09-18,0
SKU0051,2025-05-26,240,1158481.82,4810.4685714285715,1,0,Textiles,Cushions,2287.51,4942.78,2023-09-18,1
SKU0051,2025-06-02,370,1486142.19,4016.6,7,0,Textiles,Cushions,2287.51,4942.78,2023-09-18,1
SKU0051,2025-06-09,242,1098903.91,4678.157142857142,2,0,Textiles,Cushions,2287.51,4942.78,2023-09-18,1
SKU0051,2025-06-16,193,953956.54,4942.78,0,0,Textiles,Cushions,2287.51,4942.78,2023-09-18,0
SKU0051,2025-06-23,167,825444.26,4942.78,0,0,Textiles,Cushions,2287.51,4942.78,2023-09-18,0
SKU0051,2025-06-30,215,1062697.7,4942.78,0,0,Textiles,Cushions,2287.51,4942.78,2023-09-18,0
SKU0051,2025-07-07,159,785902.02,4942.78,0,0,Textiles,Cushions,2287.51,4942.78,2023-09-18,0
SKU0051,2025-07-14,145,716703.1,4942.78,0,0,Textiles,Cushions,2287.51,4942.78,2023-09-18,0
SKU0051,2025-07-21,139,687046.42,4942.78,0,0,Textiles,Cushions,2287.51,4942.78,2023-09-18,0
SKU0051,2025-07-28,133,657389.74,4942.78,0,0,Textiles,Cushions,2287.51,4942.78,2023-09-18,0
SKU0051,2025-08-04,167,825444.26,4942.78,0,0,Textiles,Cushions,2287.51,4942.78,2023-09-18,0
SKU0051,2025-08-11,166,820501.48,4942.78,0,1,Textiles,Cushions,2287.51,4942.78,2023-09-18,0
SKU0051,2025-08-18,143,706817.54,4942.78,0,0,Textiles,Cushions,2287.51,4942.78,2023-09-18,0
SKU0051,2025-08-25,166,820501.48,4942.78,0,0,Textiles,Cushions,2287.51,4942.78,2023-09-18,0
SKU0052,2025-02-03,183,1498038.0,8186.0,0,0,Furniture,Chairs,3869.99,8186.0,2025-02-06,0
SKU0052,2025-02-10,200,1637200.0,8186.0,0,0,Furniture,Chairs,3869.99,8186.0,2025-02-06,0
SKU0052,2025-02-17,370,3028820.0,8186.0,0,0,Furniture,Chairs,3869.99,8186.0,2025-02-06,0
SKU0052,2025-02-24,230,1882780.0,8186.0,0,0,Furniture,Chairs,3869.99,8186.0,2025-02-06,0
SKU0052,2025-03-03,177,1448922.0,8186.0,0,0,Furniture,Chairs,3869.99,8186.0,2025-02-06,0
SKU0052,2025-03-10,239,1956454.0,8186.0,0,0,Furniture,Chairs,3869.99,8186.0,2025-02-06,0
SKU0052,2025-03-17,264,2161104.0,8186.0,0,0,Furniture,Chairs,3869.99,8186.0,2025-02-06,0
SKU0052,2025-03-24,267,2185662.0,8186.0,0,0,Furniture,Chairs,3869.99,8186.0,2025-02-06,0
SKU0052,2025-03-31,233,1907338.0,8186.0,0,0,Furniture,Chairs,3869.99,8186.0,2025-02-06,0
SKU0052,2025-04-07,182,1489852.0,8186.0,0,0,Furniture,Chairs,3869.99,8186.0,2025-02-06,0
SKU0052,2025-04-14,166,1358876.0,8186.0,0,0,Furniture,Chairs,3869.99,8186.0,2025-02-06,0
SKU0052,2025-04-21,141,1154226.0,8186.0,0,0,Furniture,Chairs,3869.99,8186.0,2025-02-06,0
SKU0052,2025-04-28,184,1506224.0,8186.0,0,0,Furniture,Chairs,3869.99,8186.0,2025-02-06,0
SKU0052,2025-05-05,216,1768176.0,8186.0,0,0,Furniture,Chairs,3869.99,8186.0,2025-02-06,0
SKU0052,2025-05-12,209,1710874.0,8186.0,0,0,Furniture,Chairs,3869.99,8186.0,2025-02-06,0
SKU0052,2025-05-19,237,1940082.0,8186.0,0,0,Furniture,Chairs,3869.99,8186.0,2025-02-06,0
SKU0052,2025-05-26,229,1824416.6099999999,8011.165714285715,1,0,Furniture,Chairs,3869.99,8186.0,2025-02-06,1
SKU0052,2025-06-02,453,3153859.04,6962.159999999999,7,0,Furniture,Chairs,3869.99,8186.0,2025-02-06,1
SKU0052,2025-06-09,341,2571135.0300000003,7836.331428571429,2,0,Furniture,Chairs,3869.99,8186.0,2025-02-06,1
SKU0052,2025-06-16,164,1342504.0,8186.0,0,0,Furniture,Chairs,3869.99,8186.0,2025-02-06,0
SKU0052,2025-06-23,240,1964640.0,8186.0,0,0,Furniture,Chairs,3869.99,8186.0,2025-02-06,0
SKU0052,2025-06-30,220,1800920.0,8186.0,0,0,Furniture,Chairs,3869.99,8186.0,2025-02-06,0
SKU0052,2025-07-07,338,2766868.0,8186.0,0,0,Furniture,Chairs,3869.99,8186.0,2025-02-06,0
SKU0052,2025-07-14,233,1907338.0,8186.0,0,0,Furniture,Chairs,3869.99,8186.0,2025-02-06,0
SKU0052,2025-07-21,195,1596270.0,8186.0,0,0,Furniture,Chairs,3869.99,8186.0,2025-02-06,0
SKU0052,2025-07-28,282,2308452.0,8186.0,0,0,Furniture,Chairs,3869.99,8186.0,2025-02-06,0
SKU0052,2025-08-04,352,2881472.0,8186.0,0,0,Furniture,Chairs,3869.99,8186.0,2025-02-06,0
SKU0052,2025-08-11,395,3233470.0,8186.0,0,1,Furniture,Chairs,3869.99,8186.0,2025-02-06,0
SKU0052,2025-08-18,315,2578590.0,8186.0,0,0,Furniture,Chairs,3869.99,8186.0,2025-02-06,0
SKU0052,2025-08-25,375,3069750.0,8186.0,0,0,Furniture,Chairs,3869.99,8186.0,2025-02-06,0
SKU0053,2025-03-17,248,1132117.52,4564.99,0,0,Textiles,Throws,1949.42,4564.99,2025-03-17,0
SKU0053,2025-03-24,144,657358.56,4564.99,0,0,Textiles,Throws,1949.42,4564.99,2025-03-17,0
SKU0053,2025-03-31,187,853653.13,4564.99,0,0,Textiles,Throws,1949.42,4564.99,2025-03-17,0
SKU0053,2025-04-07,161,734963.39,4564.99,0,0,Textiles,Throws,1949.42,4564.99,2025-03-17,0
SKU0053,2025-04-14,230,1049947.7,4564.99,0,0,Textiles,Throws,1949.42,4564.99,2025-03-17,0
SKU0053,2025-04-21,164,748658.3600000001,4564.99,0,0,Textiles,Throws,1949.42,4564.99,2025-03-17,0
SKU0053,2025-04-28,192,876478.0800000001,4564.99,0,0,Textiles,Throws,1949.42,4564.99,2025-03-17,0
SKU0053,2025-05-05,155,707573.45,4564.99,0,0,Textiles,Throws,1949.42,4564.99,2025-03-17,0
SKU0053,2025-05-12,202,922127.98,4564.99,0,0,Textiles,Throws,1949.42,4564.99,2025-03-17,0
SKU0053,2025-05-19,128,584318.72,4564.99,0,0,Textiles,Throws,1949.42,4564.99,2025-03-17,0
SKU0053,2025-05-26,208,907975.51,4443.875714285714,1,0,Textiles,Throws,1949.42,4564.99,2025-03-17,1
SKU0053,2025-06-02,390,1449702.4500000002,3717.19,7,0,Textiles,Throws,1949.42,4564.99,2025-03-17,1
SKU0053,2025-06-09,375,1503311.4100000001,4322.761428571428,2,0,Textiles,Throws,1949.42,4564.99,2025-03-17,1
SKU0053,2025-06-16,239,1091032.61,4564.99,0,0,Textiles,Throws,1949.42,4564.99,2025-03-17,0
SKU0053,2025-06-23,182,830828.1799999999,4564.99,0,0,Textiles,Throws,1949.42,4564.99,2025-03-17,0
SKU0053,2025-06-30,213,972342.87,4564.99,0,0,Textiles,Throws,1949.42,4564.99,2025-03-17,0
SKU0053,2025-07-07,285,1301022.1500000001,4564.99,0,0,Textiles,Throws,1949.42,4564.99,2025-03-17,0
SKU0053,2025-07-14,184,839958.16,4564.99,0,0,Textiles,Throws,1949.42,4564.99,2025-03-17,0
SKU0053,2025-07-21,195,890173.05,4564.99,0,0,Textiles,Throws,1949.42,4564.99,2025-03-17,0
SKU0053,2025-07-28,181,826263.19,4564.99,0,0,Textiles,Throws,1949.42,4564.99,2025-03-17,0
SKU0053,2025-08-04,229,1045382.71,4564.99,0,0,Textiles,Throws,1949.42,4564.99,2025-03-17,0
SKU0053,2025-08-11,180,821698.2,4564.99,0,1,Textiles,Throws,1949.42,4564.99,2025-03-17,0
SKU0053,2025-08-18,207,944952.93,4564.99,0,0,Textiles,Throws,1949.42,4564.99,2025-03-17,0
SKU0053,2025-08-25,190,867348.1,4564.99,0,0,Textiles,Throws,1949.42,4564.99,2025-03-17,0
SKU0054,2024-03-18,70,378220.5,5403.15,0,0,Furniture,Chairs,1963.72,5403.15,2024-03-20,0
SKU0054,2024-03-25,74,399833.1,5403.15,0,0,Furniture,Chairs,1963.72,5403.15,2024-03-20,0
SKU0054,2024-04-01,78,421445.7,5403.15,0,0,Furniture,Chairs,1963.72,5403.15,2024-03-20,0
SKU0054,2024-04-08,95,513299.25,5403.15,0,0,Furniture,Chairs,1963.72,5403.15,2024-03-20,0
SKU0054,2024-04-15,98,529508.7,5403.15,0,0,Furniture,Chairs,1963.72,5403.15,2024-03-20,0
SKU0054,2024-04-22,102,551121.3,5403.15,0,0,Furniture,Chairs,1963.72,5403.15,2024-03-20,0
SKU0054,2024-04-29,81,437655.15,5403.15,0,0,Furniture,Chairs,1963.72,5403.15,2024-03-20,0
SKU0054,2024-05-06,99,534911.85,5403.15,0,0,Furniture,Chairs,1963.72,5403.15,2024-03-20,0
SKU0054,2024-05-13,63,340398.45,5403.15,0,0,Furniture,Chairs,1963.72,5403.15,2024-03-20,0
SKU0054,2024-05-20,86,464670.89999999997,5403.15,0,0,Furniture,Chairs,1963.72,5403.15,2024-03-20,0
SKU0054,2024-05-27,103,518668.99,5151.618571428572,2,0,Furniture,Chairs,1963.72,5403.15,2024-03-20,1
SKU0054,2024-06-03,145,655804.63,4522.79,7,0,Furniture,Chairs,1963.72,5403.15,2024-03-20,1
SKU0054,2024-06-10,72,374941.05,5277.384285714285,1,0,Furniture,Chairs,1963.72,5403.15,2024-03-20,1
SKU0054,2024-06-17,65,351204.75,5403.15,0,0,Furniture,Chairs,1963.72,5403.15,2024-03-20,0
SKU0054,2024-06-24,90,486283.5,5403.15,0,0,Furniture,Chairs,1963.72,5403.15,2024-03-20,0
SKU0054,2024-07-01,90,486283.5,5403.15,0,0,Furniture,Chairs,1963.72,5403.15,2024-03-20,0
SKU0054,2024-07-08,54,291770.1,5403.15,0,0,Furniture,Chairs,1963.72,5403.15,2024-03-20,0
SKU0054,2024-07-15,101,545718.15,5403.15,0,0,Furniture,Chairs,1963.72,5403.15,2024-03-20,0
SKU0054,2024-07-22,80,432252.0,5403.15,0,0,Furniture,Chairs,1963.72,5403.15,2024-03-20,0
SKU0054,2024-07-29,89,480880.35,5403.15,0,0,Furniture,Chairs,1963.72,5403.15,2024-03-20,0
SKU0054,2024-08-05,88,475477.2,5403.15,0,0,Furniture,Chairs,1963.72,5403.15,2024-03-20,0
SKU0054,2024-08-12,111,599749.65,5403.15,0,1,Furniture,Chairs,1963.72,5403.15,2024-03-20,0
SKU0054,2024-08-19,78,421445.7,5403.15,0,0,Furniture,Chairs,1963.72,5403.15,2024-03-20,0
SKU0054,2024-08-26,64,345801.6,5403.15,0,0,Furniture,Chairs,1963.72,5403.15,2024-03-20,0
SKU0054,2024-09-02,112,605152.8,5403.15,0,0,Furniture,Chairs,1963.72,5403.15,2024-03-20,0
SKU0054,2024-09-09,85,459267.75,5403.15,0,0,Furniture,Chairs,1963.72,5403.15,2024-03-20,0
SKU0054,2024-09-16,112,605152.8,5403.15,0,0,Furniture,Chairs,1963.72,5403.15,2024-03-20,0
SKU0054,2024-09-23,84,453864.6,5403.15,0,0,Furniture,Chairs,1963.72,5403.15,2024-03-20,0
SKU0054,2024-09-30,106,572733.9,5403.15,0,1,Furniture,Chairs,1963.72,5403.15,2024-03-20,0
SKU0054,2024-10-07,111,599749.65,5403.15,0,0,Furniture,Chairs,1963.72,5403.15,2024-03-20,0
SKU0054,2024-10-14,106,572733.9,5403.15,0,0,Furniture,Chairs,1963.72,5403.15,2024-03-20,0
SKU0054,2024-10-21,109,588943.35,5403.15,0,0,Furniture,Chairs,1963.72,5403.15,2024-03-20,0
SKU0054,2024-10-28,119,642974.85,5403.15,0,0,Furniture,Chairs,1963.72,5403.15,2024-03-20,0
SKU0054,2024-11-04,153,758013.9,5025.852857142857,3,0,Furniture,Chairs,1963.72,5403.15,2024-03-20,1
SKU0054,2024-11-11,219,1007217.94,4774.321428571428,5,0,Furniture,Chairs,1963.72,5403.15,2024-03-20,1
SKU0054,2024-11-18,139,751037.85,5403.15,0,0,Furniture,Chairs,1963.72,5403.15,2024-03-20,0
SKU0054,2024-11-25,145,783456.75,5403.15,0,0,Furniture,Chairs,1963.72,5403.15,2024-03-20,0
SKU0054,2024-12-02,144,778053.6,5403.15,0,0,Furniture,Chairs,1963.72,5403.15,2024-03-20,0
SKU0054,2024-12-09,123,664587.45,5403.15,0,0,Furniture,Chairs,1963.72,5403.15,2024-03-20,0
SKU0054,2024-12-16,129,642424.05,5025.852857142857,3,0,Furniture,Chairs,1963.72,5403.15,2024-03-20,1
SKU0054,2024-12-23,209,945263.2,4522.79,7,1,Furniture,Chairs,1963.72,5403.15,2024-03-20,1
SKU0054,2024-12-30,189,938441.55,5151.618571428572,2,1,Furniture,Chairs,1963.72,5403.15,2024-03-20,1
SKU0054,2025-01-06,89,480880.35000000003,5403.15,0,0,Furniture,Chairs,1963.72,5403.15,2024-03-20,0
SKU0054,2025-01-13,132,713215.8,5403.15,0,0,Furniture,Chairs,1963.72,5403.15,2024-03-20,0
SKU0054,2025-01-20,108,583540.2,5403.15,0,0,Furniture,Chairs,1963.72,5403.15,2024-03-20,0
SKU0054,2025-01-27,92,497089.8,5403.15,0,0,Furniture,Chairs,1963.72,5403.15,2024-03-20,0
SKU0054,2025-02-03,139,751037.85,5403.15,0,0,Furniture,Chairs,1963.72,5403.15,2024-03-20,0
SKU0054,2025-02-10,104,561927.6,5403.15,0,0,Furniture,Chairs,1963.72,5403.15,2024-03-20,0
SKU0054,2025-02-17,105,567330.75,5403.15,0,0,Furniture,Chairs,1963.72,5403.15,2024-03-20,0
SKU0054,2025-02-24,98,529508.7,5403.15,0,0,Furniture,Chairs,1963.72,5403.15,2024-03-20,0
SKU0054,2025-03-03,118,637571.7,5403.15,0,0,Furniture,Chairs,1963.72,5403.15,2024-03-20,0
SKU0054,2025-03-10,112,605152.7999999999,5403.15,0,0,Furniture,Chairs,1963.72,5403.15,2024-03-20,0
SKU0054,2025-03-17,105,567330.75,5403.15,0,0,Furniture,Chairs,1963.72,5403.15,2024-03-20,0
SKU0054,2025-03-24,100,540315.0,5403.15,0,0,Furniture,Chairs,1963.72,5403.15,2024-03-20,0
SKU0054,2025-03-31,103,556524.45,5403.15,0,0,Furniture,Chairs,1963.72,5403.15,2024-03-20,0
SKU0054,2025-04-07,97,524105.55000000005,5403.15,0,0,Furniture,Chairs,1963.72,5403.15,2024-03-20,0
SKU0054,2025-04-14,94,507896.1,5403.15,0,0,Furniture,Chairs,1963.72,5403.15,2024-03-20,0
SKU0054,2025-04-21,77,416042.55,5403.15,0,0,Furniture,Chairs,1963.72,5403.15,2024-03-20,0
SKU0054,2025-04-28,84,453864.60000000003,5403.15,0,0,Furniture,Chairs,1963.72,5403.15,2024-03-20,0
SKU0054,2025-05-05,66,356607.9,5403.15,0,0,Furniture,Chairs,1963.72,5403.15,2024-03-20,0
SKU0054,2025-05-12,80,432252.0,5403.15,0,0,Furniture,Chairs,1963.72,5403.15,2024-03-20,0
SKU0054,2025-05-19,72,389026.8,5403.15,0,0,Furniture,Chairs,1963.72,5403.15,2024-03-20,0
SKU0054,2025-05-26,75,395552.29,5277.384285714285,1,0,Furniture,Chairs,1963.72,5403.15,2024-03-20,1
SKU0054,2025-06-02,128,578917.17,4522.79,7,0,Furniture,Chairs,1963.72,5403.15,2024-03-20,1
SKU0054,2025-06-09,105,525073.49,5151.618571428572,2,0,Furniture,Chairs,1963.72,5403.15,2024-03-20,1
SKU0054,2025-06-16,123,664587.45,5403.15,0,0,Furniture,Chairs,1963.72,5403.15,2024-03-20,0
SKU0054,2025-06-23,102,551121.3,5403.15,0,0,Furniture,Chairs,1963.72,5403.15,2024-03-20,0
SKU0054,2025-06-30,118,637571.7000000001,5403.15,0,0,Furniture,Chairs,1963.72,5403.15,2024-03-20,0
SKU0054,2025-07-07,107,578137.0499999999,5403.15,0,0,Furniture,Chairs,1963.72,5403.15,2024-03-20,0
SKU0054,2025-07-14,63,340398.45,5403.15,0,0,Furniture,Chairs,1963.72,5403.15,2024-03-20,0
SKU0054,2025-07-21,92,497089.80000000005,5403.15,0,0,Furniture,Chairs,1963.72,5403.15,2024-03-20,0
SKU0054,2025-07-28,107,578137.05,5403.15,0,0,Furniture,Chairs,1963.72,5403.15,2024-03-20,0
SKU0054,2025-08-04,117,632168.55,5403.15,0,0,Furniture,Chairs,1963.72,5403.15,2024-03-20,0
SKU0054,2025-08-11,66,356607.9,5403.15,0,1,Furniture,Chairs,1963.72,5403.15,2024-03-20,0
SKU0054,2025-08-18,108,583540.2,5403.15,0,0,Furniture,Chairs,1963.72,5403.15,2024-03-20,0
SKU0054,2025-08-25,120,648378.0,5403.15,0,0,Furniture,Chairs,1963.72,5403.15,2024-03-20,0
SKU0055,2024-10-28,94,696868.06,7413.490000000001,0,0,Decor,Rugs,3490.79,7413.49,2024-10-29,0
SKU0055,2024-11-04,162,1106466.94,6702.824285714286,3,0,Decor,Rugs,3490.79,7413.49,2024-10-29,1
SKU0055,2024-11-11,257,1547091.79,6229.047142857143,5,0,Decor,Rugs,3490.79,7413.49,2024-10-29,1
SKU0055,2024-11-18,109,808070.4099999999,7413.49,0,0,Decor,Rugs,3490.79,7413.49,2024-10-29,0
SKU0055,2024-11-25,142,1052715.58,7413.49,0,0,Decor,Rugs,3490.79,7413.49,2024-10-29,0
SKU0055,2024-12-02,178,1319601.22,7413.49,0,0,Decor,Rugs,3490.79,7413.49,2024-10-29,0
SKU0055,2024-12-09,153,1134263.97,7413.49,0,0,Decor,Rugs,3490.79,7413.49,2024-10-29,0
SKU0055,2024-12-16,145,947273.25,6702.824285714286,3,0,Decor,Rugs,3490.79,7413.49,2024-10-29,1
SKU0055,2024-12-23,240,1381265.23,5755.2699999999995,7,1,Decor,Rugs,3490.79,7413.49,2024-10-29,1
SKU0055,2024-12-30,181,1195918.49,6939.712857142857,2,1,Decor,Rugs,3490.79,7413.49,2024-10-29,1
SKU0055,2025-01-06,138,1023061.62,7413.49,0,0,Decor,Rugs,3490.79,7413.49,2024-10-29,0
SKU0055,2025-01-13,125,926686.25,7413.49,0,0,Decor,Rugs,3490.79,7413.49,2024-10-29,0
SKU0055,2025-01-20,153,1134263.97,7413.49,0,0,Decor,Rugs,3490.79,7413.49,2024-10-29,0
SKU0055,2025-01-27,106,785829.94,7413.49,0,0,Decor,Rugs,3490.79,7413.49,2024-10-29,0
SKU0055,2025-02-03,151,1119436.99,7413.49,0,0,Decor,Rugs,3490.79,7413.49,2024-10-29,0
SKU0055,2025-02-10,118,874791.82,7413.49,0,0,Decor,Rugs,3490.79,7413.49,2024-10-29,0
SKU0055,2025-02-17,105,778416.45,7413.49,0,0,Decor,Rugs,3490.79,7413.49,2024-10-29,0
SKU0055,2025-02-24,178,1319601.22,7413.49,0,0,Decor,Rugs,3490.79,7413.49,2024-10-29,0
SKU0055,2025-03-03,110,815483.9,7413.49,0,0,Decor,Rugs,3490.79,7413.49,2024-10-29,0
SKU0055,2025-03-10,113,837724.37,7413.49,0,0,Decor,Rugs,3490.79,7413.49,2024-10-29,0
SKU0055,2025-03-17,126,934099.74,7413.49,0,0,Decor,Rugs,3490.79,7413.49,2024-10-29,0
SKU0055,2025-03-24,102,756175.98,7413.49,0,0,Decor,Rugs,3490.79,7413.49,2024-10-29,0
SKU0055,2025-03-31,87,644973.63,7413.49,0,0,Decor,Rugs,3490.79,7413.49,2024-10-29,0
SKU0055,2025-04-07,95,704281.55,7413.49,0,0,Decor,Rugs,3490.79,7413.49,2024-10-29,0
SKU0055,2025-04-14,62,459636.38,7413.49,0,0,Decor,Rugs,3490.79,7413.49,2024-10-29,0
SKU0055,2025-04-21,145,1074956.05,7413.49,0,0,Decor,Rugs,3490.79,7413.49,2024-10-29,0
SKU0055,2025-04-28,165,1223225.85,7413.49,0,0,Decor,Rugs,3490.79,7413.49,2024-10-29,0
SKU0055,2025-05-05,85,630146.65,7413.49,0,0,Decor,Rugs,3490.79,7413.49,2024-10-29,0
SKU0055,2025-05-12,109,808070.41,7413.49,0,0,Decor,Rugs,3490.79,7413.49,2024-10-29,0
SKU0055,2025-05-19,85,630146.65,7413.49,0,0,Decor,Rugs,3490.79,7413.49,2024-10-29,0
SKU0055,2025-05-26,113,794610.7,7176.601428571428,1,0,Decor,Rugs,3490.79,7413.49,2024-10-29,1
SKU0055,2025-06-02,182,1047459.4600000001,5755.2699999999995,7,0,Decor,Rugs,3490.79,7413.49,2024-10-29,1
SKU0055,2025-06-09,84,577961.27,6939.712857142857,2,0,Decor,Rugs,3490.79,7413.49,2024-10-29,1
SKU0055,2025-06-16,97,719108.53,7413.49,0,0,Decor,Rugs,3490.79,7413.49,2024-10-29,0
SKU0055,2025-06-23,117,867378.3300000001,7413.49,0,0,Decor,Rugs,3490.79,7413.49,2024-10-29,0
SKU0055,2025-06-30,134,993407.66,7413.49,0,0,Decor,Rugs,3490.79,7413.49,2024-10-29,0
SKU0055,2025-07-07,103,763589.47,7413.49,0,0,Decor,Rugs,3490.79,7413.49,2024-10-29,0
SKU0055,2025-07-14,90,667214.1000000001,7413.49,0,0,Decor,Rugs,3490.79,7413.49,2024-10-29,0
SKU0055,2025-07-21,115,852551.35,7413.49,0,0,Decor,Rugs,3490.79,7413.49,2024-10-29,0
SKU0055,2025-07-28,117,867378.33,7413.49,0,0,Decor,Rugs,3490.79,7413.49,2024-10-29,0
SKU0055,2025-08-04,133,985994.17,7413.49,0,0,Decor,Rugs,3490.79,7413.49,2024-10-29,0
SKU0055,2025-08-11,117,867378.3300000001,7413.49,0,1,Decor,Rugs,3490.79,7413.49,2024-10-29,0
SKU0055,2025-08-18,106,785829.94,7413.49,0,0,Decor,Rugs,3490.79,7413.49,2024-10-29,0
SKU0055,2025-08-25,111,822897.3899999999,7413.49,0,0,Decor,Rugs,3490.79,7413.49,2024-10-29,0
SKU0056,2025-06-09,64,398997.92,6354.983333333334,1,0,Decor,Lighting,2659.93,6492.86,2025-06-10,1
SKU0056,2025-06-16,54,350614.44,6492.86,0,0,Decor,Lighting,2659.93,6492.86,2025-06-10,0
SKU0056,2025-06-23,58,376585.88,6492.86,0,0,Decor,Lighting,2659.93,6492.86,2025-06-10,0
SKU0056,2025-06-30,57,370093.02,6492.86,0,0,Decor,Lighting,2659.93,6492.86,2025-06-10,0
SKU0056,2025-07-07,77,499950.22,6492.86,0,0,Decor,Lighting,2659.93,6492.86,2025-06-10,0
SKU0056,2025-07-14,45,292178.7,6492.86,0,0,Decor,Lighting,2659.93,6492.86,2025-06-10,0
SKU0056,2025-07-21,65,422035.89999999997,6492.86,0,0,Decor,Lighting,2659.93,6492.86,2025-06-10,0
SKU0056,2025-07-28,54,350614.44,6492.86,0,0,Decor,Lighting,2659.93,6492.86,2025-06-10,0
SKU0056,2025-08-04,62,402557.32,6492.86,0,0,Decor,Lighting,2659.93,6492.86,2025-06-10,0
SKU0056,2025-08-11,51,331135.86,6492.86,0,1,Decor,Lighting,2659.93,6492.86,2025-06-10,0
SKU0056,2025-08-18,69,448007.34,6492.86,0,0,Decor,Lighting,2659.93,6492.86,2025-06-10,0
SKU0056,2025-08-25,70,454500.2,6492.86,0,0,Decor,Lighting,2659.93,6492.86,2025-06-10,0
SKU0057,2024-02-19,53,129085.21,2435.57,0,0,Decor,Lighting,1061.15,2435.57,2024-02-21,0
SKU0057,2024-02-26,50,121778.5,2435.57,0,0,Decor,Lighting,1061.15,2435.57,2024-02-21,0
SKU0057,2024-03-04,60,146134.2,2435.57,0,0,Decor,Lighting,1061.15,2435.57,2024-02-21,0
SKU0057,2024-03-11,73,177796.61000000002,2435.57,0,0,Decor,Lighting,1061.15,2435.57,2024-02-21,0
SKU0057,2024-03-18,48,116907.36,2435.57,0,0,Decor,Lighting,1061.15,2435.57,2024-02-21,0
SKU0057,2024-03-25,52,126649.64000000001,2435.57,0,0,Decor,Lighting,1061.15,2435.57,2024-02-21,0
SKU0057,2024-04-01,43,104729.51000000001,2435.57,0,0,Decor,Lighting,1061.15,2435.57,2024-02-21,0
SKU0057,2024-04-08,55,133956.35,2435.57,0,0,Decor,Lighting,1061.15,2435.57,2024-02-21,0
SKU0057,2024-04-15,42,102293.94,2435.57,0,0,Decor,Lighting,1061.15,2435.57,2024-02-21,0
SKU0057,2024-04-22,67,163183.19,2435.57,0,0,Decor,Lighting,1061.15,2435.57,2024-02-21,0
SKU0057,2024-04-29,60,146134.2,2435.57,0,0,Decor,Lighting,1061.15,2435.57,2024-02-21,0
SKU0057,2024-05-06,52,126649.64,2435.57,0,0,Decor,Lighting,1061.15,2435.57,2024-02-21,0
SKU0057,2024-05-13,64,155876.48,2435.57,0,0,Decor,Lighting,1061.15,2435.57,2024-02-21,0
SKU0057,2024-05-20,35,85244.95,2435.57,0,0,Decor,Lighting,1061.15,2435.57,2024-02-21,0
SKU0057,2024-05-27,53,118550.15,2292.2357142857145,2,0,Decor,Lighting,1061.15,2435.57,2024-02-21,1
SKU0057,2024-06-03,87,168249.36,1933.9,7,0,Decor,Lighting,1061.15,2435.57,2024-02-21,1
SKU0057,2024-06-10,47,110458.44,2363.902857142857,1,0,Decor,Lighting,1061.15,2435.57,2024-02-21,1
SKU0057,2024-06-17,42,102293.94,2435.57,0,0,Decor,Lighting,1061.15,2435.57,2024-02-21,0
SKU0057,2024-06-24,53,129085.21,2435.57,0,0,Decor,Lighting,1061.15,2435.57,2024-02-21,0
SKU0057,2024-07-01,49,119342.93000000001,2435.57,0,0,Decor,Lighting,1061.15,2435.57,2024-02-21,0
SKU0057,2024-07-08,53,129085.21,2435.57,0,0,Decor,Lighting,1061.15,2435.57,2024-02-21,0
SKU0057,2024-07-15,48,116907.36,2435.57,0,0,Decor,Lighting,1061.15,2435.57,2024-02-21,0
SKU0057,2024-07-22,83,202152.31000000003,2435.57,0,0,Decor,Lighting,1061.15,2435.57,2024-02-21,0
SKU0057,2024-07-29,50,121778.5,2435.57,0,0,Decor,Lighting,1061.15,2435.57,2024-02-21,0
SKU0057,2024-08-05,81,197281.17,2435.57,0,0,Decor,Lighting,1061.15,2435.57,2024-02-21,0
SKU0057,2024-08-12,71,172925.47,2435.57,0,1,Decor,Lighting,1061.15,2435.57,2024-02-21,0
SKU0057,2024-08-19,39,94987.23000000001,2435.57,0,0,Decor,Lighting,1061.15,2435.57,2024-02-21,0
SKU0057,2024-08-26,76,185103.32,2435.57,0,0,Decor,Lighting,1061.15,2435.57,2024-02-21,0
SKU0057,2024-09-02,61,148569.77000000002,2435.57,0,0,Decor,Lighting,1061.15,2435.57,2024-02-21,0
SKU0057,2024-09-09,60,146134.2,2435.57,0,0,Decor,Lighting,1061.15,2435.57,2024-02-21,0
SKU0057,2024-09-16,77,187538.89,2435.57,0,0,Decor,Lighting,1061.15,2435.57,2024-02-21,0
SKU0057,2024-09-23,55,133956.35,2435.57,0,0,Decor,Lighting,1061.15,2435.57,2024-02-21,0
SKU0057,2024-09-30,76,185103.32,2435.57,0,1,Decor,Lighting,1061.15,2435.57,2024-02-21,0
SKU0057,2024-10-07,64,155876.48,2435.57,0,0,Decor,Lighting,1061.15,2435.57,2024-02-21,0
SKU0057,2024-10-14,53,129085.21,2435.57,0,0,Decor,Lighting,1061.15,2435.57,2024-02-21,0
SKU0057,2024-10-21,63,153440.91,2435.57,0,0,Decor,Lighting,1061.15,2435.57,2024-02-21,0
SKU0057,2024-10-28,98,238685.86000000002,2435.57,0,0,Decor,Lighting,1061.15,2435.57,2024-02-21,0
SKU0057,2024-11-04,100,214460.17,2220.5685714285714,3,0,Decor,Lighting,1061.15,2435.57,2024-02-21,1
SKU0057,2024-11-11,146,291379.55,2077.2342857142858,5,0,Decor,Lighting,1061.15,2435.57,2024-02-21,1
SKU0057,2024-11-18,75,182667.75,2435.57,0,0,Decor,Lighting,1061.15,2435.57,2024-02-21,0
SKU0057,2024-11-25,99,241121.43,2435.57,0,0,Decor,Lighting,1061.15,2435.57,2024-02-21,0
SKU0057,2024-12-02,97,236250.29,2435.57,0,0,Decor,Lighting,1061.15,2435.57,2024-02-21,0
SKU0057,2024-12-09,87,211894.59,2435.57,0,0,Decor,Lighting,1061.15,2435.57,2024-02-21,0
SKU0057,2024-12-16,108,239964.77000000002,2220.5685714285714,3,0,Decor,Lighting,1061.15,2435.57,2024-02-21,1
SKU0057,2024-12-23,139,268812.19,1933.9,7,1,Decor,Lighting,1061.15,2435.57,2024-02-21,1
SKU0057,2024-12-30,82,178144.96,2292.2357142857145,2,1,Decor,Lighting,1061.15,2435.57,2024-02-21,1
SKU0057,2025-01-06,86,209459.02000000002,2435.57,0,0,Decor,Lighting,1061.15,2435.57,2024-02-21,0
SKU0057,2025-01-13,64,155876.48,2435.57,0,0,Decor,Lighting,1061.15,2435.57,2024-02-21,0
SKU0057,2025-01-20,78,189974.46,2435.57,0,0,Decor,Lighting,1061.15,2435.57,2024-02-21,0
SKU0057,2025-01-27,83,202152.31,2435.57,0,0,Decor,Lighting,1061.15,2435.57,2024-02-21,0
SKU0057,2025-02-03,55,133956.35,2435.57,0,0,Decor,Lighting,1061.15,2435.57,2024-02-21,0
SKU0057,2025-02-10,50,121778.5,2435.57,0,0,Decor,Lighting,1061.15,2435.57,2024-02-21,0
SKU0057,2025-02-17,57,138827.49000000002,2435.57,0,0,Decor,Lighting,1061.15,2435.57,2024-02-21,0
SKU0057,2025-02-24,51,124214.07,2435.57,0,0,Decor,Lighting,1061.15,2435.57,2024-02-21,0
SKU0057,2025-03-03,62,151005.34,2435.57,0,0,Decor,Lighting,1061.15,2435.57,2024-02-21,0
SKU0057,2025-03-10,55,133956.35,2435.57,0,0,Decor,Lighting,1061.15,2435.57,2024-02-21,0
SKU0057,2025-03-17,69,168054.33000000002,2435.57,0,0,Decor,Lighting,1061.15,2435.57,2024-02-21,0
SKU0057,2025-03-24,52,126649.64,2435.57,0,0,Decor,Lighting,1061.15,2435.57,2024-02-21,0
SKU0057,2025-03-31,64,155876.48,2435.57,0,0,Decor,Lighting,1061.15,2435.57,2024-02-21,0
SKU0057,2025-04-07,51,124214.07,2435.57,0,0,Decor,Lighting,1061.15,2435.57,2024-02-21,0
SKU0057,2025-04-14,51,124214.07,2435.57,0,0,Decor,Lighting,1061.15,2435.57,2024-02-21,0
SKU0057,2025-04-21,57,138827.49,2435.57,0,0,Decor,Lighting,1061.15,2435.57,2024-02-21,0
SKU0057,2025-04-28,46,112036.22,2435.57,0,0,Decor,Lighting,1061.15,2435.57,2024-02-21,0
SKU0057,2025-05-05,40,97422.8,2435.57,0,0,Decor,Lighting,1061.15,2435.57,2024-02-21,0
SKU0057,2025-05-12,50,121778.50000000001,2435.57,0,0,Decor,Lighting,1061.15,2435.57,2024-02-21,0
SKU0057,2025-05-19,64,155876.48,2435.57,0,0,Decor,Lighting,1061.15,2435.57,2024-02-21,0
SKU0057,2025-05-26,63,149427.56,2363.902857142857,1,0,Decor,Lighting,1061.15,2435.57,2024-02-21,1
SKU0057,2025-06-02,99,191456.18,1933.9,7,0,Decor,Lighting,1061.15,2435.57,2024-02-21,1
SKU0057,2025-06-09,54,118979.05,2292.2357142857145,2,0,Decor,Lighting,1061.15,2435.57,2024-02-21,1
SKU0057,2025-06-16,60,146134.2,2435.57,0,0,Decor,Lighting,1061.15,2435.57,2024-02-21,0
SKU0057,2025-06-23,50,121778.5,2435.57,0,0,Decor,Lighting,1061.15,2435.57,2024-02-21,0
SKU0057,2025-06-30,52,126649.64,2435.57,0,0,Decor,Lighting,1061.15,2435.57,2024-02-21,0
SKU0057,2025-07-07,60,146134.2,2435.57,0,0,Decor,Lighting,1061.15,2435.57,2024-02-21,0
SKU0057,2025-07-14,70,170489.9,2435.57,0,0,Decor,Lighting,1061.15,2435.57,2024-02-21,0
SKU0057,2025-07-21,79,192410.03,2435.57,0,0,Decor,Lighting,1061.15,2435.57,2024-02-21,0
SKU0057,2025-07-28,71,172925.47000000003,2435.57,0,0,Decor,Lighting,1061.15,2435.57,2024-02-21,0
SKU0057,2025-08-04,82,199716.74,2435.57,0,0,Decor,Lighting,1061.15,2435.57,2024-02-21,0
SKU0057,2025-08-11,52,126649.64,2435.57,0,1,Decor,Lighting,1061.15,2435.57,2024-02-21,0
SKU0057,2025-08-18,63,153440.91,2435.57,0,0,Decor,Lighting,1061.15,2435.57,2024-02-21,0
SKU0057,2025-08-25,63,153440.91,2435.57,0,0,Decor,Lighting,1061.15,2435.57,2024-02-21,0
SKU0058,2025-05-05,28,107568.72,3841.74,0,0,Furniture,Storage,2438.57,3841.74,2025-05-10,0
SKU0058,2025-05-12,141,541685.34,3841.7400000000002,0,0,Furniture,Storage,2438.57,3841.74,2025-05-10,0
SKU0058,2025-05-19,177,679987.98,3841.7400000000002,0,0,Furniture,Storage,2438.57,3841.74,2025-05-10,0
SKU0058,2025-05-26,134,491241.8,3742.7842857142855,1,0,Furniture,Storage,2438.57,3841.74,2025-05-10,1
SKU0058,2025-06-02,278,875436.76,3149.05,7,0,Furniture,Storage,2438.57,3841.74,2025-05-10,1
SKU0058,2025-06-09,203,719609.46,3643.828571428571,2,0,Furniture,Storage,2438.57,3841.74,2025-05-10,1
SKU0058,2025-06-16,159,610836.66,3841.7400000000002,0,0,Furniture,Storage,2438.57,3841.74,2025-05-10,0
SKU0058,2025-06-23,125,480217.5,3841.7400000000002,0,0,Furniture,Storage,2438.57,3841.74,2025-05-10,0
SKU0058,2025-06-30,159,610836.66,3841.7400000000002,0,0,Furniture,Storage,2438.57,3841.74,2025-05-10,0
SKU0058,2025-07-07,144,553210.56,3841.7400000000002,0,0,Furniture,Storage,2438.57,3841.74,2025-05-10,0
SKU0058,2025-07-14,157,603153.1799999999,3841.7400000000002,0,0,Furniture,Storage,2438.57,3841.74,2025-05-10,0
SKU0058,2025-07-21,171,656937.54,3841.7400000000002,0,0,Furniture,Storage,2438.57,3841.74,2025-05-10,0
SKU0058,2025-07-28,155,595469.7000000001,3841.7400000000002,0,0,Furniture,Storage,2438.57,3841.74,2025-05-10,0
SKU0058,2025-08-04,137,526318.38,3841.7400000000002,0,0,Furniture,Storage,2438.57,3841.74,2025-05-10,0
SKU0058,2025-08-11,167,641570.5800000001,3841.7400000000002,0,1,Furniture,Storage,2438.57,3841.74,2025-05-10,0
SKU0058,2025-08-18,131,503267.94,3841.7400000000002,0,0,Furniture,Storage,2438.57,3841.74,2025-05-10,0
SKU0058,2025-08-25,141,541685.34,3841.7400000000002,0,0,Furniture,Storage,2438.57,3841.74,2025-05-10,0
SKU0059,2024-04-01,84,148126.44,1763.41,0,0,Textiles,Bedding,703.91,1763.41,2024-04-05,0
SKU0059,2024-04-08,287,506098.67,1763.41,0,0,Textiles,Bedding,703.91,1763.41,2024-04-05,0
SKU0059,2024-04-15,255,449669.55,1763.41,0,0,Textiles,Bedding,703.91,1763.41,2024-04-05,0
SKU0059,2024-04-22,211,372079.51,1763.41,0,0,Textiles,Bedding,703.91,1763.41,2024-04-05,0
SKU0059,2024-04-29,192,338574.72,1763.41,0,0,Textiles,Bedding,703.91,1763.41,2024-04-05,0
SKU0059,2024-05-06,250,440852.5,1763.41,0,0,Textiles,Bedding,703.91,1763.41,2024-04-05,0
SKU0059,2024-05-13,244,430272.04,1763.41,0,0,Textiles,Bedding,703.91,1763.41,2024-04-05,0
SKU0059,2024-05-20,207,365025.87,1763.41,0,0,Textiles,Bedding,703.91,1763.41,2024-04-05,0
SKU0059,2024-05-27,216,349118.69,1652.687142857143,2,0,Textiles,Bedding,703.91,1763.41,2024-04-05,1
SKU0059,2024-06-03,412,566860.52,1375.8799999999999,7,0,Textiles,Bedding,703.91,1763.41,2024-04-05,1
SKU0059,2024-06-10,225,380878.32,1708.0485714285714,1,0,Textiles,Bedding,703.91,1763.41,2024-04-05,1
SKU0059,2024-06-17,177,312123.57,1763.41,0,0,Textiles,Bedding,703.91,1763.41,2024-04-05,0
SKU0059,2024-06-24,193,340338.13,1763.41,0,0,Textiles,Bedding,703.91,1763.41,2024-04-05,0
SKU0059,2024-07-01,170,299779.7,1763.41,0,0,Textiles,Bedding,703.91,1763.41,2024-04-05,0
SKU0059,2024-07-08,135,238060.35,1763.41,0,0,Textiles,Bedding,703.91,1763.41,2024-04-05,0
SKU0059,2024-07-15,150,264511.5,1763.41,0,0,Textiles,Bedding,703.91,1763.41,2024-04-05,0
SKU0059,2024-07-22,197,347391.77,1763.41,0,0,Textiles,Bedding,703.91,1763.41,2024-04-05,0
SKU0059,2024-07-29,161,283909.01,1763.41,0,0,Textiles,Bedding,703.91,1763.41,2024-04-05,0
SKU0059,2024-08-05,141,248640.81,1763.41,0,0,Textiles,Bedding,703.91,1763.41,2024-04-05,0
SKU0059,2024-08-12,127,223953.07,1763.41,0,1,Textiles,Bedding,703.91,1763.41,2024-04-05,0
SKU0059,2024-08-19,135,238060.35,1763.41,0,0,Textiles,Bedding,703.91,1763.41,2024-04-05,0
SKU0059,2024-08-26,161,283909.01,1763.41,0,0,Textiles,Bedding,703.91,1763.41,2024-04-05,0
SKU0059,2024-09-02,152,268038.32,1763.41,0,0,Textiles,Bedding,703.91,1763.41,2024-04-05,0
SKU0059,2024-09-09,129,227479.88999999998,1763.41,0,0,Textiles,Bedding,703.91,1763.41,2024-04-05,0
SKU0059,2024-09-16,117,206318.97,1763.41,0,0,Textiles,Bedding,703.91,1763.41,2024-04-05,0
SKU0059,2024-09-23,123,216899.43,1763.41,0,0,Textiles,Bedding,703.91,1763.41,2024-04-05,0
SKU0059,2024-09-30,169,298016.29,1763.41,0,1,Textiles,Bedding,703.91,1763.41,2024-04-05,0
SKU0059,2024-10-07,136,239823.76,1763.41,0,0,Textiles,Bedding,703.91,1763.41,2024-04-05,0
SKU0059,2024-10-14,162,285672.42000000004,1763.41,0,0,Textiles,Bedding,703.91,1763.41,2024-04-05,0
SKU0059,2024-10-21,150,264511.5,1763.41,0,0,Textiles,Bedding,703.91,1763.41,2024-04-05,0
SKU0059,2024-10-28,197,347391.77,1763.41,0,0,Textiles,Bedding,703.91,1763.41,2024-04-05,0
SKU0059,2024-11-04,227,359602.89999999997,1597.3257142857144,3,0,Textiles,Bedding,703.91,1763.41,2024-04-05,1
SKU0059,2024-11-11,315,452002.32,1486.6028571428574,5,0,Textiles,Bedding,703.91,1763.41,2024-04-05,1
SKU0059,2024-11-18,215,379133.15,1763.41,0,0,Textiles,Bedding,703.91,1763.41,2024-04-05,0
SKU0059,2024-11-25,218,384423.38,1763.41,0,0,Textiles,Bedding,703.91,1763.41,2024-04-05,0
SKU0059,2024-12-02,234,412637.94,1763.41,0,0,Textiles,Bedding,703.91,1763.41,2024-04-05,0
SKU0059,2024-12-09,228,402057.48,1763.41,0,0,Textiles,Bedding,703.91,1763.41,2024-04-05,0
SKU0059,2024-12-16,345,544433.18,1597.3257142857144,3,0,Textiles,Bedding,703.91,1763.41,2024-04-05,1
SKU0059,2024-12-23,557,766362.39,1375.8799999999999,7,1,Textiles,Bedding,703.91,1763.41,2024-04-05,1
SKU0059,2024-12-30,336,529337.56,1652.687142857143,2,1,Textiles,Bedding,703.91,1763.41,2024-04-05,1
SKU0059,2025-01-06,313,551947.3300000001,1763.41,0,0,Textiles,Bedding,703.91,1763.41,2024-04-05,0
SKU0059,2025-01-13,244,430272.04,1763.41,0,0,Textiles,Bedding,703.91,1763.41,2024-04-05,0
SKU0059,2025-01-20,304,536076.64,1763.41,0,0,Textiles,Bedding,703.91,1763.41,2024-04-05,0
SKU0059,2025-01-27,310,546657.1,1763.41,0,0,Textiles,Bedding,703.91,1763.41,2024-04-05,0
SKU0059,2025-02-03,323,569581.4299999999,1763.41,0,0,Textiles,Bedding,703.91,1763.41,2024-04-05,0
SKU0059,2025-02-10,275,484937.75,1763.41,0,0,Textiles,Bedding,703.91,1763.41,2024-04-05,0
SKU0059,2025-02-17,336,592505.76,1763.41,0,0,Textiles,Bedding,703.91,1763.41,2024-04-05,0
SKU0059,2025-02-24,269,474357.29,1763.41,0,0,Textiles,Bedding,703.91,1763.41,2024-04-05,0
SKU0059,2025-03-03,290,511388.9,1763.41,0,0,Textiles,Bedding,703.91,1763.41,2024-04-05,0
SKU0059,2025-03-10,300,529023.0,1763.41,0,0,Textiles,Bedding,703.91,1763.41,2024-04-05,0
SKU0059,2025-03-17,285,502571.85,1763.41,0,0,Textiles,Bedding,703.91,1763.41,2024-04-05,0
SKU0059,2025-03-24,309,544893.69,1763.41,0,0,Textiles,Bedding,703.91,1763.41,2024-04-05,0
SKU0059,2025-03-31,339,597795.99,1763.41,0,0,Textiles,Bedding,703.91,1763.41,2024-04-05,0
SKU0059,2025-04-07,242,426745.22000000003,1763.41,0,0,Textiles,Bedding,703.91,1763.41,2024-04-05,0
SKU0059,2025-04-14,310,546657.1,1763.41,0,0,Textiles,Bedding,703.91,1763.41,2024-04-05,0
SKU0059,2025-04-21,314,553710.74,1763.41,0,0,Textiles,Bedding,703.91,1763.41,2024-04-05,0
SKU0059,2025-04-28,272,479647.52,1763.41,0,0,Textiles,Bedding,703.91,1763.41,2024-04-05,0
SKU0059,2025-05-05,265,467303.65,1763.41,0,0,Textiles,Bedding,703.91,1763.41,2024-04-05,0
SKU0059,2025-05-12,236,416164.76,1763.41,0,0,Textiles,Bedding,703.91,1763.41,2024-04-05,0
SKU0059,2025-05-19,256,451432.95999999996,1763.41,0,0,Textiles,Bedding,703.91,1763.41,2024-04-05,0
SKU0059,2025-05-26,261,442423.39999999997,1708.0485714285714,1,0,Textiles,Bedding,703.91,1763.41,2024-04-05,1
SKU0059,2025-06-02,389,535215.39,1375.8799999999999,7,0,Textiles,Bedding,703.91,1763.41,2024-04-05,1
SKU0059,2025-06-09,254,394813.85,1652.687142857143,2,0,Textiles,Bedding,703.91,1763.41,2024-04-05,1
SKU0059,2025-06-16,227,400294.07,1763.41,0,0,Textiles,Bedding,703.91,1763.41,2024-04-05,0
SKU0059,2025-06-23,206,363262.46,1763.41,0,0,Textiles,Bedding,703.91,1763.41,2024-04-05,0
SKU0059,2025-06-30,204,359735.64,1763.41,0,0,Textiles,Bedding,703.91,1763.41,2024-04-05,0
SKU0059,2025-07-07,193,340338.13,1763.41,0,0,Textiles,Bedding,703.91,1763.41,2024-04-05,0
SKU0059,2025-07-14,182,320940.62,1763.41,0,0,Textiles,Bedding,703.91,1763.41,2024-04-05,0
SKU0059,2025-07-21,218,384423.38,1763.41,0,0,Textiles,Bedding,703.91,1763.41,2024-04-05,0
SKU0059,2025-07-28,180,317413.8,1763.41,0,0,Textiles,Bedding,703.91,1763.41,2024-04-05,0
SKU0059,2025-08-04,164,289199.24,1763.41,0,0,Textiles,Bedding,703.91,1763.41,2024-04-05,0
SKU0059,2025-08-11,178,313886.98,1763.41,0,1,Textiles,Bedding,703.91,1763.41,2024-04-05,0
SKU0059,2025-08-18,163,287435.83,1763.41,0,0,Textiles,Bedding,703.91,1763.41,2024-04-05,0
SKU0059,2025-08-25,146,257457.86000000002,1763.41,0,0,Textiles,Bedding,703.91,1763.41,2024-04-05,0
SKU0060,2024-10-07,86,72892.74,847.5899999999999,0,0,Furniture,Chairs,594.64,847.59,2024-10-09,0
SKU0060,2024-10-14,109,92387.31,847.59,0,0,Furniture,Chairs,594.64,847.59,2024-10-09,0
SKU0060,2024-10-21,99,83911.41,847.59,0,0,Furniture,Chairs,594.64,847.59,2024-10-09,0
SKU0060,2024-10-28,104,88149.36,847.59,0,0,Furniture,Chairs,594.64,847.59,2024-10-09,0
SKU0060,2024-11-04,159,125469.77,801.7928571428572,3,0,Furniture,Chairs,594.64,847.59,2024-10-09,1
SKU0060,2024-11-11,176,132825.86,771.2614285714286,5,0,Furniture,Chairs,594.64,847.59,2024-10-09,1
SKU0060,2024-11-18,122,103405.98,847.59,0,0,Furniture,Chairs,594.64,847.59,2024-10-09,0
SKU0060,2024-11-25,103,87301.77,847.59,0,0,Furniture,Chairs,594.64,847.59,2024-10-09,0
SKU0060,2024-12-02,103,87301.77,847.59,0,0,Furniture,Chairs,594.64,847.59,2024-10-09,0
SKU0060,2024-12-09,121,102558.39,847.59,0,0,Furniture,Chairs,594.64,847.59,2024-10-09,0
SKU0060,2024-12-16,148,116360.0,801.7928571428572,3,0,Furniture,Chairs,594.64,847.59,2024-10-09,1
SKU0060,2024-12-23,274,202959.3,740.7300000000001,7,1,Furniture,Chairs,594.64,847.59,2024-10-09,1
SKU0060,2024-12-30,172,137557.06,817.0585714285714,2,1,Furniture,Chairs,594.64,847.59,2024-10-09,1
SKU0060,2025-01-06,152,128833.68000000001,847.59,0,0,Furniture,Chairs,594.64,847.59,2024-10-09,0
SKU0060,2025-01-13,128,108491.52,847.59,0,0,Furniture,Chairs,594.64,847.59,2024-10-09,0
SKU0060,2025-01-20,127,107643.93000000001,847.59,0,0,Furniture,Chairs,594.64,847.59,2024-10-09,0
SKU0060,2025-01-27,120,101710.8,847.59,0,0,Furniture,Chairs,594.64,847.59,2024-10-09,0
SKU0060,2025-02-03,112,94930.08,847.59,0,0,Furniture,Chairs,594.64,847.59,2024-10-09,0
SKU0060,2025-02-10,142,120357.78,847.59,0,0,Furniture,Chairs,594.64,847.59,2024-10-09,0
SKU0060,2025-02-17,150,127138.5,847.59,0,0,Furniture,Chairs,594.64,847.59,2024-10-09,0
SKU0060,2025-02-24,132,111881.88,847.59,0,0,Furniture,Chairs,594.64,847.59,2024-10-09,0
SKU0060,2025-03-03,130,110186.70000000001,847.59,0,0,Furniture,Chairs,594.64,847.59,2024-10-09,0
SKU0060,2025-03-10,126,106796.34,847.59,0,0,Furniture,Chairs,594.64,847.59,2024-10-09,0
SKU0060,2025-03-17,155,131376.45,847.59,0,0,Furniture,Chairs,594.64,847.59,2024-10-09,0
SKU0060,2025-03-24,141,119510.19,847.59,0,0,Furniture,Chairs,594.64,847.59,2024-10-09,0
SKU0060,2025-03-31,126,106796.34,847.59,0,0,Furniture,Chairs,594.64,847.59,2024-10-09,0
SKU0060,2025-04-07,165,139852.35,847.59,0,0,Furniture,Chairs,594.64,847.59,2024-10-09,0
SKU0060,2025-04-14,165,139852.35,847.59,0,0,Furniture,Chairs,594.64,847.59,2024-10-09,0
SKU0060,2025-04-21,128,108491.52,847.59,0,0,Furniture,Chairs,594.64,847.59,2024-10-09,0
SKU0060,2025-04-28,155,131376.45,847.59,0,0,Furniture,Chairs,594.64,847.59,2024-10-09,0
SKU0060,2025-05-05,143,121205.37,847.59,0,0,Furniture,Chairs,594.64,847.59,2024-10-09,0
SKU0060,2025-05-12,161,136461.99,847.59,0,0,Furniture,Chairs,594.64,847.59,2024-10-09,0
SKU0060,2025-05-19,155,131376.45,847.59,0,0,Furniture,Chairs,594.64,847.59,2024-10-09,0
SKU0060,2025-05-26,140,114494.95999999999,832.3242857142858,1,0,Furniture,Chairs,594.64,847.59,2024-10-09,1
SKU0060,2025-06-02,287,212588.76,740.7300000000001,7,0,Furniture,Chairs,594.64,847.59,2024-10-09,1
SKU0060,2025-06-09,170,136075.61,817.0585714285714,2,0,Furniture,Chairs,594.64,847.59,2024-10-09,1
SKU0060,2025-06-16,129,109339.11,847.59,0,0,Furniture,Chairs,594.64,847.59,2024-10-09,0
SKU0060,2025-06-23,142,120357.78,847.59,0,0,Furniture,Chairs,594.64,847.59,2024-10-09,0
SKU0060,2025-06-30,146,123748.14,847.59,0,0,Furniture,Chairs,594.64,847.59,2024-10-09,0
SKU0060,2025-07-07,151,127986.09,847.59,0,0,Furniture,Chairs,594.64,847.59,2024-10-09,0
SKU0060,2025-07-14,157,133071.63,847.59,0,0,Furniture,Chairs,594.64,847.59,2024-10-09,0
SKU0060,2025-07-21,123,104253.57,847.59,0,0,Furniture,Chairs,594.64,847.59,2024-10-09,0
SKU0060,2025-07-28,127,107643.93000000001,847.59,0,0,Furniture,Chairs,594.64,847.59,2024-10-09,0
SKU0060,2025-08-04,118,100015.62,847.59,0,0,Furniture,Chairs,594.64,847.59,2024-10-09,0
SKU0060,2025-08-11,152,128833.68,847.59,0,1,Furniture,Chairs,594.64,847.59,2024-10-09,0
SKU0060,2025-08-18,124,105101.16,847.59,0,0,Furniture,Chairs,594.64,847.59,2024-10-09,0
SKU0060,2025-08-25,131,111034.29,847.59,0,0,Furniture,Chairs,594.64,847.59,2024-10-09,0
SKU0061,2024-01-01,153,114737.76,749.92,0,1,Furniture,Chairs,355.52,749.92,2024-01-01,0
SKU0061,2024-01-08,228,170981.76,749.92,0,0,Furniture,Chairs,355.52,749.92,2024-01-01,0
SKU0061,2024-01-15,185,138735.2,749.92,0,0,Furniture,Chairs,355.52,749.92,2024-01-01,0
SKU0061,2024-01-22,105,78741.6,749.92,0,0,Furniture,Chairs,355.52,749.92,2024-01-01,0
SKU0061,2024-01-29,186,139485.12,749.92,0,0,Furniture,Chairs,355.52,749.92,2024-01-01,0
SKU0061,2024-02-05,165,123736.8,749.92,0,0,Furniture,Chairs,355.52,749.92,2024-01-01,0
SKU0061,2024-02-12,186,139485.12,749.92,0,0,Furniture,Chairs,355.52,749.92,2024-01-01,0
SKU0061,2024-02-19,179,134235.68,749.92,0,0,Furniture,Chairs,355.52,749.92,2024-01-01,0
SKU0061,2024-02-26,182,136485.44,749.92,0,0,Furniture,Chairs,355.52,749.92,2024-01-01,0
SKU0061,2024-03-04,164,122986.88,749.92,0,0,Furniture,Chairs,355.52,749.92,2024-01-01,0
SKU0061,2024-03-11,204,152983.68,749.92,0,0,Furniture,Chairs,355.52,749.92,2024-01-01,0
SKU0061,2024-03-18,190,142484.8,749.92,0,0,Furniture,Chairs,355.52,749.92,2024-01-01,0
SKU0061,2024-03-25,175,131236.0,749.92,0,0,Furniture,Chairs,355.52,749.92,2024-01-01,0
SKU0061,2024-04-01,242,181480.64,749.92,0,0,Furniture,Chairs,355.52,749.92,2024-01-01,0
SKU0061,2024-04-08,206,154483.52,749.92,0,0,Furniture,Chairs,355.52,749.92,2024-01-01,0
SKU0061,2024-04-15,321,240724.32,749.92,0,0,Furniture,Chairs,355.52,749.92,2024-01-01,0
SKU0061,2024-04-22,297,222726.24,749.92,0,0,Furniture,Chairs,355.52,749.92,2024-01-01,0
SKU0061,2024-04-29,282,211477.44,749.92,0,0,Furniture,Chairs,355.52,749.92,2024-01-01,0
SKU0061,2024-05-06,309,231725.28,749.92,0,0,Furniture,Chairs,355.52,749.92,2024-01-01,0
SKU0061,2024-05-13,265,198728.8,749.92,0,0,Furniture,Chairs,355.52,749.92,2024-01-01,0
SKU0061,2024-05-20,297,222726.24,749.92,0,0,Furniture,Chairs,355.52,749.92,2024-01-01,0
SKU0061,2024-05-27,454,324326.08999999997,712.7371428571429,2,0,Furniture,Chairs,355.52,749.92,2024-01-01,1
SKU0061,2024-06-03,823,510077.44,619.78,7,0,Furniture,Chairs,355.52,749.92,2024-01-01,1
SKU0061,2024-06-10,389,275711.44,731.3285714285713,1,0,Furniture,Chairs,355.52,749.92,2024-01-01,1
SKU0061,2024-06-17,253,189729.76,749.92,0,0,Furniture,Chairs,355.52,749.92,2024-01-01,0
SKU0061,2024-06-24,287,215227.03999999998,749.92,0,0,Furniture,Chairs,355.52,749.92,2024-01-01,0
SKU0061,2024-07-01,293,219726.56,749.92,0,0,Furniture,Chairs,355.52,749.92,2024-01-01,0
SKU0061,2024-07-08,274,205478.08,749.92,0,0,Furniture,Chairs,355.52,749.92,2024-01-01,0
SKU0061,2024-07-15,365,273720.8,749.92,0,0,Furniture,Chairs,355.52,749.92,2024-01-01,0
SKU0061,2024-07-22,315,236224.8,749.92,0,0,Furniture,Chairs,355.52,749.92,2024-01-01,0
SKU0061,2024-07-29,298,223476.16,749.92,0,0,Furniture,Chairs,355.52,749.92,2024-01-01,0
SKU0061,2024-08-05,347,260222.24,749.92,0,0,Furniture,Chairs,355.52,749.92,2024-01-01,0
SKU0061,2024-08-12,250,187480.0,749.92,0,1,Furniture,Chairs,355.52,749.92,2024-01-01,0
SKU0061,2024-08-19,298,223476.15999999997,749.92,0,0,Furniture,Chairs,355.52,749.92,2024-01-01,0
SKU0061,2024-08-26,254,190479.68,749.92,0,0,Furniture,Chairs,355.52,749.92,2024-01-01,0
SKU0061,2024-09-02,321,240724.32,749.92,0,0,Furniture,Chairs,355.52,749.92,2024-01-01,0
SKU0061,2024-09-09,306,229475.52000000002,749.92,0,0,Furniture,Chairs,355.52,749.92,2024-01-01,0
SKU0061,2024-09-16,340,254972.8,749.92,0,0,Furniture,Chairs,355.52,749.92,2024-01-01,0
SKU0061,2024-09-23,368,275970.56,749.92,0,0,Furniture,Chairs,355.52,749.92,2024-01-01,0
SKU0061,2024-09-30,350,262472.0,749.92,0,1,Furniture,Chairs,355.52,749.92,2024-01-01,0
SKU0061,2024-10-07,336,251973.12,749.92,0,0,Furniture,Chairs,355.52,749.92,2024-01-01,0
SKU0061,2024-10-14,311,233225.12,749.92,0,0,Furniture,Chairs,355.52,749.92,2024-01-01,0
SKU0061,2024-10-21,200,149984.0,749.92,0,0,Furniture,Chairs,355.52,749.92,2024-01-01,0
SKU0061,2024-10-28,329,246723.68,749.92,0,0,Furniture,Chairs,355.52,749.92,2024-01-01,0
SKU0061,2024-11-04,455,314274.24,694.1457142857142,3,0,Furniture,Chairs,355.52,749.92,2024-01-01,1
SKU0061,2024-11-11,344,222704.06,656.9628571428572,5,0,Furniture,Chairs,355.52,749.92,2024-01-01,1
SKU0061,2024-11-18,300,224976.0,749.92,0,0,Furniture,Chairs,355.52,749.92,2024-01-01,0
SKU0061,2024-11-25,263,197228.96000000002,749.92,0,0,Furniture,Chairs,355.52,749.92,2024-01-01,0
SKU0061,2024-12-02,214,160482.88,749.92,0,0,Furniture,Chairs,355.52,749.92,2024-01-01,0
SKU0061,2024-12-09,265,198728.8,749.92,0,0,Furniture,Chairs,355.52,749.92,2024-01-01,0
SKU0061,2024-12-16,328,226062.07,694.1457142857142,3,0,Furniture,Chairs,355.52,749.92,2024-01-01,1
SKU0061,2024-12-23,430,266504.61,619.78,7,1,Furniture,Chairs,355.52,749.92,2024-01-01,1
SKU0061,2024-12-30,272,188751.63999999998,712.7371428571429,2,1,Furniture,Chairs,355.52,749.92,2024-01-01,1
SKU0061,2025-01-06,176,131985.91999999998,749.92,0,0,Furniture,Chairs,355.52,749.92,2024-01-01,0
SKU0061,2025-01-13,144,107988.48,749.92,0,0,Furniture,Chairs,355.52,749.92,2024-01-01,0
SKU0061,2025-01-20,203,152233.76,749.92,0,0,Furniture,Chairs,355.52,749.92,2024-01-01,0
SKU0061,2025-01-27,235,176231.2,749.92,0,0,Furniture,Chairs,355.52,749.92,2024-01-01,0
SKU0061,2025-02-03,281,210727.52,749.92,0,0,Furniture,Chairs,355.52,749.92,2024-01-01,0
SKU0061,2025-02-10,250,187480.0,749.92,0,0,Furniture,Chairs,355.52,749.92,2024-01-01,0
SKU0061,2025-02-17,254,190479.68,749.92,0,0,Furniture,Chairs,355.52,749.92,2024-01-01,0
SKU0061,2025-02-24,231,173231.52000000002,749.92,0,0,Furniture,Chairs,355.52,749.92,2024-01-01,0
SKU0061,2025-03-03,317,237724.64,749.92,0,0,Furniture,Chairs,355.52,749.92,2024-01-01,0
SKU0061,2025-03-10,272,203978.24,749.92,0,0,Furniture,Chairs,355.52,749.92,2024-01-01,0
SKU0061,2025-03-17,181,135735.52,749.92,0,0,Furniture,Chairs,355.52,749.92,2024-01-01,0
SKU0061,2025-03-24,277,207727.84,749.92,0,0,Furniture,Chairs,355.52,749.92,2024-01-01,0
SKU0061,2025-03-31,309,231725.28000000003,749.92,0,0,Furniture,Chairs,355.52,749.92,2024-01-01,0
SKU0061,2025-04-07,352,263971.83999999997,749.92,0,0,Furniture,Chairs,355.52,749.92,2024-01-01,0
SKU0061,2025-04-14,327,245223.84,749.92,0,0,Furniture,Chairs,355.52,749.92,2024-01-01,0
SKU0061,2025-04-21,256,191979.52,749.92,0,0,Furniture,Chairs,355.52,749.92,2024-01-01,0
SKU0061,2025-04-28,346,259472.32,749.92,0,0,Furniture,Chairs,355.52,749.92,2024-01-01,0
SKU0061,2025-05-05,319,239224.48,749.92,0,0,Furniture,Chairs,355.52,749.92,2024-01-01,0
SKU0061,2025-05-12,334,250473.28,749.92,0,0,Furniture,Chairs,355.52,749.92,2024-01-01,0
SKU0061,2025-05-19,345,258722.4,749.92,0,0,Furniture,Chairs,355.52,749.92,2024-01-01,0
SKU0061,2025-05-26,437,318214.69,731.3285714285713,1,0,Furniture,Chairs,355.52,749.92,2024-01-01,1
SKU0061,2025-06-02,526,326003.32,619.78,7,0,Furniture,Chairs,355.52,749.92,2024-01-01,1
SKU0061,2025-06-09,416,294397.57,712.7371428571429,2,0,Furniture,Chairs,355.52,749.92,2024-01-01,1
SKU0061,2025-06-16,269,201728.48,749.92,0,0,Furniture,Chairs,355.52,749.92,2024-01-01,0
SKU0061,2025-06-23,400,299968.0,749.92,0,0,Furniture,Chairs,355.52,749.92,2024-01-01,0
SKU0061,2025-06-30,467,350212.64,749.92,0,0,Furniture,Chairs,355.52,749.92,2024-01-01,0
SKU0061,2025-07-07,428,320965.76,749.92,0,0,Furniture,Chairs,355.52,749.92,2024-01-01,0
SKU0061,2025-07-14,389,291718.88,749.92,0,0,Furniture,Chairs,355.52,749.92,2024-01-01,0
SKU0061,2025-07-21,411,308217.12,749.92,0,0,Furniture,Chairs,355.52,749.92,2024-01-01,0
SKU0061,2025-07-28,358,268471.36,749.92,0,0,Furniture,Chairs,355.52,749.92,2024-01-01,0
SKU0061,2025-08-04,405,303717.6,749.92,0,0,Furniture,Chairs,355.52,749.92,2024-01-01,0
SKU0061,2025-08-11,510,382459.2,749.92,0,1,Furniture,Chairs,355.52,749.92,2024-01-01,0
SKU0061,2025-08-18,434,325465.28,749.92,0,0,Furniture,Chairs,355.52,749.92,2024-01-01,0
SKU0061,2025-08-25,403,302217.76,749.92,0,0,Furniture,Chairs,355.52,749.92,2024-01-01,0
SKU0062,2025-03-31,133,681820.51,5126.47,0,0,Decor,Rugs,2092.43,5126.47,2025-04-02,0
SKU0062,2025-04-07,140,717705.8,5126.47,0,0,Decor,Rugs,2092.43,5126.47,2025-04-02,0
SKU0062,2025-04-14,144,738211.6799999999,5126.47,0,0,Decor,Rugs,2092.43,5126.47,2025-04-02,0
SKU0062,2025-04-21,125,640808.75,5126.47,0,0,Decor,Rugs,2092.43,5126.47,2025-04-02,0
SKU0062,2025-04-28,123,630555.81,5126.47,0,0,Decor,Rugs,2092.43,5126.47,2025-04-02,0
SKU0062,2025-05-05,92,471635.24,5126.47,0,0,Decor,Rugs,2092.43,5126.47,2025-04-02,0
SKU0062,2025-05-12,124,635682.28,5126.47,0,0,Decor,Rugs,2092.43,5126.47,2025-04-02,0
SKU0062,2025-05-19,132,676694.04,5126.47,0,0,Decor,Rugs,2092.43,5126.47,2025-04-02,0
SKU0062,2025-05-26,91,443583.1,4944.5199999999995,1,0,Decor,Rugs,2092.43,5126.47,2025-04-02,1
SKU0062,2025-06-02,156,601040.19,3852.82,7,0,Decor,Rugs,2092.43,5126.47,2025-04-02,1
SKU0062,2025-06-09,114,520735.17000000004,4762.570000000001,2,0,Decor,Rugs,2092.43,5126.47,2025-04-02,1
SKU0062,2025-06-16,139,712579.33,5126.47,0,0,Decor,Rugs,2092.43,5126.47,2025-04-02,0
SKU0062,2025-06-23,108,553658.76,5126.47,0,0,Decor,Rugs,2092.43,5126.47,2025-04-02,0
SKU0062,2025-06-30,102,522899.94,5126.47,0,0,Decor,Rugs,2092.43,5126.47,2025-04-02,0
SKU0062,2025-07-07,104,533152.88,5126.47,0,0,Decor,Rugs,2092.43,5126.47,2025-04-02,0
SKU0062,2025-07-14,74,379358.78,5126.47,0,0,Decor,Rugs,2092.43,5126.47,2025-04-02,0
SKU0062,2025-07-21,82,420370.54000000004,5126.47,0,0,Decor,Rugs,2092.43,5126.47,2025-04-02,0
SKU0062,2025-07-28,127,651061.69,5126.47,0,0,Decor,Rugs,2092.43,5126.47,2025-04-02,0
SKU0062,2025-08-04,81,415244.07,5126.47,0,0,Decor,Rugs,2092.43,5126.47,2025-04-02,0
SKU0062,2025-08-11,100,512647.0,5126.47,0,1,Decor,Rugs,2092.43,5126.47,2025-04-02,0
SKU0062,2025-08-18,73,374232.31,5126.47,0,0,Decor,Rugs,2092.43,5126.47,2025-04-02,0
SKU0062,2025-08-25,73,374232.31,5126.47,0,0,Decor,Rugs,2092.43,5126.47,2025-04-02,0
SKU0063,2023-09-25,23,32876.43,1429.41,0,0,Textiles,Cushions,848.77,1429.41,2023-10-01,0
SKU0063,2023-10-02,234,334481.94,1429.41,0,1,Textiles,Cushions,848.77,1429.41,2023-10-01,0
SKU0063,2023-10-09,229,327334.89,1429.41,0,0,Textiles,Cushions,848.77,1429.41,2023-10-01,0
SKU0063,2023-10-16,237,338770.17,1429.41,0,0,Textiles,Cushions,848.77,1429.41,2023-10-01,0
SKU0063,2023-10-23,175,250146.75,1429.41,0,0,Textiles,Cushions,848.77,1429.41,2023-10-01,0
SKU0063,2023-10-30,226,323046.66000000003,1429.41,0,0,Textiles,Cushions,848.77,1429.41,2023-10-01,0
SKU0063,2023-11-06,244,348776.04,1429.41,0,0,Textiles,Cushions,848.77,1429.41,2023-10-01,0
SKU0063,2023-11-13,176,251576.16,1429.41,0,0,Textiles,Cushions,848.77,1429.41,2023-10-01,0
SKU0063,2023-11-20,389,442093.74,1136.49,7,0,Textiles,Cushions,848.77,1429.41,2023-10-01,1
SKU0063,2023-11-27,143,204405.63,1387.564285714286,1,0,Textiles,Cushions,848.77,1429.41,2023-10-01,1
SKU0063,2023-12-04,191,273017.31,1429.41,0,0,Textiles,Cushions,848.77,1429.41,2023-10-01,0
SKU0063,2023-12-11,196,280164.36,1429.41,0,0,Textiles,Cushions,848.77,1429.41,2023-10-01,0
SKU0063,2023-12-18,339,403430.7,1220.1814285714286,5,0,Textiles,Cushions,848.77,1429.41,2023-10-01,1
SKU0063,2023-12-25,385,437547.79,1136.49,7,1,Textiles,Cushions,848.77,1429.41,2023-10-01,1
SKU0063,2024-01-01,162,231564.42,1429.41,0,1,Textiles,Cushions,848.77,1429.41,2023-10-01,0
SKU0063,2024-01-08,173,247287.93,1429.41,0,0,Textiles,Cushions,848.77,1429.41,2023-10-01,0
SKU0063,2024-01-15,175,250146.75,1429.41,0,0,Textiles,Cushions,848.77,1429.41,2023-10-01,0
SKU0063,2024-01-22,128,182964.48,1429.41,0,0,Textiles,Cushions,848.77,1429.41,2023-10-01,0
SKU0063,2024-01-29,275,393087.75,1429.41,0,0,Textiles,Cushions,848.77,1429.41,2023-10-01,0
SKU0063,2024-02-05,227,324476.07,1429.41,0,0,Textiles,Cushions,848.77,1429.41,2023-10-01,0
SKU0063,2024-02-12,174,248717.34,1429.41,0,0,Textiles,Cushions,848.77,1429.41,2023-10-01,0
SKU0063,2024-02-19,214,305893.74,1429.41,0,0,Textiles,Cushions,848.77,1429.41,2023-10-01,0
SKU0063,2024-02-26,188,268729.08,1429.41,0,0,Textiles,Cushions,848.77,1429.41,2023-10-01,0
SKU0063,2024-03-04,118,168670.38,1429.41,0,0,Textiles,Cushions,848.77,1429.41,2023-10-01,0
SKU0063,2024-03-11,245,350205.45,1429.41,0,0,Textiles,Cushions,848.77,1429.41,2023-10-01,0
SKU0063,2024-03-18,225,321617.25,1429.41,0,0,Textiles,Cushions,848.77,1429.41,2023-10-01,0
SKU0063,2024-03-25,347,496005.27,1429.41,0,0,Textiles,Cushions,848.77,1429.41,2023-10-01,0
SKU0063,2024-04-01,266,380223.06,1429.41,0,0,Textiles,Cushions,848.77,1429.41,2023-10-01,0
SKU0063,2024-04-08,230,328764.30000000005,1429.41,0,0,Textiles,Cushions,848.77,1429.41,2023-10-01,0
SKU0063,2024-04-15,288,411670.08,1429.41,0,0,Textiles,Cushions,848.77,1429.41,2023-10-01,0
SKU0063,2024-04-22,255,364499.55,1429.41,0,0,Textiles,Cushions,848.77,1429.41,2023-10-01,0
SKU0063,2024-04-29,280,400234.8,1429.41,0,0,Textiles,Cushions,848.77,1429.41,2023-10-01,0
SKU0063,2024-05-06,181,258723.21,1429.41,0,0,Textiles,Cushions,848.77,1429.41,2023-10-01,0
SKU0063,2024-05-13,290,414528.9,1429.41,0,0,Textiles,Cushions,848.77,1429.41,2023-10-01,0
SKU0063,2024-05-20,364,520305.24,1429.41,0,0,Textiles,Cushions,848.77,1429.41,2023-10-01,0
SKU0063,2024-05-27,346,458253.51,1345.7185714285715,2,0,Textiles,Cushions,848.77,1429.41,2023-10-01,1
SKU0063,2024-06-03,590,670527.81,1136.49,7,0,Textiles,Cushions,848.77,1429.41,2023-10-01,1
SKU0063,2024-06-10,217,296707.55,1387.564285714286,1,0,Textiles,Cushions,848.77,1429.41,2023-10-01,1
SKU0063,2024-06-17,418,597493.38,1429.41,0,0,Textiles,Cushions,848.77,1429.41,2023-10-01,0
SKU0063,2024-06-24,355,507440.55,1429.41,0,0,Textiles,Cushions,848.77,1429.41,2023-10-01,0
SKU0063,2024-07-01,288,411670.08,1429.41,0,0,Textiles,Cushions,848.77,1429.41,2023-10-01,0
SKU0063,2024-07-08,370,528881.7,1429.41,0,0,Textiles,Cushions,848.77,1429.41,2023-10-01,0
SKU0063,2024-07-15,226,323046.66000000003,1429.41,0,0,Textiles,Cushions,848.77,1429.41,2023-10-01,0
SKU0063,2024-07-22,216,308752.56,1429.41,0,0,Textiles,Cushions,848.77,1429.41,2023-10-01,0
SKU0063,2024-07-29,192,274446.72,1429.41,0,0,Textiles,Cushions,848.77,1429.41,2023-10-01,0
SKU0063,2024-08-05,336,480281.76,1429.41,0,0,Textiles,Cushions,848.77,1429.41,2023-10-01,0
SKU0063,2024-08-12,377,538887.5700000001,1429.41,0,1,Textiles,Cushions,848.77,1429.41,2023-10-01,0
SKU0063,2024-08-19,237,338770.17,1429.41,0,0,Textiles,Cushions,848.77,1429.41,2023-10-01,0
SKU0063,2024-08-26,238,340199.58,1429.41,0,0,Textiles,Cushions,848.77,1429.41,2023-10-01,0
SKU0063,2024-09-02,212,303034.92,1429.41,0,0,Textiles,Cushions,848.77,1429.41,2023-10-01,0
SKU0063,2024-09-09,206,294458.46,1429.41,0,0,Textiles,Cushions,848.77,1429.41,2023-10-01,0
SKU0063,2024-09-16,228,325905.48,1429.41,0,0,Textiles,Cushions,848.77,1429.41,2023-10-01,0
SKU0063,2024-09-23,283,404523.03,1429.41,0,0,Textiles,Cushions,848.77,1429.41,2023-10-01,0
SKU0063,2024-09-30,210,300176.1,1429.41,0,1,Textiles,Cushions,848.77,1429.41,2023-10-01,0
SKU0063,2024-10-07,194,277305.54000000004,1429.41,0,0,Textiles,Cushions,848.77,1429.41,2023-10-01,0
SKU0063,2024-10-14,199,284452.59,1429.41,0,0,Textiles,Cushions,848.77,1429.41,2023-10-01,0
SKU0063,2024-10-21,232,331623.12,1429.41,0,0,Textiles,Cushions,848.77,1429.41,2023-10-01,0
SKU0063,2024-10-28,182,260152.62,1429.41,0,0,Textiles,Cushions,848.77,1429.41,2023-10-01,0
SKU0063,2024-11-04,246,328201.08,1303.8728571428571,3,0,Textiles,Cushions,848.77,1429.41,2023-10-01,1
SKU0063,2024-11-11,311,368972.57,1220.1814285714286,5,0,Textiles,Cushions,848.77,1429.41,2023-10-01,1
SKU0063,2024-11-18,134,191540.94,1429.41,0,0,Textiles,Cushions,848.77,1429.41,2023-10-01,0
SKU0063,2024-11-25,152,217270.32,1429.41,0,0,Textiles,Cushions,848.77,1429.41,2023-10-01,0
SKU0063,2024-12-02,106,151517.46000000002,1429.41,0,0,Textiles,Cushions,848.77,1429.41,2023-10-01,0
SKU0063,2024-12-09,144,205835.04,1429.41,0,0,Textiles,Cushions,848.77,1429.41,2023-10-01,0
SKU0063,2024-12-16,231,289184.61,1303.8728571428571,3,0,Textiles,Cushions,848.77,1429.41,2023-10-01,1
SKU0063,2024-12-23,234,265938.13,1136.49,7,1,Textiles,Cushions,848.77,1429.41,2023-10-01,1
SKU0063,2024-12-30,164,213918.68000000002,1345.7185714285715,2,1,Textiles,Cushions,848.77,1429.41,2023-10-01,1
SKU0063,2025-01-06,157,224417.37,1429.41,0,0,Textiles,Cushions,848.77,1429.41,2023-10-01,0
SKU0063,2025-01-13,180,257293.8,1429.41,0,0,Textiles,Cushions,848.77,1429.41,2023-10-01,0
SKU0063,2025-01-20,196,280164.36,1429.41,0,0,Textiles,Cushions,848.77,1429.41,2023-10-01,0
SKU0063,2025-01-27,155,221558.55,1429.41,0,0,Textiles,Cushions,848.77,1429.41,2023-10-01,0
SKU0063,2025-02-03,116,165811.56,1429.41,0,0,Textiles,Cushions,848.77,1429.41,2023-10-01,0
SKU0063,2025-02-10,203,290170.23,1429.41,0,0,Textiles,Cushions,848.77,1429.41,2023-10-01,0
SKU0063,2025-02-17,140,200117.4,1429.41,0,0,Textiles,Cushions,848.77,1429.41,2023-10-01,0
SKU0063,2025-02-24,266,380223.06,1429.41,0,0,Textiles,Cushions,848.77,1429.41,2023-10-01,0
SKU0063,2025-03-03,208,297317.28,1429.41,0,0,Textiles,Cushions,848.77,1429.41,2023-10-01,0
SKU0063,2025-03-10,256,365928.95999999996,1429.41,0,0,Textiles,Cushions,848.77,1429.41,2023-10-01,0
SKU0063,2025-03-17,206,294458.46,1429.41,0,0,Textiles,Cushions,848.77,1429.41,2023-10-01,0
SKU0063,2025-03-24,213,304464.33,1429.41,0,0,Textiles,Cushions,848.77,1429.41,2023-10-01,0
SKU0063,2025-03-31,295,421675.95,1429.41,0,0,Textiles,Cushions,848.77,1429.41,2023-10-01,0
SKU0063,2025-04-07,236,337340.76,1429.41,0,0,Textiles,Cushions,848.77,1429.41,2023-10-01,0
SKU0063,2025-04-14,187,267299.67,1429.41,0,0,Textiles,Cushions,848.77,1429.41,2023-10-01,0
SKU0063,2025-04-21,217,310181.97,1429.41,0,0,Textiles,Cushions,848.77,1429.41,2023-10-01,0
SKU0063,2025-04-28,265,378793.65,1429.41,0,0,Textiles,Cushions,848.77,1429.41,2023-10-01,0
SKU0063,2025-05-05,310,443117.1,1429.41,0,0,Textiles,Cushions,848.77,1429.41,2023-10-01,0
SKU0063,2025-05-12,225,321617.25,1429.41,0,0,Textiles,Cushions,848.77,1429.41,2023-10-01,0
SKU0063,2025-05-19,257,367358.37,1429.41,0,0,Textiles,Cushions,848.77,1429.41,2023-10-01,0
SKU0063,2025-05-26,300,412126.43,1387.564285714286,1,0,Textiles,Cushions,848.77,1429.41,2023-10-01,1
SKU0063,2025-06-02,564,640979.12,1136.49,7,0,Textiles,Cushions,848.77,1429.41,2023-10-01,1
SKU0063,2025-06-09,406,517948.03,1345.7185714285715,2,0,Textiles,Cushions,848.77,1429.41,2023-10-01,1
SKU0063,2025-06-16,229,327334.89,1429.41,0,0,Textiles,Cushions,848.77,1429.41,2023-10-01,0
SKU0063,2025-06-23,350,500293.5,1429.41,0,0,Textiles,Cushions,848.77,1429.41,2023-10-01,0
SKU0063,2025-06-30,213,304464.33,1429.41,0,0,Textiles,Cushions,848.77,1429.41,2023-10-01,0
SKU0063,2025-07-07,264,377364.24,1429.41,0,0,Textiles,Cushions,848.77,1429.41,2023-10-01,0
SKU0063,2025-07-14,356,508869.96,1429.41,0,0,Textiles,Cushions,848.77,1429.41,2023-10-01,0
SKU0063,2025-07-21,200,285882.0,1429.41,0,0,Textiles,Cushions,848.77,1429.41,2023-10-01,0
SKU0063,2025-07-28,292,417387.72,1429.41,0,0,Textiles,Cushions,848.77,1429.41,2023-10-01,0
SKU0063,2025-08-04,184,263011.44,1429.41,0,0,Textiles,Cushions,848.77,1429.41,2023-10-01,0
SKU0063,2025-08-11,220,314470.2,1429.41,0,1,Textiles,Cushions,848.77,1429.41,2023-10-01,0
SKU0063,2025-08-18,287,410240.67,1429.41,0,0,Textiles,Cushions,848.77,1429.41,2023-10-01,0
SKU0063,2025-08-25,227,324476.07,1429.41,0,0,Textiles,Cushions,848.77,1429.41,2023-10-01,0
SKU0064,2025-06-23,37,23226.75,627.75,0,0,Decor,Wall Art,339.63,627.75,2025-06-26,0
SKU0064,2025-06-30,133,83490.75,627.75,0,0,Decor,Wall Art,339.63,627.75,2025-06-26,0
SKU0064,2025-07-07,136,85374.0,627.75,0,0,Decor,Wall Art,339.63,627.75,2025-06-26,0
SKU0064,2025-07-14,142,89140.5,627.75,0,0,Decor,Wall Art,339.63,627.75,2025-06-26,0
SKU0064,2025-07-21,175,109856.25,627.75,0,0,Decor,Wall Art,339.63,627.75,2025-06-26,0
SKU0064,2025-07-28,189,118644.75,627.75,0,0,Decor,Wall Art,339.63,627.75,2025-06-26,0
SKU0064,2025-08-04,193,121155.75,627.75,0,0,Decor,Wall Art,339.63,627.75,2025-06-26,0
SKU0064,2025-08-11,152,95418.0,627.75,0,1,Decor,Wall Art,339.63,627.75,2025-06-26,0
SKU0064,2025-08-18,158,99184.5,627.75,0,0,Decor,Wall Art,339.63,627.75,2025-06-26,0
SKU0064,2025-08-25,161,101067.75,627.75,0,0,Decor,Wall Art,339.63,627.75,2025-06-26,0
SKU0065,2023-11-06,101,496089.78,4911.78,0,0,Decor,Rugs,3358.82,4911.78,2023-11-11,0
SKU0065,2023-11-13,291,1429327.98,4911.78,0,0,Decor,Rugs,3358.82,4911.78,2023-11-11,0
SKU0065,2023-11-20,485,1845280.25,3804.7,7,0,Decor,Rugs,3358.82,4911.78,2023-11-11,1
SKU0065,2023-11-27,240,1068119.3599999999,4753.625714285714,1,0,Decor,Rugs,3358.82,4911.78,2023-11-11,1
SKU0065,2023-12-04,272,1336004.1600000001,4911.78,0,0,Decor,Rugs,3358.82,4911.78,2023-11-11,0
SKU0065,2023-12-11,244,1198474.32,4911.78,0,0,Decor,Rugs,3358.82,4911.78,2023-11-11,0
SKU0065,2023-12-18,357,1462343.83,4121.0085714285715,5,0,Decor,Rugs,3358.82,4911.78,2023-11-11,1
SKU0065,2023-12-25,329,1251746.82,3804.7,7,1,Decor,Rugs,3358.82,4911.78,2023-11-11,1
SKU0065,2024-01-01,201,987267.7799999999,4911.78,0,1,Decor,Rugs,3358.82,4911.78,2023-11-11,0
SKU0065,2024-01-08,253,1242680.3399999999,4911.78,0,0,Decor,Rugs,3358.82,4911.78,2023-11-11,0
SKU0065,2024-01-15,214,1051120.92,4911.78,0,0,Decor,Rugs,3358.82,4911.78,2023-11-11,0
SKU0065,2024-01-22,131,643443.1799999999,4911.78,0,0,Decor,Rugs,3358.82,4911.78,2023-11-11,0
SKU0065,2024-01-29,117,574678.26,4911.78,0,0,Decor,Rugs,3358.82,4911.78,2023-11-11,0
SKU0065,2024-02-05,182,893943.96,4911.78,0,0,Decor,Rugs,3358.82,4911.78,2023-11-11,0
SKU0065,2024-02-12,194,952885.3200000001,4911.78,0,0,Decor,Rugs,3358.82,4911.78,2023-11-11,0
SKU0065,2024-02-19,93,456795.54,4911.78,0,0,Decor,Rugs,3358.82,4911.78,2023-11-11,0
SKU0065,2024-02-26,129,633619.62,4911.78,0,0,Decor,Rugs,3358.82,4911.78,2023-11-11,0
SKU0065,2024-03-04,184,903767.52,4911.78,0,0,Decor,Rugs,3358.82,4911.78,2023-11-11,0
SKU0065,2024-03-11,103,505913.33999999997,4911.78,0,0,Decor,Rugs,3358.82,4911.78,2023-11-11,0
SKU0065,2024-03-18,147,722031.66,4911.78,0,0,Decor,Rugs,3358.82,4911.78,2023-11-11,0
SKU0065,2024-03-25,145,712208.1,4911.78,0,0,Decor,Rugs,3358.82,4911.78,2023-11-11,0
SKU0065,2024-04-01,120,589413.6,4911.78,0,0,Decor,Rugs,3358.82,4911.78,2023-11-11,0
SKU0065,2024-04-08,133,653266.74,4911.78,0,0,Decor,Rugs,3358.82,4911.78,2023-11-11,0
SKU0065,2024-04-15,175,859561.5,4911.78,0,0,Decor,Rugs,3358.82,4911.78,2023-11-11,0
SKU0065,2024-04-22,131,643443.1799999999,4911.78,0,0,Decor,Rugs,3358.82,4911.78,2023-11-11,0
SKU0065,2024-04-29,135,663090.3,4911.78,0,0,Decor,Rugs,3358.82,4911.78,2023-11-11,0
SKU0065,2024-05-06,140,687649.2,4911.78,0,0,Decor,Rugs,3358.82,4911.78,2023-11-11,0
SKU0065,2024-05-13,152,746590.56,4911.78,0,0,Decor,Rugs,3358.82,4911.78,2023-11-11,0
SKU0065,2024-05-20,231,1134621.18,4911.78,0,0,Decor,Rugs,3358.82,4911.78,2023-11-11,0
SKU0065,2024-05-27,176,743801.74,4595.471428571428,2,0,Decor,Rugs,3358.82,4911.78,2023-11-11,1
SKU0065,2024-06-03,396,1506661.81,3804.7,7,0,Decor,Rugs,3358.82,4911.78,2023-11-11,1
SKU0065,2024-06-10,209,995563.8200000001,4753.625714285714,1,0,Decor,Rugs,3358.82,4911.78,2023-11-11,1
SKU0065,2024-06-17,212,1041297.36,4911.78,0,0,Decor,Rugs,3358.82,4911.78,2023-11-11,0
SKU0065,2024-06-24,308,1512828.24,4911.78,0,0,Decor,Rugs,3358.82,4911.78,2023-11-11,0
SKU0065,2024-07-01,289,1419504.4200000002,4911.78,0,0,Decor,Rugs,3358.82,4911.78,2023-11-11,0
SKU0065,2024-07-08,243,1193562.54,4911.78,0,0,Decor,Rugs,3358.82,4911.78,2023-11-11,0
SKU0065,2024-07-15,229,1124797.6199999999,4911.78,0,0,Decor,Rugs,3358.82,4911.78,2023-11-11,0
SKU0065,2024-07-22,304,1493181.12,4911.78,0,0,Decor,Rugs,3358.82,4911.78,2023-11-11,0
SKU0065,2024-07-29,286,1404769.08,4911.78,0,0,Decor,Rugs,3358.82,4911.78,2023-11-11,0
SKU0065,2024-08-05,254,1247592.12,4911.78,0,0,Decor,Rugs,3358.82,4911.78,2023-11-11,0
SKU0065,2024-08-12,244,1198474.32,4911.78,0,1,Decor,Rugs,3358.82,4911.78,2023-11-11,0
SKU0065,2024-08-19,242,1188650.76,4911.78,0,0,Decor,Rugs,3358.82,4911.78,2023-11-11,0
SKU0065,2024-08-26,204,1002003.12,4911.78,0,0,Decor,Rugs,3358.82,4911.78,2023-11-11,0
SKU0065,2024-09-02,291,1429327.98,4911.78,0,0,Decor,Rugs,3358.82,4911.78,2023-11-11,0
SKU0065,2024-09-09,293,1439151.54,4911.78,0,0,Decor,Rugs,3358.82,4911.78,2023-11-11,0
SKU0065,2024-09-16,198,972532.4400000001,4911.78,0,0,Decor,Rugs,3358.82,4911.78,2023-11-11,0
SKU0065,2024-09-23,286,1404769.08,4911.78,0,0,Decor,Rugs,3358.82,4911.78,2023-11-11,0
SKU0065,2024-09-30,315,1547210.7,4911.78,0,1,Decor,Rugs,3358.82,4911.78,2023-11-11,0
SKU0065,2024-10-07,315,1547210.7,4911.78,0,0,Decor,Rugs,3358.82,4911.78,2023-11-11,0
SKU0065,2024-10-14,227,1114974.06,4911.78,0,0,Decor,Rugs,3358.82,4911.78,2023-11-11,0
SKU0065,2024-10-21,235,1154268.3,4911.78,0,0,Decor,Rugs,3358.82,4911.78,2023-11-11,0
SKU0065,2024-10-28,315,1547210.7,4911.78,0,0,Decor,Rugs,3358.82,4911.78,2023-11-11,0
SKU0065,2024-11-04,329,1437735.99,4437.317142857142,3,0,Decor,Rugs,3358.82,4911.78,2023-11-11,1
SKU0065,2024-11-11,455,1799778.0899999999,4121.0085714285715,5,0,Decor,Rugs,3358.82,4911.78,2023-11-11,1
SKU0065,2024-11-18,341,1674916.98,4911.78,0,0,Decor,Rugs,3358.82,4911.78,2023-11-11,0
SKU0065,2024-11-25,273,1340915.94,4911.78,0,0,Decor,Rugs,3358.82,4911.78,2023-11-11,0
SKU0065,2024-12-02,165,810443.7,4911.78,0,0,Decor,Rugs,3358.82,4911.78,2023-11-11,0
SKU0065,2024-12-09,228,1119885.8399999999,4911.78,0,0,Decor,Rugs,3358.82,4911.78,2023-11-11,0
SKU0065,2024-12-16,241,1023212.61,4437.317142857142,3,0,Decor,Rugs,3358.82,4911.78,2023-11-11,1
SKU0065,2024-12-23,391,1487638.31,3804.7,7,1,Decor,Rugs,3358.82,4911.78,2023-11-11,1
SKU0065,2024-12-30,202,912469.91,4595.471428571428,2,1,Decor,Rugs,3358.82,4911.78,2023-11-11,1
SKU0065,2025-01-06,249,1223033.22,4911.78,0,0,Decor,Rugs,3358.82,4911.78,2023-11-11,0
SKU0065,2025-01-13,178,874296.8400000001,4911.78,0,0,Decor,Rugs,3358.82,4911.78,2023-11-11,0
SKU0065,2025-01-20,180,884120.3999999999,4911.78,0,0,Decor,Rugs,3358.82,4911.78,2023-11-11,0
SKU0065,2025-01-27,206,1011826.6799999999,4911.78,0,0,Decor,Rugs,3358.82,4911.78,2023-11-11,0
SKU0065,2025-02-03,224,1100238.72,4911.78,0,0,Decor,Rugs,3358.82,4911.78,2023-11-11,0
SKU0065,2025-02-10,162,795708.36,4911.78,0,0,Decor,Rugs,3358.82,4911.78,2023-11-11,0
SKU0065,2025-02-17,179,879208.62,4911.78,0,0,Decor,Rugs,3358.82,4911.78,2023-11-11,0
SKU0065,2025-02-24,229,1124797.6199999999,4911.78,0,0,Decor,Rugs,3358.82,4911.78,2023-11-11,0
SKU0065,2025-03-03,159,780973.02,4911.78,0,0,Decor,Rugs,3358.82,4911.78,2023-11-11,0
SKU0065,2025-03-10,194,952885.3200000001,4911.78,0,0,Decor,Rugs,3358.82,4911.78,2023-11-11,0
SKU0065,2025-03-17,192,943061.76,4911.78,0,0,Decor,Rugs,3358.82,4911.78,2023-11-11,0
SKU0065,2025-03-24,204,1002003.12,4911.78,0,0,Decor,Rugs,3358.82,4911.78,2023-11-11,0
SKU0065,2025-03-31,120,589413.6,4911.78,0,0,Decor,Rugs,3358.82,4911.78,2023-11-11,0
SKU0065,2025-04-07,140,687649.2,4911.78,0,0,Decor,Rugs,3358.82,4911.78,2023-11-11,0
SKU0065,2025-04-14,169,830090.8200000001,4911.78,0,0,Decor,Rugs,3358.82,4911.78,2023-11-11,0
SKU0065,2025-04-21,190,933238.2,4911.78,0,0,Decor,Rugs,3358.82,4911.78,2023-11-11,0
SKU0065,2025-04-28,211,1036385.58,4911.78,0,0,Decor,Rugs,3358.82,4911.78,2023-11-11,0
SKU0065,2025-05-05,169,830090.8200000001,4911.78,0,0,Decor,Rugs,3358.82,4911.78,2023-11-11,0
SKU0065,2025-05-12,278,1365474.84,4911.78,0,0,Decor,Rugs,3358.82,4911.78,2023-11-11,0
SKU0065,2025-05-19,259,1272151.02,4911.78,0,0,Decor,Rugs,3358.82,4911.78,2023-11-11,0
SKU0065,2025-05-26,231,1123550.4000000001,4753.625714285714,1,0,Decor,Rugs,3358.82,4911.78,2023-11-11,1
SKU0065,2025-06-02,428,1628412.27,3804.7,7,0,Decor,Rugs,3358.82,4911.78,2023-11-11,1
SKU0065,2025-06-09,247,1111358.44,4595.471428571428,2,0,Decor,Rugs,3358.82,4911.78,2023-11-11,1
SKU0065,2025-06-16,296,1453886.88,4911.78,0,0,Decor,Rugs,3358.82,4911.78,2023-11-11,0
SKU0065,2025-06-23,183,898855.74,4911.78,0,0,Decor,Rugs,3358.82,4911.78,2023-11-11,0
SKU0065,2025-06-30,224,1100238.72,4911.78,0,0,Decor,Rugs,3358.82,4911.78,2023-11-11,0
SKU0065,2025-07-07,331,1625799.18,4911.78,0,0,Decor,Rugs,3358.82,4911.78,2023-11-11,0
SKU0065,2025-07-14,272,1336004.16,4911.78,0,0,Decor,Rugs,3358.82,4911.78,2023-11-11,0
SKU0065,2025-07-21,374,1837005.72,4911.78,0,0,Decor,Rugs,3358.82,4911.78,2023-11-11,0
SKU0065,2025-07-28,273,1340915.94,4911.78,0,0,Decor,Rugs,3358.82,4911.78,2023-11-11,0
SKU0065,2025-08-04,273,1340915.94,4911.78,0,0,Decor,Rugs,3358.82,4911.78,2023-11-11,0
SKU0065,2025-08-11,243,1193562.54,4911.78,0,1,Decor,Rugs,3358.82,4911.78,2023-11-11,0
SKU0065,2025-08-18,313,1537387.1400000001,4911.78,0,0,Decor,Rugs,3358.82,4911.78,2023-11-11,0
SKU0065,2025-08-25,277,1360563.06,4911.78,0,0,Decor,Rugs,3358.82,4911.78,2023-11-11,0
SKU0066,2025-04-07,7,65356.69,9336.67,0,0,Furniture,Storage,3625.21,9336.67,2025-04-08,0
SKU0066,2025-04-14,18,168060.06,9336.67,0,0,Furniture,Storage,3625.21,9336.67,2025-04-08,0
SKU0066,2025-04-21,15,140050.05,9336.67,0,0,Furniture,Storage,3625.21,9336.67,2025-04-08,0
SKU0066,2025-04-28,15,140050.05,9336.67,0,0,Furniture,Storage,3625.21,9336.67,2025-04-08,0
SKU0066,2025-05-05,17,158723.38999999998,9336.67,0,0,Furniture,Storage,3625.21,9336.67,2025-04-08,0
SKU0066,2025-05-12,22,205406.74,9336.67,0,0,Furniture,Storage,3625.21,9336.67,2025-04-08,0
SKU0066,2025-05-19,24,224080.08,9336.67,0,0,Furniture,Storage,3625.21,9336.67,2025-04-08,0
SKU0066,2025-05-26,10,88617.67,9110.525714285714,1,0,Furniture,Storage,3625.21,9336.67,2025-04-08,1
SKU0066,2025-06-02,36,279131.76,7753.659999999999,7,0,Furniture,Storage,3625.21,9336.67,2025-04-08,1
SKU0066,2025-06-09,17,147642.32,8884.381428571429,2,0,Furniture,Storage,3625.21,9336.67,2025-04-08,1
SKU0066,2025-06-16,18,168060.06,9336.67,0,0,Furniture,Storage,3625.21,9336.67,2025-04-08,0
SKU0066,2025-06-23,22,205406.74,9336.67,0,0,Furniture,Storage,3625.21,9336.67,2025-04-08,0
SKU0066,2025-06-30,16,149386.72,9336.67,0,0,Furniture,Storage,3625.21,9336.67,2025-04-08,0
SKU0066,2025-07-07,18,168060.06,9336.67,0,0,Furniture,Storage,3625.21,9336.67,2025-04-08,0
SKU0066,2025-07-14,18,168060.06,9336.67,0,0,Furniture,Storage,3625.21,9336.67,2025-04-08,0
SKU0066,2025-07-21,34,317446.78,9336.67,0,0,Furniture,Storage,3625.21,9336.67,2025-04-08,0
SKU0066,2025-07-28,28,261426.75999999998,9336.67,0,0,Furniture,Storage,3625.21,9336.67,2025-04-08,0
SKU0066,2025-08-04,43,401476.81,9336.67,0,0,Furniture,Storage,3625.21,9336.67,2025-04-08,0
SKU0066,2025-08-11,28,261426.76,9336.67,0,1,Furniture,Storage,3625.21,9336.67,2025-04-08,0
SKU0066,2025-08-18,28,261426.76,9336.67,0,0,Furniture,Storage,3625.21,9336.67,2025-04-08,0
SKU0066,2025-08-25,29,270763.43,9336.67,0,0,Furniture,Storage,3625.21,9336.67,2025-04-08,0
SKU0067,2025-02-24,164,1004578.72,6125.48,0,0,Textiles,Cushions,2623.56,6125.48,2025-02-27,0
SKU0067,2025-03-03,345,2113290.6,6125.4800000000005,0,0,Textiles,Cushions,2623.56,6125.48,2025-02-27,0
SKU0067,2025-03-10,284,1739636.32,6125.4800000000005,0,0,Textiles,Cushions,2623.56,6125.48,2025-02-27,0
SKU0067,2025-03-17,338,2070412.24,6125.4800000000005,0,0,Textiles,Cushions,2623.56,6125.48,2025-02-27,0
SKU0067,2025-03-24,209,1280225.32,6125.4800000000005,0,0,Textiles,Cushions,2623.56,6125.48,2025-02-27,0
SKU0067,2025-03-31,381,2333807.88,6125.4800000000005,0,0,Textiles,Cushions,2623.56,6125.48,2025-02-27,0
SKU0067,2025-04-07,264,1617126.7200000002,6125.4800000000005,0,0,Textiles,Cushions,2623.56,6125.48,2025-02-27,0
SKU0067,2025-04-14,211,1292476.28,6125.4800000000005,0,0,Textiles,Cushions,2623.56,6125.48,2025-02-27,0
SKU0067,2025-04-21,189,1157715.72,6125.4800000000005,0,0,Textiles,Cushions,2623.56,6125.48,2025-02-27,0
SKU0067,2025-04-28,308,1886647.8399999999,6125.4800000000005,0,0,Textiles,Cushions,2623.56,6125.48,2025-02-27,0
SKU0067,2025-05-05,221,1353731.08,6125.4800000000005,0,0,Textiles,Cushions,2623.56,6125.48,2025-02-27,0
SKU0067,2025-05-12,185,1133213.8,6125.4800000000005,0,0,Textiles,Cushions,2623.56,6125.48,2025-02-27,0
SKU0067,2025-05-19,228,1396609.44,6125.4800000000005,0,0,Textiles,Cushions,2623.56,6125.48,2025-02-27,0
SKU0067,2025-05-26,213,1265214.45,5968.682857142857,1,0,Textiles,Cushions,2623.56,6125.48,2025-02-27,1
SKU0067,2025-06-02,382,1920658.7999999998,5027.9,7,0,Textiles,Cushions,2623.56,6125.48,2025-02-27,1
SKU0067,2025-06-09,229,1284196.57,5811.885714285714,2,0,Textiles,Cushions,2623.56,6125.48,2025-02-27,1
SKU0067,2025-06-16,223,1365982.04,6125.4800000000005,0,0,Textiles,Cushions,2623.56,6125.48,2025-02-27,0
SKU0067,2025-06-23,134,820814.3200000001,6125.4800000000005,0,0,Textiles,Cushions,2623.56,6125.48,2025-02-27,0
SKU0067,2025-06-30,266,1629377.6800000002,6125.4800000000005,0,0,Textiles,Cushions,2623.56,6125.48,2025-02-27,0
SKU0067,2025-07-07,210,1286350.8,6125.4800000000005,0,0,Textiles,Cushions,2623.56,6125.48,2025-02-27,0
SKU0067,2025-07-14,178,1090335.44,6125.4800000000005,0,0,Textiles,Cushions,2623.56,6125.48,2025-02-27,0
SKU0067,2025-07-21,257,1574248.36,6125.4800000000005,0,0,Textiles,Cushions,2623.56,6125.48,2025-02-27,0
SKU0067,2025-07-28,290,1776389.2,6125.4800000000005,0,0,Textiles,Cushions,2623.56,6125.48,2025-02-27,0
SKU0067,2025-08-04,239,1463989.72,6125.4800000000005,0,0,Textiles,Cushions,2623.56,6125.48,2025-02-27,0
SKU0067,2025-08-11,274,1678381.52,6125.4800000000005,0,1,Textiles,Cushions,2623.56,6125.48,2025-02-27,0
SKU0067,2025-08-18,270,1653879.6,6125.4800000000005,0,0,Textiles,Cushions,2623.56,6125.48,2025-02-27,0
SKU0067,2025-08-25,280,1715134.4,6125.4800000000005,0,0,Textiles,Cushions,2623.56,6125.48,2025-02-27,0
SKU0068,2024-04-08,41,276718.02,6749.22,0,0,Decor,Wall Art,3451.65,6749.22,2024-04-14,0
SKU0068,2024-04-15,244,1646809.68,6749.22,0,0,Decor,Wall Art,3451.65,6749.22,2024-04-14,0
SKU0068,2024-04-22,163,1100122.86,6749.22,0,0,Decor,Wall Art,3451.65,6749.22,2024-04-14,0
SKU0068,2024-04-29,209,1410586.98,6749.22,0,0,Decor,Wall Art,3451.65,6749.22,2024-04-14,0
SKU0068,2024-05-06,158,1066376.76,6749.22,0,0,Decor,Wall Art,3451.65,6749.22,2024-04-14,0
SKU0068,2024-05-13,120,809906.4,6749.22,0,0,Decor,Wall Art,3451.65,6749.22,2024-04-14,0
SKU0068,2024-05-20,208,1403837.76,6749.22,0,0,Decor,Wall Art,3451.65,6749.22,2024-04-14,0
SKU0068,2024-05-27,333,2021058.28,6354.74,2,0,Decor,Wall Art,3451.65,6749.22,2024-04-14,1
SKU0068,2024-06-03,485,2603740.55,5368.54,7,0,Decor,Wall Art,3451.65,6749.22,2024-04-14,1
SKU0068,2024-06-10,197,1243994.01,6551.9800000000005,1,0,Decor,Wall Art,3451.65,6749.22,2024-04-14,1
SKU0068,2024-06-17,134,904395.48,6749.22,0,0,Decor,Wall Art,3451.65,6749.22,2024-04-14,0
SKU0068,2024-06-24,169,1140618.18,6749.22,0,0,Decor,Wall Art,3451.65,6749.22,2024-04-14,0
SKU0068,2024-07-01,192,1295850.24,6749.22,0,0,Decor,Wall Art,3451.65,6749.22,2024-04-14,0
SKU0068,2024-07-08,196,1322847.12,6749.22,0,0,Decor,Wall Art,3451.65,6749.22,2024-04-14,0
SKU0068,2024-07-15,267,1802041.74,6749.22,0,0,Decor,Wall Art,3451.65,6749.22,2024-04-14,0
SKU0068,2024-07-22,221,1491577.62,6749.22,0,0,Decor,Wall Art,3451.65,6749.22,2024-04-14,0
SKU0068,2024-07-29,250,1687305.0,6749.22,0,0,Decor,Wall Art,3451.65,6749.22,2024-04-14,0
SKU0068,2024-08-05,220,1484828.4,6749.22,0,0,Decor,Wall Art,3451.65,6749.22,2024-04-14,0
SKU0068,2024-08-12,262,1768295.6400000001,6749.22,0,1,Decor,Wall Art,3451.65,6749.22,2024-04-14,0
SKU0068,2024-08-19,268,1808790.96,6749.22,0,0,Decor,Wall Art,3451.65,6749.22,2024-04-14,0
SKU0068,2024-08-26,308,2078759.7600000002,6749.22,0,0,Decor,Wall Art,3451.65,6749.22,2024-04-14,0
SKU0068,2024-09-02,211,1424085.42,6749.22,0,0,Decor,Wall Art,3451.65,6749.22,2024-04-14,0
SKU0068,2024-09-09,170,1147367.4,6749.22,0,0,Decor,Wall Art,3451.65,6749.22,2024-04-14,0
SKU0068,2024-09-16,235,1586066.7000000002,6749.22,0,0,Decor,Wall Art,3451.65,6749.22,2024-04-14,0
SKU0068,2024-09-23,217,1464580.74,6749.22,0,0,Decor,Wall Art,3451.65,6749.22,2024-04-14,0
SKU0068,2024-09-30,361,2436468.42,6749.22,0,1,Decor,Wall Art,3451.65,6749.22,2024-04-14,0
SKU0068,2024-10-07,247,1667057.3399999999,6749.22,0,0,Decor,Wall Art,3451.65,6749.22,2024-04-14,0
SKU0068,2024-10-14,243,1640060.46,6749.22,0,0,Decor,Wall Art,3451.65,6749.22,2024-04-14,0
SKU0068,2024-10-21,395,2665941.9,6749.22,0,0,Decor,Wall Art,3451.65,6749.22,2024-04-14,0
SKU0068,2024-10-28,398,2686189.56,6749.22,0,0,Decor,Wall Art,3451.65,6749.22,2024-04-14,0
SKU0068,2024-11-04,458,2703170.91,6157.5,3,0,Decor,Wall Art,3451.65,6749.22,2024-04-14,1
SKU0068,2024-11-11,674,3768888.51,5763.0199999999995,5,0,Decor,Wall Art,3451.65,6749.22,2024-04-14,1
SKU0068,2024-11-18,405,2733434.1,6749.22,0,0,Decor,Wall Art,3451.65,6749.22,2024-04-14,0
SKU0068,2024-11-25,324,2186747.28,6749.22,0,0,Decor,Wall Art,3451.65,6749.22,2024-04-14,0
SKU0068,2024-12-02,355,2395973.1,6749.22,0,0,Decor,Wall Art,3451.65,6749.22,2024-04-14,0
SKU0068,2024-12-09,379,2557954.38,6749.22,0,0,Decor,Wall Art,3451.65,6749.22,2024-04-14,0
SKU0068,2024-12-16,470,2766212.67,6157.5,3,0,Decor,Wall Art,3451.65,6749.22,2024-04-14,1
SKU0068,2024-12-23,532,2856061.82,5368.54,7,1,Decor,Wall Art,3451.65,6749.22,2024-04-14,1
SKU0068,2024-12-30,552,3478427.2199999997,6354.74,2,1,Decor,Wall Art,3451.65,6749.22,2024-04-14,1
SKU0068,2025-01-06,357,2409471.54,6749.22,0,0,Decor,Wall Art,3451.65,6749.22,2024-04-14,0
SKU0068,2025-01-13,351,2368976.2199999997,6749.22,0,0,Decor,Wall Art,3451.65,6749.22,2024-04-14,0
SKU0068,2025-01-20,357,2409471.54,6749.22,0,0,Decor,Wall Art,3451.65,6749.22,2024-04-14,0
SKU0068,2025-01-27,344,2321731.68,6749.22,0,0,Decor,Wall Art,3451.65,6749.22,2024-04-14,0
SKU0068,2025-02-03,330,2227242.6,6749.22,0,0,Decor,Wall Art,3451.65,6749.22,2024-04-14,0
SKU0068,2025-02-10,337,2274487.14,6749.22,0,0,Decor,Wall Art,3451.65,6749.22,2024-04-14,0
SKU0068,2025-02-17,312,2105756.64,6749.22,0,0,Decor,Wall Art,3451.65,6749.22,2024-04-14,0
SKU0068,2025-02-24,274,1849286.28,6749.22,0,0,Decor,Wall Art,3451.65,6749.22,2024-04-14,0
SKU0068,2025-03-03,318,2146251.96,6749.22,0,0,Decor,Wall Art,3451.65,6749.22,2024-04-14,0
SKU0068,2025-03-10,244,1646809.68,6749.22,0,0,Decor,Wall Art,3451.65,6749.22,2024-04-14,0
SKU0068,2025-03-17,240,1619812.8,6749.22,0,0,Decor,Wall Art,3451.65,6749.22,2024-04-14,0
SKU0068,2025-03-24,314,2119255.08,6749.22,0,0,Decor,Wall Art,3451.65,6749.22,2024-04-14,0
SKU0068,2025-03-31,340,2294734.8000000003,6749.22,0,0,Decor,Wall Art,3451.65,6749.22,2024-04-14,0
SKU0068,2025-04-07,253,1707552.6600000001,6749.22,0,0,Decor,Wall Art,3451.65,6749.22,2024-04-14,0
SKU0068,2025-04-14,335,2260988.7,6749.22,0,0,Decor,Wall Art,3451.65,6749.22,2024-04-14,0
SKU0068,2025-04-21,287,1937026.14,6749.22,0,0,Decor,Wall Art,3451.65,6749.22,2024-04-14,0
SKU0068,2025-04-28,214,1444333.08,6749.22,0,0,Decor,Wall Art,3451.65,6749.22,2024-04-14,0
SKU0068,2025-05-05,190,1282351.8,6749.22,0,0,Decor,Wall Art,3451.65,6749.22,2024-04-14,0
SKU0068,2025-05-12,231,1559069.82,6749.22,0,0,Decor,Wall Art,3451.65,6749.22,2024-04-14,0
SKU0068,2025-05-19,252,1700803.4400000002,6749.22,0,0,Decor,Wall Art,3451.65,6749.22,2024-04-14,0
SKU0068,2025-05-26,235,1470089.35,6551.9800000000005,1,0,Decor,Wall Art,3451.65,6749.22,2024-04-14,1
SKU0068,2025-06-02,286,1535401.65,5368.54,7,0,Decor,Wall Art,3451.65,6749.22,2024-04-14,1
SKU0068,2025-06-09,326,2011092.19,6354.74,2,0,Decor,Wall Art,3451.65,6749.22,2024-04-14,1
SKU0068,2025-06-16,165,1113621.3,6749.22,0,0,Decor,Wall Art,3451.65,6749.22,2024-04-14,0
SKU0068,2025-06-23,208,1403837.76,6749.22,0,0,Decor,Wall Art,3451.65,6749.22,2024-04-14,0
SKU0068,2025-06-30,223,1505076.06,6749.22,0,0,Decor,Wall Art,3451.65,6749.22,2024-04-14,0
SKU0068,2025-07-07,221,1491577.62,6749.22,0,0,Decor,Wall Art,3451.65,6749.22,2024-04-14,0
SKU0068,2025-07-14,250,1687305.0,6749.22,0,0,Decor,Wall Art,3451.65,6749.22,2024-04-14,0
SKU0068,2025-07-21,214,1444333.08,6749.22,0,0,Decor,Wall Art,3451.65,6749.22,2024-04-14,0
SKU0068,2025-07-28,228,1538822.16,6749.22,0,0,Decor,Wall Art,3451.65,6749.22,2024-04-14,0
SKU0068,2025-08-04,215,1451082.3,6749.22,0,0,Decor,Wall Art,3451.65,6749.22,2024-04-14,0
SKU0068,2025-08-11,291,1964023.02,6749.22,0,1,Decor,Wall Art,3451.65,6749.22,2024-04-14,0
SKU0068,2025-08-18,235,1586066.7000000002,6749.22,0,0,Decor,Wall Art,3451.65,6749.22,2024-04-14,0
SKU0068,2025-08-25,260,1754797.2,6749.22,0,0,Decor,Wall Art,3451.65,6749.22,2024-04-14,0
SKU0069,2024-11-18,110,202779.5,1843.45,0,0,Decor,Rugs,1175.88,1843.45,2024-11-21,0
SKU0069,2024-11-25,195,359472.75,1843.45,0,0,Decor,Rugs,1175.88,1843.45,2024-11-21,0
SKU0069,2024-12-02,231,425836.95,1843.45,0,0,Decor,Rugs,1175.88,1843.45,2024-11-21,0
SKU0069,2024-12-09,230,423993.5,1843.45,0,0,Decor,Rugs,1175.88,1843.45,2024-11-21,0
SKU0069,2024-12-16,289,484609.63,1698.1342857142859,3,0,Decor,Rugs,1175.88,1843.45,2024-11-21,1
SKU0069,2024-12-23,499,750687.47,1504.3799999999999,7,1,Decor,Rugs,1175.88,1843.45,2024-11-21,1
SKU0069,2024-12-30,301,517242.09,1746.5728571428572,2,1,Decor,Rugs,1175.88,1843.45,2024-11-21,1
SKU0069,2025-01-06,249,459019.05,1843.45,0,0,Decor,Rugs,1175.88,1843.45,2024-11-21,0
SKU0069,2025-01-13,316,582530.2,1843.45,0,0,Decor,Rugs,1175.88,1843.45,2024-11-21,0
SKU0069,2025-01-20,267,492201.15,1843.45,0,0,Decor,Rugs,1175.88,1843.45,2024-11-21,0
SKU0069,2025-01-27,263,484827.35,1843.45,0,0,Decor,Rugs,1175.88,1843.45,2024-11-21,0
SKU0069,2025-02-03,253,466392.85,1843.45,0,0,Decor,Rugs,1175.88,1843.45,2024-11-21,0
SKU0069,2025-02-10,324,597277.8,1843.45,0,0,Decor,Rugs,1175.88,1843.45,2024-11-21,0
SKU0069,2025-02-17,212,390811.39999999997,1843.45,0,0,Decor,Rugs,1175.88,1843.45,2024-11-21,0
SKU0069,2025-02-24,272,501418.4,1843.45,0,0,Decor,Rugs,1175.88,1843.45,2024-11-21,0
SKU0069,2025-03-03,318,586217.1,1843.45,0,0,Decor,Rugs,1175.88,1843.45,2024-11-21,0
SKU0069,2025-03-10,324,597277.8,1843.45,0,0,Decor,Rugs,1175.88,1843.45,2024-11-21,0
SKU0069,2025-03-17,271,499574.95,1843.45,0,0,Decor,Rugs,1175.88,1843.45,2024-11-21,0
SKU0069,2025-03-24,269,495888.05,1843.45,0,0,Decor,Rugs,1175.88,1843.45,2024-11-21,0
SKU0069,2025-03-31,277,510635.65,1843.45,0,0,Decor,Rugs,1175.88,1843.45,2024-11-21,0
SKU0069,2025-04-07,254,468236.3,1843.45,0,0,Decor,Rugs,1175.88,1843.45,2024-11-21,0
SKU0069,2025-04-14,279,514322.55,1843.45,0,0,Decor,Rugs,1175.88,1843.45,2024-11-21,0
SKU0069,2025-04-21,252,464549.39999999997,1843.45,0,0,Decor,Rugs,1175.88,1843.45,2024-11-21,0
SKU0069,2025-04-28,215,396341.75,1843.45,0,0,Decor,Rugs,1175.88,1843.45,2024-11-21,0
SKU0069,2025-05-05,245,451645.25,1843.45,0,0,Decor,Rugs,1175.88,1843.45,2024-11-21,0
SKU0069,2025-05-12,280,516166.0,1843.45,0,0,Decor,Rugs,1175.88,1843.45,2024-11-21,0
SKU0069,2025-05-19,168,309699.6,1843.45,0,0,Decor,Rugs,1175.88,1843.45,2024-11-21,0
SKU0069,2025-05-26,202,360170.51,1795.0114285714285,1,0,Decor,Rugs,1175.88,1843.45,2024-11-21,1
SKU0069,2025-06-02,398,598744.72,1504.3799999999999,7,0,Decor,Rugs,1175.88,1843.45,2024-11-21,1
SKU0069,2025-06-09,215,365825.78,1746.5728571428572,2,0,Decor,Rugs,1175.88,1843.45,2024-11-21,1
SKU0069,2025-06-16,213,392654.85,1843.45,0,0,Decor,Rugs,1175.88,1843.45,2024-11-21,0
SKU0069,2025-06-23,205,377907.25,1843.45,0,0,Decor,Rugs,1175.88,1843.45,2024-11-21,0
SKU0069,2025-06-30,167,307856.15,1843.45,0,0,Decor,Rugs,1175.88,1843.45,2024-11-21,0
SKU0069,2025-07-07,174,320760.3,1843.45,0,0,Decor,Rugs,1175.88,1843.45,2024-11-21,0
SKU0069,2025-07-14,148,272830.6,1843.45,0,0,Decor,Rugs,1175.88,1843.45,2024-11-21,0
SKU0069,2025-07-21,170,313386.5,1843.45,0,0,Decor,Rugs,1175.88,1843.45,2024-11-21,0
SKU0069,2025-07-28,172,317073.4,1843.45,0,0,Decor,Rugs,1175.88,1843.45,2024-11-21,0
SKU0069,2025-08-04,127,234118.15,1843.45,0,0,Decor,Rugs,1175.88,1843.45,2024-11-21,0
SKU0069,2025-08-11,137,252552.65,1843.45,0,1,Decor,Rugs,1175.88,1843.45,2024-11-21,0
SKU0069,2025-08-18,179,329977.55,1843.45,0,0,Decor,Rugs,1175.88,1843.45,2024-11-21,0
SKU0069,2025-08-25,154,283891.3,1843.45,0,0,Decor,Rugs,1175.88,1843.45,2024-11-21,0
SKU0070,2024-10-21,6,17273.64,2878.94,0,0,Decor,Lighting,1564.92,2878.94,2024-10-27,0
SKU0070,2024-10-28,83,238952.02,2878.94,0,0,Decor,Lighting,1564.92,2878.94,2024-10-27,0
SKU0070,2024-11-04,168,424498.6,2580.637142857143,3,0,Decor,Lighting,1564.92,2878.94,2024-10-27,1
SKU0070,2024-11-11,178,406653.38,2381.7685714285717,5,0,Decor,Lighting,1564.92,2878.94,2024-10-27,1
SKU0070,2024-11-18,111,319562.34,2878.94,0,0,Decor,Lighting,1564.92,2878.94,2024-10-27,0
SKU0070,2024-11-25,91,261983.54,2878.94,0,0,Decor,Lighting,1564.92,2878.94,2024-10-27,0
SKU0070,2024-12-02,129,371383.26,2878.94,0,0,Decor,Lighting,1564.92,2878.94,2024-10-27,0
SKU0070,2024-12-09,121,348351.74,2878.94,0,0,Decor,Lighting,1564.92,2878.94,2024-10-27,0
SKU0070,2024-12-16,159,386755.47,2580.637142857143,3,0,Decor,Lighting,1564.92,2878.94,2024-10-27,1
SKU0070,2024-12-23,197,430031.49,2182.9,7,1,Decor,Lighting,1564.92,2878.94,2024-10-27,1
SKU0070,2024-12-30,117,315954.81,2680.0714285714284,2,1,Decor,Lighting,1564.92,2878.94,2024-10-27,1
SKU0070,2025-01-06,85,244709.9,2878.94,0,0,Decor,Lighting,1564.92,2878.94,2024-10-27,0
SKU0070,2025-01-13,85,244709.9,2878.94,0,0,Decor,Lighting,1564.92,2878.94,2024-10-27,0
SKU0070,2025-01-20,73,210162.62,2878.94,0,0,Decor,Lighting,1564.92,2878.94,2024-10-27,0
SKU0070,2025-01-27,67,192888.98,2878.94,0,0,Decor,Lighting,1564.92,2878.94,2024-10-27,0
SKU0070,2025-02-03,84,241830.96,2878.94,0,0,Decor,Lighting,1564.92,2878.94,2024-10-27,0
SKU0070,2025-02-10,92,264862.48,2878.94,0,0,Decor,Lighting,1564.92,2878.94,2024-10-27,0
SKU0070,2025-02-17,104,299409.76,2878.94,0,0,Decor,Lighting,1564.92,2878.94,2024-10-27,0
SKU0070,2025-02-24,79,227436.26,2878.94,0,0,Decor,Lighting,1564.92,2878.94,2024-10-27,0
SKU0070,2025-03-03,79,227436.26,2878.94,0,0,Decor,Lighting,1564.92,2878.94,2024-10-27,0
SKU0070,2025-03-10,59,169857.46,2878.94,0,0,Decor,Lighting,1564.92,2878.94,2024-10-27,0
SKU0070,2025-03-17,55,158341.7,2878.94,0,0,Decor,Lighting,1564.92,2878.94,2024-10-27,0
SKU0070,2025-03-24,120,345472.8,2878.94,0,0,Decor,Lighting,1564.92,2878.94,2024-10-27,0
SKU0070,2025-03-31,56,161220.64,2878.94,0,0,Decor,Lighting,1564.92,2878.94,2024-10-27,0
SKU0070,2025-04-07,68,195767.92,2878.94,0,0,Decor,Lighting,1564.92,2878.94,2024-10-27,0
SKU0070,2025-04-14,71,204404.74,2878.94,0,0,Decor,Lighting,1564.92,2878.94,2024-10-27,0
SKU0070,2025-04-21,66,190010.03999999998,2878.94,0,0,Decor,Lighting,1564.92,2878.94,2024-10-27,0
SKU0070,2025-04-28,62,178494.28,2878.94,0,0,Decor,Lighting,1564.92,2878.94,2024-10-27,0
SKU0070,2025-05-05,53,152583.82,2878.94,0,0,Decor,Lighting,1564.92,2878.94,2024-10-27,0
SKU0070,2025-05-12,75,215920.5,2878.94,0,0,Decor,Lighting,1564.92,2878.94,2024-10-27,0
SKU0070,2025-05-19,95,273499.3,2878.94,0,0,Decor,Lighting,1564.92,2878.94,2024-10-27,0
SKU0070,2025-05-26,69,194470.63,2779.5057142857145,1,0,Decor,Lighting,1564.92,2878.94,2024-10-27,1
SKU0070,2025-06-02,170,371093.16,2182.9,7,0,Decor,Lighting,1564.92,2878.94,2024-10-27,1
SKU0070,2025-06-09,77,199405.14,2680.0714285714284,2,0,Decor,Lighting,1564.92,2878.94,2024-10-27,1
SKU0070,2025-06-16,62,178494.28,2878.94,0,0,Decor,Lighting,1564.92,2878.94,2024-10-27,0
SKU0070,2025-06-23,92,264862.48,2878.94,0,0,Decor,Lighting,1564.92,2878.94,2024-10-27,0
SKU0070,2025-06-30,89,256225.66,2878.94,0,0,Decor,Lighting,1564.92,2878.94,2024-10-27,0
SKU0070,2025-07-07,73,210162.62,2878.94,0,0,Decor,Lighting,1564.92,2878.94,2024-10-27,0
SKU0070,2025-07-14,73,210162.62,2878.94,0,0,Decor,Lighting,1564.92,2878.94,2024-10-27,0
SKU0070,2025-07-21,77,221678.38,2878.94,0,0,Decor,Lighting,1564.92,2878.94,2024-10-27,0
SKU0070,2025-07-28,108,310925.52,2878.94,0,0,Decor,Lighting,1564.92,2878.94,2024-10-27,0
SKU0070,2025-08-04,77,221678.38,2878.94,0,0,Decor,Lighting,1564.92,2878.94,2024-10-27,0
SKU0070,2025-08-11,95,273499.3,2878.94,0,1,Decor,Lighting,1564.92,2878.94,2024-10-27,0
SKU0070,2025-08-18,91,261983.54,2878.94,0,0,Decor,Lighting,1564.92,2878.94,2024-10-27,0
SKU0070,2025-08-25,92,264862.48,2878.94,0,0,Decor,Lighting,1564.92,2878.94,2024-10-27,0
SKU0071,2024-05-20,39,191105.46000000002,4900.14,0,0,Decor,Lighting,2790.11,4900.14,2024-05-23,0
SKU0071,2024-05-27,74,344541.55000000005,4728.057142857143,2,0,Decor,Lighting,2790.11,4900.14,2024-05-23,1
SKU0071,2024-06-03,120,515741.55,4297.85,7,0,Decor,Lighting,2790.11,4900.14,2024-05-23,1
SKU0071,2024-06-10,74,351769.07,4814.098571428572,1,0,Decor,Lighting,2790.11,4900.14,2024-05-23,1
SKU0071,2024-06-17,76,372410.64,4900.14,0,0,Decor,Lighting,2790.11,4900.14,2024-05-23,0
SKU0071,2024-06-24,98,480213.72000000003,4900.14,0,0,Decor,Lighting,2790.11,4900.14,2024-05-23,0
SKU0071,2024-07-01,61,298908.54000000004,4900.14,0,0,Decor,Lighting,2790.11,4900.14,2024-05-23,0
SKU0071,2024-07-08,80,392011.2,4900.14,0,0,Decor,Lighting,2790.11,4900.14,2024-05-23,0
SKU0071,2024-07-15,78,382210.92000000004,4900.14,0,0,Decor,Lighting,2790.11,4900.14,2024-05-23,0
SKU0071,2024-07-22,81,396911.34,4900.14,0,0,Decor,Lighting,2790.11,4900.14,2024-05-23,0
SKU0071,2024-07-29,78,382210.92000000004,4900.14,0,0,Decor,Lighting,2790.11,4900.14,2024-05-23,0
SKU0071,2024-08-05,64,313608.96,4900.14,0,0,Decor,Lighting,2790.11,4900.14,2024-05-23,0
SKU0071,2024-08-12,108,529215.12,4900.14,0,1,Decor,Lighting,2790.11,4900.14,2024-05-23,0
SKU0071,2024-08-19,71,347909.94,4900.14,0,0,Decor,Lighting,2790.11,4900.14,2024-05-23,0
SKU0071,2024-08-26,83,406711.62,4900.14,0,0,Decor,Lighting,2790.11,4900.14,2024-05-23,0
SKU0071,2024-09-02,73,357710.22000000003,4900.14,0,0,Decor,Lighting,2790.11,4900.14,2024-05-23,0
SKU0071,2024-09-09,77,377310.78,4900.14,0,0,Decor,Lighting,2790.11,4900.14,2024-05-23,0
SKU0071,2024-09-16,88,431212.32,4900.14,0,0,Decor,Lighting,2790.11,4900.14,2024-05-23,0
SKU0071,2024-09-23,82,401811.48,4900.14,0,0,Decor,Lighting,2790.11,4900.14,2024-05-23,0
SKU0071,2024-09-30,92,450812.88,4900.14,0,1,Decor,Lighting,2790.11,4900.14,2024-05-23,0
SKU0071,2024-10-07,81,396911.34,4900.14,0,0,Decor,Lighting,2790.11,4900.14,2024-05-23,0
SKU0071,2024-10-14,87,426312.18000000005,4900.14,0,0,Decor,Lighting,2790.11,4900.14,2024-05-23,0
SKU0071,2024-10-21,79,387111.06000000006,4900.14,0,0,Decor,Lighting,2790.11,4900.14,2024-05-23,0
SKU0071,2024-10-28,77,377310.78,4900.14,0,0,Decor,Lighting,2790.11,4900.14,2024-05-23,0
SKU0071,2024-11-04,115,527980.77,4642.015714285714,3,0,Decor,Lighting,2790.11,4900.14,2024-05-23,1
SKU0071,2024-11-11,172,747661.68,4469.932857142858,5,0,Decor,Lighting,2790.11,4900.14,2024-05-23,1
SKU0071,2024-11-18,86,421412.04000000004,4900.14,0,0,Decor,Lighting,2790.11,4900.14,2024-05-23,0
SKU0071,2024-11-25,99,485113.86000000004,4900.14,0,0,Decor,Lighting,2790.11,4900.14,2024-05-23,0
SKU0071,2024-12-02,99,485113.86000000004,4900.14,0,0,Decor,Lighting,2790.11,4900.14,2024-05-23,0
SKU0071,2024-12-09,108,529215.12,4900.14,0,0,Decor,Lighting,2790.11,4900.14,2024-05-23,0
SKU0071,2024-12-16,129,591764.39,4642.015714285714,3,0,Decor,Lighting,2790.11,4900.14,2024-05-23,1
SKU0071,2024-12-23,176,756420.95,4297.85,7,1,Decor,Lighting,2790.11,4900.14,2024-05-23,1
SKU0071,2024-12-30,127,589191.63,4728.057142857143,2,1,Decor,Lighting,2790.11,4900.14,2024-05-23,1
SKU0071,2025-01-06,87,426312.18,4900.14,0,0,Decor,Lighting,2790.11,4900.14,2024-05-23,0
SKU0071,2025-01-13,84,411611.76,4900.14,0,0,Decor,Lighting,2790.11,4900.14,2024-05-23,0
SKU0071,2025-01-20,70,343009.8,4900.14,0,0,Decor,Lighting,2790.11,4900.14,2024-05-23,0
SKU0071,2025-01-27,86,421412.04000000004,4900.14,0,0,Decor,Lighting,2790.11,4900.14,2024-05-23,0
SKU0071,2025-02-03,76,372410.64,4900.14,0,0,Decor,Lighting,2790.11,4900.14,2024-05-23,0
SKU0071,2025-02-10,66,323409.24,4900.14,0,0,Decor,Lighting,2790.11,4900.14,2024-05-23,0
SKU0071,2025-02-17,96,470413.44,4900.14,0,0,Decor,Lighting,2790.11,4900.14,2024-05-23,0
SKU0071,2025-02-24,64,313608.96,4900.14,0,0,Decor,Lighting,2790.11,4900.14,2024-05-23,0
SKU0071,2025-03-03,70,343009.80000000005,4900.14,0,0,Decor,Lighting,2790.11,4900.14,2024-05-23,0
SKU0071,2025-03-10,67,328309.38,4900.14,0,0,Decor,Lighting,2790.11,4900.14,2024-05-23,0
SKU0071,2025-03-17,61,298908.54000000004,4900.14,0,0,Decor,Lighting,2790.11,4900.14,2024-05-23,0
SKU0071,2025-03-24,98,480213.72,4900.14,0,0,Decor,Lighting,2790.11,4900.14,2024-05-23,0
SKU0071,2025-03-31,58,284208.12,4900.14,0,0,Decor,Lighting,2790.11,4900.14,2024-05-23,0
SKU0071,2025-04-07,55,269507.7,4900.14,0,0,Decor,Lighting,2790.11,4900.14,2024-05-23,0
SKU0071,2025-04-14,51,249907.14,4900.14,0,0,Decor,Lighting,2790.11,4900.14,2024-05-23,0
SKU0071,2025-04-21,40,196005.6,4900.14,0,0,Decor,Lighting,2790.11,4900.14,2024-05-23,0
SKU0071,2025-04-28,72,352810.08,4900.14,0,0,Decor,Lighting,2790.11,4900.14,2024-05-23,0
SKU0071,2025-05-05,51,249907.14,4900.14,0,0,Decor,Lighting,2790.11,4900.14,2024-05-23,0
SKU0071,2025-05-12,68,333209.52,4900.14,0,0,Decor,Lighting,2790.11,4900.14,2024-05-23,0
SKU0071,2025-05-19,83,406711.62,4900.14,0,0,Decor,Lighting,2790.11,4900.14,2024-05-23,0
SKU0071,2025-05-26,107,512269.11,4814.098571428572,1,0,Decor,Lighting,2790.11,4900.14,2024-05-23,1
SKU0071,2025-06-02,138,593102.8,4297.85,7,0,Decor,Lighting,2790.11,4900.14,2024-05-23,1
SKU0071,2025-06-09,70,320122.64,4728.057142857143,2,0,Decor,Lighting,2790.11,4900.14,2024-05-23,1
SKU0071,2025-06-16,76,372410.64,4900.14,0,0,Decor,Lighting,2790.11,4900.14,2024-05-23,0
SKU0071,2025-06-23,63,308708.82,4900.14,0,0,Decor,Lighting,2790.11,4900.14,2024-05-23,0
SKU0071,2025-06-30,63,308708.82,4900.14,0,0,Decor,Lighting,2790.11,4900.14,2024-05-23,0
SKU0071,2025-07-07,89,436112.46,4900.14,0,0,Decor,Lighting,2790.11,4900.14,2024-05-23,0
SKU0071,2025-07-14,77,377310.78,4900.14,0,0,Decor,Lighting,2790.11,4900.14,2024-05-23,0
SKU0071,2025-07-21,67,328309.38,4900.14,0,0,Decor,Lighting,2790.11,4900.14,2024-05-23,0
SKU0071,2025-07-28,63,308708.82,4900.14,0,0,Decor,Lighting,2790.11,4900.14,2024-05-23,0
SKU0071,2025-08-04,54,264607.56,4900.14,0,0,Decor,Lighting,2790.11,4900.14,2024-05-23,0
SKU0071,2025-08-11,66,323409.24,4900.14,0,1,Decor,Lighting,2790.11,4900.14,2024-05-23,0
SKU0071,2025-08-18,90,441012.60000000003,4900.14,0,0,Decor,Lighting,2790.11,4900.14,2024-05-23,0
SKU0071,2025-08-25,101,494914.14,4900.14,0,0,Decor,Lighting,2790.11,4900.14,2024-05-23,0
SKU0072,2025-04-14,47,135759.97,2888.51,0,0,Textiles,Throws,1414.19,2888.51,2025-04-20,0
SKU0072,2025-04-21,213,615252.63,2888.5099999999998,0,0,Textiles,Throws,1414.19,2888.51,2025-04-20,0
SKU0072,2025-04-28,205,592144.55,2888.5099999999998,0,0,Textiles,Throws,1414.19,2888.51,2025-04-20,0
SKU0072,2025-05-05,272,785674.72,2888.5099999999998,0,0,Textiles,Throws,1414.19,2888.51,2025-04-20,0
SKU0072,2025-05-12,275,794340.25,2888.5099999999998,0,0,Textiles,Throws,1414.19,2888.51,2025-04-20,0
SKU0072,2025-05-19,237,684576.87,2888.5099999999998,0,0,Textiles,Throws,1414.19,2888.51,2025-04-20,0
SKU0072,2025-05-26,187,522861.35,2823.5099999999998,1,0,Textiles,Throws,1414.19,2888.51,2025-04-20,1
SKU0072,2025-06-02,375,912566.02,2433.5099999999998,7,0,Textiles,Throws,1414.19,2888.51,2025-04-20,1
SKU0072,2025-06-09,325,851860.63,2758.5099999999998,2,0,Textiles,Throws,1414.19,2888.51,2025-04-20,1
SKU0072,2025-06-16,196,566147.96,2888.5099999999998,0,0,Textiles,Throws,1414.19,2888.51,2025-04-20,0
SKU0072,2025-06-23,229,661468.79,2888.5099999999998,0,0,Textiles,Throws,1414.19,2888.51,2025-04-20,0
SKU0072,2025-06-30,285,823225.35,2888.5099999999998,0,0,Textiles,Throws,1414.19,2888.51,2025-04-20,0
SKU0072,2025-07-07,234,675911.3400000001,2888.5099999999998,0,0,Textiles,Throws,1414.19,2888.51,2025-04-20,0
SKU0072,2025-07-14,166,479492.66000000003,2888.5099999999998,0,0,Textiles,Throws,1414.19,2888.51,2025-04-20,0
SKU0072,2025-07-21,162,467938.62,2888.5099999999998,0,0,Textiles,Throws,1414.19,2888.51,2025-04-20,0
SKU0072,2025-07-28,198,571924.98,2888.5099999999998,0,0,Textiles,Throws,1414.19,2888.51,2025-04-20,0
SKU0072,2025-08-04,178,514154.78,2888.5099999999998,0,0,Textiles,Throws,1414.19,2888.51,2025-04-20,0
SKU0072,2025-08-11,164,473715.64,2888.5099999999998,0,1,Textiles,Throws,1414.19,2888.51,2025-04-20,0
SKU0072,2025-08-18,174,502600.74,2888.5099999999998,0,0,Textiles,Throws,1414.19,2888.51,2025-04-20,0
SKU0072,2025-08-25,146,421722.46,2888.5099999999998,0,0,Textiles,Throws,1414.19,2888.51,2025-04-20,0
SKU0073,2024-11-25,54,357551.28,6621.32,0,0,Textiles,Cushions,3246.91,6621.32,2024-11-30,0
SKU0073,2024-12-02,329,2178414.28,6621.32,0,0,Textiles,Cushions,3246.91,6621.32,2024-11-30,0
SKU0073,2024-12-09,374,2476373.68,6621.32,0,0,Textiles,Cushions,3246.91,6621.32,2024-11-30,0
SKU0073,2024-12-16,173,1086529.24,6005.021428571429,3,0,Textiles,Cushions,3246.91,6621.32,2024-11-30,1
SKU0073,2024-12-23,599,3104792.21,5183.29,7,1,Textiles,Cushions,3246.91,6621.32,2024-11-30,1
SKU0073,2024-12-30,379,2243445.2,6210.454285714286,2,1,Textiles,Cushions,3246.91,6621.32,2024-11-30,1
SKU0073,2025-01-06,225,1489797.0,6621.32,0,0,Textiles,Cushions,3246.91,6621.32,2024-11-30,0
SKU0073,2025-01-13,269,1781135.08,6621.32,0,0,Textiles,Cushions,3246.91,6621.32,2024-11-30,0
SKU0073,2025-01-20,211,1397098.52,6621.32,0,0,Textiles,Cushions,3246.91,6621.32,2024-11-30,0
SKU0073,2025-01-27,283,1873833.56,6621.32,0,0,Textiles,Cushions,3246.91,6621.32,2024-11-30,0
SKU0073,2025-02-03,127,840907.64,6621.32,0,0,Textiles,Cushions,3246.91,6621.32,2024-11-30,0
SKU0073,2025-02-10,182,1205080.24,6621.32,0,0,Textiles,Cushions,3246.91,6621.32,2024-11-30,0
SKU0073,2025-02-17,198,1311021.3599999999,6621.32,0,0,Textiles,Cushions,3246.91,6621.32,2024-11-30,0
SKU0073,2025-02-24,210,1390477.2,6621.32,0,0,Textiles,Cushions,3246.91,6621.32,2024-11-30,0
SKU0073,2025-03-03,260,1721543.2,6621.32,0,0,Textiles,Cushions,3246.91,6621.32,2024-11-30,0
SKU0073,2025-03-10,257,1701679.24,6621.32,0,0,Textiles,Cushions,3246.91,6621.32,2024-11-30,0
SKU0073,2025-03-17,186,1231565.52,6621.32,0,0,Textiles,Cushions,3246.91,6621.32,2024-11-30,0
SKU0073,2025-03-24,212,1403719.84,6621.32,0,0,Textiles,Cushions,3246.91,6621.32,2024-11-30,0
SKU0073,2025-03-31,175,1158731.0,6621.32,0,0,Textiles,Cushions,3246.91,6621.32,2024-11-30,0
SKU0073,2025-04-07,143,946848.76,6621.32,0,0,Textiles,Cushions,3246.91,6621.32,2024-11-30,0
SKU0073,2025-04-14,191,1264672.12,6621.32,0,0,Textiles,Cushions,3246.91,6621.32,2024-11-30,0
SKU0073,2025-04-21,242,1602359.44,6621.32,0,0,Textiles,Cushions,3246.91,6621.32,2024-11-30,0
SKU0073,2025-04-28,261,1728164.52,6621.32,0,0,Textiles,Cushions,3246.91,6621.32,2024-11-30,0
SKU0073,2025-05-05,241,1595738.1199999999,6621.32,0,0,Textiles,Cushions,3246.91,6621.32,2024-11-30,0
SKU0073,2025-05-12,257,1701679.24,6621.32,0,0,Textiles,Cushions,3246.91,6621.32,2024-11-30,0
SKU0073,2025-05-19,215,1423583.8,6621.32,0,0,Textiles,Cushions,3246.91,6621.32,2024-11-30,0
SKU0073,2025-05-26,217,1418132.08,6415.887142857143,1,0,Textiles,Cushions,3246.91,6621.32,2024-11-30,1
SKU0073,2025-06-02,404,2094050.17,5183.29,7,0,Textiles,Cushions,3246.91,6621.32,2024-11-30,1
SKU0073,2025-06-09,358,2041124.27,6210.454285714286,2,0,Textiles,Cushions,3246.91,6621.32,2024-11-30,1
SKU0073,2025-06-16,267,1767892.44,6621.32,0,0,Textiles,Cushions,3246.91,6621.32,2024-11-30,0
SKU0073,2025-06-23,285,1887076.2,6621.32,0,0,Textiles,Cushions,3246.91,6621.32,2024-11-30,0
SKU0073,2025-06-30,299,1979774.6800000002,6621.32,0,0,Textiles,Cushions,3246.91,6621.32,2024-11-30,0
SKU0073,2025-07-07,316,2092337.12,6621.32,0,0,Textiles,Cushions,3246.91,6621.32,2024-11-30,0
SKU0073,2025-07-14,382,2529344.24,6621.32,0,0,Textiles,Cushions,3246.91,6621.32,2024-11-30,0
SKU0073,2025-07-21,333,2204899.56,6621.32,0,0,Textiles,Cushions,3246.91,6621.32,2024-11-30,0
SKU0073,2025-07-28,401,2655149.32,6621.32,0,0,Textiles,Cushions,3246.91,6621.32,2024-11-30,0
SKU0073,2025-08-04,278,1840726.96,6621.32,0,0,Textiles,Cushions,3246.91,6621.32,2024-11-30,0
SKU0073,2025-08-11,427,2827303.64,6621.32,0,1,Textiles,Cushions,3246.91,6621.32,2024-11-30,0
SKU0073,2025-08-18,407,2694877.24,6621.32,0,0,Textiles,Cushions,3246.91,6621.32,2024-11-30,0
SKU0073,2025-08-25,384,2542586.88,6621.32,0,0,Textiles,Cushions,3246.91,6621.32,2024-11-30,0
SKU0074,2024-01-01,176,365330.24,2075.74,0,0,Furniture,Tables,929.26,2075.74,2024-01-02,0
SKU0074,2024-01-08,208,431753.92,2075.74,0,0,Furniture,Tables,929.26,2075.74,2024-01-02,0
SKU0074,2024-01-15,206,427602.44,2075.74,0,0,Furniture,Tables,929.26,2075.74,2024-01-02,0
SKU0074,2024-01-22,200,415148.0,2075.74,0,0,Furniture,Tables,929.26,2075.74,2024-01-02,0
SKU0074,2024-01-29,174,361178.76,2075.74,0,0,Furniture,Tables,929.26,2075.74,2024-01-02,0
SKU0074,2024-02-05,197,408920.78,2075.74,0,0,Furniture,Tables,929.26,2075.74,2024-01-02,0
SKU0074,2024-02-12,176,365330.24,2075.74,0,0,Furniture,Tables,929.26,2075.74,2024-01-02,0
SKU0074,2024-02-19,222,460814.28,2075.74,0,0,Furniture,Tables,929.26,2075.74,2024-01-02,0
SKU0074,2024-02-26,257,533465.18,2075.74,0,0,Furniture,Tables,929.26,2075.74,2024-01-02,0
SKU0074,2024-03-04,238,494026.12,2075.74,0,0,Furniture,Tables,929.26,2075.74,2024-01-02,0
SKU0074,2024-03-11,158,327966.92,2075.74,0,0,Furniture,Tables,929.26,2075.74,2024-01-02,0
SKU0074,2024-03-18,193,400617.82,2075.74,0,0,Furniture,Tables,929.26,2075.74,2024-01-02,0
SKU0074,2024-03-25,145,300982.3,2075.74,0,0,Furniture,Tables,929.26,2075.74,2024-01-02,0
SKU0074,2024-04-01,195,404769.3,2075.74,0,0,Furniture,Tables,929.26,2075.74,2024-01-02,0
SKU0074,2024-04-08,181,375708.94,2075.74,0,0,Furniture,Tables,929.26,2075.74,2024-01-02,0
SKU0074,2024-04-15,130,269846.2,2075.74,0,0,Furniture,Tables,929.26,2075.74,2024-01-02,0
SKU0074,2024-04-22,147,305133.77999999997,2075.74,0,0,Furniture,Tables,929.26,2075.74,2024-01-02,0
SKU0074,2024-04-29,218,452511.32,2075.74,0,0,Furniture,Tables,929.26,2075.74,2024-01-02,0
SKU0074,2024-05-06,229,475344.45999999996,2075.74,0,0,Furniture,Tables,929.26,2075.74,2024-01-02,0
SKU0074,2024-05-13,193,400617.82,2075.74,0,0,Furniture,Tables,929.26,2075.74,2024-01-02,0
SKU0074,2024-05-20,185,384011.9,2075.74,0,0,Furniture,Tables,929.26,2075.74,2024-01-02,0
SKU0074,2024-05-27,246,484971.01,1987.405714285714,2,0,Furniture,Tables,929.26,2075.74,2024-01-02,1
SKU0074,2024-06-03,446,787890.7,1766.57,7,0,Furniture,Tables,929.26,2075.74,2024-01-02,1
SKU0074,2024-06-10,232,463949.05,2031.572857142857,1,0,Furniture,Tables,929.26,2075.74,2024-01-02,1
SKU0074,2024-06-17,252,523086.48,2075.74,0,0,Furniture,Tables,929.26,2075.74,2024-01-02,0
SKU0074,2024-06-24,234,485723.16000000003,2075.74,0,0,Furniture,Tables,929.26,2075.74,2024-01-02,0
SKU0074,2024-07-01,292,606116.08,2075.74,0,0,Furniture,Tables,929.26,2075.74,2024-01-02,0
SKU0074,2024-07-08,287,595737.38,2075.74,0,0,Furniture,Tables,929.26,2075.74,2024-01-02,0
SKU0074,2024-07-15,274,568752.76,2075.74,0,0,Furniture,Tables,929.26,2075.74,2024-01-02,0
SKU0074,2024-07-22,233,483647.42,2075.74,0,0,Furniture,Tables,929.26,2075.74,2024-01-02,0
SKU0074,2024-07-29,322,668388.28,2075.74,0,0,Furniture,Tables,929.26,2075.74,2024-01-02,0
SKU0074,2024-08-05,227,471192.98,2075.74,0,0,Furniture,Tables,929.26,2075.74,2024-01-02,0
SKU0074,2024-08-12,268,556298.3200000001,2075.74,0,1,Furniture,Tables,929.26,2075.74,2024-01-02,0
SKU0074,2024-08-19,212,440056.88,2075.74,0,0,Furniture,Tables,929.26,2075.74,2024-01-02,0
SKU0074,2024-08-26,348,722357.52,2075.74,0,0,Furniture,Tables,929.26,2075.74,2024-01-02,0
SKU0074,2024-09-02,224,464965.76,2075.74,0,0,Furniture,Tables,929.26,2075.74,2024-01-02,0
SKU0074,2024-09-09,264,547995.36,2075.74,0,0,Furniture,Tables,929.26,2075.74,2024-01-02,0
SKU0074,2024-09-16,325,674615.5,2075.74,0,0,Furniture,Tables,929.26,2075.74,2024-01-02,0
SKU0074,2024-09-23,306,635176.44,2075.74,0,0,Furniture,Tables,929.26,2075.74,2024-01-02,0
SKU0074,2024-09-30,265,550071.1,2075.74,0,1,Furniture,Tables,929.26,2075.74,2024-01-02,0
SKU0074,2024-10-07,228,473268.72000000003,2075.74,0,0,Furniture,Tables,929.26,2075.74,2024-01-02,0
SKU0074,2024-10-14,262,543843.88,2075.74,0,0,Furniture,Tables,929.26,2075.74,2024-01-02,0
SKU0074,2024-10-21,299,620646.26,2075.74,0,0,Furniture,Tables,929.26,2075.74,2024-01-02,0
SKU0074,2024-10-28,206,427602.44,2075.74,0,0,Furniture,Tables,929.26,2075.74,2024-01-02,0
SKU0074,2024-11-04,272,517916.77,1943.2385714285713,3,0,Furniture,Tables,929.26,2075.74,2024-01-02,1
SKU0074,2024-11-11,433,781929.5499999999,1854.9042857142854,5,0,Furniture,Tables,929.26,2075.74,2024-01-02,1
SKU0074,2024-11-18,252,523086.48,2075.74,0,0,Furniture,Tables,929.26,2075.74,2024-01-02,0
SKU0074,2024-11-25,192,398542.08,2075.74,0,0,Furniture,Tables,929.26,2075.74,2024-01-02,0
SKU0074,2024-12-02,214,444208.36,2075.74,0,0,Furniture,Tables,929.26,2075.74,2024-01-02,0
SKU0074,2024-12-09,191,396466.34,2075.74,0,0,Furniture,Tables,929.26,2075.74,2024-01-02,0
SKU0074,2024-12-16,276,534567.3,1943.2385714285713,3,0,Furniture,Tables,929.26,2075.74,2024-01-02,1
SKU0074,2024-12-23,418,738426.7,1766.57,7,1,Furniture,Tables,929.26,2075.74,2024-01-02,1
SKU0074,2024-12-30,244,469380.29000000004,1987.405714285714,2,1,Furniture,Tables,929.26,2075.74,2024-01-02,1
SKU0074,2025-01-06,241,500253.34,2075.74,0,0,Furniture,Tables,929.26,2075.74,2024-01-02,0
SKU0074,2025-01-13,191,396466.33999999997,2075.74,0,0,Furniture,Tables,929.26,2075.74,2024-01-02,0
SKU0074,2025-01-20,236,489874.64,2075.74,0,0,Furniture,Tables,929.26,2075.74,2024-01-02,0
SKU0074,2025-01-27,203,421375.22,2075.74,0,0,Furniture,Tables,929.26,2075.74,2024-01-02,0
SKU0074,2025-02-03,197,408920.78,2075.74,0,0,Furniture,Tables,929.26,2075.74,2024-01-02,0
SKU0074,2025-02-10,231,479495.94,2075.74,0,0,Furniture,Tables,929.26,2075.74,2024-01-02,0
SKU0074,2025-02-17,155,321739.7,2075.74,0,0,Furniture,Tables,929.26,2075.74,2024-01-02,0
SKU0074,2025-02-24,245,508556.3,2075.74,0,0,Furniture,Tables,929.26,2075.74,2024-01-02,0
SKU0074,2025-03-03,149,309285.26,2075.74,0,0,Furniture,Tables,929.26,2075.74,2024-01-02,0
SKU0074,2025-03-10,222,460814.28,2075.74,0,0,Furniture,Tables,929.26,2075.74,2024-01-02,0
SKU0074,2025-03-17,189,392314.86,2075.74,0,0,Furniture,Tables,929.26,2075.74,2024-01-02,0
SKU0074,2025-03-24,174,361178.76,2075.74,0,0,Furniture,Tables,929.26,2075.74,2024-01-02,0
SKU0074,2025-03-31,179,371557.46,2075.74,0,0,Furniture,Tables,929.26,2075.74,2024-01-02,0
SKU0074,2025-04-07,181,375708.94,2075.74,0,0,Furniture,Tables,929.26,2075.74,2024-01-02,0
SKU0074,2025-04-14,196,406845.04,2075.74,0,0,Furniture,Tables,929.26,2075.74,2024-01-02,0
SKU0074,2025-04-21,163,338345.62,2075.74,0,0,Furniture,Tables,929.26,2075.74,2024-01-02,0
SKU0074,2025-04-28,186,386087.64,2075.74,0,0,Furniture,Tables,929.26,2075.74,2024-01-02,0
SKU0074,2025-05-05,145,300982.3,2075.74,0,0,Furniture,Tables,929.26,2075.74,2024-01-02,0
SKU0074,2025-05-12,213,442132.62,2075.74,0,0,Furniture,Tables,929.26,2075.74,2024-01-02,0
SKU0074,2025-05-19,196,406845.04000000004,2075.74,0,0,Furniture,Tables,929.26,2075.74,2024-01-02,0
SKU0074,2025-05-26,156,311757.85,2031.572857142857,1,0,Furniture,Tables,929.26,2075.74,2024-01-02,1
SKU0074,2025-06-02,348,614766.73,1766.57,7,0,Furniture,Tables,929.26,2075.74,2024-01-02,1
SKU0074,2025-06-09,310,598340.74,1987.405714285714,2,0,Furniture,Tables,929.26,2075.74,2024-01-02,1
SKU0074,2025-06-16,176,365330.24,2075.74,0,0,Furniture,Tables,929.26,2075.74,2024-01-02,0
SKU0074,2025-06-23,218,452511.32,2075.74,0,0,Furniture,Tables,929.26,2075.74,2024-01-02,0
SKU0074,2025-06-30,299,620646.26,2075.74,0,0,Furniture,Tables,929.26,2075.74,2024-01-02,0
SKU0074,2025-07-07,268,556298.32,2075.74,0,0,Furniture,Tables,929.26,2075.74,2024-01-02,0
SKU0074,2025-07-14,174,361178.76,2075.74,0,0,Furniture,Tables,929.26,2075.74,2024-01-02,0
SKU0074,2025-07-21,262,543843.88,2075.74,0,0,Furniture,Tables,929.26,2075.74,2024-01-02,0
SKU0074,2025-07-28,214,444208.36,2075.74,0,0,Furniture,Tables,929.26,2075.74,2024-01-02,0
SKU0074,2025-08-04,238,494026.12,2075.74,0,0,Furniture,Tables,929.26,2075.74,2024-01-02,0
SKU0074,2025-08-11,274,568752.76,2075.74,0,1,Furniture,Tables,929.26,2075.74,2024-01-02,0
SKU0074,2025-08-18,270,560449.7999999999,2075.74,0,0,Furniture,Tables,929.26,2075.74,2024-01-02,0
SKU0074,2025-08-25,356,738963.44,2075.74,0,0,Furniture,Tables,929.26,2075.74,2024-01-02,0
SKU0075,2023-11-27,65,247555.09999999998,3808.54,0,0,Textiles,Throws,2515.36,3808.54,2023-12-02,0
SKU0075,2023-12-04,365,1390117.1,3808.54,0,0,Textiles,Throws,2515.36,3808.54,2023-12-02,0
SKU0075,2023-12-11,276,1051157.04,3808.54,0,0,Textiles,Throws,2515.36,3808.54,2023-12-02,0
SKU0075,2023-12-18,488,1549845.3199999998,3158.054285714286,5,0,Textiles,Throws,2515.36,3808.54,2023-12-02,1
SKU0075,2023-12-25,535,1550352.46,2897.86,7,1,Textiles,Throws,2515.36,3808.54,2023-12-02,1
SKU0075,2024-01-01,269,1024497.26,3808.54,0,1,Textiles,Throws,2515.36,3808.54,2023-12-02,0
SKU0075,2024-01-08,330,1256818.2,3808.54,0,0,Textiles,Throws,2515.36,3808.54,2023-12-02,0
SKU0075,2024-01-15,221,841687.34,3808.54,0,0,Textiles,Throws,2515.36,3808.54,2023-12-02,0
SKU0075,2024-01-22,293,1115902.22,3808.54,0,0,Textiles,Throws,2515.36,3808.54,2023-12-02,0
SKU0075,2024-01-29,320,1218732.8,3808.54,0,0,Textiles,Throws,2515.36,3808.54,2023-12-02,0
SKU0075,2024-02-05,249,948326.4600000001,3808.54,0,0,Textiles,Throws,2515.36,3808.54,2023-12-02,0
SKU0075,2024-02-12,221,841687.3400000001,3808.54,0,0,Textiles,Throws,2515.36,3808.54,2023-12-02,0
SKU0075,2024-02-19,238,906432.52,3808.54,0,0,Textiles,Throws,2515.36,3808.54,2023-12-02,0
SKU0075,2024-02-26,315,1199690.1,3808.54,0,0,Textiles,Throws,2515.36,3808.54,2023-12-02,0
SKU0075,2024-03-04,232,883581.28,3808.54,0,0,Textiles,Throws,2515.36,3808.54,2023-12-02,0
SKU0075,2024-03-11,257,978794.78,3808.54,0,0,Textiles,Throws,2515.36,3808.54,2023-12-02,0
SKU0075,2024-03-18,364,1386308.56,3808.54,0,0,Textiles,Throws,2515.36,3808.54,2023-12-02,0
SKU0075,2024-03-25,232,883581.28,3808.54,0,0,Textiles,Throws,2515.36,3808.54,2023-12-02,0
SKU0075,2024-04-01,215,818836.1,3808.54,0,0,Textiles,Throws,2515.36,3808.54,2023-12-02,0
SKU0075,2024-04-08,224,853112.96,3808.54,0,0,Textiles,Throws,2515.36,3808.54,2023-12-02,0
SKU0075,2024-04-15,236,898815.44,3808.54,0,0,Textiles,Throws,2515.36,3808.54,2023-12-02,0
SKU0075,2024-04-22,271,1032114.3400000001,3808.54,0,0,Textiles,Throws,2515.36,3808.54,2023-12-02,0
SKU0075,2024-04-29,295,1123519.3,3808.54,0,0,Textiles,Throws,2515.36,3808.54,2023-12-02,0
SKU0075,2024-05-06,182,693154.28,3808.54,0,0,Textiles,Throws,2515.36,3808.54,2023-12-02,0
SKU0075,2024-05-13,240,914049.6,3808.54,0,0,Textiles,Throws,2515.36,3808.54,2023-12-02,0
SKU0075,2024-05-20,239,910241.06,3808.54,0,0,Textiles,Throws,2515.36,3808.54,2023-12-02,0
SKU0075,2024-05-27,192,664759.6799999999,3548.345714285714,2,0,Textiles,Throws,2515.36,3808.54,2023-12-02,1
SKU0075,2024-06-03,470,1361991.86,2897.86,7,0,Textiles,Throws,2515.36,3808.54,2023-12-02,1
SKU0075,2024-06-10,210,786133.13,3678.442857142857,1,0,Textiles,Throws,2515.36,3808.54,2023-12-02,1
SKU0075,2024-06-17,212,807410.48,3808.54,0,0,Textiles,Throws,2515.36,3808.54,2023-12-02,0
SKU0075,2024-06-24,239,910241.06,3808.54,0,0,Textiles,Throws,2515.36,3808.54,2023-12-02,0
SKU0075,2024-07-01,192,731239.6799999999,3808.54,0,0,Textiles,Throws,2515.36,3808.54,2023-12-02,0
SKU0075,2024-07-08,272,1035922.88,3808.54,0,0,Textiles,Throws,2515.36,3808.54,2023-12-02,0
SKU0075,2024-07-15,224,853112.96,3808.54,0,0,Textiles,Throws,2515.36,3808.54,2023-12-02,0
SKU0075,2024-07-22,246,936900.84,3808.54,0,0,Textiles,Throws,2515.36,3808.54,2023-12-02,0
SKU0075,2024-07-29,260,990220.4,3808.54,0,0,Textiles,Throws,2515.36,3808.54,2023-12-02,0
SKU0075,2024-08-05,199,757899.46,3808.54,0,0,Textiles,Throws,2515.36,3808.54,2023-12-02,0
SKU0075,2024-08-12,194,738856.76,3808.54,0,1,Textiles,Throws,2515.36,3808.54,2023-12-02,0
SKU0075,2024-08-19,151,575089.54,3808.54,0,0,Textiles,Throws,2515.36,3808.54,2023-12-02,0
SKU0075,2024-08-26,245,933092.3,3808.54,0,0,Textiles,Throws,2515.36,3808.54,2023-12-02,0
SKU0075,2024-09-02,275,1047348.5,3808.54,0,0,Textiles,Throws,2515.36,3808.54,2023-12-02,0
SKU0075,2024-09-09,293,1115902.22,3808.54,0,0,Textiles,Throws,2515.36,3808.54,2023-12-02,0
SKU0075,2024-09-16,219,834070.26,3808.54,0,0,Textiles,Throws,2515.36,3808.54,2023-12-02,0
SKU0075,2024-09-23,276,1051157.04,3808.54,0,0,Textiles,Throws,2515.36,3808.54,2023-12-02,0
SKU0075,2024-09-30,249,948326.46,3808.54,0,1,Textiles,Throws,2515.36,3808.54,2023-12-02,0
SKU0075,2024-10-07,228,868347.12,3808.54,0,0,Textiles,Throws,2515.36,3808.54,2023-12-02,0
SKU0075,2024-10-14,340,1294903.5999999999,3808.54,0,0,Textiles,Throws,2515.36,3808.54,2023-12-02,0
SKU0075,2024-10-21,296,1127327.84,3808.54,0,0,Textiles,Throws,2515.36,3808.54,2023-12-02,0
SKU0075,2024-10-28,216,822644.64,3808.54,0,0,Textiles,Throws,2515.36,3808.54,2023-12-02,0
SKU0075,2024-11-04,335,1165668.02,3418.2485714285717,3,0,Textiles,Throws,2515.36,3808.54,2023-12-02,1
SKU0075,2024-11-11,617,1839885.6,3158.054285714286,5,0,Textiles,Throws,2515.36,3808.54,2023-12-02,1
SKU0075,2024-11-18,378,1439628.12,3808.54,0,0,Textiles,Throws,2515.36,3808.54,2023-12-02,0
SKU0075,2024-11-25,323,1230158.42,3808.54,0,0,Textiles,Throws,2515.36,3808.54,2023-12-02,0
SKU0075,2024-12-02,251,955943.54,3808.54,0,0,Textiles,Throws,2515.36,3808.54,2023-12-02,0
SKU0075,2024-12-09,323,1230158.4200000002,3808.54,0,0,Textiles,Throws,2515.36,3808.54,2023-12-02,0
SKU0075,2024-12-16,424,1480039.59,3418.2485714285717,3,0,Textiles,Throws,2515.36,3808.54,2023-12-02,1
SKU0075,2024-12-23,521,1509782.48,2897.86,7,1,Textiles,Throws,2515.36,3808.54,2023-12-02,1
SKU0075,2024-12-30,339,1162688.48,3548.345714285714,2,1,Textiles,Throws,2515.36,3808.54,2023-12-02,1
SKU0075,2025-01-06,272,1035922.88,3808.54,0,0,Textiles,Throws,2515.36,3808.54,2023-12-02,0
SKU0075,2025-01-13,278,1058774.12,3808.54,0,0,Textiles,Throws,2515.36,3808.54,2023-12-02,0
SKU0075,2025-01-20,275,1047348.5,3808.54,0,0,Textiles,Throws,2515.36,3808.54,2023-12-02,0
SKU0075,2025-01-27,244,929283.76,3808.54,0,0,Textiles,Throws,2515.36,3808.54,2023-12-02,0
SKU0075,2025-02-03,246,936900.84,3808.54,0,0,Textiles,Throws,2515.36,3808.54,2023-12-02,0
SKU0075,2025-02-10,272,1035922.88,3808.54,0,0,Textiles,Throws,2515.36,3808.54,2023-12-02,0
SKU0075,2025-02-17,260,990220.3999999999,3808.54,0,0,Textiles,Throws,2515.36,3808.54,2023-12-02,0
SKU0075,2025-02-24,371,1412968.34,3808.54,0,0,Textiles,Throws,2515.36,3808.54,2023-12-02,0
SKU0075,2025-03-03,191,727431.14,3808.54,0,0,Textiles,Throws,2515.36,3808.54,2023-12-02,0
SKU0075,2025-03-10,185,704579.9,3808.54,0,0,Textiles,Throws,2515.36,3808.54,2023-12-02,0
SKU0075,2025-03-17,222,845495.88,3808.54,0,0,Textiles,Throws,2515.36,3808.54,2023-12-02,0
SKU0075,2025-03-24,242,921666.68,3808.54,0,0,Textiles,Throws,2515.36,3808.54,2023-12-02,0
SKU0075,2025-03-31,301,1146370.54,3808.54,0,0,Textiles,Throws,2515.36,3808.54,2023-12-02,0
SKU0075,2025-04-07,346,1317754.84,3808.54,0,0,Textiles,Throws,2515.36,3808.54,2023-12-02,0
SKU0075,2025-04-14,255,971177.7,3808.54,0,0,Textiles,Throws,2515.36,3808.54,2023-12-02,0
SKU0075,2025-04-21,244,929283.76,3808.54,0,0,Textiles,Throws,2515.36,3808.54,2023-12-02,0
SKU0075,2025-04-28,258,982603.32,3808.54,0,0,Textiles,Throws,2515.36,3808.54,2023-12-02,0
SKU0075,2025-05-05,319,1214924.26,3808.54,0,0,Textiles,Throws,2515.36,3808.54,2023-12-02,0
SKU0075,2025-05-12,267,1016880.18,3808.54,0,0,Textiles,Throws,2515.36,3808.54,2023-12-02,0
SKU0075,2025-05-19,222,845495.88,3808.54,0,0,Textiles,Throws,2515.36,3808.54,2023-12-02,0
SKU0075,2025-05-26,271,1013900.64,3678.442857142857,1,0,Textiles,Throws,2515.36,3808.54,2023-12-02,1
SKU0075,2025-06-02,466,1350400.45,2897.86,7,0,Textiles,Throws,2515.36,3808.54,2023-12-02,1
SKU0075,2025-06-09,464,1592311.05,3548.345714285714,2,0,Textiles,Throws,2515.36,3808.54,2023-12-02,1
SKU0075,2025-06-16,174,662685.96,3808.54,0,0,Textiles,Throws,2515.36,3808.54,2023-12-02,0
SKU0075,2025-06-23,231,879772.74,3808.54,0,0,Textiles,Throws,2515.36,3808.54,2023-12-02,0
SKU0075,2025-06-30,213,811219.02,3808.54,0,0,Textiles,Throws,2515.36,3808.54,2023-12-02,0
SKU0075,2025-07-07,249,948326.46,3808.54,0,0,Textiles,Throws,2515.36,3808.54,2023-12-02,0
SKU0075,2025-07-14,191,727431.14,3808.54,0,0,Textiles,Throws,2515.36,3808.54,2023-12-02,0
SKU0075,2025-07-21,246,936900.84,3808.54,0,0,Textiles,Throws,2515.36,3808.54,2023-12-02,0
SKU0075,2025-07-28,273,1039731.42,3808.54,0,0,Textiles,Throws,2515.36,3808.54,2023-12-02,0
SKU0075,2025-08-04,290,1104476.5999999999,3808.54,0,0,Textiles,Throws,2515.36,3808.54,2023-12-02,0
SKU0075,2025-08-11,170,647451.8,3808.54,0,1,Textiles,Throws,2515.36,3808.54,2023-12-02,0
SKU0075,2025-08-18,210,799793.4,3808.54,0,0,Textiles,Throws,2515.36,3808.54,2023-12-02,0
SKU0075,2025-08-25,264,1005454.56,3808.54,0,0,Textiles,Throws,2515.36,3808.54,2023-12-02,0
SKU0076,2024-08-26,14,24247.3,1731.95,0,0,Furniture,Storage,679.02,1731.95,2024-09-01,0
SKU0076,2024-09-02,58,100453.1,1731.95,0,0,Furniture,Storage,679.02,1731.95,2024-09-01,0
SKU0076,2024-09-09,108,187050.6,1731.95,0,0,Furniture,Storage,679.02,1731.95,2024-09-01,0
SKU0076,2024-09-16,67,116040.65,1731.95,0,0,Furniture,Storage,679.02,1731.95,2024-09-01,0
SKU0076,2024-09-23,80,138556.0,1731.95,0,0,Furniture,Storage,679.02,1731.95,2024-09-01,0
SKU0076,2024-09-30,67,116040.65,1731.95,0,1,Furniture,Storage,679.02,1731.95,2024-09-01,0
SKU0076,2024-10-07,95,164535.25,1731.95,0,0,Furniture,Storage,679.02,1731.95,2024-09-01,0
SKU0076,2024-10-14,104,180122.8,1731.95,0,0,Furniture,Storage,679.02,1731.95,2024-09-01,0
SKU0076,2024-10-21,125,216493.75,1731.95,0,0,Furniture,Storage,679.02,1731.95,2024-09-01,0
SKU0076,2024-10-28,100,173195.0,1731.95,0,0,Furniture,Storage,679.02,1731.95,2024-09-01,0
SKU0076,2024-11-04,160,256481.66999999998,1625.4242857142858,3,0,Furniture,Storage,679.02,1731.95,2024-09-01,1
SKU0076,2024-11-11,184,278909.48,1554.4071428571428,5,0,Furniture,Storage,679.02,1731.95,2024-09-01,1
SKU0076,2024-11-18,121,209565.95,1731.95,0,0,Furniture,Storage,679.02,1731.95,2024-09-01,0
SKU0076,2024-11-25,146,252864.7,1731.95,0,0,Furniture,Storage,679.02,1731.95,2024-09-01,0
SKU0076,2024-12-02,64,110844.8,1731.95,0,0,Furniture,Storage,679.02,1731.95,2024-09-01,0
SKU0076,2024-12-09,129,223421.55,1731.95,0,0,Furniture,Storage,679.02,1731.95,2024-09-01,0
SKU0076,2024-12-16,150,244381.89,1625.4242857142858,3,0,Furniture,Storage,679.02,1731.95,2024-09-01,1
SKU0076,2024-12-23,197,292228.19,1483.39,7,1,Furniture,Storage,679.02,1731.95,2024-09-01,1
SKU0076,2024-12-30,156,254276.47,1660.9328571428573,2,1,Furniture,Storage,679.02,1731.95,2024-09-01,1
SKU0076,2025-01-06,118,204370.1,1731.95,0,0,Furniture,Storage,679.02,1731.95,2024-09-01,0
SKU0076,2025-01-13,99,171463.05,1731.95,0,0,Furniture,Storage,679.02,1731.95,2024-09-01,0
SKU0076,2025-01-20,96,166267.2,1731.95,0,0,Furniture,Storage,679.02,1731.95,2024-09-01,0
SKU0076,2025-01-27,104,180122.80000000002,1731.95,0,0,Furniture,Storage,679.02,1731.95,2024-09-01,0
SKU0076,2025-02-03,78,135092.1,1731.95,0,0,Furniture,Storage,679.02,1731.95,2024-09-01,0
SKU0076,2025-02-10,120,207834.0,1731.95,0,0,Furniture,Storage,679.02,1731.95,2024-09-01,0
SKU0076,2025-02-17,114,197442.3,1731.95,0,0,Furniture,Storage,679.02,1731.95,2024-09-01,0
SKU0076,2025-02-24,123,213029.85,1731.95,0,0,Furniture,Storage,679.02,1731.95,2024-09-01,0
SKU0076,2025-03-03,86,148947.69999999998,1731.95,0,0,Furniture,Storage,679.02,1731.95,2024-09-01,0
SKU0076,2025-03-10,76,131628.2,1731.95,0,0,Furniture,Storage,679.02,1731.95,2024-09-01,0
SKU0076,2025-03-17,113,195710.35,1731.95,0,0,Furniture,Storage,679.02,1731.95,2024-09-01,0
SKU0076,2025-03-24,68,117772.6,1731.95,0,0,Furniture,Storage,679.02,1731.95,2024-09-01,0
SKU0076,2025-03-31,76,131628.2,1731.95,0,0,Furniture,Storage,679.02,1731.95,2024-09-01,0
SKU0076,2025-04-07,62,107380.9,1731.95,0,0,Furniture,Storage,679.02,1731.95,2024-09-01,0
SKU0076,2025-04-14,80,138556.0,1731.95,0,0,Furniture,Storage,679.02,1731.95,2024-09-01,0
SKU0076,2025-04-21,74,128164.3,1731.95,0,0,Furniture,Storage,679.02,1731.95,2024-09-01,0
SKU0076,2025-04-28,72,124700.4,1731.95,0,0,Furniture,Storage,679.02,1731.95,2024-09-01,0
SKU0076,2025-05-05,67,116040.65000000001,1731.95,0,0,Furniture,Storage,679.02,1731.95,2024-09-01,0
SKU0076,2025-05-12,49,84865.54999999999,1731.95,0,0,Furniture,Storage,679.02,1731.95,2024-09-01,0
SKU0076,2025-05-19,53,91793.35,1731.95,0,0,Furniture,Storage,679.02,1731.95,2024-09-01,0
SKU0076,2025-05-26,55,92274.55,1696.4414285714286,1,0,Furniture,Storage,679.02,1731.95,2024-09-01,1
SKU0076,2025-06-02,119,176523.62,1483.39,7,0,Furniture,Storage,679.02,1731.95,2024-09-01,1
SKU0076,2025-06-09,86,138508.26,1660.9328571428573,2,0,Furniture,Storage,679.02,1731.95,2024-09-01,1
SKU0076,2025-06-16,69,119504.55,1731.95,0,0,Furniture,Storage,679.02,1731.95,2024-09-01,0
SKU0076,2025-06-23,54,93525.3,1731.95,0,0,Furniture,Storage,679.02,1731.95,2024-09-01,0
SKU0076,2025-06-30,63,109112.85,1731.95,0,0,Furniture,Storage,679.02,1731.95,2024-09-01,0
SKU0076,2025-07-07,59,102185.05,1731.95,0,0,Furniture,Storage,679.02,1731.95,2024-09-01,0
SKU0076,2025-07-14,61,105648.95,1731.95,0,0,Furniture,Storage,679.02,1731.95,2024-09-01,0
SKU0076,2025-07-21,112,193978.4,1731.95,0,0,Furniture,Storage,679.02,1731.95,2024-09-01,0
SKU0076,2025-07-28,74,128164.3,1731.95,0,0,Furniture,Storage,679.02,1731.95,2024-09-01,0
SKU0076,2025-08-04,106,183586.7,1731.95,0,0,Furniture,Storage,679.02,1731.95,2024-09-01,0
SKU0076,2025-08-11,67,116040.65000000001,1731.95,0,1,Furniture,Storage,679.02,1731.95,2024-09-01,0
SKU0076,2025-08-18,80,138556.0,1731.95,0,0,Furniture,Storage,679.02,1731.95,2024-09-01,0
SKU0076,2025-08-25,81,140287.95,1731.95,0,0,Furniture,Storage,679.02,1731.95,2024-09-01,0
SKU0077,2024-10-14,0,0.0,7446.37,0,0,Textiles,Cushions,3163.1,7446.37,2024-10-20,0
SKU0077,2024-10-21,6,44678.22,7446.37,0,0,Textiles,Cushions,3163.1,7446.37,2024-10-20,0
SKU0077,2024-10-28,13,96802.81,7446.37,0,0,Textiles,Cushions,3163.1,7446.37,2024-10-20,0
SKU0077,2024-11-04,27,186664.66,6932.538571428572,3,0,Textiles,Cushions,3163.1,7446.37,2024-10-20,1
SKU0077,2024-11-11,30,191019.6,6589.984285714286,5,0,Textiles,Cushions,3163.1,7446.37,2024-10-20,1
SKU0077,2024-11-18,16,119141.92,7446.37,0,0,Textiles,Cushions,3163.1,7446.37,2024-10-20,0
SKU0077,2024-11-25,17,126588.29,7446.37,0,0,Textiles,Cushions,3163.1,7446.37,2024-10-20,0
SKU0077,2024-12-02,16,119141.92,7446.37,0,0,Textiles,Cushions,3163.1,7446.37,2024-10-20,0
SKU0077,2024-12-09,20,148927.4,7446.37,0,0,Textiles,Cushions,3163.1,7446.37,2024-10-20,0
SKU0077,2024-12-16,24,163126.6,6932.538571428572,3,0,Textiles,Cushions,3163.1,7446.37,2024-10-20,1
SKU0077,2024-12-23,24,149938.22,6247.43,7,1,Textiles,Cushions,3163.1,7446.37,2024-10-20,1
SKU0077,2024-12-30,33,227746.05,7103.815714285714,2,1,Textiles,Cushions,3163.1,7446.37,2024-10-20,1
SKU0077,2025-01-06,24,178712.88,7446.37,0,0,Textiles,Cushions,3163.1,7446.37,2024-10-20,0
SKU0077,2025-01-13,18,134034.66,7446.37,0,0,Textiles,Cushions,3163.1,7446.37,2024-10-20,0
SKU0077,2025-01-20,11,81910.06999999999,7446.37,0,0,Textiles,Cushions,3163.1,7446.37,2024-10-20,0
SKU0077,2025-01-27,14,104249.18000000001,7446.37,0,0,Textiles,Cushions,3163.1,7446.37,2024-10-20,0
SKU0077,2025-02-03,13,96802.81,7446.37,0,0,Textiles,Cushions,3163.1,7446.37,2024-10-20,0
SKU0077,2025-02-10,10,74463.7,7446.37,0,0,Textiles,Cushions,3163.1,7446.37,2024-10-20,0
SKU0077,2025-02-17,19,141481.03,7446.37,0,0,Textiles,Cushions,3163.1,7446.37,2024-10-20,0
SKU0077,2025-02-24,12,89356.44,7446.37,0,0,Textiles,Cushions,3163.1,7446.37,2024-10-20,0
SKU0077,2025-03-03,12,89356.44,7446.37,0,0,Textiles,Cushions,3163.1,7446.37,2024-10-20,0
SKU0077,2025-03-10,15,111695.55,7446.37,0,0,Textiles,Cushions,3163.1,7446.37,2024-10-20,0
SKU0077,2025-03-17,18,134034.66,7446.37,0,0,Textiles,Cushions,3163.1,7446.37,2024-10-20,0
SKU0077,2025-03-24,17,126588.29,7446.37,0,0,Textiles,Cushions,3163.1,7446.37,2024-10-20,0
SKU0077,2025-03-31,20,148927.4,7446.37,0,0,Textiles,Cushions,3163.1,7446.37,2024-10-20,0
SKU0077,2025-04-07,16,119141.92,7446.37,0,0,Textiles,Cushions,3163.1,7446.37,2024-10-20,0
SKU0077,2025-04-14,14,104249.18,7446.37,0,0,Textiles,Cushions,3163.1,7446.37,2024-10-20,0
SKU0077,2025-04-21,17,126588.29000000001,7446.37,0,0,Textiles,Cushions,3163.1,7446.37,2024-10-20,0
SKU0077,2025-04-28,17,126588.29,7446.37,0,0,Textiles,Cushions,3163.1,7446.37,2024-10-20,0
SKU0077,2025-05-05,17,126588.29,7446.37,0,0,Textiles,Cushions,3163.1,7446.37,2024-10-20,0
SKU0077,2025-05-12,11,81910.06999999999,7446.37,0,0,Textiles,Cushions,3163.1,7446.37,2024-10-20,0
SKU0077,2025-05-19,13,96802.81,7446.37,0,0,Textiles,Cushions,3163.1,7446.37,2024-10-20,0
SKU0077,2025-05-26,10,70866.87,7275.092857142858,1,0,Textiles,Cushions,3163.1,7446.37,2024-10-20,1
SKU0077,2025-06-02,44,274886.73,6247.43,7,0,Textiles,Cushions,3163.1,7446.37,2024-10-20,1
SKU0077,2025-06-09,22,147034.92,7103.815714285714,2,0,Textiles,Cushions,3163.1,7446.37,2024-10-20,1
SKU0077,2025-06-16,23,171266.50999999998,7446.37,0,0,Textiles,Cushions,3163.1,7446.37,2024-10-20,0
SKU0077,2025-06-23,17,126588.29000000001,7446.37,0,0,Textiles,Cushions,3163.1,7446.37,2024-10-20,0
SKU0077,2025-06-30,27,201051.99,7446.37,0,0,Textiles,Cushions,3163.1,7446.37,2024-10-20,0
SKU0077,2025-07-07,22,163820.14,7446.37,0,0,Textiles,Cushions,3163.1,7446.37,2024-10-20,0
SKU0077,2025-07-14,11,81910.07,7446.37,0,0,Textiles,Cushions,3163.1,7446.37,2024-10-20,0
SKU0077,2025-07-21,14,104249.18,7446.37,0,0,Textiles,Cushions,3163.1,7446.37,2024-10-20,0
SKU0077,2025-07-28,20,148927.4,7446.37,0,0,Textiles,Cushions,3163.1,7446.37,2024-10-20,0
SKU0077,2025-08-04,20,148927.4,7446.37,0,0,Textiles,Cushions,3163.1,7446.37,2024-10-20,0
SKU0077,2025-08-11,19,141481.03,7446.37,0,1,Textiles,Cushions,3163.1,7446.37,2024-10-20,0
SKU0077,2025-08-18,9,67017.33,7446.37,0,0,Textiles,Cushions,3163.1,7446.37,2024-10-20,0
SKU0077,2025-08-25,7,52124.59,7446.37,0,0,Textiles,Cushions,3163.1,7446.37,2024-10-20,0
SKU0078,2025-01-13,31,34217.8,1103.8,0,0,Furniture,Storage,515.94,1103.8,2025-01-18,0
SKU0078,2025-01-20,157,173296.6,1103.8,0,0,Furniture,Storage,515.94,1103.8,2025-01-18,0
SKU0078,2025-01-27,129,142390.2,1103.8,0,0,Furniture,Storage,515.94,1103.8,2025-01-18,0
SKU0078,2025-02-03,158,174400.4,1103.8,0,0,Furniture,Storage,515.94,1103.8,2025-01-18,0
SKU0078,2025-02-10,196,216344.8,1103.8,0,0,Furniture,Storage,515.94,1103.8,2025-01-18,0
SKU0078,2025-02-17,176,194268.8,1103.8,0,0,Furniture,Storage,515.94,1103.8,2025-01-18,0
SKU0078,2025-02-24,178,196476.4,1103.8,0,0,Furniture,Storage,515.94,1103.8,2025-01-18,0
SKU0078,2025-03-03,245,270431.0,1103.8,0,0,Furniture,Storage,515.94,1103.8,2025-01-18,0
SKU0078,2025-03-10,148,163362.4,1103.8,0,0,Furniture,Storage,515.94,1103.8,2025-01-18,0
SKU0078,2025-03-17,164,181023.2,1103.8,0,0,Furniture,Storage,515.94,1103.8,2025-01-18,0
SKU0078,2025-03-24,121,133559.80000000002,1103.8,0,0,Furniture,Storage,515.94,1103.8,2025-01-18,0
SKU0078,2025-03-31,128,141286.4,1103.8,0,0,Furniture,Storage,515.94,1103.8,2025-01-18,0
SKU0078,2025-04-07,162,178815.59999999998,1103.8,0,0,Furniture,Storage,515.94,1103.8,2025-01-18,0
SKU0078,2025-04-14,144,158947.2,1103.8,0,0,Furniture,Storage,515.94,1103.8,2025-01-18,0
SKU0078,2025-04-21,203,224071.4,1103.8,0,0,Furniture,Storage,515.94,1103.8,2025-01-18,0
SKU0078,2025-04-28,103,113691.4,1103.8,0,0,Furniture,Storage,515.94,1103.8,2025-01-18,0
SKU0078,2025-05-05,182,200891.6,1103.8,0,0,Furniture,Storage,515.94,1103.8,2025-01-18,0
SKU0078,2025-05-12,191,210825.8,1103.8,0,0,Furniture,Storage,515.94,1103.8,2025-01-18,0
SKU0078,2025-05-19,190,209722.0,1103.8,0,0,Furniture,Storage,515.94,1103.8,2025-01-18,0
SKU0078,2025-05-26,166,182091.9,1085.722857142857,1,0,Furniture,Storage,515.94,1103.8,2025-01-18,1
SKU0078,2025-06-02,353,344971.23,977.26,7,0,Furniture,Storage,515.94,1103.8,2025-01-18,1
SKU0078,2025-06-09,219,228951.21,1067.6457142857141,2,0,Furniture,Storage,515.94,1103.8,2025-01-18,1
SKU0078,2025-06-16,195,215241.0,1103.8,0,0,Furniture,Storage,515.94,1103.8,2025-01-18,0
SKU0078,2025-06-23,163,179919.4,1103.8,0,0,Furniture,Storage,515.94,1103.8,2025-01-18,0
SKU0078,2025-06-30,169,186542.2,1103.8,0,0,Furniture,Storage,515.94,1103.8,2025-01-18,0
SKU0078,2025-07-07,170,187646.0,1103.8,0,0,Furniture,Storage,515.94,1103.8,2025-01-18,0
SKU0078,2025-07-14,173,190957.4,1103.8,0,0,Furniture,Storage,515.94,1103.8,2025-01-18,0
SKU0078,2025-07-21,140,154532.0,1103.8,0,0,Furniture,Storage,515.94,1103.8,2025-01-18,0
SKU0078,2025-07-28,174,192061.2,1103.8,0,0,Furniture,Storage,515.94,1103.8,2025-01-18,0
SKU0078,2025-08-04,165,182127.0,1103.8,0,0,Furniture,Storage,515.94,1103.8,2025-01-18,0
SKU0078,2025-08-11,190,209722.0,1103.8,0,1,Furniture,Storage,515.94,1103.8,2025-01-18,0
SKU0078,2025-08-18,186,205306.80000000002,1103.8,0,0,Furniture,Storage,515.94,1103.8,2025-01-18,0
SKU0078,2025-08-25,140,154532.0,1103.8,0,0,Furniture,Storage,515.94,1103.8,2025-01-18,0
SKU0079,2024-09-30,319,1471113.16,4611.64,0,1,Furniture,Chairs,2353.86,4611.64,2024-09-30,0
SKU0079,2024-10-07,328,1512617.92,4611.64,0,0,Furniture,Chairs,2353.86,4611.64,2024-09-30,0
SKU0079,2024-10-14,242,1116016.88,4611.64,0,0,Furniture,Chairs,2353.86,4611.64,2024-09-30,0
SKU0079,2024-10-21,278,1282035.92,4611.64,0,0,Furniture,Chairs,2353.86,4611.64,2024-09-30,0
SKU0079,2024-10-28,271,1249754.44,4611.64,0,0,Furniture,Chairs,2353.86,4611.64,2024-09-30,0
SKU0079,2024-11-04,387,1634291.54,4282.75,3,0,Furniture,Chairs,2353.86,4611.64,2024-09-30,1
SKU0079,2024-11-11,570,2246462.63,4063.4900000000002,5,0,Furniture,Chairs,2353.86,4611.64,2024-09-30,1
SKU0079,2024-11-18,256,1180579.84,4611.64,0,0,Furniture,Chairs,2353.86,4611.64,2024-09-30,0
SKU0079,2024-11-25,209,963832.76,4611.64,0,0,Furniture,Chairs,2353.86,4611.64,2024-09-30,0
SKU0079,2024-12-02,240,1106793.6,4611.64,0,0,Furniture,Chairs,2353.86,4611.64,2024-09-30,0
SKU0079,2024-12-09,256,1180579.84,4611.64,0,0,Furniture,Chairs,2353.86,4611.64,2024-09-30,0
SKU0079,2024-12-16,319,1377488.64,4282.75,3,0,Furniture,Chairs,2353.86,4611.64,2024-09-30,1
SKU0079,2024-12-23,477,1833695.8,3844.23,7,1,Furniture,Chairs,2353.86,4611.64,2024-09-30,1
SKU0079,2024-12-30,272,1148462.95,4392.38,2,1,Furniture,Chairs,2353.86,4611.64,2024-09-30,1
SKU0079,2025-01-06,269,1240531.16,4611.64,0,0,Furniture,Chairs,2353.86,4611.64,2024-09-30,0
SKU0079,2025-01-13,223,1028395.72,4611.64,0,0,Furniture,Chairs,2353.86,4611.64,2024-09-30,0
SKU0079,2025-01-20,242,1116016.88,4611.64,0,0,Furniture,Chairs,2353.86,4611.64,2024-09-30,0
SKU0079,2025-01-27,244,1125240.16,4611.64,0,0,Furniture,Chairs,2353.86,4611.64,2024-09-30,0
SKU0079,2025-02-03,201,926939.64,4611.64,0,0,Furniture,Chairs,2353.86,4611.64,2024-09-30,0
SKU0079,2025-02-10,193,890046.52,4611.64,0,0,Furniture,Chairs,2353.86,4611.64,2024-09-30,0
SKU0079,2025-02-17,199,917716.36,4611.64,0,0,Furniture,Chairs,2353.86,4611.64,2024-09-30,0
SKU0079,2025-02-24,176,811648.64,4611.64,0,0,Furniture,Chairs,2353.86,4611.64,2024-09-30,0
SKU0079,2025-03-03,185,853153.4,4611.64,0,0,Furniture,Chairs,2353.86,4611.64,2024-09-30,0
SKU0079,2025-03-10,158,728639.12,4611.64,0,0,Furniture,Chairs,2353.86,4611.64,2024-09-30,0
SKU0079,2025-03-17,124,571843.36,4611.64,0,0,Furniture,Chairs,2353.86,4611.64,2024-09-30,0
SKU0079,2025-03-24,208,959221.12,4611.64,0,0,Furniture,Chairs,2353.86,4611.64,2024-09-30,0
SKU0079,2025-03-31,148,682522.72,4611.64,0,0,Furniture,Chairs,2353.86,4611.64,2024-09-30,0
SKU0079,2025-04-07,162,747085.68,4611.64,0,0,Furniture,Chairs,2353.86,4611.64,2024-09-30,0
SKU0079,2025-04-14,169,779367.16,4611.64,0,0,Furniture,Chairs,2353.86,4611.64,2024-09-30,0
SKU0079,2025-04-21,211,973056.04,4611.64,0,0,Furniture,Chairs,2353.86,4611.64,2024-09-30,0
SKU0079,2025-04-28,197,908493.0800000001,4611.64,0,0,Furniture,Chairs,2353.86,4611.64,2024-09-30,0
SKU0079,2025-05-05,171,788590.4400000001,4611.64,0,0,Furniture,Chairs,2353.86,4611.64,2024-09-30,0
SKU0079,2025-05-12,139,641017.96,4611.64,0,0,Furniture,Chairs,2353.86,4611.64,2024-09-30,0
SKU0079,2025-05-19,162,747085.68,4611.64,0,0,Furniture,Chairs,2353.86,4611.64,2024-09-30,0
SKU0079,2025-05-26,198,887012.64,4502.01,1,0,Furniture,Chairs,2353.86,4611.64,2024-09-30,1
SKU0079,2025-06-02,359,1380077.13,3844.23,7,0,Furniture,Chairs,2353.86,4611.64,2024-09-30,1
SKU0079,2025-06-09,264,1123081.04,4392.38,2,0,Furniture,Chairs,2353.86,4611.64,2024-09-30,1
SKU0079,2025-06-16,177,816260.28,4611.64,0,0,Furniture,Chairs,2353.86,4611.64,2024-09-30,0
SKU0079,2025-06-23,168,774755.52,4611.64,0,0,Furniture,Chairs,2353.86,4611.64,2024-09-30,0
SKU0079,2025-06-30,213,982279.3200000001,4611.64,0,0,Furniture,Chairs,2353.86,4611.64,2024-09-30,0
SKU0079,2025-07-07,259,1194414.76,4611.64,0,0,Furniture,Chairs,2353.86,4611.64,2024-09-30,0
SKU0079,2025-07-14,190,876211.6,4611.64,0,0,Furniture,Chairs,2353.86,4611.64,2024-09-30,0
SKU0079,2025-07-21,170,783978.8,4611.64,0,0,Furniture,Chairs,2353.86,4611.64,2024-09-30,0
SKU0079,2025-07-28,187,862376.68,4611.64,0,0,Furniture,Chairs,2353.86,4611.64,2024-09-30,0
SKU0079,2025-08-04,233,1074512.12,4611.64,0,0,Furniture,Chairs,2353.86,4611.64,2024-09-30,0
SKU0079,2025-08-11,210,968444.4,4611.64,0,1,Furniture,Chairs,2353.86,4611.64,2024-09-30,0
SKU0079,2025-08-18,289,1332763.96,4611.64,0,0,Furniture,Chairs,2353.86,4611.64,2024-09-30,0
SKU0079,2025-08-25,258,1189803.12,4611.64,0,0,Furniture,Chairs,2353.86,4611.64,2024-09-30,0
SKU0080,2025-06-02,17,59658.26,3509.31,3,0,Small Appliances,Climate,2044.79,4333.96,2025-06-06,1
SKU0080,2025-06-09,39,158303.97,4098.345714285714,2,0,Small Appliances,Climate,2044.79,4333.96,2025-06-06,1
SKU0080,2025-06-16,43,186360.28,4333.96,0,0,Small Appliances,Climate,2044.79,4333.96,2025-06-06,0
SKU0080,2025-06-23,22,95347.12,4333.96,0,0,Small Appliances,Climate,2044.79,4333.96,2025-06-06,0
SKU0080,2025-06-30,41,177692.36,4333.96,0,0,Small Appliances,Climate,2044.79,4333.96,2025-06-06,0
SKU0080,2025-07-07,38,164690.47999999998,4333.96,0,0,Small Appliances,Climate,2044.79,4333.96,2025-06-06,0
SKU0080,2025-07-14,27,117016.92,4333.96,0,0,Small Appliances,Climate,2044.79,4333.96,2025-06-06,0
SKU0080,2025-07-21,35,151688.6,4333.96,0,0,Small Appliances,Climate,2044.79,4333.96,2025-06-06,0
SKU0080,2025-07-28,27,117016.92,4333.96,0,0,Small Appliances,Climate,2044.79,4333.96,2025-06-06,0
SKU0080,2025-08-04,36,156022.56,4333.96,0,0,Small Appliances,Climate,2044.79,4333.96,2025-06-06,0
SKU0080,2025-08-11,37,160356.52,4333.96,0,1,Small Appliances,Climate,2044.79,4333.96,2025-06-06,0
SKU0080,2025-08-18,28,121350.88,4333.96,0,0,Small Appliances,Climate,2044.79,4333.96,2025-06-06,0
SKU0080,2025-08-25,32,138686.72,4333.96,0,0,Small Appliances,Climate,2044.79,4333.96,2025-06-06,0
SKU0081,2023-11-20,10,7086.509999999999,708.65,4,0,Textiles,Throws,600.85,904.43,2023-11-23,1
SKU0081,2023-11-27,22,19114.34,876.4614285714285,1,0,Textiles,Throws,600.85,904.43,2023-11-23,1
SKU0081,2023-12-04,9,8139.869999999999,904.43,0,0,Textiles,Throws,600.85,904.43,2023-11-23,0
SKU0081,2023-12-11,16,14470.88,904.43,0,0,Textiles,Throws,600.85,904.43,2023-11-23,0
SKU0081,2023-12-18,13,10191.349999999999,764.5871428571428,5,0,Textiles,Throws,600.85,904.43,2023-11-23,1
SKU0081,2023-12-25,27,19133.57,708.65,7,1,Textiles,Throws,600.85,904.43,2023-11-23,1
SKU0081,2024-01-01,20,18088.6,904.43,0,1,Textiles,Throws,600.85,904.43,2023-11-23,0
SKU0081,2024-01-08,10,9044.3,904.43,0,0,Textiles,Throws,600.85,904.43,2023-11-23,0
SKU0081,2024-01-15,16,14470.88,904.43,0,0,Textiles,Throws,600.85,904.43,2023-11-23,0
SKU0081,2024-01-22,14,12662.02,904.43,0,0,Textiles,Throws,600.85,904.43,2023-11-23,0
SKU0081,2024-01-29,11,9948.73,904.43,0,0,Textiles,Throws,600.85,904.43,2023-11-23,0
SKU0081,2024-02-05,12,10853.16,904.43,0,0,Textiles,Throws,600.85,904.43,2023-11-23,0
SKU0081,2024-02-12,17,15375.31,904.43,0,0,Textiles,Throws,600.85,904.43,2023-11-23,0
SKU0081,2024-02-19,27,24419.61,904.43,0,0,Textiles,Throws,600.85,904.43,2023-11-23,0
SKU0081,2024-02-26,21,18993.03,904.43,0,0,Textiles,Throws,600.85,904.43,2023-11-23,0
SKU0081,2024-03-04,17,15375.31,904.43,0,0,Textiles,Throws,600.85,904.43,2023-11-23,0
SKU0081,2024-03-11,23,20801.89,904.43,0,0,Textiles,Throws,600.85,904.43,2023-11-23,0
SKU0081,2024-03-18,12,10853.16,904.43,0,0,Textiles,Throws,600.85,904.43,2023-11-23,0
SKU0081,2024-03-25,30,27132.899999999998,904.43,0,0,Textiles,Throws,600.85,904.43,2023-11-23,0
SKU0081,2024-04-01,26,23515.18,904.43,0,0,Textiles,Throws,600.85,904.43,2023-11-23,0
SKU0081,2024-04-08,18,16279.74,904.43,0,0,Textiles,Throws,600.85,904.43,2023-11-23,0
SKU0081,2024-04-15,16,14470.88,904.43,0,0,Textiles,Throws,600.85,904.43,2023-11-23,0
SKU0081,2024-04-22,19,17184.170000000002,904.43,0,0,Textiles,Throws,600.85,904.43,2023-11-23,0
SKU0081,2024-04-29,18,16279.739999999998,904.43,0,0,Textiles,Throws,600.85,904.43,2023-11-23,0
SKU0081,2024-05-06,20,18088.6,904.43,0,0,Textiles,Throws,600.85,904.43,2023-11-23,0
SKU0081,2024-05-13,28,25324.039999999997,904.43,0,0,Textiles,Throws,600.85,904.43,2023-11-23,0
SKU0081,2024-05-20,20,18088.6,904.43,0,0,Textiles,Throws,600.85,904.43,2023-11-23,0
SKU0081,2024-05-27,36,30601.69,848.4928571428571,2,0,Textiles,Throws,600.85,904.43,2023-11-23,1
SKU0081,2024-06-03,60,42519.060000000005,708.65,7,0,Textiles,Throws,600.85,904.43,2023-11-23,1
SKU0081,2024-06-10,19,16009.5,876.4614285714285,1,0,Textiles,Throws,600.85,904.43,2023-11-23,1
SKU0081,2024-06-17,33,29846.19,904.43,0,0,Textiles,Throws,600.85,904.43,2023-11-23,0
SKU0081,2024-06-24,32,28941.76,904.43,0,0,Textiles,Throws,600.85,904.43,2023-11-23,0
SKU0081,2024-07-01,27,24419.61,904.43,0,0,Textiles,Throws,600.85,904.43,2023-11-23,0
SKU0081,2024-07-08,33,29846.19,904.43,0,0,Textiles,Throws,600.85,904.43,2023-11-23,0
SKU0081,2024-07-15,23,20801.89,904.43,0,0,Textiles,Throws,600.85,904.43,2023-11-23,0
SKU0081,2024-07-22,32,28941.76,904.43,0,0,Textiles,Throws,600.85,904.43,2023-11-23,0
SKU0081,2024-07-29,19,17184.17,904.43,0,0,Textiles,Throws,600.85,904.43,2023-11-23,0
SKU0081,2024-08-05,31,28037.329999999998,904.43,0,0,Textiles,Throws,600.85,904.43,2023-11-23,0
SKU0081,2024-08-12,25,22610.75,904.43,0,1,Textiles,Throws,600.85,904.43,2023-11-23,0
SKU0081,2024-08-19,25,22610.75,904.43,0,0,Textiles,Throws,600.85,904.43,2023-11-23,0
SKU0081,2024-08-26,17,15375.31,904.43,0,0,Textiles,Throws,600.85,904.43,2023-11-23,0
SKU0081,2024-09-02,28,25324.039999999997,904.43,0,0,Textiles,Throws,600.85,904.43,2023-11-23,0
SKU0081,2024-09-09,24,21706.32,904.43,0,0,Textiles,Throws,600.85,904.43,2023-11-23,0
SKU0081,2024-09-16,24,21706.32,904.43,0,0,Textiles,Throws,600.85,904.43,2023-11-23,0
SKU0081,2024-09-23,30,27132.899999999998,904.43,0,0,Textiles,Throws,600.85,904.43,2023-11-23,0
SKU0081,2024-09-30,33,29846.19,904.43,0,1,Textiles,Throws,600.85,904.43,2023-11-23,0
SKU0081,2024-10-07,29,26228.47,904.43,0,0,Textiles,Throws,600.85,904.43,2023-11-23,0
SKU0081,2024-10-14,14,12662.019999999999,904.43,0,0,Textiles,Throws,600.85,904.43,2023-11-23,0
SKU0081,2024-10-21,27,24419.61,904.43,0,0,Textiles,Throws,600.85,904.43,2023-11-23,0
SKU0081,2024-10-28,22,19897.46,904.43,0,0,Textiles,Throws,600.85,904.43,2023-11-23,0
SKU0081,2024-11-04,24,19161.19,820.5242857142857,3,0,Textiles,Throws,600.85,904.43,2023-11-23,1
SKU0081,2024-11-11,28,20429.559999999998,764.5871428571428,5,0,Textiles,Throws,600.85,904.43,2023-11-23,1
SKU0081,2024-11-18,20,18088.6,904.43,0,0,Textiles,Throws,600.85,904.43,2023-11-23,0
SKU0081,2024-11-25,13,11757.59,904.43,0,0,Textiles,Throws,600.85,904.43,2023-11-23,0
SKU0081,2024-12-02,14,12662.019999999999,904.43,0,0,Textiles,Throws,600.85,904.43,2023-11-23,0
SKU0081,2024-12-09,17,15375.31,904.43,0,0,Textiles,Throws,600.85,904.43,2023-11-23,0
SKU0081,2024-12-16,17,13417.52,820.5242857142857,3,0,Textiles,Throws,600.85,904.43,2023-11-23,1
SKU0081,2024-12-23,51,36141.19,708.65,7,1,Textiles,Throws,600.85,904.43,2023-11-23,1
SKU0081,2024-12-30,28,23170.469999999998,848.4928571428571,2,1,Textiles,Throws,600.85,904.43,2023-11-23,1
SKU0081,2025-01-06,25,22610.75,904.43,0,0,Textiles,Throws,600.85,904.43,2023-11-23,0
SKU0081,2025-01-13,19,17184.17,904.43,0,0,Textiles,Throws,600.85,904.43,2023-11-23,0
SKU0081,2025-01-20,24,21706.32,904.43,0,0,Textiles,Throws,600.85,904.43,2023-11-23,0
SKU0081,2025-01-27,13,11757.59,904.43,0,0,Textiles,Throws,600.85,904.43,2023-11-23,0
SKU0081,2025-02-03,29,26228.469999999998,904.43,0,0,Textiles,Throws,600.85,904.43,2023-11-23,0
SKU0081,2025-02-10,21,18993.03,904.43,0,0,Textiles,Throws,600.85,904.43,2023-11-23,0
SKU0081,2025-02-17,25,22610.75,904.43,0,0,Textiles,Throws,600.85,904.43,2023-11-23,0
SKU0081,2025-02-24,25,22610.75,904.43,0,0,Textiles,Throws,600.85,904.43,2023-11-23,0
SKU0081,2025-03-03,26,23515.18,904.43,0,0,Textiles,Throws,600.85,904.43,2023-11-23,0
SKU0081,2025-03-10,19,17184.17,904.43,0,0,Textiles,Throws,600.85,904.43,2023-11-23,0
SKU0081,2025-03-17,26,23515.18,904.43,0,0,Textiles,Throws,600.85,904.43,2023-11-23,0
SKU0081,2025-03-24,23,20801.89,904.43,0,0,Textiles,Throws,600.85,904.43,2023-11-23,0
SKU0081,2025-03-31,33,29846.19,904.43,0,0,Textiles,Throws,600.85,904.43,2023-11-23,0
SKU0081,2025-04-07,28,25324.04,904.43,0,0,Textiles,Throws,600.85,904.43,2023-11-23,0
SKU0081,2025-04-14,24,21706.32,904.43,0,0,Textiles,Throws,600.85,904.43,2023-11-23,0
SKU0081,2025-04-21,34,30750.62,904.43,0,0,Textiles,Throws,600.85,904.43,2023-11-23,0
SKU0081,2025-04-28,26,23515.18,904.43,0,0,Textiles,Throws,600.85,904.43,2023-11-23,0
SKU0081,2025-05-05,37,33463.91,904.43,0,0,Textiles,Throws,600.85,904.43,2023-11-23,0
SKU0081,2025-05-12,32,28941.76,904.43,0,0,Textiles,Throws,600.85,904.43,2023-11-23,0
SKU0081,2025-05-19,25,22610.75,904.43,0,0,Textiles,Throws,600.85,904.43,2023-11-23,0
SKU0081,2025-05-26,37,31310.34,876.4614285714285,1,0,Textiles,Throws,600.85,904.43,2023-11-23,1
SKU0081,2025-06-02,53,37558.5,708.65,7,0,Textiles,Throws,600.85,904.43,2023-11-23,1
SKU0081,2025-06-09,32,25613.510000000002,848.4928571428571,2,0,Textiles,Throws,600.85,904.43,2023-11-23,1
SKU0081,2025-06-16,43,38890.49,904.43,0,0,Textiles,Throws,600.85,904.43,2023-11-23,0
SKU0081,2025-06-23,39,35272.77,904.43,0,0,Textiles,Throws,600.85,904.43,2023-11-23,0
SKU0081,2025-06-30,24,21706.32,904.43,0,0,Textiles,Throws,600.85,904.43,2023-11-23,0
SKU0081,2025-07-07,33,29846.19,904.43,0,0,Textiles,Throws,600.85,904.43,2023-11-23,0
SKU0081,2025-07-14,40,36177.2,904.43,0,0,Textiles,Throws,600.85,904.43,2023-11-23,0
SKU0081,2025-07-21,35,31655.05,904.43,0,0,Textiles,Throws,600.85,904.43,2023-11-23,0
SKU0081,2025-07-28,40,36177.2,904.43,0,0,Textiles,Throws,600.85,904.43,2023-11-23,0
SKU0081,2025-08-04,41,37081.63,904.43,0,0,Textiles,Throws,600.85,904.43,2023-11-23,0
SKU0081,2025-08-11,23,20801.89,904.43,0,1,Textiles,Throws,600.85,904.43,2023-11-23,0
SKU0081,2025-08-18,29,26228.469999999998,904.43,0,0,Textiles,Throws,600.85,904.43,2023-11-23,0
SKU0081,2025-08-25,28,25324.04,904.43,0,0,Textiles,Throws,600.85,904.43,2023-11-23,0
SKU0082,2025-06-02,106,398756.45999999996,3761.85,2,0,Decor,Lighting,2734.24,4922.63,2025-06-07,1
SKU0082,2025-06-09,278,1236162.61,4590.978571428571,2,0,Decor,Lighting,2734.24,4922.63,2025-06-07,1
SKU0082,2025-06-16,238,1171585.94,4922.63,0,0,Decor,Lighting,2734.24,4922.63,2025-06-07,0
SKU0082,2025-06-23,212,1043597.56,4922.63,0,0,Decor,Lighting,2734.24,4922.63,2025-06-07,0
SKU0082,2025-06-30,273,1343877.99,4922.63,0,0,Decor,Lighting,2734.24,4922.63,2025-06-07,0
SKU0082,2025-07-07,270,1329110.1,4922.63,0,0,Decor,Lighting,2734.24,4922.63,2025-06-07,0
SKU0082,2025-07-14,190,935299.7,4922.63,0,0,Decor,Lighting,2734.24,4922.63,2025-06-07,0
SKU0082,2025-07-21,185,910686.55,4922.63,0,0,Decor,Lighting,2734.24,4922.63,2025-06-07,0
SKU0082,2025-07-28,190,935299.7,4922.63,0,0,Decor,Lighting,2734.24,4922.63,2025-06-07,0
SKU0082,2025-08-04,194,954990.22,4922.63,0,0,Decor,Lighting,2734.24,4922.63,2025-06-07,0
SKU0082,2025-08-11,179,881150.77,4922.63,0,1,Decor,Lighting,2734.24,4922.63,2025-06-07,0
SKU0082,2025-08-18,180,886073.4,4922.63,0,0,Decor,Lighting,2734.24,4922.63,2025-06-07,0
SKU0082,2025-08-25,128,630096.64,4922.63,0,0,Decor,Lighting,2734.24,4922.63,2025-06-07,0
SKU0083,2025-02-10,19,41589.67,2188.93,0,0,Textiles,Throws,1191.56,2188.93,2025-02-15,0
SKU0083,2025-02-17,64,140091.52,2188.93,0,0,Textiles,Throws,1191.56,2188.93,2025-02-15,0
SKU0083,2025-02-24,77,168547.61,2188.93,0,0,Textiles,Throws,1191.56,2188.93,2025-02-15,0
SKU0083,2025-03-03,78,170736.53999999998,2188.93,0,0,Textiles,Throws,1191.56,2188.93,2025-02-15,0
SKU0083,2025-03-10,69,151036.16999999998,2188.93,0,0,Textiles,Throws,1191.56,2188.93,2025-02-15,0
SKU0083,2025-03-17,67,146658.31,2188.93,0,0,Textiles,Throws,1191.56,2188.93,2025-02-15,0
SKU0083,2025-03-24,61,133524.72999999998,2188.93,0,0,Textiles,Throws,1191.56,2188.93,2025-02-15,0
SKU0083,2025-03-31,53,116013.29,2188.93,0,0,Textiles,Throws,1191.56,2188.93,2025-02-15,0
SKU0083,2025-04-07,62,135713.66,2188.93,0,0,Textiles,Throws,1191.56,2188.93,2025-02-15,0
SKU0083,2025-04-14,62,135713.66,2188.93,0,0,Textiles,Throws,1191.56,2188.93,2025-02-15,0
SKU0083,2025-04-21,84,183870.12,2188.93,0,0,Textiles,Throws,1191.56,2188.93,2025-02-15,0
SKU0083,2025-04-28,62,135713.66,2188.93,0,0,Textiles,Throws,1191.56,2188.93,2025-02-15,0
SKU0083,2025-05-05,59,129146.87,2188.93,0,0,Textiles,Throws,1191.56,2188.93,2025-02-15,0
SKU0083,2025-05-12,71,155414.03,2188.93,0,0,Textiles,Throws,1191.56,2188.93,2025-02-15,0
SKU0083,2025-05-19,43,94123.99,2188.93,0,0,Textiles,Throws,1191.56,2188.93,2025-02-15,0
SKU0083,2025-05-26,87,184843.33,2154.1871428571426,1,0,Textiles,Throws,1191.56,2188.93,2025-02-15,1
SKU0083,2025-06-02,102,198464.55,1945.73,7,0,Textiles,Throws,1191.56,2188.93,2025-02-15,1
SKU0083,2025-06-09,80,163197.63,2119.4442857142853,2,0,Textiles,Throws,1191.56,2188.93,2025-02-15,1
SKU0083,2025-06-16,39,85368.27,2188.93,0,0,Textiles,Throws,1191.56,2188.93,2025-02-15,0
SKU0083,2025-06-23,49,107257.56999999999,2188.93,0,0,Textiles,Throws,1191.56,2188.93,2025-02-15,0
SKU0083,2025-06-30,53,116013.29,2188.93,0,0,Textiles,Throws,1191.56,2188.93,2025-02-15,0
SKU0083,2025-07-07,67,146658.31,2188.93,0,0,Textiles,Throws,1191.56,2188.93,2025-02-15,0
SKU0083,2025-07-14,47,102879.70999999999,2188.93,0,0,Textiles,Throws,1191.56,2188.93,2025-02-15,0
SKU0083,2025-07-21,53,116013.29,2188.93,0,0,Textiles,Throws,1191.56,2188.93,2025-02-15,0
SKU0083,2025-07-28,49,107257.56999999999,2188.93,0,0,Textiles,Throws,1191.56,2188.93,2025-02-15,0
SKU0083,2025-08-04,54,118202.22,2188.93,0,0,Textiles,Throws,1191.56,2188.93,2025-02-15,0
SKU0083,2025-08-11,91,199192.63,2188.93,0,1,Textiles,Throws,1191.56,2188.93,2025-02-15,0
SKU0083,2025-08-18,54,118202.21999999999,2188.93,0,0,Textiles,Throws,1191.56,2188.93,2025-02-15,0
SKU0083,2025-08-25,84,183870.12,2188.93,0,0,Textiles,Throws,1191.56,2188.93,2025-02-15,0
SKU0084,2025-06-30,21,151797.24,7228.44,0,0,Furniture,Chairs,3754.09,7228.44,2025-07-04,0
SKU0084,2025-07-07,45,325279.8,7228.44,0,0,Furniture,Chairs,3754.09,7228.44,2025-07-04,0
SKU0084,2025-07-14,62,448163.27999999997,7228.44,0,0,Furniture,Chairs,3754.09,7228.44,2025-07-04,0
SKU0084,2025-07-21,55,397564.2,7228.44,0,0,Furniture,Chairs,3754.09,7228.44,2025-07-04,0
SKU0084,2025-07-28,54,390335.76,7228.44,0,0,Furniture,Chairs,3754.09,7228.44,2025-07-04,0
SKU0084,2025-08-04,44,318051.36,7228.44,0,0,Furniture,Chairs,3754.09,7228.44,2025-07-04,0
SKU0084,2025-08-11,50,361422.0,7228.44,0,1,Furniture,Chairs,3754.09,7228.44,2025-07-04,0
SKU0084,2025-08-18,56,404792.64,7228.44,0,0,Furniture,Chairs,3754.09,7228.44,2025-07-04,0
SKU0084,2025-08-25,49,354193.56,7228.44,0,0,Furniture,Chairs,3754.09,7228.44,2025-07-04,0
SKU0085,2025-01-20,17,97763.77,5750.81,0,0,Decor,Wall Art,2140.585,5750.81,2025-01-23,0
SKU0085,2025-01-27,35,201278.35,5750.81,0,0,Decor,Wall Art,2140.585,5750.81,2025-01-23,0
SKU0085,2025-02-03,47,270288.07,5750.81,0,0,Decor,Wall Art,2140.585,5750.81,2025-01-23,0
SKU0085,2025-02-10,38,218530.78,5750.81,0,0,Decor,Wall Art,2140.585,5750.81,2025-01-23,0
SKU0085,2025-02-17,28,161022.68,5750.81,0,0,Decor,Wall Art,2140.585,5750.81,2025-01-23,0
SKU0085,2025-02-24,36,207029.16,5750.81,0,0,Decor,Wall Art,2140.585,5750.81,2025-01-23,0
SKU0085,2025-03-03,42,241534.02,5750.81,0,0,Decor,Wall Art,2140.585,5750.81,2025-01-23,0
SKU0085,2025-03-10,29,166773.49,5750.81,0,0,Decor,Wall Art,2140.585,5750.81,2025-01-23,0
SKU0085,2025-03-17,30,172524.30000000002,5750.81,0,0,Decor,Wall Art,2140.585,5750.81,2025-01-23,0
SKU0085,2025-03-24,31,178275.11000000002,5750.81,0,0,Decor,Wall Art,2140.585,5750.81,2025-01-23,0
SKU0085,2025-03-31,36,207029.16,5750.81,0,0,Decor,Wall Art,2140.585,5750.81,2025-01-23,0
SKU0085,2025-04-07,28,161022.68,5750.81,0,0,Decor,Wall Art,2140.585,5750.81,2025-01-23,0
SKU0085,2025-04-14,23,132268.63,5750.81,0,0,Decor,Wall Art,2140.585,5750.81,2025-01-23,0
SKU0085,2025-04-21,37,212779.97,5750.81,0,0,Decor,Wall Art,2140.585,5750.81,2025-01-23,0
SKU0085,2025-04-28,29,166773.49,5750.81,0,0,Decor,Wall Art,2140.585,5750.81,2025-01-23,0
SKU0085,2025-05-05,31,178275.11,5750.81,0,0,Decor,Wall Art,2140.585,5750.81,2025-01-23,0
SKU0085,2025-05-12,24,138019.44,5750.81,0,0,Decor,Wall Art,2140.585,5750.81,2025-01-23,0
SKU0085,2025-05-19,22,126517.82,5750.81,0,0,Decor,Wall Art,2140.585,5750.81,2025-01-23,0
SKU0085,2025-05-26,23,128533.31,5572.937142857144,1,0,Decor,Wall Art,2140.585,5750.81,2025-01-23,1
SKU0085,2025-06-02,39,175722.43,4505.7,7,0,Decor,Wall Art,2140.585,5750.81,2025-01-23,1
SKU0085,2025-06-09,30,151357.48,5395.064285714287,2,0,Decor,Wall Art,2140.585,5750.81,2025-01-23,1
SKU0085,2025-06-16,24,138019.44,5750.81,0,0,Decor,Wall Art,2140.585,5750.81,2025-01-23,0
SKU0085,2025-06-23,28,161022.68,5750.81,0,0,Decor,Wall Art,2140.585,5750.81,2025-01-23,0
SKU0085,2025-06-30,24,138019.44,5750.81,0,0,Decor,Wall Art,2140.585,5750.81,2025-01-23,0
SKU0085,2025-07-07,32,184025.92,5750.81,0,0,Decor,Wall Art,2140.585,5750.81,2025-01-23,0
SKU0085,2025-07-14,19,109265.39,5750.81,0,0,Decor,Wall Art,2140.585,5750.81,2025-01-23,0
SKU0085,2025-07-21,9,51757.29,5750.81,0,0,Decor,Wall Art,2140.585,5750.81,2025-01-23,0
SKU0085,2025-07-28,23,132268.63,5750.81,0,0,Decor,Wall Art,2140.585,5750.81,2025-01-23,0
SKU0085,2025-08-04,36,207029.16,5750.81,0,0,Decor,Wall Art,2140.585,5750.81,2025-01-23,0
SKU0085,2025-08-11,33,189776.73,5750.81,0,1,Decor,Wall Art,2140.585,5750.81,2025-01-23,0
SKU0085,2025-08-18,22,126517.82,5750.81,0,0,Decor,Wall Art,2140.585,5750.81,2025-01-23,0
SKU0085,2025-08-25,34,195527.54,5750.81,0,0,Decor,Wall Art,2140.585,5750.81,2025-01-23,0
SKU0086,2023-12-04,62,553589.3200000001,8928.86,0,0,Decor,Rugs,3948.53,8928.86,2023-12-07,0
SKU0086,2023-12-11,94,839312.84,8928.86,0,0,Decor,Rugs,3948.53,8928.86,2023-12-07,0
SKU0086,2023-12-18,142,1127451.35,7973.438571428573,5,0,Decor,Rugs,3948.53,8928.86,2023-12-07,1
SKU0086,2023-12-25,223,1692853.58,7591.2699999999995,7,1,Decor,Rugs,3948.53,8928.86,2023-12-07,1
SKU0086,2024-01-01,77,687522.22,8928.86,0,1,Decor,Rugs,3948.53,8928.86,2023-12-07,0
SKU0086,2024-01-08,122,1089320.92,8928.86,0,0,Decor,Rugs,3948.53,8928.86,2023-12-07,0
SKU0086,2024-01-15,96,857170.5599999999,8928.86,0,0,Decor,Rugs,3948.53,8928.86,2023-12-07,0
SKU0086,2024-01-22,92,821455.12,8928.86,0,0,Decor,Rugs,3948.53,8928.86,2023-12-07,0
SKU0086,2024-01-29,127,1133965.22,8928.86,0,0,Decor,Rugs,3948.53,8928.86,2023-12-07,0
SKU0086,2024-02-05,126,1125036.3599999999,8928.86,0,0,Decor,Rugs,3948.53,8928.86,2023-12-07,0
SKU0086,2024-02-12,134,1196467.24,8928.86,0,0,Decor,Rugs,3948.53,8928.86,2023-12-07,0
SKU0086,2024-02-19,117,1044676.62,8928.86,0,0,Decor,Rugs,3948.53,8928.86,2023-12-07,0
SKU0086,2024-02-26,146,1303613.56,8928.86,0,0,Decor,Rugs,3948.53,8928.86,2023-12-07,0
SKU0086,2024-03-04,167,1491119.62,8928.86,0,0,Decor,Rugs,3948.53,8928.86,2023-12-07,0
SKU0086,2024-03-11,98,875028.28,8928.86,0,0,Decor,Rugs,3948.53,8928.86,2023-12-07,0
SKU0086,2024-03-18,114,1017890.0399999999,8928.86,0,0,Decor,Rugs,3948.53,8928.86,2023-12-07,0
SKU0086,2024-03-25,117,1044676.62,8928.86,0,0,Decor,Rugs,3948.53,8928.86,2023-12-07,0
SKU0086,2024-04-01,111,991103.4600000001,8928.86,0,0,Decor,Rugs,3948.53,8928.86,2023-12-07,0
SKU0086,2024-04-08,117,1044676.62,8928.86,0,0,Decor,Rugs,3948.53,8928.86,2023-12-07,0
SKU0086,2024-04-15,134,1196467.24,8928.86,0,0,Decor,Rugs,3948.53,8928.86,2023-12-07,0
SKU0086,2024-04-22,93,830383.98,8928.86,0,0,Decor,Rugs,3948.53,8928.86,2023-12-07,0
SKU0086,2024-04-29,155,1383973.3,8928.86,0,0,Decor,Rugs,3948.53,8928.86,2023-12-07,0
SKU0086,2024-05-06,127,1133965.22,8928.86,0,0,Decor,Rugs,3948.53,8928.86,2023-12-07,0
SKU0086,2024-05-13,115,1026818.9,8928.86,0,0,Decor,Rugs,3948.53,8928.86,2023-12-07,0
SKU0086,2024-05-20,103,919672.5800000001,8928.86,0,0,Decor,Rugs,3948.53,8928.86,2023-12-07,0
SKU0086,2024-05-27,125,1061266.3800000001,8546.691428571428,2,0,Decor,Rugs,3948.53,8928.86,2023-12-07,1
SKU0086,2024-06-03,234,1776357.57,7591.2699999999995,7,0,Decor,Rugs,3948.53,8928.86,2023-12-07,1
SKU0086,2024-06-10,113,986222.1799999999,8737.775714285715,1,0,Decor,Rugs,3948.53,8928.86,2023-12-07,1
SKU0086,2024-06-17,103,919672.5800000001,8928.86,0,0,Decor,Rugs,3948.53,8928.86,2023-12-07,0
SKU0086,2024-06-24,97,866099.42,8928.86,0,0,Decor,Rugs,3948.53,8928.86,2023-12-07,0
SKU0086,2024-07-01,111,991103.46,8928.86,0,0,Decor,Rugs,3948.53,8928.86,2023-12-07,0
SKU0086,2024-07-08,93,830383.98,8928.86,0,0,Decor,Rugs,3948.53,8928.86,2023-12-07,0
SKU0086,2024-07-15,104,928601.44,8928.86,0,0,Decor,Rugs,3948.53,8928.86,2023-12-07,0
SKU0086,2024-07-22,81,723237.6599999999,8928.86,0,0,Decor,Rugs,3948.53,8928.86,2023-12-07,0
SKU0086,2024-07-29,84,750024.24,8928.86,0,0,Decor,Rugs,3948.53,8928.86,2023-12-07,0
SKU0086,2024-08-05,127,1133965.22,8928.86,0,0,Decor,Rugs,3948.53,8928.86,2023-12-07,0
SKU0086,2024-08-12,109,973245.74,8928.86,0,1,Decor,Rugs,3948.53,8928.86,2023-12-07,0
SKU0086,2024-08-19,78,696451.08,8928.86,0,0,Decor,Rugs,3948.53,8928.86,2023-12-07,0
SKU0086,2024-08-26,81,723237.66,8928.86,0,0,Decor,Rugs,3948.53,8928.86,2023-12-07,0
SKU0086,2024-09-02,77,687522.22,8928.86,0,0,Decor,Rugs,3948.53,8928.86,2023-12-07,0
SKU0086,2024-09-09,82,732166.52,8928.86,0,0,Decor,Rugs,3948.53,8928.86,2023-12-07,0
SKU0086,2024-09-16,108,964316.88,8928.86,0,0,Decor,Rugs,3948.53,8928.86,2023-12-07,0
SKU0086,2024-09-23,79,705379.9400000001,8928.86,0,0,Decor,Rugs,3948.53,8928.86,2023-12-07,0
SKU0086,2024-09-30,87,776810.8200000001,8928.86,0,1,Decor,Rugs,3948.53,8928.86,2023-12-07,0
SKU0086,2024-10-07,120,1071463.2,8928.86,0,0,Decor,Rugs,3948.53,8928.86,2023-12-07,0
SKU0086,2024-10-14,100,892886.0,8928.86,0,0,Decor,Rugs,3948.53,8928.86,2023-12-07,0
SKU0086,2024-10-21,90,803597.4,8928.86,0,0,Decor,Rugs,3948.53,8928.86,2023-12-07,0
SKU0086,2024-10-28,72,642877.9199999999,8928.86,0,0,Decor,Rugs,3948.53,8928.86,2023-12-07,0
SKU0086,2024-11-04,130,1079158.9100000001,8355.607142857143,3,0,Decor,Rugs,3948.53,8928.86,2023-12-07,1
SKU0086,2024-11-11,167,1299844.48,7973.438571428573,5,0,Decor,Rugs,3948.53,8928.86,2023-12-07,1
SKU0086,2024-11-18,113,1008961.1799999999,8928.86,0,0,Decor,Rugs,3948.53,8928.86,2023-12-07,0
SKU0086,2024-11-25,87,776810.8200000001,8928.86,0,0,Decor,Rugs,3948.53,8928.86,2023-12-07,0
SKU0086,2024-12-02,82,732166.52,8928.86,0,0,Decor,Rugs,3948.53,8928.86,2023-12-07,0
SKU0086,2024-12-09,91,812526.26,8928.86,0,0,Decor,Rugs,3948.53,8928.86,2023-12-07,0
SKU0086,2024-12-16,140,1161759.56,8355.607142857143,3,0,Decor,Rugs,3948.53,8928.86,2023-12-07,1
SKU0086,2024-12-23,184,1396793.99,7591.2699999999995,7,1,Decor,Rugs,3948.53,8928.86,2023-12-07,1
SKU0086,2024-12-30,97,823296.5900000001,8546.691428571428,2,1,Decor,Rugs,3948.53,8928.86,2023-12-07,1
SKU0086,2025-01-06,84,750024.24,8928.86,0,0,Decor,Rugs,3948.53,8928.86,2023-12-07,0
SKU0086,2025-01-13,78,696451.08,8928.86,0,0,Decor,Rugs,3948.53,8928.86,2023-12-07,0
SKU0086,2025-01-20,93,830383.98,8928.86,0,0,Decor,Rugs,3948.53,8928.86,2023-12-07,0
SKU0086,2025-01-27,116,1035747.76,8928.86,0,0,Decor,Rugs,3948.53,8928.86,2023-12-07,0
SKU0086,2025-02-03,53,473229.58,8928.86,0,0,Decor,Rugs,3948.53,8928.86,2023-12-07,0
SKU0086,2025-02-10,83,741095.38,8928.86,0,0,Decor,Rugs,3948.53,8928.86,2023-12-07,0
SKU0086,2025-02-17,88,785739.68,8928.86,0,0,Decor,Rugs,3948.53,8928.86,2023-12-07,0
SKU0086,2025-02-24,108,964316.88,8928.86,0,0,Decor,Rugs,3948.53,8928.86,2023-12-07,0
SKU0086,2025-03-03,127,1133965.22,8928.86,0,0,Decor,Rugs,3948.53,8928.86,2023-12-07,0
SKU0086,2025-03-10,117,1044676.62,8928.86,0,0,Decor,Rugs,3948.53,8928.86,2023-12-07,0
SKU0086,2025-03-17,83,741095.38,8928.86,0,0,Decor,Rugs,3948.53,8928.86,2023-12-07,0
SKU0086,2025-03-24,75,669664.5,8928.86,0,0,Decor,Rugs,3948.53,8928.86,2023-12-07,0
SKU0086,2025-03-31,93,830383.98,8928.86,0,0,Decor,Rugs,3948.53,8928.86,2023-12-07,0
SKU0086,2025-04-07,97,866099.42,8928.86,0,0,Decor,Rugs,3948.53,8928.86,2023-12-07,0
SKU0086,2025-04-14,81,723237.66,8928.86,0,0,Decor,Rugs,3948.53,8928.86,2023-12-07,0
SKU0086,2025-04-21,86,767881.96,8928.86,0,0,Decor,Rugs,3948.53,8928.86,2023-12-07,0
SKU0086,2025-04-28,104,928601.4400000001,8928.86,0,0,Decor,Rugs,3948.53,8928.86,2023-12-07,0
SKU0086,2025-05-05,87,776810.8200000001,8928.86,0,0,Decor,Rugs,3948.53,8928.86,2023-12-07,0
SKU0086,2025-05-12,106,946459.16,8928.86,0,0,Decor,Rugs,3948.53,8928.86,2023-12-07,0
SKU0086,2025-05-19,80,714308.8,8928.86,0,0,Decor,Rugs,3948.53,8928.86,2023-12-07,0
SKU0086,2025-05-26,103,894258.4,8737.775714285715,1,0,Decor,Rugs,3948.53,8928.86,2023-12-07,1
SKU0086,2025-06-02,162,1229786.01,7591.2699999999995,7,0,Decor,Rugs,3948.53,8928.86,2023-12-07,1
SKU0086,2025-06-09,88,742936.85,8546.691428571428,2,0,Decor,Rugs,3948.53,8928.86,2023-12-07,1
SKU0086,2025-06-16,113,1008961.18,8928.86,0,0,Decor,Rugs,3948.53,8928.86,2023-12-07,0
SKU0086,2025-06-23,103,919672.5800000001,8928.86,0,0,Decor,Rugs,3948.53,8928.86,2023-12-07,0
SKU0086,2025-06-30,99,883957.1399999999,8928.86,0,0,Decor,Rugs,3948.53,8928.86,2023-12-07,0
SKU0086,2025-07-07,81,723237.66,8928.86,0,0,Decor,Rugs,3948.53,8928.86,2023-12-07,0
SKU0086,2025-07-14,88,785739.6799999999,8928.86,0,0,Decor,Rugs,3948.53,8928.86,2023-12-07,0
SKU0086,2025-07-21,85,758953.1,8928.86,0,0,Decor,Rugs,3948.53,8928.86,2023-12-07,0
SKU0086,2025-07-28,92,821455.12,8928.86,0,0,Decor,Rugs,3948.53,8928.86,2023-12-07,0
SKU0086,2025-08-04,91,812526.26,8928.86,0,0,Decor,Rugs,3948.53,8928.86,2023-12-07,0
SKU0086,2025-08-11,84,750024.24,8928.86,0,1,Decor,Rugs,3948.53,8928.86,2023-12-07,0
SKU0086,2025-08-18,67,598233.62,8928.86,0,0,Decor,Rugs,3948.53,8928.86,2023-12-07,0
SKU0086,2025-08-25,98,875028.28,8928.86,0,0,Decor,Rugs,3948.53,8928.86,2023-12-07,0
SKU0087,2023-11-20,99,562156.84,5678.35,5,0,Textiles,Cushions,3424.55,7412.4,2023-11-22,1
SKU0087,2023-11-27,89,612884.31,7164.678571428572,1,0,Textiles,Cushions,3424.55,7412.4,2023-11-22,1
SKU0087,2023-12-04,69,511455.6,7412.4,0,0,Textiles,Cushions,3424.55,7412.4,2023-11-22,0
SKU0087,2023-12-11,57,422506.8,7412.4,0,0,Textiles,Cushions,3424.55,7412.4,2023-11-22,0
SKU0087,2023-12-18,118,725535.0900000001,6173.792857142857,5,0,Textiles,Cushions,3424.55,7412.4,2023-11-22,1
SKU0087,2023-12-25,122,692758.99,5678.35,7,1,Textiles,Cushions,3424.55,7412.4,2023-11-22,1
SKU0087,2024-01-01,49,363207.60000000003,7412.4,0,1,Textiles,Cushions,3424.55,7412.4,2023-11-22,0
SKU0087,2024-01-08,61,452156.4,7412.4,0,0,Textiles,Cushions,3424.55,7412.4,2023-11-22,0
SKU0087,2024-01-15,79,585579.6,7412.4,0,0,Textiles,Cushions,3424.55,7412.4,2023-11-22,0
SKU0087,2024-01-22,80,592992.0,7412.4,0,0,Textiles,Cushions,3424.55,7412.4,2023-11-22,0
SKU0087,2024-01-29,52,385444.8,7412.4,0,0,Textiles,Cushions,3424.55,7412.4,2023-11-22,0
SKU0087,2024-02-05,56,415094.4,7412.4,0,0,Textiles,Cushions,3424.55,7412.4,2023-11-22,0
SKU0087,2024-02-12,66,489218.4,7412.4,0,0,Textiles,Cushions,3424.55,7412.4,2023-11-22,0
SKU0087,2024-02-19,63,466981.2,7412.4,0,0,Textiles,Cushions,3424.55,7412.4,2023-11-22,0
SKU0087,2024-02-26,62,459568.8,7412.4,0,0,Textiles,Cushions,3424.55,7412.4,2023-11-22,0
SKU0087,2024-03-04,53,392857.2,7412.4,0,0,Textiles,Cushions,3424.55,7412.4,2023-11-22,0
SKU0087,2024-03-11,65,481806.0,7412.4,0,0,Textiles,Cushions,3424.55,7412.4,2023-11-22,0
SKU0087,2024-03-18,65,481806.0,7412.4,0,0,Textiles,Cushions,3424.55,7412.4,2023-11-22,0
SKU0087,2024-03-25,58,429919.2,7412.4,0,0,Textiles,Cushions,3424.55,7412.4,2023-11-22,0
SKU0087,2024-04-01,72,533692.8,7412.4,0,0,Textiles,Cushions,3424.55,7412.4,2023-11-22,0
SKU0087,2024-04-08,94,696765.6000000001,7412.4,0,0,Textiles,Cushions,3424.55,7412.4,2023-11-22,0
SKU0087,2024-04-15,82,607816.8,7412.4,0,0,Textiles,Cushions,3424.55,7412.4,2023-11-22,0
SKU0087,2024-04-22,81,600404.4,7412.4,0,0,Textiles,Cushions,3424.55,7412.4,2023-11-22,0
SKU0087,2024-04-29,61,452156.4,7412.4,0,0,Textiles,Cushions,3424.55,7412.4,2023-11-22,0
SKU0087,2024-05-06,73,541105.2,7412.4,0,0,Textiles,Cushions,3424.55,7412.4,2023-11-22,0
SKU0087,2024-05-13,91,674528.4,7412.4,0,0,Textiles,Cushions,3424.55,7412.4,2023-11-22,0
SKU0087,2024-05-20,71,526280.4,7412.4,0,0,Textiles,Cushions,3424.55,7412.4,2023-11-22,0
SKU0087,2024-05-27,124,846307.6,6916.957142857143,2,0,Textiles,Cushions,3424.55,7412.4,2023-11-22,1
SKU0087,2024-06-03,169,959641.53,5678.35,7,0,Textiles,Cushions,3424.55,7412.4,2023-11-22,1
SKU0087,2024-06-10,107,753243.7000000001,7164.678571428572,1,0,Textiles,Cushions,3424.55,7412.4,2023-11-22,1
SKU0087,2024-06-17,80,592992.0,7412.4,0,0,Textiles,Cushions,3424.55,7412.4,2023-11-22,0
SKU0087,2024-06-24,90,667116.0,7412.4,0,0,Textiles,Cushions,3424.55,7412.4,2023-11-22,0
SKU0087,2024-07-01,93,689353.2000000001,7412.4,0,0,Textiles,Cushions,3424.55,7412.4,2023-11-22,0
SKU0087,2024-07-08,81,600404.4,7412.4,0,0,Textiles,Cushions,3424.55,7412.4,2023-11-22,0
SKU0087,2024-07-15,92,681940.8,7412.4,0,0,Textiles,Cushions,3424.55,7412.4,2023-11-22,0
SKU0087,2024-07-22,92,681940.8,7412.4,0,0,Textiles,Cushions,3424.55,7412.4,2023-11-22,0
SKU0087,2024-07-29,79,585579.6,7412.4,0,0,Textiles,Cushions,3424.55,7412.4,2023-11-22,0
SKU0087,2024-08-05,106,785714.4,7412.4,0,0,Textiles,Cushions,3424.55,7412.4,2023-11-22,0
SKU0087,2024-08-12,91,674528.4,7412.4,0,1,Textiles,Cushions,3424.55,7412.4,2023-11-22,0
SKU0087,2024-08-19,104,770889.6000000001,7412.4,0,0,Textiles,Cushions,3424.55,7412.4,2023-11-22,0
SKU0087,2024-08-26,107,793126.8,7412.4,0,0,Textiles,Cushions,3424.55,7412.4,2023-11-22,0
SKU0087,2024-09-02,101,748652.4,7412.4,0,0,Textiles,Cushions,3424.55,7412.4,2023-11-22,0
SKU0087,2024-09-09,98,726415.2,7412.4,0,0,Textiles,Cushions,3424.55,7412.4,2023-11-22,0
SKU0087,2024-09-16,102,756064.8,7412.4,0,0,Textiles,Cushions,3424.55,7412.4,2023-11-22,0
SKU0087,2024-09-23,79,585579.6,7412.4,0,0,Textiles,Cushions,3424.55,7412.4,2023-11-22,0
SKU0087,2024-09-30,95,704178.0,7412.4,0,1,Textiles,Cushions,3424.55,7412.4,2023-11-22,0
SKU0087,2024-10-07,90,667116.0,7412.4,0,0,Textiles,Cushions,3424.55,7412.4,2023-11-22,0
SKU0087,2024-10-14,78,578167.2000000001,7412.4,0,0,Textiles,Cushions,3424.55,7412.4,2023-11-22,0
SKU0087,2024-10-21,57,422506.8,7412.4,0,0,Textiles,Cushions,3424.55,7412.4,2023-11-22,0
SKU0087,2024-10-28,91,674528.4,7412.4,0,0,Textiles,Cushions,3424.55,7412.4,2023-11-22,0
SKU0087,2024-11-04,121,763378.72,6669.2357142857145,3,0,Textiles,Cushions,3424.55,7412.4,2023-11-22,1
SKU0087,2024-11-11,152,894322.41,6173.792857142857,5,0,Textiles,Cushions,3424.55,7412.4,2023-11-22,1
SKU0087,2024-11-18,97,719002.8,7412.4,0,0,Textiles,Cushions,3424.55,7412.4,2023-11-22,0
SKU0087,2024-11-25,102,756064.8,7412.4,0,0,Textiles,Cushions,3424.55,7412.4,2023-11-22,0
SKU0087,2024-12-02,95,704178.0,7412.4,0,0,Textiles,Cushions,3424.55,7412.4,2023-11-22,0
SKU0087,2024-12-09,99,733827.6,7412.4,0,0,Textiles,Cushions,3424.55,7412.4,2023-11-22,0
SKU0087,2024-12-16,103,692381.24,6669.2357142857145,3,0,Textiles,Cushions,3424.55,7412.4,2023-11-22,1
SKU0087,2024-12-23,153,868787.89,5678.35,7,1,Textiles,Cushions,3424.55,7412.4,2023-11-22,1
SKU0087,2024-12-30,151,982282.63,6916.957142857143,2,1,Textiles,Cushions,3424.55,7412.4,2023-11-22,1
SKU0087,2025-01-06,83,615229.2,7412.4,0,0,Textiles,Cushions,3424.55,7412.4,2023-11-22,0
SKU0087,2025-01-13,73,541105.2,7412.4,0,0,Textiles,Cushions,3424.55,7412.4,2023-11-22,0
SKU0087,2025-01-20,95,704178.0,7412.4,0,0,Textiles,Cushions,3424.55,7412.4,2023-11-22,0
SKU0087,2025-01-27,78,578167.2,7412.4,0,0,Textiles,Cushions,3424.55,7412.4,2023-11-22,0
SKU0087,2025-02-03,62,459568.8,7412.4,0,0,Textiles,Cushions,3424.55,7412.4,2023-11-22,0
SKU0087,2025-02-10,82,607816.8,7412.4,0,0,Textiles,Cushions,3424.55,7412.4,2023-11-22,0
SKU0087,2025-02-17,89,659703.6,7412.4,0,0,Textiles,Cushions,3424.55,7412.4,2023-11-22,0
SKU0087,2025-02-24,100,741240.0,7412.4,0,0,Textiles,Cushions,3424.55,7412.4,2023-11-22,0
SKU0087,2025-03-03,98,726415.2,7412.4,0,0,Textiles,Cushions,3424.55,7412.4,2023-11-22,0
SKU0087,2025-03-10,93,689353.2,7412.4,0,0,Textiles,Cushions,3424.55,7412.4,2023-11-22,0
SKU0087,2025-03-17,90,667116.0,7412.4,0,0,Textiles,Cushions,3424.55,7412.4,2023-11-22,0
SKU0087,2025-03-24,91,674528.4,7412.4,0,0,Textiles,Cushions,3424.55,7412.4,2023-11-22,0
SKU0087,2025-03-31,107,793126.8,7412.4,0,0,Textiles,Cushions,3424.55,7412.4,2023-11-22,0
SKU0087,2025-04-07,60,444744.0,7412.4,0,0,Textiles,Cushions,3424.55,7412.4,2023-11-22,0
SKU0087,2025-04-14,96,711590.4,7412.4,0,0,Textiles,Cushions,3424.55,7412.4,2023-11-22,0
SKU0087,2025-04-21,85,630054.0,7412.4,0,0,Textiles,Cushions,3424.55,7412.4,2023-11-22,0
SKU0087,2025-04-28,96,711590.4,7412.4,0,0,Textiles,Cushions,3424.55,7412.4,2023-11-22,0
SKU0087,2025-05-05,97,719002.8,7412.4,0,0,Textiles,Cushions,3424.55,7412.4,2023-11-22,0
SKU0087,2025-05-12,111,822776.4,7412.4,0,0,Textiles,Cushions,3424.55,7412.4,2023-11-22,0
SKU0087,2025-05-19,100,741240.0,7412.4,0,0,Textiles,Cushions,3424.55,7412.4,2023-11-22,0
SKU0087,2025-05-26,122,843621.13,7164.678571428572,1,0,Textiles,Cushions,3424.55,7412.4,2023-11-22,1
SKU0087,2025-06-02,223,1266272.56,5678.35,7,0,Textiles,Cushions,3424.55,7412.4,2023-11-22,1
SKU0087,2025-06-09,116,762731.73,6916.957142857143,2,0,Textiles,Cushions,3424.55,7412.4,2023-11-22,1
SKU0087,2025-06-16,71,526280.4,7412.4,0,0,Textiles,Cushions,3424.55,7412.4,2023-11-22,0
SKU0087,2025-06-23,95,704178.0,7412.4,0,0,Textiles,Cushions,3424.55,7412.4,2023-11-22,0
SKU0087,2025-06-30,107,793126.7999999999,7412.4,0,0,Textiles,Cushions,3424.55,7412.4,2023-11-22,0
SKU0087,2025-07-07,103,763477.2,7412.4,0,0,Textiles,Cushions,3424.55,7412.4,2023-11-22,0
SKU0087,2025-07-14,101,748652.4,7412.4,0,0,Textiles,Cushions,3424.55,7412.4,2023-11-22,0
SKU0087,2025-07-21,139,1030323.6,7412.4,0,0,Textiles,Cushions,3424.55,7412.4,2023-11-22,0
SKU0087,2025-07-28,122,904312.7999999999,7412.4,0,0,Textiles,Cushions,3424.55,7412.4,2023-11-22,0
SKU0087,2025-08-04,99,733827.6,7412.4,0,0,Textiles,Cushions,3424.55,7412.4,2023-11-22,0
SKU0087,2025-08-11,91,674528.4,7412.4,0,1,Textiles,Cushions,3424.55,7412.4,2023-11-22,0
SKU0087,2025-08-18,144,1067385.6,7412.4,0,0,Textiles,Cushions,3424.55,7412.4,2023-11-22,0
SKU0087,2025-08-25,120,889488.0,7412.4,0,0,Textiles,Cushions,3424.55,7412.4,2023-11-22,0
SKU0088,2023-09-18,12,4607.04,383.92,0,0,Decor,Wall Art,197.37,383.92,2023-09-23,0
SKU0088,2023-09-25,139,53364.88,383.92,0,0,Decor,Wall Art,197.37,383.92,2023-09-23,0
SKU0088,2023-10-02,127,48757.84,383.92,0,1,Decor,Wall Art,197.37,383.92,2023-09-23,0
SKU0088,2023-10-09,125,47990.0,383.92,0,0,Decor,Wall Art,197.37,383.92,2023-09-23,0
SKU0088,2023-10-16,120,46070.4,383.92,0,0,Decor,Wall Art,197.37,383.92,2023-09-23,0
SKU0088,2023-10-23,83,31865.36,383.92,0,0,Decor,Wall Art,197.37,383.92,2023-09-23,0
SKU0088,2023-10-30,100,38392.0,383.92,0,0,Decor,Wall Art,197.37,383.92,2023-09-23,0
SKU0088,2023-11-06,76,29177.92,383.92,0,0,Decor,Wall Art,197.37,383.92,2023-09-23,0
SKU0088,2023-11-13,96,36856.32,383.92,0,0,Decor,Wall Art,197.37,383.92,2023-09-23,0
SKU0088,2023-11-20,214,72561.1,339.07,7,0,Decor,Wall Art,197.37,383.92,2023-09-23,1
SKU0088,2023-11-27,96,35869.630000000005,377.5128571428572,1,0,Decor,Wall Art,197.37,383.92,2023-09-23,1
SKU0088,2023-12-04,76,29177.920000000002,383.92,0,0,Decor,Wall Art,197.37,383.92,2023-09-23,0
SKU0088,2023-12-11,83,31865.36,383.92,0,0,Decor,Wall Art,197.37,383.92,2023-09-23,0
SKU0088,2023-12-18,131,45943.13,351.88428571428574,5,0,Decor,Wall Art,197.37,383.92,2023-09-23,1
SKU0088,2023-12-25,162,54929.43,339.07,7,1,Decor,Wall Art,197.37,383.92,2023-09-23,1
SKU0088,2024-01-01,78,29945.76,383.92,0,1,Decor,Wall Art,197.37,383.92,2023-09-23,0
SKU0088,2024-01-08,90,34552.8,383.92,0,0,Decor,Wall Art,197.37,383.92,2023-09-23,0
SKU0088,2024-01-15,94,36088.48,383.92,0,0,Decor,Wall Art,197.37,383.92,2023-09-23,0
SKU0088,2024-01-22,71,27258.32,383.92,0,0,Decor,Wall Art,197.37,383.92,2023-09-23,0
SKU0088,2024-01-29,80,30713.6,383.92,0,0,Decor,Wall Art,197.37,383.92,2023-09-23,0
SKU0088,2024-02-05,110,42231.2,383.92,0,0,Decor,Wall Art,197.37,383.92,2023-09-23,0
SKU0088,2024-02-12,82,31481.44,383.92,0,0,Decor,Wall Art,197.37,383.92,2023-09-23,0
SKU0088,2024-02-19,88,33784.96,383.92,0,0,Decor,Wall Art,197.37,383.92,2023-09-23,0
SKU0088,2024-02-26,106,40695.52,383.92,0,0,Decor,Wall Art,197.37,383.92,2023-09-23,0
SKU0088,2024-03-04,95,36472.4,383.92,0,0,Decor,Wall Art,197.37,383.92,2023-09-23,0
SKU0088,2024-03-11,108,41463.36,383.92,0,0,Decor,Wall Art,197.37,383.92,2023-09-23,0
SKU0088,2024-03-18,121,46454.32,383.92,0,0,Decor,Wall Art,197.37,383.92,2023-09-23,0
SKU0088,2024-03-25,101,38775.92,383.92,0,0,Decor,Wall Art,197.37,383.92,2023-09-23,0
SKU0088,2024-04-01,137,52597.04,383.92,0,0,Decor,Wall Art,197.37,383.92,2023-09-23,0
SKU0088,2024-04-08,122,46838.24,383.92,0,0,Decor,Wall Art,197.37,383.92,2023-09-23,0
SKU0088,2024-04-15,128,49141.76,383.92,0,0,Decor,Wall Art,197.37,383.92,2023-09-23,0
SKU0088,2024-04-22,129,49525.68,383.92,0,0,Decor,Wall Art,197.37,383.92,2023-09-23,0
SKU0088,2024-04-29,124,47606.08,383.92,0,0,Decor,Wall Art,197.37,383.92,2023-09-23,0
SKU0088,2024-05-06,145,55668.4,383.92,0,0,Decor,Wall Art,197.37,383.92,2023-09-23,0
SKU0088,2024-05-13,173,66418.16,383.92,0,0,Decor,Wall Art,197.37,383.92,2023-09-23,0
SKU0088,2024-05-20,116,44534.72,383.92,0,0,Decor,Wall Art,197.37,383.92,2023-09-23,0
SKU0088,2024-05-27,138,51411.229999999996,371.1057142857143,2,0,Decor,Wall Art,197.37,383.92,2023-09-23,1
SKU0088,2024-06-03,254,86123.9,339.07,7,0,Decor,Wall Art,197.37,383.92,2023-09-23,1
SKU0088,2024-06-10,201,75329.09,377.5128571428572,1,0,Decor,Wall Art,197.37,383.92,2023-09-23,1
SKU0088,2024-06-17,110,42231.2,383.92,0,0,Decor,Wall Art,197.37,383.92,2023-09-23,0
SKU0088,2024-06-24,143,54900.56,383.92,0,0,Decor,Wall Art,197.37,383.92,2023-09-23,0
SKU0088,2024-07-01,122,46838.24,383.92,0,0,Decor,Wall Art,197.37,383.92,2023-09-23,0
SKU0088,2024-07-08,125,47990.0,383.92,0,0,Decor,Wall Art,197.37,383.92,2023-09-23,0
SKU0088,2024-07-15,130,49909.6,383.92,0,0,Decor,Wall Art,197.37,383.92,2023-09-23,0
SKU0088,2024-07-22,126,48373.92,383.92,0,0,Decor,Wall Art,197.37,383.92,2023-09-23,0
SKU0088,2024-07-29,134,51445.28,383.92,0,0,Decor,Wall Art,197.37,383.92,2023-09-23,0
SKU0088,2024-08-05,122,46838.24,383.92,0,0,Decor,Wall Art,197.37,383.92,2023-09-23,0
SKU0088,2024-08-12,154,59123.68,383.92,0,1,Decor,Wall Art,197.37,383.92,2023-09-23,0
SKU0088,2024-08-19,113,43382.96,383.92,0,0,Decor,Wall Art,197.37,383.92,2023-09-23,0
SKU0088,2024-08-26,140,53748.799999999996,383.92,0,0,Decor,Wall Art,197.37,383.92,2023-09-23,0
SKU0088,2024-09-02,142,54516.64,383.92,0,0,Decor,Wall Art,197.37,383.92,2023-09-23,0
SKU0088,2024-09-09,120,46070.4,383.92,0,0,Decor,Wall Art,197.37,383.92,2023-09-23,0
SKU0088,2024-09-16,142,54516.64,383.92,0,0,Decor,Wall Art,197.37,383.92,2023-09-23,0
SKU0088,2024-09-23,132,50677.44,383.92,0,0,Decor,Wall Art,197.37,383.92,2023-09-23,0
SKU0088,2024-09-30,79,30329.68,383.92,0,1,Decor,Wall Art,197.37,383.92,2023-09-23,0
SKU0088,2024-10-07,82,31481.440000000002,383.92,0,0,Decor,Wall Art,197.37,383.92,2023-09-23,0
SKU0088,2024-10-14,129,49525.68,383.92,0,0,Decor,Wall Art,197.37,383.92,2023-09-23,0
SKU0088,2024-10-21,100,38392.0,383.92,0,0,Decor,Wall Art,197.37,383.92,2023-09-23,0
SKU0088,2024-10-28,84,32249.28,383.92,0,0,Decor,Wall Art,197.37,383.92,2023-09-23,0
SKU0088,2024-11-04,153,55689.990000000005,364.6985714285714,3,0,Decor,Wall Art,197.37,383.92,2023-09-23,1
SKU0088,2024-11-11,135,46626.66,351.88428571428574,5,0,Decor,Wall Art,197.37,383.92,2023-09-23,1
SKU0088,2024-11-18,74,28410.08,383.92,0,0,Decor,Wall Art,197.37,383.92,2023-09-23,0
SKU0088,2024-11-25,89,34168.88,383.92,0,0,Decor,Wall Art,197.37,383.92,2023-09-23,0
SKU0088,2024-12-02,48,18428.16,383.92,0,0,Decor,Wall Art,197.37,383.92,2023-09-23,0
SKU0088,2024-12-09,85,32633.2,383.92,0,0,Decor,Wall Art,197.37,383.92,2023-09-23,0
SKU0088,2024-12-16,90,32400.03,364.6985714285714,3,0,Decor,Wall Art,197.37,383.92,2023-09-23,1
SKU0088,2024-12-23,174,58998.26,339.07,7,1,Decor,Wall Art,197.37,383.92,2023-09-23,1
SKU0088,2024-12-30,104,37550.66,371.1057142857143,2,1,Decor,Wall Art,197.37,383.92,2023-09-23,1
SKU0088,2025-01-06,60,23035.199999999997,383.92,0,0,Decor,Wall Art,197.37,383.92,2023-09-23,0
SKU0088,2025-01-13,65,24954.8,383.92,0,0,Decor,Wall Art,197.37,383.92,2023-09-23,0
SKU0088,2025-01-20,85,32633.2,383.92,0,0,Decor,Wall Art,197.37,383.92,2023-09-23,0
SKU0088,2025-01-27,93,35704.56,383.92,0,0,Decor,Wall Art,197.37,383.92,2023-09-23,0
SKU0088,2025-02-03,63,24186.96,383.92,0,0,Decor,Wall Art,197.37,383.92,2023-09-23,0
SKU0088,2025-02-10,117,44918.64,383.92,0,0,Decor,Wall Art,197.37,383.92,2023-09-23,0
SKU0088,2025-02-17,98,37624.16,383.92,0,0,Decor,Wall Art,197.37,383.92,2023-09-23,0
SKU0088,2025-02-24,108,41463.36,383.92,0,0,Decor,Wall Art,197.37,383.92,2023-09-23,0
SKU0088,2025-03-03,111,42615.12,383.92,0,0,Decor,Wall Art,197.37,383.92,2023-09-23,0
SKU0088,2025-03-10,110,42231.2,383.92,0,0,Decor,Wall Art,197.37,383.92,2023-09-23,0
SKU0088,2025-03-17,111,42615.12,383.92,0,0,Decor,Wall Art,197.37,383.92,2023-09-23,0
SKU0088,2025-03-24,91,34936.72,383.92,0,0,Decor,Wall Art,197.37,383.92,2023-09-23,0
SKU0088,2025-03-31,88,33784.96,383.92,0,0,Decor,Wall Art,197.37,383.92,2023-09-23,0
SKU0088,2025-04-07,97,37240.24,383.92,0,0,Decor,Wall Art,197.37,383.92,2023-09-23,0
SKU0088,2025-04-14,110,42231.2,383.92,0,0,Decor,Wall Art,197.37,383.92,2023-09-23,0
SKU0088,2025-04-21,90,34552.8,383.92,0,0,Decor,Wall Art,197.37,383.92,2023-09-23,0
SKU0088,2025-04-28,81,31097.52,383.92,0,0,Decor,Wall Art,197.37,383.92,2023-09-23,0
SKU0088,2025-05-05,157,60275.44,383.92,0,0,Decor,Wall Art,197.37,383.92,2023-09-23,0
SKU0088,2025-05-12,132,50677.44,383.92,0,0,Decor,Wall Art,197.37,383.92,2023-09-23,0
SKU0088,2025-05-19,165,63346.8,383.92,0,0,Decor,Wall Art,197.37,383.92,2023-09-23,0
SKU0088,2025-05-26,157,58750.56,377.5128571428572,1,0,Decor,Wall Art,197.37,383.92,2023-09-23,1
SKU0088,2025-06-02,302,102399.29999999999,339.07,7,0,Decor,Wall Art,197.37,383.92,2023-09-23,1
SKU0088,2025-06-09,270,95989.14,371.1057142857143,2,0,Decor,Wall Art,197.37,383.92,2023-09-23,1
SKU0088,2025-06-16,179,68721.68,383.92,0,0,Decor,Wall Art,197.37,383.92,2023-09-23,0
SKU0088,2025-06-23,99,38008.08,383.92,0,0,Decor,Wall Art,197.37,383.92,2023-09-23,0
SKU0088,2025-06-30,153,58739.76,383.92,0,0,Decor,Wall Art,197.37,383.92,2023-09-23,0
SKU0088,2025-07-07,120,46070.4,383.92,0,0,Decor,Wall Art,197.37,383.92,2023-09-23,0
SKU0088,2025-07-14,123,47222.16,383.92,0,0,Decor,Wall Art,197.37,383.92,2023-09-23,0
SKU0088,2025-07-21,177,67953.84,383.92,0,0,Decor,Wall Art,197.37,383.92,2023-09-23,0
SKU0088,2025-07-28,159,61043.28,383.92,0,0,Decor,Wall Art,197.37,383.92,2023-09-23,0
SKU0088,2025-08-04,140,53748.8,383.92,0,0,Decor,Wall Art,197.37,383.92,2023-09-23,0
SKU0088,2025-08-11,112,42999.04,383.92,0,1,Decor,Wall Art,197.37,383.92,2023-09-23,0
SKU0088,2025-08-18,126,48373.92,383.92,0,0,Decor,Wall Art,197.37,383.92,2023-09-23,0
SKU0088,2025-08-25,128,49141.76,383.92,0,0,Decor,Wall Art,197.37,383.92,2023-09-23,0
SKU0089,2024-03-25,76,281065.48,3698.23,0,0,Textiles,Cushions,1915.41,3698.23,2024-03-25,0
SKU0089,2024-04-01,48,177515.04,3698.23,0,0,Textiles,Cushions,1915.41,3698.23,2024-03-25,0
SKU0089,2024-04-08,74,273669.02,3698.23,0,0,Textiles,Cushions,1915.41,3698.23,2024-03-25,0
SKU0089,2024-04-15,48,177515.04,3698.23,0,0,Textiles,Cushions,1915.41,3698.23,2024-03-25,0
SKU0089,2024-04-22,57,210799.11000000002,3698.23,0,0,Textiles,Cushions,1915.41,3698.23,2024-03-25,0
SKU0089,2024-04-29,54,199704.42,3698.23,0,0,Textiles,Cushions,1915.41,3698.23,2024-03-25,0
SKU0089,2024-05-06,53,196006.19,3698.23,0,0,Textiles,Cushions,1915.41,3698.23,2024-03-25,0
SKU0089,2024-05-13,60,221893.8,3698.23,0,0,Textiles,Cushions,1915.41,3698.23,2024-03-25,0
SKU0089,2024-05-20,53,196006.19,3698.23,0,0,Textiles,Cushions,1915.41,3698.23,2024-03-25,0
SKU0089,2024-05-27,79,260671.44,3473.3100000000004,2,0,Textiles,Cushions,1915.41,3698.23,2024-03-25,1
SKU0089,2024-06-03,130,378431.5,2911.0099999999998,7,0,Textiles,Cushions,1915.41,3698.23,2024-03-25,1
SKU0089,2024-06-10,106,376268.01,3585.77,1,0,Textiles,Cushions,1915.41,3698.23,2024-03-25,1
SKU0089,2024-06-17,81,299556.63,3698.23,0,0,Textiles,Cushions,1915.41,3698.23,2024-03-25,0
SKU0089,2024-06-24,88,325444.24,3698.23,0,0,Textiles,Cushions,1915.41,3698.23,2024-03-25,0
SKU0089,2024-07-01,86,318047.77999999997,3698.23,0,0,Textiles,Cushions,1915.41,3698.23,2024-03-25,0
SKU0089,2024-07-08,100,369823.0,3698.23,0,0,Textiles,Cushions,1915.41,3698.23,2024-03-25,0
SKU0089,2024-07-15,93,343935.39,3698.23,0,0,Textiles,Cushions,1915.41,3698.23,2024-03-25,0
SKU0089,2024-07-22,119,440089.37,3698.23,0,0,Textiles,Cushions,1915.41,3698.23,2024-03-25,0
SKU0089,2024-07-29,92,340237.16,3698.23,0,0,Textiles,Cushions,1915.41,3698.23,2024-03-25,0
SKU0089,2024-08-05,121,447485.83,3698.23,0,0,Textiles,Cushions,1915.41,3698.23,2024-03-25,0
SKU0089,2024-08-12,81,299556.63,3698.23,0,1,Textiles,Cushions,1915.41,3698.23,2024-03-25,0
SKU0089,2024-08-19,97,358728.31,3698.23,0,0,Textiles,Cushions,1915.41,3698.23,2024-03-25,0
SKU0089,2024-08-26,98,362426.54000000004,3698.23,0,0,Textiles,Cushions,1915.41,3698.23,2024-03-25,0
SKU0089,2024-09-02,70,258876.1,3698.23,0,0,Textiles,Cushions,1915.41,3698.23,2024-03-25,0
SKU0089,2024-09-09,107,395710.61,3698.23,0,0,Textiles,Cushions,1915.41,3698.23,2024-03-25,0
SKU0089,2024-09-16,85,314349.55,3698.23,0,0,Textiles,Cushions,1915.41,3698.23,2024-03-25,0
SKU0089,2024-09-23,100,369823.0,3698.23,0,0,Textiles,Cushions,1915.41,3698.23,2024-03-25,0
SKU0089,2024-09-30,135,499261.05,3698.23,0,1,Textiles,Cushions,1915.41,3698.23,2024-03-25,0
SKU0089,2024-10-07,70,258876.1,3698.23,0,0,Textiles,Cushions,1915.41,3698.23,2024-03-25,0
SKU0089,2024-10-14,75,277367.25,3698.23,0,0,Textiles,Cushions,1915.41,3698.23,2024-03-25,0
SKU0089,2024-10-21,100,369823.0,3698.23,0,0,Textiles,Cushions,1915.41,3698.23,2024-03-25,0
SKU0089,2024-10-28,119,440089.37,3698.23,0,0,Textiles,Cushions,1915.41,3698.23,2024-03-25,0
SKU0089,2024-11-04,116,389633.76,3360.85,3,0,Textiles,Cushions,1915.41,3698.23,2024-03-25,1
SKU0089,2024-11-11,153,461129.13,3135.9300000000003,5,0,Textiles,Cushions,1915.41,3698.23,2024-03-25,1
SKU0089,2024-11-18,70,258876.1,3698.23,0,0,Textiles,Cushions,1915.41,3698.23,2024-03-25,0
SKU0089,2024-11-25,115,425296.45,3698.23,0,0,Textiles,Cushions,1915.41,3698.23,2024-03-25,0
SKU0089,2024-12-02,66,244083.18,3698.23,0,0,Textiles,Cushions,1915.41,3698.23,2024-03-25,0
SKU0089,2024-12-09,85,314349.55,3698.23,0,0,Textiles,Cushions,1915.41,3698.23,2024-03-25,0
SKU0089,2024-12-16,112,373266.4,3360.85,3,0,Textiles,Cushions,1915.41,3698.23,2024-03-25,1
SKU0089,2024-12-23,137,398808.59,2911.0099999999998,7,1,Textiles,Cushions,1915.41,3698.23,2024-03-25,1
SKU0089,2024-12-30,91,299539.66000000003,3473.3100000000004,2,1,Textiles,Cushions,1915.41,3698.23,2024-03-25,1
SKU0089,2025-01-06,81,299556.63,3698.23,0,0,Textiles,Cushions,1915.41,3698.23,2024-03-25,0
SKU0089,2025-01-13,52,192307.96,3698.23,0,0,Textiles,Cushions,1915.41,3698.23,2024-03-25,0
SKU0089,2025-01-20,68,251479.64,3698.23,0,0,Textiles,Cushions,1915.41,3698.23,2024-03-25,0
SKU0089,2025-01-27,84,310651.32,3698.23,0,0,Textiles,Cushions,1915.41,3698.23,2024-03-25,0
SKU0089,2025-02-03,95,351331.85000000003,3698.23,0,0,Textiles,Cushions,1915.41,3698.23,2024-03-25,0
SKU0089,2025-02-10,68,251479.63999999998,3698.23,0,0,Textiles,Cushions,1915.41,3698.23,2024-03-25,0
SKU0089,2025-02-17,49,181213.27000000002,3698.23,0,0,Textiles,Cushions,1915.41,3698.23,2024-03-25,0
SKU0089,2025-02-24,53,196006.19,3698.23,0,0,Textiles,Cushions,1915.41,3698.23,2024-03-25,0
SKU0089,2025-03-03,33,122041.59,3698.23,0,0,Textiles,Cushions,1915.41,3698.23,2024-03-25,0
SKU0089,2025-03-10,67,247781.41,3698.23,0,0,Textiles,Cushions,1915.41,3698.23,2024-03-25,0
SKU0089,2025-03-17,51,188609.73,3698.23,0,0,Textiles,Cushions,1915.41,3698.23,2024-03-25,0
SKU0089,2025-03-24,50,184911.5,3698.23,0,0,Textiles,Cushions,1915.41,3698.23,2024-03-25,0
SKU0089,2025-03-31,49,181213.27000000002,3698.23,0,0,Textiles,Cushions,1915.41,3698.23,2024-03-25,0
SKU0089,2025-04-07,63,232988.49,3698.23,0,0,Textiles,Cushions,1915.41,3698.23,2024-03-25,0
SKU0089,2025-04-14,48,177515.04,3698.23,0,0,Textiles,Cushions,1915.41,3698.23,2024-03-25,0
SKU0089,2025-04-21,52,192307.96,3698.23,0,0,Textiles,Cushions,1915.41,3698.23,2024-03-25,0
SKU0089,2025-04-28,38,140532.74,3698.23,0,0,Textiles,Cushions,1915.41,3698.23,2024-03-25,0
SKU0089,2025-05-05,60,221893.80000000002,3698.23,0,0,Textiles,Cushions,1915.41,3698.23,2024-03-25,0
SKU0089,2025-05-12,54,199704.41999999998,3698.23,0,0,Textiles,Cushions,1915.41,3698.23,2024-03-25,0
SKU0089,2025-05-19,47,173816.81,3698.23,0,0,Textiles,Cushions,1915.41,3698.23,2024-03-25,0
SKU0089,2025-05-26,75,267133.41,3585.77,1,0,Textiles,Cushions,1915.41,3698.23,2024-03-25,1
SKU0089,2025-06-02,133,387164.56,2911.0099999999998,7,0,Textiles,Cushions,1915.41,3698.23,2024-03-25,1
SKU0089,2025-06-09,102,333922.45,3473.3100000000004,2,0,Textiles,Cushions,1915.41,3698.23,2024-03-25,1
SKU0089,2025-06-16,41,151627.43,3698.23,0,0,Textiles,Cushions,1915.41,3698.23,2024-03-25,0
SKU0089,2025-06-23,87,321746.01,3698.23,0,0,Textiles,Cushions,1915.41,3698.23,2024-03-25,0
SKU0089,2025-06-30,81,299556.63,3698.23,0,0,Textiles,Cushions,1915.41,3698.23,2024-03-25,0
SKU0089,2025-07-07,50,184911.5,3698.23,0,0,Textiles,Cushions,1915.41,3698.23,2024-03-25,0
SKU0089,2025-07-14,67,247781.41,3698.23,0,0,Textiles,Cushions,1915.41,3698.23,2024-03-25,0
SKU0089,2025-07-21,57,210799.11,3698.23,0,0,Textiles,Cushions,1915.41,3698.23,2024-03-25,0
SKU0089,2025-07-28,84,310651.32,3698.23,0,0,Textiles,Cushions,1915.41,3698.23,2024-03-25,0
SKU0089,2025-08-04,95,351331.85,3698.23,0,0,Textiles,Cushions,1915.41,3698.23,2024-03-25,0
SKU0089,2025-08-11,106,392012.38,3698.23,0,1,Textiles,Cushions,1915.41,3698.23,2024-03-25,0
SKU0089,2025-08-18,112,414201.76,3698.23,0,0,Textiles,Cushions,1915.41,3698.23,2024-03-25,0
SKU0089,2025-08-25,99,366124.77,3698.23,0,0,Textiles,Cushions,1915.41,3698.23,2024-03-25,0
SKU0090,2025-01-27,101,150989.95,1494.95,0,0,Textiles,Bedding,575.77,1494.95,2025-01-29,0
SKU0090,2025-02-03,151,225737.45,1494.95,0,0,Textiles,Bedding,575.77,1494.95,2025-01-29,0
SKU0090,2025-02-10,157,234707.15,1494.95,0,0,Textiles,Bedding,575.77,1494.95,2025-01-29,0
SKU0090,2025-02-17,149,222747.55,1494.95,0,0,Textiles,Bedding,575.77,1494.95,2025-01-29,0
SKU0090,2025-02-24,143,213777.85,1494.95,0,0,Textiles,Bedding,575.77,1494.95,2025-01-29,0
SKU0090,2025-03-03,153,228727.35,1494.95,0,0,Textiles,Bedding,575.77,1494.95,2025-01-29,0
SKU0090,2025-03-10,155,231717.25,1494.95,0,0,Textiles,Bedding,575.77,1494.95,2025-01-29,0
SKU0090,2025-03-17,121,180888.95,1494.95,0,0,Textiles,Bedding,575.77,1494.95,2025-01-29,0
SKU0090,2025-03-24,133,198828.35,1494.95,0,0,Textiles,Bedding,575.77,1494.95,2025-01-29,0
SKU0090,2025-03-31,123,183878.85,1494.95,0,0,Textiles,Bedding,575.77,1494.95,2025-01-29,0
SKU0090,2025-04-07,160,239192.0,1494.95,0,0,Textiles,Bedding,575.77,1494.95,2025-01-29,0
SKU0090,2025-04-14,145,216767.75,1494.95,0,0,Textiles,Bedding,575.77,1494.95,2025-01-29,0
SKU0090,2025-04-21,163,243676.85,1494.95,0,0,Textiles,Bedding,575.77,1494.95,2025-01-29,0
SKU0090,2025-04-28,154,230222.3,1494.95,0,0,Textiles,Bedding,575.77,1494.95,2025-01-29,0
SKU0090,2025-05-05,174,260121.3,1494.95,0,0,Textiles,Bedding,575.77,1494.95,2025-01-29,0
SKU0090,2025-05-12,158,236202.1,1494.95,0,0,Textiles,Bedding,575.77,1494.95,2025-01-29,0
SKU0090,2025-05-19,181,270585.95,1494.95,0,0,Textiles,Bedding,575.77,1494.95,2025-01-29,0
SKU0090,2025-05-26,157,230924.0,1470.3842857142859,1,0,Textiles,Bedding,575.77,1494.95,2025-01-29,1
SKU0090,2025-06-02,287,379697.72,1322.99,7,0,Textiles,Bedding,575.77,1494.95,2025-01-29,1
SKU0090,2025-06-09,230,325782.55,1445.8185714285714,2,0,Textiles,Bedding,575.77,1494.95,2025-01-29,1
SKU0090,2025-06-16,174,260121.3,1494.95,0,0,Textiles,Bedding,575.77,1494.95,2025-01-29,0
SKU0090,2025-06-23,196,293010.2,1494.95,0,0,Textiles,Bedding,575.77,1494.95,2025-01-29,0
SKU0090,2025-06-30,193,288525.35,1494.95,0,0,Textiles,Bedding,575.77,1494.95,2025-01-29,0
SKU0090,2025-07-07,204,304969.8,1494.95,0,0,Textiles,Bedding,575.77,1494.95,2025-01-29,0
SKU0090,2025-07-14,169,252646.55,1494.95,0,0,Textiles,Bedding,575.77,1494.95,2025-01-29,0
SKU0090,2025-07-21,184,275070.8,1494.95,0,0,Textiles,Bedding,575.77,1494.95,2025-01-29,0
SKU0090,2025-07-28,205,306464.75,1494.95,0,0,Textiles,Bedding,575.77,1494.95,2025-01-29,0
SKU0090,2025-08-04,210,313939.5,1494.95,0,0,Textiles,Bedding,575.77,1494.95,2025-01-29,0
SKU0090,2025-08-11,233,348323.35,1494.95,0,1,Textiles,Bedding,575.77,1494.95,2025-01-29,0
SKU0090,2025-08-18,225,336363.75,1494.95,0,0,Textiles,Bedding,575.77,1494.95,2025-01-29,0
SKU0090,2025-08-25,193,288525.35,1494.95,0,0,Textiles,Bedding,575.77,1494.95,2025-01-29,0
SKU0091,2024-03-11,8,41211.92,5151.49,0,0,Textiles,Throws,3372.05,5151.49,2024-03-17,0
SKU0091,2024-03-18,129,664542.21,5151.49,0,0,Textiles,Throws,3372.05,5151.49,2024-03-17,0
SKU0091,2024-03-25,103,530603.47,5151.49,0,0,Textiles,Throws,3372.05,5151.49,2024-03-17,0
SKU0091,2024-04-01,92,473937.07999999996,5151.49,0,0,Textiles,Throws,3372.05,5151.49,2024-03-17,0
SKU0091,2024-04-08,141,726360.0900000001,5151.49,0,0,Textiles,Throws,3372.05,5151.49,2024-03-17,0
SKU0091,2024-04-15,107,551209.43,5151.49,0,0,Textiles,Throws,3372.05,5151.49,2024-03-17,0
SKU0091,2024-04-22,74,381210.26,5151.49,0,0,Textiles,Throws,3372.05,5151.49,2024-03-17,0
SKU0091,2024-04-29,104,535754.96,5151.49,0,0,Textiles,Throws,3372.05,5151.49,2024-03-17,0
SKU0091,2024-05-06,105,540906.45,5151.49,0,0,Textiles,Throws,3372.05,5151.49,2024-03-17,0
SKU0091,2024-05-13,73,376058.77,5151.49,0,0,Textiles,Throws,3372.05,5151.49,2024-03-17,0
SKU0091,2024-05-20,85,437876.65,5151.49,0,0,Textiles,Throws,3372.05,5151.49,2024-03-17,0
SKU0091,2024-05-27,98,464606.56,4792.21,2,0,Textiles,Throws,3372.05,5151.49,2024-03-17,1
SKU0091,2024-06-03,201,782695.4099999999,3894.0099999999998,7,0,Textiles,Throws,3372.05,5151.49,2024-03-17,1
SKU0091,2024-06-10,112,545529.8,4971.849999999999,1,0,Textiles,Throws,3372.05,5151.49,2024-03-17,1
SKU0091,2024-06-17,97,499694.52999999997,5151.49,0,0,Textiles,Throws,3372.05,5151.49,2024-03-17,0
SKU0091,2024-06-24,66,339998.34,5151.49,0,0,Textiles,Throws,3372.05,5151.49,2024-03-17,0
SKU0091,2024-07-01,78,401816.22,5151.49,0,0,Textiles,Throws,3372.05,5151.49,2024-03-17,0
SKU0091,2024-07-08,83,427573.67,5151.49,0,0,Textiles,Throws,3372.05,5151.49,2024-03-17,0
SKU0091,2024-07-15,29,149393.21,5151.49,0,0,Textiles,Throws,3372.05,5151.49,2024-03-17,0
SKU0091,2024-07-22,96,494543.04,5151.49,0,0,Textiles,Throws,3372.05,5151.49,2024-03-17,0
SKU0091,2024-07-29,71,365755.79,5151.49,0,0,Textiles,Throws,3372.05,5151.49,2024-03-17,0
SKU0091,2024-08-05,111,571815.39,5151.49,0,0,Textiles,Throws,3372.05,5151.49,2024-03-17,0
SKU0091,2024-08-12,89,458482.61,5151.49,0,1,Textiles,Throws,3372.05,5151.49,2024-03-17,0
SKU0091,2024-08-19,107,551209.43,5151.49,0,0,Textiles,Throws,3372.05,5151.49,2024-03-17,0
SKU0091,2024-08-26,68,350301.32,5151.49,0,0,Textiles,Throws,3372.05,5151.49,2024-03-17,0
SKU0091,2024-09-02,75,386361.75,5151.49,0,0,Textiles,Throws,3372.05,5151.49,2024-03-17,0
SKU0091,2024-09-09,82,422422.18,5151.49,0,0,Textiles,Throws,3372.05,5151.49,2024-03-17,0
SKU0091,2024-09-16,99,509997.51,5151.49,0,0,Textiles,Throws,3372.05,5151.49,2024-03-17,0
SKU0091,2024-09-23,93,479088.57,5151.49,0,0,Textiles,Throws,3372.05,5151.49,2024-03-17,0
SKU0091,2024-09-30,88,453331.12,5151.49,0,1,Textiles,Throws,3372.05,5151.49,2024-03-17,0
SKU0091,2024-10-07,94,484240.06,5151.49,0,0,Textiles,Throws,3372.05,5151.49,2024-03-17,0
SKU0091,2024-10-14,118,607875.8200000001,5151.49,0,0,Textiles,Throws,3372.05,5151.49,2024-03-17,0
SKU0091,2024-10-21,108,556360.92,5151.49,0,0,Textiles,Throws,3372.05,5151.49,2024-03-17,0
SKU0091,2024-10-28,133,685148.17,5151.49,0,0,Textiles,Throws,3372.05,5151.49,2024-03-17,0
SKU0091,2024-11-04,188,852791.6900000001,4612.57,3,0,Textiles,Throws,3372.05,5151.49,2024-03-17,1
SKU0091,2024-11-11,203,816890.56,4253.29,5,0,Textiles,Throws,3372.05,5151.49,2024-03-17,1
SKU0091,2024-11-18,110,566663.9,5151.49,0,0,Textiles,Throws,3372.05,5151.49,2024-03-17,0
SKU0091,2024-11-25,63,324543.87,5151.49,0,0,Textiles,Throws,3372.05,5151.49,2024-03-17,0
SKU0091,2024-12-02,121,623330.29,5151.49,0,0,Textiles,Throws,3372.05,5151.49,2024-03-17,0
SKU0091,2024-12-09,81,417270.69,5151.49,0,0,Textiles,Throws,3372.05,5151.49,2024-03-17,0
SKU0091,2024-12-16,123,558184.29,4612.57,3,0,Textiles,Throws,3372.05,5151.49,2024-03-17,1
SKU0091,2024-12-23,228,887833.6,3894.0099999999998,7,1,Textiles,Throws,3372.05,5151.49,2024-03-17,1
SKU0091,2024-12-30,176,797261.22,4792.21,2,1,Textiles,Throws,3372.05,5151.49,2024-03-17,1
SKU0091,2025-01-06,104,535754.96,5151.49,0,0,Textiles,Throws,3372.05,5151.49,2024-03-17,0
SKU0091,2025-01-13,114,587269.86,5151.49,0,0,Textiles,Throws,3372.05,5151.49,2024-03-17,0
SKU0091,2025-01-20,141,726360.09,5151.49,0,0,Textiles,Throws,3372.05,5151.49,2024-03-17,0
SKU0091,2025-01-27,113,582118.37,5151.49,0,0,Textiles,Throws,3372.05,5151.49,2024-03-17,0
SKU0091,2025-02-03,105,540906.45,5151.49,0,0,Textiles,Throws,3372.05,5151.49,2024-03-17,0
SKU0091,2025-02-10,125,643936.25,5151.49,0,0,Textiles,Throws,3372.05,5151.49,2024-03-17,0
SKU0091,2025-02-17,128,659390.72,5151.49,0,0,Textiles,Throws,3372.05,5151.49,2024-03-17,0
SKU0091,2025-02-24,98,504846.02,5151.49,0,0,Textiles,Throws,3372.05,5151.49,2024-03-17,0
SKU0091,2025-03-03,89,458482.61,5151.49,0,0,Textiles,Throws,3372.05,5151.49,2024-03-17,0
SKU0091,2025-03-10,88,453331.12,5151.49,0,0,Textiles,Throws,3372.05,5151.49,2024-03-17,0
SKU0091,2025-03-17,107,551209.43,5151.49,0,0,Textiles,Throws,3372.05,5151.49,2024-03-17,0
SKU0091,2025-03-24,119,613027.31,5151.49,0,0,Textiles,Throws,3372.05,5151.49,2024-03-17,0
SKU0091,2025-03-31,113,582118.37,5151.49,0,0,Textiles,Throws,3372.05,5151.49,2024-03-17,0
SKU0091,2025-04-07,87,448179.63,5151.49,0,0,Textiles,Throws,3372.05,5151.49,2024-03-17,0
SKU0091,2025-04-14,98,504846.01999999996,5151.49,0,0,Textiles,Throws,3372.05,5151.49,2024-03-17,0
SKU0091,2025-04-21,117,602724.33,5151.49,0,0,Textiles,Throws,3372.05,5151.49,2024-03-17,0
SKU0091,2025-04-28,100,515149.0,5151.49,0,0,Textiles,Throws,3372.05,5151.49,2024-03-17,0
SKU0091,2025-05-05,89,458482.61,5151.49,0,0,Textiles,Throws,3372.05,5151.49,2024-03-17,0
SKU0091,2025-05-12,70,360604.3,5151.49,0,0,Textiles,Throws,3372.05,5151.49,2024-03-17,0
SKU0091,2025-05-19,65,334846.85,5151.49,0,0,Textiles,Throws,3372.05,5151.49,2024-03-17,0
SKU0091,2025-05-26,96,463105.95999999996,4971.849999999999,1,0,Textiles,Throws,3372.05,5151.49,2024-03-17,1
SKU0091,2025-06-02,157,611359.09,3894.0099999999998,7,0,Textiles,Throws,3372.05,5151.49,2024-03-17,1
SKU0091,2025-06-09,73,332046.87,4792.21,2,0,Textiles,Throws,3372.05,5151.49,2024-03-17,1
SKU0091,2025-06-16,95,489391.55,5151.49,0,0,Textiles,Throws,3372.05,5151.49,2024-03-17,0
SKU0091,2025-06-23,94,484240.06,5151.49,0,0,Textiles,Throws,3372.05,5151.49,2024-03-17,0
SKU0091,2025-06-30,90,463634.1,5151.49,0,0,Textiles,Throws,3372.05,5151.49,2024-03-17,0
SKU0091,2025-07-07,92,473937.07999999996,5151.49,0,0,Textiles,Throws,3372.05,5151.49,2024-03-17,0
SKU0091,2025-07-14,81,417270.69,5151.49,0,0,Textiles,Throws,3372.05,5151.49,2024-03-17,0
SKU0091,2025-07-21,106,546057.94,5151.49,0,0,Textiles,Throws,3372.05,5151.49,2024-03-17,0
SKU0091,2025-07-28,87,448179.63,5151.49,0,0,Textiles,Throws,3372.05,5151.49,2024-03-17,0
SKU0091,2025-08-04,92,473937.08,5151.49,0,0,Textiles,Throws,3372.05,5151.49,2024-03-17,0
SKU0091,2025-08-11,66,339998.33999999997,5151.49,0,1,Textiles,Throws,3372.05,5151.49,2024-03-17,0
SKU0091,2025-08-18,72,370907.27999999997,5151.49,0,0,Textiles,Throws,3372.05,5151.49,2024-03-17,0
SKU0091,2025-08-25,78,401816.22,5151.49,0,0,Textiles,Throws,3372.05,5151.49,2024-03-17,0
SKU0092,2023-12-04,141,173960.16,1233.76,0,0,Small Appliances,Cleaning,498.2,1233.76,2023-12-05,0
SKU0092,2023-12-11,138,170258.88,1233.76,0,0,Small Appliances,Cleaning,498.2,1233.76,2023-12-05,0
SKU0092,2023-12-18,218,235315.01,1100.252857142857,5,0,Small Appliances,Cleaning,498.2,1233.76,2023-12-05,1
SKU0092,2023-12-25,280,293116.65,1046.85,7,1,Small Appliances,Cleaning,498.2,1233.76,2023-12-05,1
SKU0092,2024-01-01,119,146817.44,1233.76,0,1,Small Appliances,Cleaning,498.2,1233.76,2023-12-05,0
SKU0092,2024-01-08,126,155453.76,1233.76,0,0,Small Appliances,Cleaning,498.2,1233.76,2023-12-05,0
SKU0092,2024-01-15,125,154220.0,1233.76,0,0,Small Appliances,Cleaning,498.2,1233.76,2023-12-05,0
SKU0092,2024-01-22,147,181362.72,1233.76,0,0,Small Appliances,Cleaning,498.2,1233.76,2023-12-05,0
SKU0092,2024-01-29,125,154220.0,1233.76,0,0,Small Appliances,Cleaning,498.2,1233.76,2023-12-05,0
SKU0092,2024-02-05,124,152986.24,1233.76,0,0,Small Appliances,Cleaning,498.2,1233.76,2023-12-05,0
SKU0092,2024-02-12,122,150518.72,1233.76,0,0,Small Appliances,Cleaning,498.2,1233.76,2023-12-05,0
SKU0092,2024-02-19,114,140648.63999999998,1233.76,0,0,Small Appliances,Cleaning,498.2,1233.76,2023-12-05,0
SKU0092,2024-02-26,122,150518.72,1233.76,0,0,Small Appliances,Cleaning,498.2,1233.76,2023-12-05,0
SKU0092,2024-03-04,138,170258.88,1233.76,0,0,Small Appliances,Cleaning,498.2,1233.76,2023-12-05,0
SKU0092,2024-03-11,168,207271.68,1233.76,0,0,Small Appliances,Cleaning,498.2,1233.76,2023-12-05,0
SKU0092,2024-03-18,137,169025.12,1233.76,0,0,Small Appliances,Cleaning,498.2,1233.76,2023-12-05,0
SKU0092,2024-03-25,121,149284.96,1233.76,0,0,Small Appliances,Cleaning,498.2,1233.76,2023-12-05,0
SKU0092,2024-04-01,110,135713.6,1233.76,0,0,Small Appliances,Cleaning,498.2,1233.76,2023-12-05,0
SKU0092,2024-04-08,141,173960.16,1233.76,0,0,Small Appliances,Cleaning,498.2,1233.76,2023-12-05,0
SKU0092,2024-04-15,152,187531.52,1233.76,0,0,Small Appliances,Cleaning,498.2,1233.76,2023-12-05,0
SKU0092,2024-04-22,165,203570.4,1233.76,0,0,Small Appliances,Cleaning,498.2,1233.76,2023-12-05,0
SKU0092,2024-04-29,152,187531.52,1233.76,0,0,Small Appliances,Cleaning,498.2,1233.76,2023-12-05,0
SKU0092,2024-05-06,172,212206.72000000003,1233.76,0,0,Small Appliances,Cleaning,498.2,1233.76,2023-12-05,0
SKU0092,2024-05-13,177,218375.52000000002,1233.76,0,0,Small Appliances,Cleaning,498.2,1233.76,2023-12-05,0
SKU0092,2024-05-20,184,227011.84,1233.76,0,0,Small Appliances,Cleaning,498.2,1233.76,2023-12-05,0
SKU0092,2024-05-27,216,252099.71999999997,1180.357142857143,2,0,Small Appliances,Cleaning,498.2,1233.76,2023-12-05,1
SKU0092,2024-06-03,337,352786.83,1046.85,7,0,Small Appliances,Cleaning,498.2,1233.76,2023-12-05,1
SKU0092,2024-06-10,263,312516.33,1207.0585714285714,1,0,Small Appliances,Cleaning,498.2,1233.76,2023-12-05,1
SKU0092,2024-06-17,143,176427.68,1233.76,0,0,Small Appliances,Cleaning,498.2,1233.76,2023-12-05,0
SKU0092,2024-06-24,169,208505.44,1233.76,0,0,Small Appliances,Cleaning,498.2,1233.76,2023-12-05,0
SKU0092,2024-07-01,207,255388.32,1233.76,0,0,Small Appliances,Cleaning,498.2,1233.76,2023-12-05,0
SKU0092,2024-07-08,164,202336.64,1233.76,0,0,Small Appliances,Cleaning,498.2,1233.76,2023-12-05,0
SKU0092,2024-07-15,170,209739.19999999998,1233.76,0,0,Small Appliances,Cleaning,498.2,1233.76,2023-12-05,0
SKU0092,2024-07-22,151,186297.76,1233.76,0,0,Small Appliances,Cleaning,498.2,1233.76,2023-12-05,0
SKU0092,2024-07-29,213,262790.88,1233.76,0,0,Small Appliances,Cleaning,498.2,1233.76,2023-12-05,0
SKU0092,2024-08-05,176,217141.76,1233.76,0,0,Small Appliances,Cleaning,498.2,1233.76,2023-12-05,0
SKU0092,2024-08-12,204,251687.03999999998,1233.76,0,1,Small Appliances,Cleaning,498.2,1233.76,2023-12-05,0
SKU0092,2024-08-19,172,212206.72,1233.76,0,0,Small Appliances,Cleaning,498.2,1233.76,2023-12-05,0
SKU0092,2024-08-26,147,181362.72,1233.76,0,0,Small Appliances,Cleaning,498.2,1233.76,2023-12-05,0
SKU0092,2024-09-02,201,247985.76,1233.76,0,0,Small Appliances,Cleaning,498.2,1233.76,2023-12-05,0
SKU0092,2024-09-09,126,155453.76,1233.76,0,0,Small Appliances,Cleaning,498.2,1233.76,2023-12-05,0
SKU0092,2024-09-16,160,197401.6,1233.76,0,0,Small Appliances,Cleaning,498.2,1233.76,2023-12-05,0
SKU0092,2024-09-23,150,185064.0,1233.76,0,0,Small Appliances,Cleaning,498.2,1233.76,2023-12-05,0
SKU0092,2024-09-30,193,238115.68,1233.76,0,1,Small Appliances,Cleaning,498.2,1233.76,2023-12-05,0
SKU0092,2024-10-07,142,175193.91999999998,1233.76,0,0,Small Appliances,Cleaning,498.2,1233.76,2023-12-05,0
SKU0092,2024-10-14,122,150518.72,1233.76,0,0,Small Appliances,Cleaning,498.2,1233.76,2023-12-05,0
SKU0092,2024-10-21,132,162856.32,1233.76,0,0,Small Appliances,Cleaning,498.2,1233.76,2023-12-05,0
SKU0092,2024-10-28,113,139414.88,1233.76,0,0,Small Appliances,Cleaning,498.2,1233.76,2023-12-05,0
SKU0092,2024-11-04,186,212843.95,1153.6557142857143,3,0,Small Appliances,Cleaning,498.2,1233.76,2023-12-05,1
SKU0092,2024-11-11,261,280890.11,1100.252857142857,5,0,Small Appliances,Cleaning,498.2,1233.76,2023-12-05,1
SKU0092,2024-11-18,144,177661.44,1233.76,0,0,Small Appliances,Cleaning,498.2,1233.76,2023-12-05,0
SKU0092,2024-11-25,110,135713.6,1233.76,0,0,Small Appliances,Cleaning,498.2,1233.76,2023-12-05,0
SKU0092,2024-12-02,136,167791.36,1233.76,0,0,Small Appliances,Cleaning,498.2,1233.76,2023-12-05,0
SKU0092,2024-12-09,108,133246.08,1233.76,0,0,Small Appliances,Cleaning,498.2,1233.76,2023-12-05,0
SKU0092,2024-12-16,158,174560.37,1153.6557142857143,3,0,Small Appliances,Cleaning,498.2,1233.76,2023-12-05,1
SKU0092,2024-12-23,262,274273.45,1046.85,7,1,Small Appliances,Cleaning,498.2,1233.76,2023-12-05,1
SKU0092,2024-12-30,159,179345.51,1180.357142857143,2,1,Small Appliances,Cleaning,498.2,1233.76,2023-12-05,1
SKU0092,2025-01-06,150,185064.0,1233.76,0,0,Small Appliances,Cleaning,498.2,1233.76,2023-12-05,0
SKU0092,2025-01-13,136,167791.36,1233.76,0,0,Small Appliances,Cleaning,498.2,1233.76,2023-12-05,0
SKU0092,2025-01-20,102,125843.52,1233.76,0,0,Small Appliances,Cleaning,498.2,1233.76,2023-12-05,0
SKU0092,2025-01-27,147,181362.72,1233.76,0,0,Small Appliances,Cleaning,498.2,1233.76,2023-12-05,0
SKU0092,2025-02-03,92,113505.92,1233.76,0,0,Small Appliances,Cleaning,498.2,1233.76,2023-12-05,0
SKU0092,2025-02-10,105,129544.8,1233.76,0,0,Small Appliances,Cleaning,498.2,1233.76,2023-12-05,0
SKU0092,2025-02-17,100,123376.0,1233.76,0,0,Small Appliances,Cleaning,498.2,1233.76,2023-12-05,0
SKU0092,2025-02-24,142,175193.92,1233.76,0,0,Small Appliances,Cleaning,498.2,1233.76,2023-12-05,0
SKU0092,2025-03-03,133,164090.08000000002,1233.76,0,0,Small Appliances,Cleaning,498.2,1233.76,2023-12-05,0
SKU0092,2025-03-10,141,173960.16,1233.76,0,0,Small Appliances,Cleaning,498.2,1233.76,2023-12-05,0
SKU0092,2025-03-17,126,155453.76,1233.76,0,0,Small Appliances,Cleaning,498.2,1233.76,2023-12-05,0
SKU0092,2025-03-24,184,227011.84,1233.76,0,0,Small Appliances,Cleaning,498.2,1233.76,2023-12-05,0
SKU0092,2025-03-31,148,182596.48,1233.76,0,0,Small Appliances,Cleaning,498.2,1233.76,2023-12-05,0
SKU0092,2025-04-07,107,132012.32,1233.76,0,0,Small Appliances,Cleaning,498.2,1233.76,2023-12-05,0
SKU0092,2025-04-14,123,151752.47999999998,1233.76,0,0,Small Appliances,Cleaning,498.2,1233.76,2023-12-05,0
SKU0092,2025-04-21,121,149284.96,1233.76,0,0,Small Appliances,Cleaning,498.2,1233.76,2023-12-05,0
SKU0092,2025-04-28,116,143116.16,1233.76,0,0,Small Appliances,Cleaning,498.2,1233.76,2023-12-05,0
SKU0092,2025-05-05,134,165323.84,1233.76,0,0,Small Appliances,Cleaning,498.2,1233.76,2023-12-05,0
SKU0092,2025-05-12,112,138181.12,1233.76,0,0,Small Appliances,Cleaning,498.2,1233.76,2023-12-05,0
SKU0092,2025-05-19,131,161622.56,1233.76,0,0,Small Appliances,Cleaning,498.2,1233.76,2023-12-05,0
SKU0092,2025-05-26,195,232358.95,1207.0585714285714,1,0,Small Appliances,Cleaning,498.2,1233.76,2023-12-05,1
SKU0092,2025-06-02,287,300444.56,1046.85,7,0,Small Appliances,Cleaning,498.2,1233.76,2023-12-05,1
SKU0092,2025-06-09,121,138256.99,1180.357142857143,2,0,Small Appliances,Cleaning,498.2,1233.76,2023-12-05,1
SKU0092,2025-06-16,174,214674.24,1233.76,0,0,Small Appliances,Cleaning,498.2,1233.76,2023-12-05,0
SKU0092,2025-06-23,165,203570.4,1233.76,0,0,Small Appliances,Cleaning,498.2,1233.76,2023-12-05,0
SKU0092,2025-06-30,203,250453.28,1233.76,0,0,Small Appliances,Cleaning,498.2,1233.76,2023-12-05,0
SKU0092,2025-07-07,158,194934.08,1233.76,0,0,Small Appliances,Cleaning,498.2,1233.76,2023-12-05,0
SKU0092,2025-07-14,141,173960.16,1233.76,0,0,Small Appliances,Cleaning,498.2,1233.76,2023-12-05,0
SKU0092,2025-07-21,98,120908.48,1233.76,0,0,Small Appliances,Cleaning,498.2,1233.76,2023-12-05,0
SKU0092,2025-07-28,140,172726.4,1233.76,0,0,Small Appliances,Cleaning,498.2,1233.76,2023-12-05,0
SKU0092,2025-08-04,151,186297.76,1233.76,0,0,Small Appliances,Cleaning,498.2,1233.76,2023-12-05,0
SKU0092,2025-08-11,147,181362.72,1233.76,0,1,Small Appliances,Cleaning,498.2,1233.76,2023-12-05,0
SKU0092,2025-08-18,129,159155.04,1233.76,0,0,Small Appliances,Cleaning,498.2,1233.76,2023-12-05,0
SKU0092,2025-08-25,160,197401.6,1233.76,0,0,Small Appliances,Cleaning,498.2,1233.76,2023-12-05,0
SKU0093,2024-02-12,101,165028.95,1633.95,0,0,Furniture,Chairs,700.63,1633.95,2024-02-16,0
SKU0093,2024-02-19,272,444434.4,1633.95,0,0,Furniture,Chairs,700.63,1633.95,2024-02-16,0
SKU0093,2024-02-26,277,452604.15,1633.95,0,0,Furniture,Chairs,700.63,1633.95,2024-02-16,0
SKU0093,2024-03-04,194,316986.3,1633.95,0,0,Furniture,Chairs,700.63,1633.95,2024-02-16,0
SKU0093,2024-03-11,286,467309.69999999995,1633.95,0,0,Furniture,Chairs,700.63,1633.95,2024-02-16,0
SKU0093,2024-03-18,249,406853.55,1633.95,0,0,Furniture,Chairs,700.63,1633.95,2024-02-16,0
SKU0093,2024-03-25,213,348031.35,1633.95,0,0,Furniture,Chairs,700.63,1633.95,2024-02-16,0
SKU0093,2024-04-01,286,467309.7,1633.95,0,0,Furniture,Chairs,700.63,1633.95,2024-02-16,0
SKU0093,2024-04-08,264,431362.8,1633.95,0,0,Furniture,Chairs,700.63,1633.95,2024-02-16,0
SKU0093,2024-04-15,245,400317.75,1633.95,0,0,Furniture,Chairs,700.63,1633.95,2024-02-16,0
SKU0093,2024-04-22,314,513060.3,1633.95,0,0,Furniture,Chairs,700.63,1633.95,2024-02-16,0
SKU0093,2024-04-29,305,498354.75,1633.95,0,0,Furniture,Chairs,700.63,1633.95,2024-02-16,0
SKU0093,2024-05-06,134,218949.30000000002,1633.95,0,0,Furniture,Chairs,700.63,1633.95,2024-02-16,0
SKU0093,2024-05-13,191,312084.44999999995,1633.95,0,0,Furniture,Chairs,700.63,1633.95,2024-02-16,0
SKU0093,2024-05-20,196,320254.2,1633.95,0,0,Furniture,Chairs,700.63,1633.95,2024-02-16,0
SKU0093,2024-05-27,290,437067.99,1550.5528571428572,2,0,Furniture,Chairs,700.63,1633.95,2024-02-16,1
SKU0093,2024-06-03,508,681769.0,1342.06,7,0,Furniture,Chairs,700.63,1633.95,2024-02-16,1
SKU0093,2024-06-10,343,534758.97,1592.2514285714285,1,0,Furniture,Chairs,700.63,1633.95,2024-02-16,1
SKU0093,2024-06-17,229,374174.55,1633.95,0,0,Furniture,Chairs,700.63,1633.95,2024-02-16,0
SKU0093,2024-06-24,200,326790.0,1633.95,0,0,Furniture,Chairs,700.63,1633.95,2024-02-16,0
SKU0093,2024-07-01,278,454238.1,1633.95,0,0,Furniture,Chairs,700.63,1633.95,2024-02-16,0
SKU0093,2024-07-08,218,356201.1,1633.95,0,0,Furniture,Chairs,700.63,1633.95,2024-02-16,0
SKU0093,2024-07-15,255,416657.25,1633.95,0,0,Furniture,Chairs,700.63,1633.95,2024-02-16,0
SKU0093,2024-07-22,213,348031.35,1633.95,0,0,Furniture,Chairs,700.63,1633.95,2024-02-16,0
SKU0093,2024-07-29,248,405219.6,1633.95,0,0,Furniture,Chairs,700.63,1633.95,2024-02-16,0
SKU0093,2024-08-05,312,509792.4,1633.95,0,0,Furniture,Chairs,700.63,1633.95,2024-02-16,0
SKU0093,2024-08-12,352,575150.4,1633.95,0,1,Furniture,Chairs,700.63,1633.95,2024-02-16,0
SKU0093,2024-08-19,206,336593.7,1633.95,0,0,Furniture,Chairs,700.63,1633.95,2024-02-16,0
SKU0093,2024-08-26,194,316986.3,1633.95,0,0,Furniture,Chairs,700.63,1633.95,2024-02-16,0
SKU0093,2024-09-02,215,351299.25,1633.95,0,0,Furniture,Chairs,700.63,1633.95,2024-02-16,0
SKU0093,2024-09-09,279,455872.05,1633.95,0,0,Furniture,Chairs,700.63,1633.95,2024-02-16,0
SKU0093,2024-09-16,256,418291.2,1633.95,0,0,Furniture,Chairs,700.63,1633.95,2024-02-16,0
SKU0093,2024-09-23,319,521230.05000000005,1633.95,0,0,Furniture,Chairs,700.63,1633.95,2024-02-16,0
SKU0093,2024-09-30,291,475479.45,1633.95,0,1,Furniture,Chairs,700.63,1633.95,2024-02-16,0
SKU0093,2024-10-07,240,392148.0,1633.95,0,0,Furniture,Chairs,700.63,1633.95,2024-02-16,0
SKU0093,2024-10-14,441,720571.95,1633.95,0,0,Furniture,Chairs,700.63,1633.95,2024-02-16,0
SKU0093,2024-10-21,291,475479.44999999995,1633.95,0,0,Furniture,Chairs,700.63,1633.95,2024-02-16,0
SKU0093,2024-10-28,324,529399.8,1633.95,0,0,Furniture,Chairs,700.63,1633.95,2024-02-16,0
SKU0093,2024-11-04,292,440044.0,1508.8542857142857,3,0,Furniture,Chairs,700.63,1633.95,2024-02-16,1
SKU0093,2024-11-11,517,709025.61,1425.457142857143,5,0,Furniture,Chairs,700.63,1633.95,2024-02-16,1
SKU0093,2024-11-18,392,640508.4,1633.95,0,0,Furniture,Chairs,700.63,1633.95,2024-02-16,0
SKU0093,2024-11-25,360,588222.0,1633.95,0,0,Furniture,Chairs,700.63,1633.95,2024-02-16,0
SKU0093,2024-12-02,226,369272.7,1633.95,0,0,Furniture,Chairs,700.63,1633.95,2024-02-16,0
SKU0093,2024-12-09,384,627436.8,1633.95,0,0,Furniture,Chairs,700.63,1633.95,2024-02-16,0
SKU0093,2024-12-16,352,524654.29,1508.8542857142857,3,0,Furniture,Chairs,700.63,1633.95,2024-02-16,1
SKU0093,2024-12-23,619,830738.22,1342.06,7,1,Furniture,Chairs,700.63,1633.95,2024-02-16,1
SKU0093,2024-12-30,330,496880.17,1550.5528571428572,2,1,Furniture,Chairs,700.63,1633.95,2024-02-16,1
SKU0093,2025-01-06,329,537569.55,1633.95,0,0,Furniture,Chairs,700.63,1633.95,2024-02-16,0
SKU0093,2025-01-13,310,506524.5,1633.95,0,0,Furniture,Chairs,700.63,1633.95,2024-02-16,0
SKU0093,2025-01-20,277,452604.15,1633.95,0,0,Furniture,Chairs,700.63,1633.95,2024-02-16,0
SKU0093,2025-01-27,350,571882.5,1633.95,0,0,Furniture,Chairs,700.63,1633.95,2024-02-16,0
SKU0093,2025-02-03,239,390514.05,1633.95,0,0,Furniture,Chairs,700.63,1633.95,2024-02-16,0
SKU0093,2025-02-10,306,499988.7,1633.95,0,0,Furniture,Chairs,700.63,1633.95,2024-02-16,0
SKU0093,2025-02-17,196,320254.2,1633.95,0,0,Furniture,Chairs,700.63,1633.95,2024-02-16,0
SKU0093,2025-02-24,289,472211.55,1633.95,0,0,Furniture,Chairs,700.63,1633.95,2024-02-16,0
SKU0093,2025-03-03,252,411755.4,1633.95,0,0,Furniture,Chairs,700.63,1633.95,2024-02-16,0
SKU0093,2025-03-10,246,401951.7,1633.95,0,0,Furniture,Chairs,700.63,1633.95,2024-02-16,0
SKU0093,2025-03-17,179,292477.05,1633.95,0,0,Furniture,Chairs,700.63,1633.95,2024-02-16,0
SKU0093,2025-03-24,247,403585.65,1633.95,0,0,Furniture,Chairs,700.63,1633.95,2024-02-16,0
SKU0093,2025-03-31,297,485283.15,1633.95,0,0,Furniture,Chairs,700.63,1633.95,2024-02-16,0
SKU0093,2025-04-07,282,460773.9,1633.95,0,0,Furniture,Chairs,700.63,1633.95,2024-02-16,0
SKU0093,2025-04-14,212,346397.4,1633.95,0,0,Furniture,Chairs,700.63,1633.95,2024-02-16,0
SKU0093,2025-04-21,202,330057.89999999997,1633.95,0,0,Furniture,Chairs,700.63,1633.95,2024-02-16,0
SKU0093,2025-04-28,238,388880.1,1633.95,0,0,Furniture,Chairs,700.63,1633.95,2024-02-16,0
SKU0093,2025-05-05,206,336593.7,1633.95,0,0,Furniture,Chairs,700.63,1633.95,2024-02-16,0
SKU0093,2025-05-12,171,279405.45,1633.95,0,0,Furniture,Chairs,700.63,1633.95,2024-02-16,0
SKU0093,2025-05-19,209,341495.55,1633.95,0,0,Furniture,Chairs,700.63,1633.95,2024-02-16,0
SKU0093,2025-05-26,227,348723.39,1592.2514285714285,1,0,Furniture,Chairs,700.63,1633.95,2024-02-16,1
SKU0093,2025-06-02,334,448249.69,1342.06,7,0,Furniture,Chairs,700.63,1633.95,2024-02-16,1
SKU0093,2025-06-09,247,367683.79000000004,1550.5528571428572,2,0,Furniture,Chairs,700.63,1633.95,2024-02-16,1
SKU0093,2025-06-16,200,326790.0,1633.95,0,0,Furniture,Chairs,700.63,1633.95,2024-02-16,0
SKU0093,2025-06-23,165,269601.75,1633.95,0,0,Furniture,Chairs,700.63,1633.95,2024-02-16,0
SKU0093,2025-06-30,226,369272.7,1633.95,0,0,Furniture,Chairs,700.63,1633.95,2024-02-16,0
SKU0093,2025-07-07,199,325156.05,1633.95,0,0,Furniture,Chairs,700.63,1633.95,2024-02-16,0
SKU0093,2025-07-14,147,240190.65,1633.95,0,0,Furniture,Chairs,700.63,1633.95,2024-02-16,0
SKU0093,2025-07-21,276,450970.2,1633.95,0,0,Furniture,Chairs,700.63,1633.95,2024-02-16,0
SKU0093,2025-07-28,211,344763.45,1633.95,0,0,Furniture,Chairs,700.63,1633.95,2024-02-16,0
SKU0093,2025-08-04,133,217315.35,1633.95,0,0,Furniture,Chairs,700.63,1633.95,2024-02-16,0
SKU0093,2025-08-11,176,287575.2,1633.95,0,1,Furniture,Chairs,700.63,1633.95,2024-02-16,0
SKU0093,2025-08-18,230,375808.5,1633.95,0,0,Furniture,Chairs,700.63,1633.95,2024-02-16,0
SKU0093,2025-08-25,262,428094.89999999997,1633.95,0,0,Furniture,Chairs,700.63,1633.95,2024-02-16,0
SKU0094,2024-03-18,39,15865.59,406.81,0,0,Textiles,Bedding,289.23,406.81,2024-03-21,0
SKU0094,2024-03-25,75,30510.75,406.81,0,0,Textiles,Bedding,289.23,406.81,2024-03-21,0
SKU0094,2024-04-01,74,30103.94,406.81,0,0,Textiles,Bedding,289.23,406.81,2024-03-21,0
SKU0094,2024-04-08,68,27663.08,406.81,0,0,Textiles,Bedding,289.23,406.81,2024-03-21,0
SKU0094,2024-04-15,79,32137.99,406.81,0,0,Textiles,Bedding,289.23,406.81,2024-03-21,0
SKU0094,2024-04-22,76,30917.559999999998,406.81,0,0,Textiles,Bedding,289.23,406.81,2024-03-21,0
SKU0094,2024-04-29,84,34172.04,406.81,0,0,Textiles,Bedding,289.23,406.81,2024-03-21,0
SKU0094,2024-05-06,144,58580.64,406.81,0,0,Textiles,Bedding,289.23,406.81,2024-03-21,0
SKU0094,2024-05-13,113,45969.53,406.81,0,0,Textiles,Bedding,289.23,406.81,2024-03-21,0
SKU0094,2024-05-20,66,26849.46,406.81,0,0,Textiles,Bedding,289.23,406.81,2024-03-21,0
SKU0094,2024-05-27,113,44534.14,388.1671428571429,2,0,Textiles,Bedding,289.23,406.81,2024-03-21,1
SKU0094,2024-06-03,159,54308.78,341.56,7,0,Textiles,Bedding,289.23,406.81,2024-03-21,1
SKU0094,2024-06-10,102,39733.0,397.48857142857145,1,0,Textiles,Bedding,289.23,406.81,2024-03-21,1
SKU0094,2024-06-17,92,37426.52,406.81,0,0,Textiles,Bedding,289.23,406.81,2024-03-21,0
SKU0094,2024-06-24,93,37833.33,406.81,0,0,Textiles,Bedding,289.23,406.81,2024-03-21,0
SKU0094,2024-07-01,94,38240.14,406.81,0,0,Textiles,Bedding,289.23,406.81,2024-03-21,0
SKU0094,2024-07-08,76,30917.56,406.81,0,0,Textiles,Bedding,289.23,406.81,2024-03-21,0
SKU0094,2024-07-15,73,29697.13,406.81,0,0,Textiles,Bedding,289.23,406.81,2024-03-21,0
SKU0094,2024-07-22,81,32951.61,406.81,0,0,Textiles,Bedding,289.23,406.81,2024-03-21,0
SKU0094,2024-07-29,71,28883.51,406.81,0,0,Textiles,Bedding,289.23,406.81,2024-03-21,0
SKU0094,2024-08-05,82,33358.42,406.81,0,0,Textiles,Bedding,289.23,406.81,2024-03-21,0
SKU0094,2024-08-12,67,27256.27,406.81,0,1,Textiles,Bedding,289.23,406.81,2024-03-21,0
SKU0094,2024-08-19,44,17899.64,406.81,0,0,Textiles,Bedding,289.23,406.81,2024-03-21,0
SKU0094,2024-08-26,47,19120.07,406.81,0,0,Textiles,Bedding,289.23,406.81,2024-03-21,0
SKU0094,2024-09-02,76,30917.56,406.81,0,0,Textiles,Bedding,289.23,406.81,2024-03-21,0
SKU0094,2024-09-09,65,26442.65,406.81,0,0,Textiles,Bedding,289.23,406.81,2024-03-21,0
SKU0094,2024-09-16,66,26849.46,406.81,0,0,Textiles,Bedding,289.23,406.81,2024-03-21,0
SKU0094,2024-09-23,69,28069.89,406.81,0,0,Textiles,Bedding,289.23,406.81,2024-03-21,0
SKU0094,2024-09-30,71,28883.510000000002,406.81,0,1,Textiles,Bedding,289.23,406.81,2024-03-21,0
SKU0094,2024-10-07,86,34985.66,406.81,0,0,Textiles,Bedding,289.23,406.81,2024-03-21,0
SKU0094,2024-10-14,48,19526.88,406.81,0,0,Textiles,Bedding,289.23,406.81,2024-03-21,0
SKU0094,2024-10-21,57,23188.17,406.81,0,0,Textiles,Bedding,289.23,406.81,2024-03-21,0
SKU0094,2024-10-28,77,31324.370000000003,406.81,0,0,Textiles,Bedding,289.23,406.81,2024-03-21,0
SKU0094,2024-11-04,66,24239.65,378.8457142857143,3,0,Textiles,Bedding,289.23,406.81,2024-03-21,1
SKU0094,2024-11-11,108,37084.729999999996,360.20285714285717,5,0,Textiles,Bedding,289.23,406.81,2024-03-21,1
SKU0094,2024-11-18,49,19933.690000000002,406.81,0,0,Textiles,Bedding,289.23,406.81,2024-03-21,0
SKU0094,2024-11-25,50,20340.5,406.81,0,0,Textiles,Bedding,289.23,406.81,2024-03-21,0
SKU0094,2024-12-02,67,27256.27,406.81,0,0,Textiles,Bedding,289.23,406.81,2024-03-21,0
SKU0094,2024-12-09,53,21560.93,406.81,0,0,Textiles,Bedding,289.23,406.81,2024-03-21,0
SKU0094,2024-12-16,79,29462.93,378.8457142857143,3,0,Textiles,Bedding,289.23,406.81,2024-03-21,1
SKU0094,2024-12-23,103,35181.17,341.56,7,1,Textiles,Bedding,289.23,406.81,2024-03-21,1
SKU0094,2024-12-30,80,29543.52,388.1671428571429,2,1,Textiles,Bedding,289.23,406.81,2024-03-21,1
SKU0094,2025-01-06,77,31324.37,406.81,0,0,Textiles,Bedding,289.23,406.81,2024-03-21,0
SKU0094,2025-01-13,38,15458.78,406.81,0,0,Textiles,Bedding,289.23,406.81,2024-03-21,0
SKU0094,2025-01-20,54,21967.74,406.81,0,0,Textiles,Bedding,289.23,406.81,2024-03-21,0
SKU0094,2025-01-27,36,14645.16,406.81,0,0,Textiles,Bedding,289.23,406.81,2024-03-21,0
SKU0094,2025-02-03,62,25222.22,406.81,0,0,Textiles,Bedding,289.23,406.81,2024-03-21,0
SKU0094,2025-02-10,78,31731.18,406.81,0,0,Textiles,Bedding,289.23,406.81,2024-03-21,0
SKU0094,2025-02-17,57,23188.17,406.81,0,0,Textiles,Bedding,289.23,406.81,2024-03-21,0
SKU0094,2025-02-24,72,29290.32,406.81,0,0,Textiles,Bedding,289.23,406.81,2024-03-21,0
SKU0094,2025-03-03,57,23188.170000000002,406.81,0,0,Textiles,Bedding,289.23,406.81,2024-03-21,0
SKU0094,2025-03-10,66,26849.46,406.81,0,0,Textiles,Bedding,289.23,406.81,2024-03-21,0
SKU0094,2025-03-17,69,28069.89,406.81,0,0,Textiles,Bedding,289.23,406.81,2024-03-21,0
SKU0094,2025-03-24,84,34172.04,406.81,0,0,Textiles,Bedding,289.23,406.81,2024-03-21,0
SKU0094,2025-03-31,85,34578.85,406.81,0,0,Textiles,Bedding,289.23,406.81,2024-03-21,0
SKU0094,2025-04-07,60,24408.6,406.81,0,0,Textiles,Bedding,289.23,406.81,2024-03-21,0
SKU0094,2025-04-14,64,26035.84,406.81,0,0,Textiles,Bedding,289.23,406.81,2024-03-21,0
SKU0094,2025-04-21,56,22781.36,406.81,0,0,Textiles,Bedding,289.23,406.81,2024-03-21,0
SKU0094,2025-04-28,76,30917.56,406.81,0,0,Textiles,Bedding,289.23,406.81,2024-03-21,0
SKU0094,2025-05-05,74,30103.940000000002,406.81,0,0,Textiles,Bedding,289.23,406.81,2024-03-21,0
SKU0094,2025-05-12,50,20340.5,406.81,0,0,Textiles,Bedding,289.23,406.81,2024-03-21,0
SKU0094,2025-05-19,83,33765.23,406.81,0,0,Textiles,Bedding,289.23,406.81,2024-03-21,0
SKU0094,2025-05-26,70,27824.25,397.48857142857145,1,0,Textiles,Bedding,289.23,406.81,2024-03-21,1
SKU0094,2025-06-02,126,43037.159999999996,341.56,7,0,Textiles,Bedding,289.23,406.81,2024-03-21,1
SKU0094,2025-06-09,109,39905.6,388.1671428571429,2,0,Textiles,Bedding,289.23,406.81,2024-03-21,1
SKU0094,2025-06-16,69,28069.89,406.81,0,0,Textiles,Bedding,289.23,406.81,2024-03-21,0
SKU0094,2025-06-23,72,29290.32,406.81,0,0,Textiles,Bedding,289.23,406.81,2024-03-21,0
SKU0094,2025-06-30,62,25222.22,406.81,0,0,Textiles,Bedding,289.23,406.81,2024-03-21,0
SKU0094,2025-07-07,74,30103.940000000002,406.81,0,0,Textiles,Bedding,289.23,406.81,2024-03-21,0
SKU0094,2025-07-14,49,19933.69,406.81,0,0,Textiles,Bedding,289.23,406.81,2024-03-21,0
SKU0094,2025-07-21,64,26035.84,406.81,0,0,Textiles,Bedding,289.23,406.81,2024-03-21,0
SKU0094,2025-07-28,62,25222.22,406.81,0,0,Textiles,Bedding,289.23,406.81,2024-03-21,0
SKU0094,2025-08-04,69,28069.89,406.81,0,0,Textiles,Bedding,289.23,406.81,2024-03-21,0
SKU0094,2025-08-11,73,29697.129999999997,406.81,0,1,Textiles,Bedding,289.23,406.81,2024-03-21,0
SKU0094,2025-08-18,60,24408.6,406.81,0,0,Textiles,Bedding,289.23,406.81,2024-03-21,0
SKU0094,2025-08-25,67,27256.27,406.81,0,0,Textiles,Bedding,289.23,406.81,2024-03-21,0
SKU0095,2024-10-28,82,447411.68000000005,5456.24,0,0,Furniture,Storage,3235.7,5456.24,2024-10-29,0
SKU0095,2024-11-04,146,710342.49,4963.2757142857145,3,0,Furniture,Storage,3235.7,5456.24,2024-10-29,1
SKU0095,2024-11-11,150,667753.6,4634.632857142858,5,0,Furniture,Storage,3235.7,5456.24,2024-10-29,1
SKU0095,2024-11-18,101,551080.24,5456.24,0,0,Furniture,Storage,3235.7,5456.24,2024-10-29,0
SKU0095,2024-11-25,124,676573.76,5456.24,0,0,Furniture,Storage,3235.7,5456.24,2024-10-29,0
SKU0095,2024-12-02,101,551080.24,5456.24,0,0,Furniture,Storage,3235.7,5456.24,2024-10-29,0
SKU0095,2024-12-09,124,676573.76,5456.24,0,0,Furniture,Storage,3235.7,5456.24,2024-10-29,0
SKU0095,2024-12-16,122,627703.12,4963.2757142857145,3,0,Furniture,Storage,3235.7,5456.24,2024-10-29,1
SKU0095,2024-12-23,177,762160.71,4305.99,7,1,Furniture,Storage,3235.7,5456.24,2024-10-29,1
SKU0095,2024-12-30,182,890663.67,5127.597142857143,2,1,Furniture,Storage,3235.7,5456.24,2024-10-29,1
SKU0095,2025-01-06,97,529255.28,5456.24,0,0,Furniture,Storage,3235.7,5456.24,2024-10-29,0
SKU0095,2025-01-13,97,529255.28,5456.24,0,0,Furniture,Storage,3235.7,5456.24,2024-10-29,0
SKU0095,2025-01-20,98,534711.52,5456.24,0,0,Furniture,Storage,3235.7,5456.24,2024-10-29,0
SKU0095,2025-01-27,71,387393.04,5456.24,0,0,Furniture,Storage,3235.7,5456.24,2024-10-29,0
SKU0095,2025-02-03,88,480149.12,5456.24,0,0,Furniture,Storage,3235.7,5456.24,2024-10-29,0
SKU0095,2025-02-10,103,561992.72,5456.24,0,0,Furniture,Storage,3235.7,5456.24,2024-10-29,0
SKU0095,2025-02-17,127,692942.48,5456.24,0,0,Furniture,Storage,3235.7,5456.24,2024-10-29,0
SKU0095,2025-02-24,115,627467.6,5456.24,0,0,Furniture,Storage,3235.7,5456.24,2024-10-29,0
SKU0095,2025-03-03,77,420130.48,5456.24,0,0,Furniture,Storage,3235.7,5456.24,2024-10-29,0
SKU0095,2025-03-10,60,327374.4,5456.24,0,0,Furniture,Storage,3235.7,5456.24,2024-10-29,0
SKU0095,2025-03-17,94,512886.56,5456.24,0,0,Furniture,Storage,3235.7,5456.24,2024-10-29,0
SKU0095,2025-03-24,105,572905.2000000001,5456.24,0,0,Furniture,Storage,3235.7,5456.24,2024-10-29,0
SKU0095,2025-03-31,99,540167.76,5456.24,0,0,Furniture,Storage,3235.7,5456.24,2024-10-29,0
SKU0095,2025-04-07,89,485605.36,5456.24,0,0,Furniture,Storage,3235.7,5456.24,2024-10-29,0
SKU0095,2025-04-14,82,447411.68,5456.24,0,0,Furniture,Storage,3235.7,5456.24,2024-10-29,0
SKU0095,2025-04-21,93,507430.32,5456.24,0,0,Furniture,Storage,3235.7,5456.24,2024-10-29,0
SKU0095,2025-04-28,99,540167.76,5456.24,0,0,Furniture,Storage,3235.7,5456.24,2024-10-29,0
SKU0095,2025-05-05,93,507430.32,5456.24,0,0,Furniture,Storage,3235.7,5456.24,2024-10-29,0
SKU0095,2025-05-12,104,567448.96,5456.24,0,0,Furniture,Storage,3235.7,5456.24,2024-10-29,0
SKU0095,2025-05-19,118,643836.3200000001,5456.24,0,0,Furniture,Storage,3235.7,5456.24,2024-10-29,0
SKU0095,2025-05-26,97,507400.57999999996,5291.918571428571,1,0,Furniture,Storage,3235.7,5456.24,2024-10-29,1
SKU0095,2025-06-02,207,891340.49,4305.99,7,0,Furniture,Storage,3235.7,5456.24,2024-10-29,1
SKU0095,2025-06-09,136,669583.05,5127.597142857143,2,0,Furniture,Storage,3235.7,5456.24,2024-10-29,1
SKU0095,2025-06-16,142,774786.08,5456.24,0,0,Furniture,Storage,3235.7,5456.24,2024-10-29,0
SKU0095,2025-06-23,121,660205.04,5456.24,0,0,Furniture,Storage,3235.7,5456.24,2024-10-29,0
SKU0095,2025-06-30,98,534711.52,5456.24,0,0,Furniture,Storage,3235.7,5456.24,2024-10-29,0
SKU0095,2025-07-07,117,638380.08,5456.24,0,0,Furniture,Storage,3235.7,5456.24,2024-10-29,0
SKU0095,2025-07-14,120,654748.8,5456.24,0,0,Furniture,Storage,3235.7,5456.24,2024-10-29,0
SKU0095,2025-07-21,126,687486.24,5456.24,0,0,Furniture,Storage,3235.7,5456.24,2024-10-29,0
SKU0095,2025-07-28,137,747504.88,5456.24,0,0,Furniture,Storage,3235.7,5456.24,2024-10-29,0
SKU0095,2025-08-04,164,894823.36,5456.24,0,0,Furniture,Storage,3235.7,5456.24,2024-10-29,0
SKU0095,2025-08-11,170,927560.8,5456.24,0,1,Furniture,Storage,3235.7,5456.24,2024-10-29,0
SKU0095,2025-08-18,131,714767.44,5456.24,0,0,Furniture,Storage,3235.7,5456.24,2024-10-29,0
SKU0095,2025-08-25,127,692942.48,5456.24,0,0,Furniture,Storage,3235.7,5456.24,2024-10-29,0
SKU0096,2024-12-09,23,199165.51,8659.37,0,0,Furniture,Storage,3722.01,8659.37,2024-12-12,0
SKU0096,2024-12-16,70,557295.1,7937.287142857143,3,0,Furniture,Storage,3722.01,8659.37,2024-12-12,1
SKU0096,2024-12-23,125,871814.35,6974.51,7,1,Furniture,Storage,3722.01,8659.37,2024-12-12,1
SKU0096,2024-12-30,77,609486.42,8177.981428571429,2,1,Furniture,Storage,3722.01,8659.37,2024-12-12,1
SKU0096,2025-01-06,63,545540.31,8659.37,0,0,Furniture,Storage,3722.01,8659.37,2024-12-12,0
SKU0096,2025-01-13,56,484924.72,8659.37,0,0,Furniture,Storage,3722.01,8659.37,2024-12-12,0
SKU0096,2025-01-20,50,432968.5,8659.37,0,0,Furniture,Storage,3722.01,8659.37,2024-12-12,0
SKU0096,2025-01-27,49,424309.13,8659.37,0,0,Furniture,Storage,3722.01,8659.37,2024-12-12,0
SKU0096,2025-02-03,63,545540.31,8659.37,0,0,Furniture,Storage,3722.01,8659.37,2024-12-12,0
SKU0096,2025-02-10,49,424309.13,8659.37,0,0,Furniture,Storage,3722.01,8659.37,2024-12-12,0
SKU0096,2025-02-17,49,424309.13,8659.37,0,0,Furniture,Storage,3722.01,8659.37,2024-12-12,0
SKU0096,2025-02-24,59,510902.83,8659.37,0,0,Furniture,Storage,3722.01,8659.37,2024-12-12,0
SKU0096,2025-03-03,61,528221.57,8659.37,0,0,Furniture,Storage,3722.01,8659.37,2024-12-12,0
SKU0096,2025-03-10,82,710068.3400000001,8659.37,0,0,Furniture,Storage,3722.01,8659.37,2024-12-12,0
SKU0096,2025-03-17,68,588837.16,8659.37,0,0,Furniture,Storage,3722.01,8659.37,2024-12-12,0
SKU0096,2025-03-24,63,545540.31,8659.37,0,0,Furniture,Storage,3722.01,8659.37,2024-12-12,0
SKU0096,2025-03-31,79,684090.23,8659.37,0,0,Furniture,Storage,3722.01,8659.37,2024-12-12,0
SKU0096,2025-04-07,71,614815.27,8659.37,0,0,Furniture,Storage,3722.01,8659.37,2024-12-12,0
SKU0096,2025-04-14,55,476265.35,8659.37,0,0,Furniture,Storage,3722.01,8659.37,2024-12-12,0
SKU0096,2025-04-21,69,597496.53,8659.37,0,0,Furniture,Storage,3722.01,8659.37,2024-12-12,0
SKU0096,2025-04-28,86,744705.8200000001,8659.37,0,0,Furniture,Storage,3722.01,8659.37,2024-12-12,0
SKU0096,2025-05-05,79,684090.23,8659.37,0,0,Furniture,Storage,3722.01,8659.37,2024-12-12,0
SKU0096,2025-05-12,76,658112.12,8659.37,0,0,Furniture,Storage,3722.01,8659.37,2024-12-12,0
SKU0096,2025-05-19,129,1117058.73,8659.37,0,0,Furniture,Storage,3722.01,8659.37,2024-12-12,0
SKU0096,2025-05-26,89,735301.97,8418.675714285715,1,0,Furniture,Storage,3722.01,8659.37,2024-12-12,1
SKU0096,2025-06-02,161,1122896.9,6974.51,7,0,Furniture,Storage,3722.01,8659.37,2024-12-12,1
SKU0096,2025-06-09,142,1103266.41,8177.981428571429,2,0,Furniture,Storage,3722.01,8659.37,2024-12-12,1
SKU0096,2025-06-16,68,588837.16,8659.37,0,0,Furniture,Storage,3722.01,8659.37,2024-12-12,0
SKU0096,2025-06-23,91,788002.6699999999,8659.37,0,0,Furniture,Storage,3722.01,8659.37,2024-12-12,0
SKU0096,2025-06-30,89,770683.93,8659.37,0,0,Furniture,Storage,3722.01,8659.37,2024-12-12,0
SKU0096,2025-07-07,108,935211.96,8659.37,0,0,Furniture,Storage,3722.01,8659.37,2024-12-12,0
SKU0096,2025-07-14,140,1212311.8,8659.37,0,0,Furniture,Storage,3722.01,8659.37,2024-12-12,0
SKU0096,2025-07-21,109,943871.3300000001,8659.37,0,0,Furniture,Storage,3722.01,8659.37,2024-12-12,0
SKU0096,2025-07-28,86,744705.82,8659.37,0,0,Furniture,Storage,3722.01,8659.37,2024-12-12,0
SKU0096,2025-08-04,100,865937.0,8659.37,0,0,Furniture,Storage,3722.01,8659.37,2024-12-12,0
SKU0096,2025-08-11,108,935211.96,8659.37,0,1,Furniture,Storage,3722.01,8659.37,2024-12-12,0
SKU0096,2025-08-18,88,762024.56,8659.37,0,0,Furniture,Storage,3722.01,8659.37,2024-12-12,0
SKU0096,2025-08-25,105,909233.85,8659.37,0,0,Furniture,Storage,3722.01,8659.37,2024-12-12,0
SKU0097,2025-04-07,212,106033.92,500.16,0,0,Small Appliances,Cleaning,304.58,500.16,2025-04-09,0
SKU0097,2025-04-14,312,156049.91999999998,500.16,0,0,Small Appliances,Cleaning,304.58,500.16,2025-04-09,0
SKU0097,2025-04-21,250,125040.0,500.16,0,0,Small Appliances,Cleaning,304.58,500.16,2025-04-09,0
SKU0097,2025-04-28,200,100032.0,500.16,0,0,Small Appliances,Cleaning,304.58,500.16,2025-04-09,0
SKU0097,2025-05-05,331,165552.96,500.16,0,0,Small Appliances,Cleaning,304.58,500.16,2025-04-09,0
SKU0097,2025-05-12,341,170554.56,500.16,0,0,Small Appliances,Cleaning,304.58,500.16,2025-04-09,0
SKU0097,2025-05-19,285,142545.6,500.16,0,0,Small Appliances,Cleaning,304.58,500.16,2025-04-09,0
SKU0097,2025-05-26,320,156897.75,492.39285714285717,1,0,Small Appliances,Cleaning,304.58,500.16,2025-04-09,1
SKU0097,2025-06-02,523,233148.28,445.79,7,0,Small Appliances,Cleaning,304.58,500.16,2025-04-09,1
SKU0097,2025-06-09,382,181165.82,484.6257142857143,2,0,Small Appliances,Cleaning,304.58,500.16,2025-04-09,1
SKU0097,2025-06-16,275,137544.0,500.16,0,0,Small Appliances,Cleaning,304.58,500.16,2025-04-09,0
SKU0097,2025-06-23,342,171054.72,500.16,0,0,Small Appliances,Cleaning,304.58,500.16,2025-04-09,0
SKU0097,2025-06-30,226,113036.16,500.16,0,0,Small Appliances,Cleaning,304.58,500.16,2025-04-09,0
SKU0097,2025-07-07,276,138044.16,500.16,0,0,Small Appliances,Cleaning,304.58,500.16,2025-04-09,0
SKU0097,2025-07-14,247,123539.52,500.16,0,0,Small Appliances,Cleaning,304.58,500.16,2025-04-09,0
SKU0097,2025-07-21,277,138544.32,500.16,0,0,Small Appliances,Cleaning,304.58,500.16,2025-04-09,0
SKU0097,2025-07-28,249,124539.84,500.16,0,0,Small Appliances,Cleaning,304.58,500.16,2025-04-09,0
SKU0097,2025-08-04,290,145046.4,500.16,0,0,Small Appliances,Cleaning,304.58,500.16,2025-04-09,0
SKU0097,2025-08-11,301,150548.16,500.16,0,1,Small Appliances,Cleaning,304.58,500.16,2025-04-09,0
SKU0097,2025-08-18,263,131542.08000000002,500.16,0,0,Small Appliances,Cleaning,304.58,500.16,2025-04-09,0
SKU0097,2025-08-25,227,113536.32,500.16,0,0,Small Appliances,Cleaning,304.58,500.16,2025-04-09,0
SKU0098,2024-09-09,131,816959.23,6236.33,0,0,Decor,Wall Art,2575.55,6236.33,2024-09-12,0
SKU0098,2024-09-16,204,1272211.32,6236.33,0,0,Decor,Wall Art,2575.55,6236.33,2024-09-12,0
SKU0098,2024-09-23,178,1110066.74,6236.33,0,0,Decor,Wall Art,2575.55,6236.33,2024-09-12,0
SKU0098,2024-09-30,182,1135012.06,6236.33,0,1,Decor,Wall Art,2575.55,6236.33,2024-09-12,0
SKU0098,2024-10-07,182,1135012.06,6236.33,0,0,Decor,Wall Art,2575.55,6236.33,2024-09-12,0
SKU0098,2024-10-14,169,1053939.77,6236.33,0,0,Decor,Wall Art,2575.55,6236.33,2024-09-12,0
SKU0098,2024-10-21,236,1471773.88,6236.33,0,0,Decor,Wall Art,2575.55,6236.33,2024-09-12,0
SKU0098,2024-10-28,178,1110066.74,6236.33,0,0,Decor,Wall Art,2575.55,6236.33,2024-09-12,0
SKU0098,2024-11-04,250,1428496.01,5687.647142857143,3,0,Decor,Wall Art,2575.55,6236.33,2024-09-12,1
SKU0098,2024-11-11,287,1476163.06,5321.858571428571,5,0,Decor,Wall Art,2575.55,6236.33,2024-09-12,1
SKU0098,2024-11-18,222,1384465.26,6236.33,0,0,Decor,Wall Art,2575.55,6236.33,2024-09-12,0
SKU0098,2024-11-25,210,1309629.3,6236.33,0,0,Decor,Wall Art,2575.55,6236.33,2024-09-12,0
SKU0098,2024-12-02,180,1122539.4,6236.33,0,0,Decor,Wall Art,2575.55,6236.33,2024-09-12,0
SKU0098,2024-12-09,195,1216084.35,6236.33,0,0,Decor,Wall Art,2575.55,6236.33,2024-09-12,0
SKU0098,2024-12-16,353,1969697.46,5687.647142857143,3,0,Decor,Wall Art,2575.55,6236.33,2024-09-12,1
SKU0098,2024-12-23,364,1804009.54,4956.07,7,1,Decor,Wall Art,2575.55,6236.33,2024-09-12,1
SKU0098,2024-12-30,255,1450715.8299999998,5870.541428571429,2,1,Decor,Wall Art,2575.55,6236.33,2024-09-12,1
SKU0098,2025-01-06,238,1484246.54,6236.33,0,0,Decor,Wall Art,2575.55,6236.33,2024-09-12,0
SKU0098,2025-01-13,166,1035230.78,6236.33,0,0,Decor,Wall Art,2575.55,6236.33,2024-09-12,0
SKU0098,2025-01-20,244,1521664.52,6236.33,0,0,Decor,Wall Art,2575.55,6236.33,2024-09-12,0
SKU0098,2025-01-27,185,1153721.05,6236.33,0,0,Decor,Wall Art,2575.55,6236.33,2024-09-12,0
SKU0098,2025-02-03,221,1378228.9300000002,6236.33,0,0,Decor,Wall Art,2575.55,6236.33,2024-09-12,0
SKU0098,2025-02-10,259,1615209.47,6236.33,0,0,Decor,Wall Art,2575.55,6236.33,2024-09-12,0
SKU0098,2025-02-17,240,1496719.2,6236.33,0,0,Decor,Wall Art,2575.55,6236.33,2024-09-12,0
SKU0098,2025-02-24,274,1708754.42,6236.33,0,0,Decor,Wall Art,2575.55,6236.33,2024-09-12,0
SKU0098,2025-03-03,220,1371992.6,6236.33,0,0,Decor,Wall Art,2575.55,6236.33,2024-09-12,0
SKU0098,2025-03-10,305,1902080.65,6236.33,0,0,Decor,Wall Art,2575.55,6236.33,2024-09-12,0
SKU0098,2025-03-17,193,1203611.69,6236.33,0,0,Decor,Wall Art,2575.55,6236.33,2024-09-12,0
SKU0098,2025-03-24,204,1272211.32,6236.33,0,0,Decor,Wall Art,2575.55,6236.33,2024-09-12,0
SKU0098,2025-03-31,218,1359519.94,6236.33,0,0,Decor,Wall Art,2575.55,6236.33,2024-09-12,0
SKU0098,2025-04-07,279,1739936.07,6236.33,0,0,Decor,Wall Art,2575.55,6236.33,2024-09-12,0
SKU0098,2025-04-14,309,1927025.97,6236.33,0,0,Decor,Wall Art,2575.55,6236.33,2024-09-12,0
SKU0098,2025-04-21,247,1540373.51,6236.33,0,0,Decor,Wall Art,2575.55,6236.33,2024-09-12,0
SKU0098,2025-04-28,218,1359519.94,6236.33,0,0,Decor,Wall Art,2575.55,6236.33,2024-09-12,0
SKU0098,2025-05-05,292,1821008.3599999999,6236.33,0,0,Decor,Wall Art,2575.55,6236.33,2024-09-12,0
SKU0098,2025-05-12,251,1565318.83,6236.33,0,0,Decor,Wall Art,2575.55,6236.33,2024-09-12,0
SKU0098,2025-05-19,312,1945734.96,6236.33,0,0,Decor,Wall Art,2575.55,6236.33,2024-09-12,0
SKU0098,2025-05-26,317,1900101.02,6053.435714285714,1,0,Decor,Wall Art,2575.55,6236.33,2024-09-12,1
SKU0098,2025-06-02,479,2373957.63,4956.07,7,0,Decor,Wall Art,2575.55,6236.33,2024-09-12,1
SKU0098,2025-06-09,299,1705910.45,5870.541428571429,2,0,Decor,Wall Art,2575.55,6236.33,2024-09-12,1
SKU0098,2025-06-16,269,1677572.77,6236.33,0,0,Decor,Wall Art,2575.55,6236.33,2024-09-12,0
SKU0098,2025-06-23,276,1721227.08,6236.33,0,0,Decor,Wall Art,2575.55,6236.33,2024-09-12,0
SKU0098,2025-06-30,238,1484246.54,6236.33,0,0,Decor,Wall Art,2575.55,6236.33,2024-09-12,0
SKU0098,2025-07-07,206,1284683.98,6236.33,0,0,Decor,Wall Art,2575.55,6236.33,2024-09-12,0
SKU0098,2025-07-14,186,1159957.3800000001,6236.33,0,0,Decor,Wall Art,2575.55,6236.33,2024-09-12,0
SKU0098,2025-07-21,355,2213897.15,6236.33,0,0,Decor,Wall Art,2575.55,6236.33,2024-09-12,0
SKU0098,2025-07-28,280,1746172.4,6236.33,0,0,Decor,Wall Art,2575.55,6236.33,2024-09-12,0
SKU0098,2025-08-04,212,1322101.96,6236.33,0,0,Decor,Wall Art,2575.55,6236.33,2024-09-12,0
SKU0098,2025-08-11,281,1752408.73,6236.33,0,1,Decor,Wall Art,2575.55,6236.33,2024-09-12,0
SKU0098,2025-08-18,289,1802299.37,6236.33,0,0,Decor,Wall Art,2575.55,6236.33,2024-09-12,0
SKU0098,2025-08-25,267,1665100.1099999999,6236.33,0,0,Decor,Wall Art,2575.55,6236.33,2024-09-12,0
SKU0099,2025-01-27,107,164855.97,1540.7100000000003,0,0,Furniture,Storage,893.21,1540.71,2025-01-27,0
SKU0099,2025-02-03,193,297357.03,1540.7100000000003,0,0,Furniture,Storage,893.21,1540.71,2025-01-27,0
SKU0099,2025-02-10,159,244972.88999999998,1540.7100000000003,0,0,Furniture,Storage,893.21,1540.71,2025-01-27,0
SKU0099,2025-02-17,98,150989.58,1540.7100000000003,0,0,Furniture,Storage,893.21,1540.71,2025-01-27,0
SKU0099,2025-02-24,119,183344.49,1540.7100000000003,0,0,Furniture,Storage,893.21,1540.71,2025-01-27,0
SKU0099,2025-03-03,75,115553.25,1540.7100000000003,0,0,Furniture,Storage,893.21,1540.71,2025-01-27,0
SKU0099,2025-03-10,121,186425.91,1540.7100000000003,0,0,Furniture,Storage,893.21,1540.71,2025-01-27,0
SKU0099,2025-03-17,147,226484.37,1540.7100000000003,0,0,Furniture,Storage,893.21,1540.71,2025-01-27,0
SKU0099,2025-03-24,86,132501.06,1540.7100000000003,0,0,Furniture,Storage,893.21,1540.71,2025-01-27,0
SKU0099,2025-03-31,83,127878.93,1540.7100000000003,0,0,Furniture,Storage,893.21,1540.71,2025-01-27,0
SKU0099,2025-04-07,133,204914.43,1540.7100000000003,0,0,Furniture,Storage,893.21,1540.71,2025-01-27,0
SKU0099,2025-04-14,102,157152.42,1540.7100000000003,0,0,Furniture,Storage,893.21,1540.71,2025-01-27,0
SKU0099,2025-04-21,92,141745.32,1540.7100000000003,0,0,Furniture,Storage,893.21,1540.71,2025-01-27,0
SKU0099,2025-04-28,87,134041.77,1540.7100000000003,0,0,Furniture,Storage,893.21,1540.71,2025-01-27,0
SKU0099,2025-05-05,92,141745.32,1540.7100000000003,0,0,Furniture,Storage,893.21,1540.71,2025-01-27,0
SKU0099,2025-05-12,93,143286.03,1540.7100000000003,0,0,Furniture,Storage,893.21,1540.71,2025-01-27,0
SKU0099,2025-05-19,90,138663.9,1540.7100000000003,0,0,Furniture,Storage,893.21,1540.71,2025-01-27,0
SKU0099,2025-05-26,120,178786.93,1513.4857142857143,1,0,Furniture,Storage,893.21,1540.71,2025-01-27,1
SKU0099,2025-06-02,172,232223.91,1350.14,7,0,Furniture,Storage,893.21,1540.71,2025-01-27,1
SKU0099,2025-06-09,151,222546.95,1486.2614285714285,2,0,Furniture,Storage,893.21,1540.71,2025-01-27,1
SKU0099,2025-06-16,129,198751.59,1540.7100000000003,0,0,Furniture,Storage,893.21,1540.71,2025-01-27,0
SKU0099,2025-06-23,158,243432.18,1540.7100000000003,0,0,Furniture,Storage,893.21,1540.71,2025-01-27,0
SKU0099,2025-06-30,87,134041.77000000002,1540.7100000000003,0,0,Furniture,Storage,893.21,1540.71,2025-01-27,0
SKU0099,2025-07-07,168,258839.28,1540.7100000000003,0,0,Furniture,Storage,893.21,1540.71,2025-01-27,0
SKU0099,2025-07-14,94,144826.74,1540.7100000000003,0,0,Furniture,Storage,893.21,1540.71,2025-01-27,0
SKU0099,2025-07-21,68,104768.28,1540.7100000000003,0,0,Furniture,Storage,893.21,1540.71,2025-01-27,0
SKU0099,2025-07-28,77,118634.67,1540.7100000000003,0,0,Furniture,Storage,893.21,1540.71,2025-01-27,0
SKU0099,2025-08-04,104,160233.84,1540.7100000000003,0,0,Furniture,Storage,893.21,1540.71,2025-01-27,0
SKU0099,2025-08-11,132,203373.72,1540.7100000000003,0,1,Furniture,Storage,893.21,1540.71,2025-01-27,0
SKU0099,2025-08-18,104,160233.84,1540.7100000000003,0,0,Furniture,Storage,893.21,1540.71,2025-01-27,0
SKU0099,2025-08-25,127,195670.16999999998,1540.7100000000003,0,0,Furniture,Storage,893.21,1540.71,2025-01-27,0
SKU0100,2025-02-03,143,110092.84,769.88,0,0,Textiles,Throws,359.83,769.88,2025-02-06,0
SKU0100,2025-02-10,295,227114.6,769.88,0,0,Textiles,Throws,359.83,769.88,2025-02-06,0
SKU0100,2025-02-17,232,178612.16,769.88,0,0,Textiles,Throws,359.83,769.88,2025-02-06,0
SKU0100,2025-02-24,320,246361.6,769.88,0,0,Textiles,Throws,359.83,769.88,2025-02-06,0
SKU0100,2025-03-03,279,214796.52,769.88,0,0,Textiles,Throws,359.83,769.88,2025-02-06,0
SKU0100,2025-03-10,362,278696.56,769.88,0,0,Textiles,Throws,359.83,769.88,2025-02-06,0
SKU0100,2025-03-17,305,234813.4,769.88,0,0,Textiles,Throws,359.83,769.88,2025-02-06,0
SKU0100,2025-03-24,293,225574.84,769.88,0,0,Textiles,Throws,359.83,769.88,2025-02-06,0
SKU0100,2025-03-31,321,247131.47999999998,769.88,0,0,Textiles,Throws,359.83,769.88,2025-02-06,0
SKU0100,2025-04-07,308,237123.03999999998,769.88,0,0,Textiles,Throws,359.83,769.88,2025-02-06,0
SKU0100,2025-04-14,293,225574.84,769.88,0,0,Textiles,Throws,359.83,769.88,2025-02-06,0
SKU0100,2025-04-21,226,173992.88,769.88,0,0,Textiles,Throws,359.83,769.88,2025-02-06,0
SKU0100,2025-04-28,276,212486.88,769.88,0,0,Textiles,Throws,359.83,769.88,2025-02-06,0
SKU0100,2025-05-05,228,175532.64,769.88,0,0,Textiles,Throws,359.83,769.88,2025-02-06,0
SKU0100,2025-05-12,325,250211.0,769.88,0,0,Textiles,Throws,359.83,769.88,2025-02-06,0
SKU0100,2025-05-19,231,177842.28,769.88,0,0,Textiles,Throws,359.83,769.88,2025-02-06,0
SKU0100,2025-05-26,327,241887.09,745.5857142857143,1,0,Textiles,Throws,359.83,769.88,2025-02-06,1
SKU0100,2025-06-02,577,346094.22,599.82,7,0,Textiles,Throws,359.83,769.88,2025-02-06,1
SKU0100,2025-06-09,386,264861.65,721.2914285714286,2,0,Textiles,Throws,359.83,769.88,2025-02-06,1
SKU0100,2025-06-16,289,222495.32,769.88,0,0,Textiles,Throws,359.83,769.88,2025-02-06,0
SKU0100,2025-06-23,277,213256.76,769.88,0,0,Textiles,Throws,359.83,769.88,2025-02-06,0
SKU0100,2025-06-30,281,216336.28,769.88,0,0,Textiles,Throws,359.83,769.88,2025-02-06,0
SKU0100,2025-07-07,266,204788.08000000002,769.88,0,0,Textiles,Throws,359.83,769.88,2025-02-06,0
SKU0100,2025-07-14,234,180151.91999999998,769.88,0,0,Textiles,Throws,359.83,769.88,2025-02-06,0
SKU0100,2025-07-21,179,137808.52000000002,769.88,0,0,Textiles,Throws,359.83,769.88,2025-02-06,0
SKU0100,2025-07-28,246,189390.48,769.88,0,0,Textiles,Throws,359.83,769.88,2025-02-06,0
SKU0100,2025-08-04,219,168603.72,769.88,0,0,Textiles,Throws,359.83,769.88,2025-02-06,0
SKU0100,2025-08-11,203,156285.63999999998,769.88,0,1,Textiles,Throws,359.83,769.88,2025-02-06,0
SKU0100,2025-08-18,272,209407.36,769.88,0,0,Textiles,Throws,359.83,769.88,2025-02-06,0
SKU0100,2025-08-25,254,195549.52,769.88,0,0,Textiles,Throws,359.83,769.88,2025-02-06,0
SKU0101,2025-05-05,11,50966.85,4633.35,0,0,Furniture,Chairs,1963.72,4633.35,2025-05-11,0
SKU0101,2025-05-12,168,778402.8,4633.35,0,0,Furniture,Chairs,1963.72,4633.35,2025-05-11,0
SKU0101,2025-05-19,157,727435.95,4633.35,0,0,Furniture,Chairs,1963.72,4633.35,2025-05-11,0
SKU0101,2025-05-26,157,714862.92,4495.184285714286,1,0,Furniture,Chairs,1963.72,4633.35,2025-05-11,1
SKU0101,2025-06-02,386,1415150.8,3666.19,7,0,Furniture,Chairs,1963.72,4633.35,2025-05-11,1
SKU0101,2025-06-09,218,912387.52,4357.018571428572,2,0,Furniture,Chairs,1963.72,4633.35,2025-05-11,1
SKU0101,2025-06-16,212,982270.2,4633.35,0,0,Furniture,Chairs,1963.72,4633.35,2025-05-11,0
SKU0101,2025-06-23,185,857169.75,4633.35,0,0,Furniture,Chairs,1963.72,4633.35,2025-05-11,0
SKU0101,2025-06-30,248,1149070.8,4633.35,0,0,Furniture,Chairs,1963.72,4633.35,2025-05-11,0
SKU0101,2025-07-07,160,741336.0,4633.35,0,0,Furniture,Chairs,1963.72,4633.35,2025-05-11,0
SKU0101,2025-07-14,233,1079570.55,4633.35,0,0,Furniture,Chairs,1963.72,4633.35,2025-05-11,0
SKU0101,2025-07-21,182,843269.7,4633.35,0,0,Furniture,Chairs,1963.72,4633.35,2025-05-11,0
SKU0101,2025-07-28,321,1487305.3499999999,4633.35,0,0,Furniture,Chairs,1963.72,4633.35,2025-05-11,0
SKU0101,2025-08-04,264,1223204.4,4633.35,0,0,Furniture,Chairs,1963.72,4633.35,2025-05-11,0
SKU0101,2025-08-11,183,847903.05,4633.35,0,1,Furniture,Chairs,1963.72,4633.35,2025-05-11,0
SKU0101,2025-08-18,227,1051770.45,4633.35,0,0,Furniture,Chairs,1963.72,4633.35,2025-05-11,0
SKU0101,2025-08-25,191,884969.85,4633.35,0,0,Furniture,Chairs,1963.72,4633.35,2025-05-11,0
SKU0102,2024-05-20,140,627744.6,4483.89,0,0,Furniture,Chairs,1915.46,4483.89,2024-05-21,0
SKU0102,2024-05-27,254,1072102.84,4203.1957142857145,2,0,Furniture,Chairs,1915.46,4483.89,2024-05-21,1
SKU0102,2024-06-03,398,1393581.15,3501.46,7,0,Furniture,Chairs,1915.46,4483.89,2024-05-21,1
SKU0102,2024-06-10,267,1099938.08,4343.542857142857,1,0,Furniture,Chairs,1915.46,4483.89,2024-05-21,1
SKU0102,2024-06-17,162,726390.18,4483.89,0,0,Furniture,Chairs,1915.46,4483.89,2024-05-21,0
SKU0102,2024-06-24,155,695002.9500000001,4483.89,0,0,Furniture,Chairs,1915.46,4483.89,2024-05-21,0
SKU0102,2024-07-01,131,587389.59,4483.89,0,0,Furniture,Chairs,1915.46,4483.89,2024-05-21,0
SKU0102,2024-07-08,142,636712.38,4483.89,0,0,Furniture,Chairs,1915.46,4483.89,2024-05-21,0
SKU0102,2024-07-15,148,663615.72,4483.89,0,0,Furniture,Chairs,1915.46,4483.89,2024-05-21,0
SKU0102,2024-07-22,144,645680.1599999999,4483.89,0,0,Furniture,Chairs,1915.46,4483.89,2024-05-21,0
SKU0102,2024-07-29,205,919197.45,4483.89,0,0,Furniture,Chairs,1915.46,4483.89,2024-05-21,0
SKU0102,2024-08-05,164,735357.96,4483.89,0,0,Furniture,Chairs,1915.46,4483.89,2024-05-21,0
SKU0102,2024-08-12,173,775712.97,4483.89,0,1,Furniture,Chairs,1915.46,4483.89,2024-05-21,0
SKU0102,2024-08-19,103,461840.67000000004,4483.89,0,0,Furniture,Chairs,1915.46,4483.89,2024-05-21,0
SKU0102,2024-08-26,140,627744.6,4483.89,0,0,Furniture,Chairs,1915.46,4483.89,2024-05-21,0
SKU0102,2024-09-02,94,421485.66000000003,4483.89,0,0,Furniture,Chairs,1915.46,4483.89,2024-05-21,0
SKU0102,2024-09-09,125,560486.25,4483.89,0,0,Furniture,Chairs,1915.46,4483.89,2024-05-21,0
SKU0102,2024-09-16,128,573937.92,4483.89,0,0,Furniture,Chairs,1915.46,4483.89,2024-05-21,0
SKU0102,2024-09-23,139,623260.71,4483.89,0,0,Furniture,Chairs,1915.46,4483.89,2024-05-21,0
SKU0102,2024-09-30,188,842971.3200000001,4483.89,0,1,Furniture,Chairs,1915.46,4483.89,2024-05-21,0
SKU0102,2024-10-07,204,914713.56,4483.89,0,0,Furniture,Chairs,1915.46,4483.89,2024-05-21,0
SKU0102,2024-10-14,99,443905.11,4483.89,0,0,Furniture,Chairs,1915.46,4483.89,2024-05-21,0
SKU0102,2024-10-21,75,336291.75,4483.89,0,0,Furniture,Chairs,1915.46,4483.89,2024-05-21,0
SKU0102,2024-10-28,123,551518.47,4483.89,0,0,Furniture,Chairs,1915.46,4483.89,2024-05-21,0
SKU0102,2024-11-04,208,828511.56,4062.8485714285716,3,0,Furniture,Chairs,1915.46,4483.89,2024-05-21,1
SKU0102,2024-11-11,241,867430.21,3782.154285714286,5,0,Furniture,Chairs,1915.46,4483.89,2024-05-21,1
SKU0102,2024-11-18,131,587389.59,4483.89,0,0,Furniture,Chairs,1915.46,4483.89,2024-05-21,0
SKU0102,2024-11-25,191,856422.99,4483.89,0,0,Furniture,Chairs,1915.46,4483.89,2024-05-21,0
SKU0102,2024-12-02,184,825035.76,4483.89,0,0,Furniture,Chairs,1915.46,4483.89,2024-05-21,0
SKU0102,2024-12-09,192,860906.88,4483.89,0,0,Furniture,Chairs,1915.46,4483.89,2024-05-21,0
SKU0102,2024-12-16,250,988344.48,4062.8485714285716,3,0,Furniture,Chairs,1915.46,4483.89,2024-05-21,1
SKU0102,2024-12-23,318,1113464.33,3501.46,7,1,Furniture,Chairs,1915.46,4483.89,2024-05-21,1
SKU0102,2024-12-30,254,1024946.2,4203.1957142857145,2,1,Furniture,Chairs,1915.46,4483.89,2024-05-21,1
SKU0102,2025-01-06,210,941616.9,4483.89,0,0,Furniture,Chairs,1915.46,4483.89,2024-05-21,0
SKU0102,2025-01-13,211,946100.79,4483.89,0,0,Furniture,Chairs,1915.46,4483.89,2024-05-21,0
SKU0102,2025-01-20,180,807100.2000000001,4483.89,0,0,Furniture,Chairs,1915.46,4483.89,2024-05-21,0
SKU0102,2025-01-27,154,690519.06,4483.89,0,0,Furniture,Chairs,1915.46,4483.89,2024-05-21,0
SKU0102,2025-02-03,210,941616.9,4483.89,0,0,Furniture,Chairs,1915.46,4483.89,2024-05-21,0
SKU0102,2025-02-10,226,1013359.14,4483.89,0,0,Furniture,Chairs,1915.46,4483.89,2024-05-21,0
SKU0102,2025-02-17,291,1304811.99,4483.89,0,0,Furniture,Chairs,1915.46,4483.89,2024-05-21,0
SKU0102,2025-02-24,239,1071649.71,4483.89,0,0,Furniture,Chairs,1915.46,4483.89,2024-05-21,0
SKU0102,2025-03-03,218,977488.02,4483.89,0,0,Furniture,Chairs,1915.46,4483.89,2024-05-21,0
SKU0102,2025-03-10,292,1309295.88,4483.89,0,0,Furniture,Chairs,1915.46,4483.89,2024-05-21,0
SKU0102,2025-03-17,232,1040262.48,4483.89,0,0,Furniture,Chairs,1915.46,4483.89,2024-05-21,0
SKU0102,2025-03-24,261,1170295.29,4483.89,0,0,Furniture,Chairs,1915.46,4483.89,2024-05-21,0
SKU0102,2025-03-31,262,1174779.18,4483.89,0,0,Furniture,Chairs,1915.46,4483.89,2024-05-21,0
SKU0102,2025-04-07,171,766745.1900000001,4483.89,0,0,Furniture,Chairs,1915.46,4483.89,2024-05-21,0
SKU0102,2025-04-14,260,1165811.4,4483.89,0,0,Furniture,Chairs,1915.46,4483.89,2024-05-21,0
SKU0102,2025-04-21,259,1161327.51,4483.89,0,0,Furniture,Chairs,1915.46,4483.89,2024-05-21,0
SKU0102,2025-04-28,222,995423.5800000001,4483.89,0,0,Furniture,Chairs,1915.46,4483.89,2024-05-21,0
SKU0102,2025-05-05,291,1304811.99,4483.89,0,0,Furniture,Chairs,1915.46,4483.89,2024-05-21,0
SKU0102,2025-05-12,241,1080617.49,4483.89,0,0,Furniture,Chairs,1915.46,4483.89,2024-05-21,0
SKU0102,2025-05-19,185,829519.6499999999,4483.89,0,0,Furniture,Chairs,1915.46,4483.89,2024-05-21,0
SKU0102,2025-05-26,200,882041.55,4343.542857142857,1,0,Furniture,Chairs,1915.46,4483.89,2024-05-21,1
SKU0102,2025-06-02,385,1348062.16,3501.46,7,0,Furniture,Chairs,1915.46,4483.89,2024-05-21,1
SKU0102,2025-06-09,275,1139738.92,4203.1957142857145,2,0,Furniture,Chairs,1915.46,4483.89,2024-05-21,1
SKU0102,2025-06-16,195,874358.55,4483.89,0,0,Furniture,Chairs,1915.46,4483.89,2024-05-21,0
SKU0102,2025-06-23,177,793648.53,4483.89,0,0,Furniture,Chairs,1915.46,4483.89,2024-05-21,0
SKU0102,2025-06-30,161,721906.29,4483.89,0,0,Furniture,Chairs,1915.46,4483.89,2024-05-21,0
SKU0102,2025-07-07,158,708454.62,4483.89,0,0,Furniture,Chairs,1915.46,4483.89,2024-05-21,0
SKU0102,2025-07-14,158,708454.62,4483.89,0,0,Furniture,Chairs,1915.46,4483.89,2024-05-21,0
SKU0102,2025-07-21,180,807100.2,4483.89,0,0,Furniture,Chairs,1915.46,4483.89,2024-05-21,0
SKU0102,2025-07-28,163,730874.07,4483.89,0,0,Furniture,Chairs,1915.46,4483.89,2024-05-21,0
SKU0102,2025-08-04,143,641196.27,4483.89,0,0,Furniture,Chairs,1915.46,4483.89,2024-05-21,0
SKU0102,2025-08-11,181,811584.09,4483.89,0,1,Furniture,Chairs,1915.46,4483.89,2024-05-21,0
SKU0102,2025-08-18,127,569454.03,4483.89,0,0,Furniture,Chairs,1915.46,4483.89,2024-05-21,0
SKU0102,2025-08-25,140,627744.6,4483.89,0,0,Furniture,Chairs,1915.46,4483.89,2024-05-21,0
SKU0103,2024-09-30,7,12577.880000000001,1796.84,0,0,Small Appliances,Cleaning,708.75,1796.84,2024-10-05,0
SKU0103,2024-10-07,28,50311.520000000004,1796.84,0,0,Small Appliances,Cleaning,708.75,1796.84,2024-10-05,0
SKU0103,2024-10-14,22,39530.48,1796.84,0,0,Small Appliances,Cleaning,708.75,1796.84,2024-10-05,0
SKU0103,2024-10-21,29,52108.36,1796.84,0,0,Small Appliances,Cleaning,708.75,1796.84,2024-10-05,0
SKU0103,2024-10-28,19,34139.96,1796.84,0,0,Small Appliances,Cleaning,708.75,1796.84,2024-10-05,0
SKU0103,2024-11-04,16,27773.7,1657.4471428571428,3,0,Small Appliances,Cleaning,708.75,1796.84,2024-10-05,1
SKU0103,2024-11-11,29,44302.47,1564.5185714285712,5,0,Small Appliances,Cleaning,708.75,1796.84,2024-10-05,1
SKU0103,2024-11-18,18,32343.120000000003,1796.84,0,0,Small Appliances,Cleaning,708.75,1796.84,2024-10-05,0
SKU0103,2024-11-25,20,35936.8,1796.84,0,0,Small Appliances,Cleaning,708.75,1796.84,2024-10-05,0
SKU0103,2024-12-02,20,35936.8,1796.84,0,0,Small Appliances,Cleaning,708.75,1796.84,2024-10-05,0
SKU0103,2024-12-09,19,34139.96,1796.84,0,0,Small Appliances,Cleaning,708.75,1796.84,2024-10-05,0
SKU0103,2024-12-16,18,30391.64,1657.4471428571428,3,0,Small Appliances,Cleaning,708.75,1796.84,2024-10-05,1
SKU0103,2024-12-23,39,57392.18,1471.59,7,1,Small Appliances,Cleaning,708.75,1796.84,2024-10-05,1
SKU0103,2024-12-30,15,24025.39,1703.9114285714284,2,1,Small Appliances,Cleaning,708.75,1796.84,2024-10-05,1
SKU0103,2025-01-06,14,25155.76,1796.84,0,0,Small Appliances,Cleaning,708.75,1796.84,2024-10-05,0
SKU0103,2025-01-13,11,19765.24,1796.84,0,0,Small Appliances,Cleaning,708.75,1796.84,2024-10-05,0
SKU0103,2025-01-20,13,23358.920000000002,1796.84,0,0,Small Appliances,Cleaning,708.75,1796.84,2024-10-05,0
SKU0103,2025-01-27,17,30546.280000000002,1796.84,0,0,Small Appliances,Cleaning,708.75,1796.84,2024-10-05,0
SKU0103,2025-02-03,18,32343.120000000003,1796.84,0,0,Small Appliances,Cleaning,708.75,1796.84,2024-10-05,0
SKU0103,2025-02-10,23,41327.32,1796.84,0,0,Small Appliances,Cleaning,708.75,1796.84,2024-10-05,0
SKU0103,2025-02-17,14,25155.76,1796.84,0,0,Small Appliances,Cleaning,708.75,1796.84,2024-10-05,0
SKU0103,2025-02-24,21,37733.64,1796.84,0,0,Small Appliances,Cleaning,708.75,1796.84,2024-10-05,0
SKU0103,2025-03-03,23,41327.32,1796.84,0,0,Small Appliances,Cleaning,708.75,1796.84,2024-10-05,0
SKU0103,2025-03-10,16,28749.440000000002,1796.84,0,0,Small Appliances,Cleaning,708.75,1796.84,2024-10-05,0
SKU0103,2025-03-17,26,46717.84,1796.84,0,0,Small Appliances,Cleaning,708.75,1796.84,2024-10-05,0
SKU0103,2025-03-24,19,34139.96,1796.84,0,0,Small Appliances,Cleaning,708.75,1796.84,2024-10-05,0
SKU0103,2025-03-31,29,52108.36,1796.84,0,0,Small Appliances,Cleaning,708.75,1796.84,2024-10-05,0
SKU0103,2025-04-07,21,37733.64,1796.84,0,0,Small Appliances,Cleaning,708.75,1796.84,2024-10-05,0
SKU0103,2025-04-14,29,52108.36,1796.84,0,0,Small Appliances,Cleaning,708.75,1796.84,2024-10-05,0
SKU0103,2025-04-21,26,46717.840000000004,1796.84,0,0,Small Appliances,Cleaning,708.75,1796.84,2024-10-05,0
SKU0103,2025-04-28,12,21562.079999999998,1796.84,0,0,Small Appliances,Cleaning,708.75,1796.84,2024-10-05,0
SKU0103,2025-05-05,20,35936.8,1796.84,0,0,Small Appliances,Cleaning,708.75,1796.84,2024-10-05,0
SKU0103,2025-05-12,31,55702.04,1796.84,0,0,Small Appliances,Cleaning,708.75,1796.84,2024-10-05,0
SKU0103,2025-05-19,21,37733.64,1796.84,0,0,Small Appliances,Cleaning,708.75,1796.84,2024-10-05,0
SKU0103,2025-05-26,27,47864.19,1750.3757142857141,1,0,Small Appliances,Cleaning,708.75,1796.84,2024-10-05,1
SKU0103,2025-06-02,65,95653.65000000001,1471.59,7,0,Small Appliances,Cleaning,708.75,1796.84,2024-10-05,1
SKU0103,2025-06-09,35,56059.25,1703.9114285714284,2,0,Small Appliances,Cleaning,708.75,1796.84,2024-10-05,1
SKU0103,2025-06-16,32,57498.880000000005,1796.84,0,0,Small Appliances,Cleaning,708.75,1796.84,2024-10-05,0
SKU0103,2025-06-23,24,43124.16,1796.84,0,0,Small Appliances,Cleaning,708.75,1796.84,2024-10-05,0
SKU0103,2025-06-30,33,59295.72,1796.84,0,0,Small Appliances,Cleaning,708.75,1796.84,2024-10-05,0
SKU0103,2025-07-07,33,59295.72,1796.84,0,0,Small Appliances,Cleaning,708.75,1796.84,2024-10-05,0
SKU0103,2025-07-14,31,55702.04,1796.84,0,0,Small Appliances,Cleaning,708.75,1796.84,2024-10-05,0
SKU0103,2025-07-21,31,55702.03999999999,1796.84,0,0,Small Appliances,Cleaning,708.75,1796.84,2024-10-05,0
SKU0103,2025-07-28,29,52108.36,1796.84,0,0,Small Appliances,Cleaning,708.75,1796.84,2024-10-05,0
SKU0103,2025-08-04,28,50311.520000000004,1796.84,0,0,Small Appliances,Cleaning,708.75,1796.84,2024-10-05,0
SKU0103,2025-08-11,41,73670.44,1796.84,0,1,Small Appliances,Cleaning,708.75,1796.84,2024-10-05,0
SKU0103,2025-08-18,35,62889.4,1796.84,0,0,Small Appliances,Cleaning,708.75,1796.84,2024-10-05,0
SKU0103,2025-08-25,30,53905.2,1796.84,0,0,Small Appliances,Cleaning,708.75,1796.84,2024-10-05,0
SKU0104,2024-09-09,35,234498.25,6699.95,0,0,Decor,Wall Art,2649.55,6699.95,2024-09-11,0
SKU0104,2024-09-16,33,221098.35,6699.95,0,0,Decor,Wall Art,2649.55,6699.95,2024-09-11,0
SKU0104,2024-09-23,47,314897.64999999997,6699.95,0,0,Decor,Wall Art,2649.55,6699.95,2024-09-11,0
SKU0104,2024-09-30,41,274697.95,6699.95,0,1,Decor,Wall Art,2649.55,6699.95,2024-09-11,0
SKU0104,2024-10-07,44,294797.8,6699.95,0,0,Decor,Wall Art,2649.55,6699.95,2024-09-11,0
SKU0104,2024-10-14,53,355097.35,6699.95,0,0,Decor,Wall Art,2649.55,6699.95,2024-09-11,0
SKU0104,2024-10-21,43,288097.85,6699.95,0,0,Decor,Wall Art,2649.55,6699.95,2024-09-11,0
SKU0104,2024-10-28,57,381897.15,6699.95,0,0,Decor,Wall Art,2649.55,6699.95,2024-09-11,0
SKU0104,2024-11-04,64,364732.76,5995.948571428571,3,0,Decor,Wall Art,2649.55,6699.95,2024-09-11,1
SKU0104,2024-11-11,81,458919.89,5526.614285714285,5,0,Decor,Wall Art,2649.55,6699.95,2024-09-11,1
SKU0104,2024-11-18,56,375197.2,6699.95,0,0,Decor,Wall Art,2649.55,6699.95,2024-09-11,0
SKU0104,2024-11-25,56,375197.19999999995,6699.95,0,0,Decor,Wall Art,2649.55,6699.95,2024-09-11,0
SKU0104,2024-12-02,63,422096.85,6699.95,0,0,Decor,Wall Art,2649.55,6699.95,2024-09-11,0
SKU0104,2024-12-09,56,375197.19999999995,6699.95,0,0,Decor,Wall Art,2649.55,6699.95,2024-09-11,0
SKU0104,2024-12-16,85,503789.04,5995.948571428571,3,0,Decor,Wall Art,2649.55,6699.95,2024-09-11,1
SKU0104,2024-12-23,125,632160.28,5057.28,7,1,Decor,Wall Art,2649.55,6699.95,2024-09-11,1
SKU0104,2024-12-30,78,453604.05,6230.615714285714,2,1,Decor,Wall Art,2649.55,6699.95,2024-09-11,1
SKU0104,2025-01-06,48,321597.6,6699.95,0,0,Decor,Wall Art,2649.55,6699.95,2024-09-11,0
SKU0104,2025-01-13,68,455596.6,6699.95,0,0,Decor,Wall Art,2649.55,6699.95,2024-09-11,0
SKU0104,2025-01-20,46,308197.69999999995,6699.95,0,0,Decor,Wall Art,2649.55,6699.95,2024-09-11,0
SKU0104,2025-01-27,53,355097.35,6699.95,0,0,Decor,Wall Art,2649.55,6699.95,2024-09-11,0
SKU0104,2025-02-03,76,509196.2,6699.95,0,0,Decor,Wall Art,2649.55,6699.95,2024-09-11,0
SKU0104,2025-02-10,62,415396.89999999997,6699.95,0,0,Decor,Wall Art,2649.55,6699.95,2024-09-11,0
SKU0104,2025-02-17,47,314897.65,6699.95,0,0,Decor,Wall Art,2649.55,6699.95,2024-09-11,0
SKU0104,2025-02-24,67,448896.64999999997,6699.95,0,0,Decor,Wall Art,2649.55,6699.95,2024-09-11,0
SKU0104,2025-03-03,70,468996.5,6699.95,0,0,Decor,Wall Art,2649.55,6699.95,2024-09-11,0
SKU0104,2025-03-10,51,341697.45,6699.95,0,0,Decor,Wall Art,2649.55,6699.95,2024-09-11,0
SKU0104,2025-03-17,69,462296.55,6699.95,0,0,Decor,Wall Art,2649.55,6699.95,2024-09-11,0
SKU0104,2025-03-24,67,448896.65,6699.95,0,0,Decor,Wall Art,2649.55,6699.95,2024-09-11,0
SKU0104,2025-03-31,51,341697.45,6699.95,0,0,Decor,Wall Art,2649.55,6699.95,2024-09-11,0
SKU0104,2025-04-07,53,355097.35,6699.95,0,0,Decor,Wall Art,2649.55,6699.95,2024-09-11,0
SKU0104,2025-04-14,42,281397.9,6699.95,0,0,Decor,Wall Art,2649.55,6699.95,2024-09-11,0
SKU0104,2025-04-21,61,408696.94999999995,6699.95,0,0,Decor,Wall Art,2649.55,6699.95,2024-09-11,0
SKU0104,2025-04-28,64,428796.8,6699.95,0,0,Decor,Wall Art,2649.55,6699.95,2024-09-11,0
SKU0104,2025-05-05,59,395297.05,6699.95,0,0,Decor,Wall Art,2649.55,6699.95,2024-09-11,0
SKU0104,2025-05-12,41,274697.95,6699.95,0,0,Decor,Wall Art,2649.55,6699.95,2024-09-11,0
SKU0104,2025-05-19,44,294797.8,6699.95,0,0,Decor,Wall Art,2649.55,6699.95,2024-09-11,0
SKU0104,2025-05-26,51,326913.44,6465.282857142856,1,0,Decor,Wall Art,2649.55,6699.95,2024-09-11,1
SKU0104,2025-06-02,114,576530.1799999999,5057.28,7,0,Decor,Wall Art,2649.55,6699.95,2024-09-11,1
SKU0104,2025-06-09,36,218200.84999999998,6230.615714285714,2,0,Decor,Wall Art,2649.55,6699.95,2024-09-11,1
SKU0104,2025-06-16,31,207698.44999999998,6699.95,0,0,Decor,Wall Art,2649.55,6699.95,2024-09-11,0
SKU0104,2025-06-23,74,495796.3,6699.95,0,0,Decor,Wall Art,2649.55,6699.95,2024-09-11,0
SKU0104,2025-06-30,85,569495.75,6699.95,0,0,Decor,Wall Art,2649.55,6699.95,2024-09-11,0
SKU0104,2025-07-07,47,314897.65,6699.95,0,0,Decor,Wall Art,2649.55,6699.95,2024-09-11,0
SKU0104,2025-07-14,41,274697.95,6699.95,0,0,Decor,Wall Art,2649.55,6699.95,2024-09-11,0
SKU0104,2025-07-21,65,435496.75,6699.95,0,0,Decor,Wall Art,2649.55,6699.95,2024-09-11,0
SKU0104,2025-07-28,46,308197.7,6699.95,0,0,Decor,Wall Art,2649.55,6699.95,2024-09-11,0
SKU0104,2025-08-04,59,395297.05,6699.95,0,0,Decor,Wall Art,2649.55,6699.95,2024-09-11,0
SKU0104,2025-08-11,49,328297.55,6699.95,0,1,Decor,Wall Art,2649.55,6699.95,2024-09-11,0
SKU0104,2025-08-18,56,375197.2,6699.95,0,0,Decor,Wall Art,2649.55,6699.95,2024-09-11,0
SKU0104,2025-08-25,58,388597.1,6699.95,0,0,Decor,Wall Art,2649.55,6699.95,2024-09-11,0
SKU0105,2024-08-19,149,500370.31,3358.19,0,0,Furniture,Tables,1705.53,3358.19,2024-08-21,0
SKU0105,2024-08-26,253,849622.07,3358.19,0,0,Furniture,Tables,1705.53,3358.19,2024-08-21,0
SKU0105,2024-09-02,288,967158.72,3358.19,0,0,Furniture,Tables,1705.53,3358.19,2024-08-21,0
SKU0105,2024-09-09,264,886562.16,3358.19,0,0,Furniture,Tables,1705.53,3358.19,2024-08-21,0
SKU0105,2024-09-16,336,1128351.84,3358.19,0,0,Furniture,Tables,1705.53,3358.19,2024-08-21,0
SKU0105,2024-09-23,341,1145142.79,3358.19,0,0,Furniture,Tables,1705.53,3358.19,2024-08-21,0
SKU0105,2024-09-30,349,1172008.31,3358.19,0,1,Furniture,Tables,1705.53,3358.19,2024-08-21,0
SKU0105,2024-10-07,299,1004098.81,3358.19,0,0,Furniture,Tables,1705.53,3358.19,2024-08-21,0
SKU0105,2024-10-14,289,970516.91,3358.19,0,0,Furniture,Tables,1705.53,3358.19,2024-08-21,0
SKU0105,2024-10-21,254,852980.26,3358.19,0,0,Furniture,Tables,1705.53,3358.19,2024-08-21,0
SKU0105,2024-10-28,334,1121635.46,3358.19,0,0,Furniture,Tables,1705.53,3358.19,2024-08-21,0
SKU0105,2024-11-04,369,1129468.42,3119.531428571429,3,0,Furniture,Tables,1705.53,3358.19,2024-08-21,1
SKU0105,2024-11-11,534,1522077.1800000002,2960.425714285714,5,0,Furniture,Tables,1705.53,3358.19,2024-08-21,1
SKU0105,2024-11-18,238,799249.22,3358.19,0,0,Furniture,Tables,1705.53,3358.19,2024-08-21,0
SKU0105,2024-11-25,468,1571632.92,3358.19,0,0,Furniture,Tables,1705.53,3358.19,2024-08-21,0
SKU0105,2024-12-02,271,910069.49,3358.19,0,0,Furniture,Tables,1705.53,3358.19,2024-08-21,0
SKU0105,2024-12-09,347,1165291.93,3358.19,0,0,Furniture,Tables,1705.53,3358.19,2024-08-21,0
SKU0105,2024-12-16,439,1338368.76,3119.531428571429,3,0,Furniture,Tables,1705.53,3358.19,2024-08-21,1
SKU0105,2024-12-23,607,1700400.3199999998,2801.32,7,1,Furniture,Tables,1705.53,3358.19,2024-08-21,1
SKU0105,2024-12-30,505,1562236.79,3199.0842857142857,2,1,Furniture,Tables,1705.53,3358.19,2024-08-21,1
SKU0105,2025-01-06,266,893278.54,3358.19,0,0,Furniture,Tables,1705.53,3358.19,2024-08-21,0
SKU0105,2025-01-13,378,1269395.82,3358.19,0,0,Furniture,Tables,1705.53,3358.19,2024-08-21,0
SKU0105,2025-01-20,280,940293.2,3358.19,0,0,Furniture,Tables,1705.53,3358.19,2024-08-21,0
SKU0105,2025-01-27,277,930218.63,3358.19,0,0,Furniture,Tables,1705.53,3358.19,2024-08-21,0
SKU0105,2025-02-03,408,1370141.52,3358.19,0,0,Furniture,Tables,1705.53,3358.19,2024-08-21,0
SKU0105,2025-02-10,327,1098128.1300000001,3358.19,0,0,Furniture,Tables,1705.53,3358.19,2024-08-21,0
SKU0105,2025-02-17,287,963800.5299999999,3358.19,0,0,Furniture,Tables,1705.53,3358.19,2024-08-21,0
SKU0105,2025-02-24,411,1380216.0899999999,3358.19,0,0,Furniture,Tables,1705.53,3358.19,2024-08-21,0
SKU0105,2025-03-03,366,1229097.54,3358.19,0,0,Furniture,Tables,1705.53,3358.19,2024-08-21,0
SKU0105,2025-03-10,392,1316410.48,3358.19,0,0,Furniture,Tables,1705.53,3358.19,2024-08-21,0
SKU0105,2025-03-17,371,1245888.49,3358.19,0,0,Furniture,Tables,1705.53,3358.19,2024-08-21,0
SKU0105,2025-03-24,250,839547.5,3358.19,0,0,Furniture,Tables,1705.53,3358.19,2024-08-21,0
SKU0105,2025-03-31,313,1051113.47,3358.19,0,0,Furniture,Tables,1705.53,3358.19,2024-08-21,0
SKU0105,2025-04-07,310,1041038.9,3358.19,0,0,Furniture,Tables,1705.53,3358.19,2024-08-21,0
SKU0105,2025-04-14,338,1135068.22,3358.19,0,0,Furniture,Tables,1705.53,3358.19,2024-08-21,0
SKU0105,2025-04-21,287,963800.53,3358.19,0,0,Furniture,Tables,1705.53,3358.19,2024-08-21,0
SKU0105,2025-04-28,317,1064546.23,3358.19,0,0,Furniture,Tables,1705.53,3358.19,2024-08-21,0
SKU0105,2025-05-05,345,1158575.55,3358.19,0,0,Furniture,Tables,1705.53,3358.19,2024-08-21,0
SKU0105,2025-05-12,337,1131710.03,3358.19,0,0,Furniture,Tables,1705.53,3358.19,2024-08-21,0
SKU0105,2025-05-19,335,1124993.65,3358.19,0,0,Furniture,Tables,1705.53,3358.19,2024-08-21,0
SKU0105,2025-05-26,391,1275741.9,3278.637142857143,1,0,Furniture,Tables,1705.53,3358.19,2024-08-21,1
SKU0105,2025-06-02,587,1644373.95,2801.32,7,0,Furniture,Tables,1705.53,3358.19,2024-08-21,1
SKU0105,2025-06-09,338,1033717.6,3199.0842857142857,2,0,Furniture,Tables,1705.53,3358.19,2024-08-21,1
SKU0105,2025-06-16,257,863054.8300000001,3358.19,0,0,Furniture,Tables,1705.53,3358.19,2024-08-21,0
SKU0105,2025-06-23,173,580966.87,3358.19,0,0,Furniture,Tables,1705.53,3358.19,2024-08-21,0
SKU0105,2025-06-30,306,1027606.14,3358.19,0,0,Furniture,Tables,1705.53,3358.19,2024-08-21,0
SKU0105,2025-07-07,184,617906.96,3358.19,0,0,Furniture,Tables,1705.53,3358.19,2024-08-21,0
SKU0105,2025-07-14,318,1067904.42,3358.19,0,0,Furniture,Tables,1705.53,3358.19,2024-08-21,0
SKU0105,2025-07-21,267,896636.73,3358.19,0,0,Furniture,Tables,1705.53,3358.19,2024-08-21,0
SKU0105,2025-07-28,410,1376857.9,3358.19,0,0,Furniture,Tables,1705.53,3358.19,2024-08-21,0
SKU0105,2025-08-04,231,775741.89,3358.19,0,0,Furniture,Tables,1705.53,3358.19,2024-08-21,0
SKU0105,2025-08-11,353,1185441.07,3358.19,0,1,Furniture,Tables,1705.53,3358.19,2024-08-21,0
SKU0105,2025-08-18,352,1182082.8800000001,3358.19,0,0,Furniture,Tables,1705.53,3358.19,2024-08-21,0
SKU0105,2025-08-25,280,940293.2000000001,3358.19,0,0,Furniture,Tables,1705.53,3358.19,2024-08-21,0
SKU0106,2025-06-23,111,281024.25,2531.75,0,0,Furniture,Chairs,1323.11,2531.75,2025-06-25,0
SKU0106,2025-06-30,153,387357.75,2531.75,0,0,Furniture,Chairs,1323.11,2531.75,2025-06-25,0
SKU0106,2025-07-07,128,324064.0,2531.75,0,0,Furniture,Chairs,1323.11,2531.75,2025-06-25,0
SKU0106,2025-07-14,89,225325.75,2531.75,0,0,Furniture,Chairs,1323.11,2531.75,2025-06-25,0
SKU0106,2025-07-21,110,278492.5,2531.75,0,0,Furniture,Chairs,1323.11,2531.75,2025-06-25,0
SKU0106,2025-07-28,115,291151.25,2531.75,0,0,Furniture,Chairs,1323.11,2531.75,2025-06-25,0
SKU0106,2025-08-04,120,303810.0,2531.75,0,0,Furniture,Chairs,1323.11,2531.75,2025-06-25,0
SKU0106,2025-08-11,120,303810.0,2531.75,0,1,Furniture,Chairs,1323.11,2531.75,2025-06-25,0
SKU0106,2025-08-18,83,210135.25,2531.75,0,0,Furniture,Chairs,1323.11,2531.75,2025-06-25,0
SKU0106,2025-08-25,103,260770.25,2531.75,0,0,Furniture,Chairs,1323.11,2531.75,2025-06-25,0
SKU0107,2024-11-18,48,157486.56,3280.97,0,0,Small Appliances,Climate,1735.47,3280.97,2024-11-18,0
SKU0107,2024-11-25,39,127957.83,3280.97,0,0,Small Appliances,Climate,1735.47,3280.97,2024-11-18,0
SKU0107,2024-12-02,51,167329.47,3280.97,0,0,Small Appliances,Climate,1735.47,3280.97,2024-11-18,0
SKU0107,2024-12-09,40,131238.8,3280.97,0,0,Small Appliances,Climate,1735.47,3280.97,2024-11-18,0
SKU0107,2024-12-16,52,137821.03999999998,2946.3842857142854,3,0,Small Appliances,Climate,1735.47,3280.97,2024-11-18,1
SKU0107,2024-12-23,81,202521.87,2500.27,7,1,Small Appliances,Climate,1735.47,3280.97,2024-11-18,1
SKU0107,2024-12-30,91,265778.87,3057.912857142857,2,1,Small Appliances,Climate,1735.47,3280.97,2024-11-18,1
SKU0107,2025-01-06,45,147643.65,3280.97,0,0,Small Appliances,Climate,1735.47,3280.97,2024-11-18,0
SKU0107,2025-01-13,45,147643.65,3280.97,0,0,Small Appliances,Climate,1735.47,3280.97,2024-11-18,0
SKU0107,2025-01-20,43,141081.71,3280.97,0,0,Small Appliances,Climate,1735.47,3280.97,2024-11-18,0
SKU0107,2025-01-27,29,95148.12999999999,3280.97,0,0,Small Appliances,Climate,1735.47,3280.97,2024-11-18,0
SKU0107,2025-02-03,60,196858.2,3280.97,0,0,Small Appliances,Climate,1735.47,3280.97,2024-11-18,0
SKU0107,2025-02-10,32,104991.04,3280.97,0,0,Small Appliances,Climate,1735.47,3280.97,2024-11-18,0
SKU0107,2025-02-17,25,82024.25,3280.97,0,0,Small Appliances,Climate,1735.47,3280.97,2024-11-18,0
SKU0107,2025-02-24,31,101710.07,3280.97,0,0,Small Appliances,Climate,1735.47,3280.97,2024-11-18,0
SKU0107,2025-03-03,38,124676.85999999999,3280.97,0,0,Small Appliances,Climate,1735.47,3280.97,2024-11-18,0
SKU0107,2025-03-10,41,134519.77,3280.97,0,0,Small Appliances,Climate,1735.47,3280.97,2024-11-18,0
SKU0107,2025-03-17,47,154205.59,3280.97,0,0,Small Appliances,Climate,1735.47,3280.97,2024-11-18,0
SKU0107,2025-03-24,42,137800.74,3280.97,0,0,Small Appliances,Climate,1735.47,3280.97,2024-11-18,0
SKU0107,2025-03-31,60,196858.2,3280.97,0,0,Small Appliances,Climate,1735.47,3280.97,2024-11-18,0
SKU0107,2025-04-07,18,59057.46,3280.97,0,0,Small Appliances,Climate,1735.47,3280.97,2024-11-18,0
SKU0107,2025-04-14,43,141081.71,3280.97,0,0,Small Appliances,Climate,1735.47,3280.97,2024-11-18,0
SKU0107,2025-04-21,47,154205.58999999997,3280.97,0,0,Small Appliances,Climate,1735.47,3280.97,2024-11-18,0
SKU0107,2025-04-28,30,98429.09999999999,3280.97,0,0,Small Appliances,Climate,1735.47,3280.97,2024-11-18,0
SKU0107,2025-05-05,23,75462.31,3280.97,0,0,Small Appliances,Climate,1735.47,3280.97,2024-11-18,0
SKU0107,2025-05-12,23,75462.31,3280.97,0,0,Small Appliances,Climate,1735.47,3280.97,2024-11-18,0
SKU0107,2025-05-19,21,68900.37,3280.97,0,0,Small Appliances,Climate,1735.47,3280.97,2024-11-18,0
SKU0107,2025-05-26,32,97184.04,3169.441428571429,1,0,Small Appliances,Climate,1735.47,3280.97,2024-11-18,1
SKU0107,2025-06-02,57,142515.39,2500.27,7,0,Small Appliances,Climate,1735.47,3280.97,2024-11-18,1
SKU0107,2025-06-09,19,54531.43,3057.912857142857,2,0,Small Appliances,Climate,1735.47,3280.97,2024-11-18,1
SKU0107,2025-06-16,31,101710.06999999999,3280.97,0,0,Small Appliances,Climate,1735.47,3280.97,2024-11-18,0
SKU0107,2025-06-23,38,124676.85999999999,3280.97,0,0,Small Appliances,Climate,1735.47,3280.97,2024-11-18,0
SKU0107,2025-06-30,36,118114.92,3280.97,0,0,Small Appliances,Climate,1735.47,3280.97,2024-11-18,0
SKU0107,2025-07-07,33,108272.01,3280.97,0,0,Small Appliances,Climate,1735.47,3280.97,2024-11-18,0
SKU0107,2025-07-14,31,101710.06999999999,3280.97,0,0,Small Appliances,Climate,1735.47,3280.97,2024-11-18,0
SKU0107,2025-07-21,40,131238.8,3280.97,0,0,Small Appliances,Climate,1735.47,3280.97,2024-11-18,0
SKU0107,2025-07-28,44,144362.68,3280.97,0,0,Small Appliances,Climate,1735.47,3280.97,2024-11-18,0
SKU0107,2025-08-04,43,141081.71,3280.97,0,0,Small Appliances,Climate,1735.47,3280.97,2024-11-18,0
SKU0107,2025-08-11,31,101710.06999999999,3280.97,0,1,Small Appliances,Climate,1735.47,3280.97,2024-11-18,0
SKU0107,2025-08-18,28,91867.15999999999,3280.97,0,0,Small Appliances,Climate,1735.47,3280.97,2024-11-18,0
SKU0107,2025-08-25,23,75462.31,3280.97,0,0,Small Appliances,Climate,1735.47,3280.97,2024-11-18,0
SKU0108,2024-10-21,12,6592.5599999999995,549.38,0,0,Decor,Wall Art,288.83,549.38,2024-10-26,0
SKU0108,2024-10-28,49,26919.62,549.38,0,0,Decor,Wall Art,288.83,549.38,2024-10-26,0
SKU0108,2024-11-04,78,41307.240000000005,525.74,3,0,Decor,Wall Art,288.83,549.38,2024-10-26,1
SKU0108,2024-11-11,145,72213.94,509.98,5,0,Decor,Wall Art,288.83,549.38,2024-10-26,1
SKU0108,2024-11-18,42,23073.96,549.38,0,0,Decor,Wall Art,288.83,549.38,2024-10-26,0
SKU0108,2024-11-25,57,31314.66,549.38,0,0,Decor,Wall Art,288.83,549.38,2024-10-26,0
SKU0108,2024-12-02,44,24172.72,549.38,0,0,Decor,Wall Art,288.83,549.38,2024-10-26,0
SKU0108,2024-12-09,56,30765.28,549.38,0,0,Decor,Wall Art,288.83,549.38,2024-10-26,0
SKU0108,2024-12-16,53,27407.27,525.74,3,0,Decor,Wall Art,288.83,549.38,2024-10-26,1
SKU0108,2024-12-23,96,47445.43,494.21999999999997,7,1,Decor,Wall Art,288.83,549.38,2024-10-26,1
SKU0108,2024-12-30,74,38227.22,533.62,2,1,Decor,Wall Art,288.83,549.38,2024-10-26,1
SKU0108,2025-01-06,45,24722.100000000002,549.38,0,0,Decor,Wall Art,288.83,549.38,2024-10-26,0
SKU0108,2025-01-13,47,25820.86,549.38,0,0,Decor,Wall Art,288.83,549.38,2024-10-26,0
SKU0108,2025-01-20,51,28018.38,549.38,0,0,Decor,Wall Art,288.83,549.38,2024-10-26,0
SKU0108,2025-01-27,41,22524.58,549.38,0,0,Decor,Wall Art,288.83,549.38,2024-10-26,0
SKU0108,2025-02-03,32,17580.16,549.38,0,0,Decor,Wall Art,288.83,549.38,2024-10-26,0
SKU0108,2025-02-10,45,24722.1,549.38,0,0,Decor,Wall Art,288.83,549.38,2024-10-26,0
SKU0108,2025-02-17,43,23623.34,549.38,0,0,Decor,Wall Art,288.83,549.38,2024-10-26,0
SKU0108,2025-02-24,23,12635.740000000002,549.38,0,0,Decor,Wall Art,288.83,549.38,2024-10-26,0
SKU0108,2025-03-03,45,24722.1,549.38,0,0,Decor,Wall Art,288.83,549.38,2024-10-26,0
SKU0108,2025-03-10,35,19228.3,549.38,0,0,Decor,Wall Art,288.83,549.38,2024-10-26,0
SKU0108,2025-03-17,35,19228.3,549.38,0,0,Decor,Wall Art,288.83,549.38,2024-10-26,0
SKU0108,2025-03-24,41,22524.58,549.38,0,0,Decor,Wall Art,288.83,549.38,2024-10-26,0
SKU0108,2025-03-31,27,14833.26,549.38,0,0,Decor,Wall Art,288.83,549.38,2024-10-26,0
SKU0108,2025-04-07,21,11536.98,549.38,0,0,Decor,Wall Art,288.83,549.38,2024-10-26,0
SKU0108,2025-04-14,23,12635.74,549.38,0,0,Decor,Wall Art,288.83,549.38,2024-10-26,0
SKU0108,2025-04-21,22,12086.36,549.38,0,0,Decor,Wall Art,288.83,549.38,2024-10-26,0
SKU0108,2025-04-28,53,29117.14,549.38,0,0,Decor,Wall Art,288.83,549.38,2024-10-26,0
SKU0108,2025-05-05,36,19777.68,549.38,0,0,Decor,Wall Art,288.83,549.38,2024-10-26,0
SKU0108,2025-05-12,26,14283.880000000001,549.38,0,0,Decor,Wall Art,288.83,549.38,2024-10-26,0
SKU0108,2025-05-19,28,15382.64,549.38,0,0,Decor,Wall Art,288.83,549.38,2024-10-26,0
SKU0108,2025-05-26,35,18952.52,541.5,1,0,Decor,Wall Art,288.83,549.38,2024-10-26,1
SKU0108,2025-06-02,99,48928.090000000004,494.21999999999997,7,0,Decor,Wall Art,288.83,549.38,2024-10-26,1
SKU0108,2025-06-09,51,26749.769999999997,533.62,2,0,Decor,Wall Art,288.83,549.38,2024-10-26,1
SKU0108,2025-06-16,51,28018.38,549.38,0,0,Decor,Wall Art,288.83,549.38,2024-10-26,0
SKU0108,2025-06-23,39,21425.82,549.38,0,0,Decor,Wall Art,288.83,549.38,2024-10-26,0
SKU0108,2025-06-30,54,29666.52,549.38,0,0,Decor,Wall Art,288.83,549.38,2024-10-26,0
SKU0108,2025-07-07,44,24172.72,549.38,0,0,Decor,Wall Art,288.83,549.38,2024-10-26,0
SKU0108,2025-07-14,37,20327.06,549.38,0,0,Decor,Wall Art,288.83,549.38,2024-10-26,0
SKU0108,2025-07-21,54,29666.52,549.38,0,0,Decor,Wall Art,288.83,549.38,2024-10-26,0
SKU0108,2025-07-28,57,31314.66,549.38,0,0,Decor,Wall Art,288.83,549.38,2024-10-26,0
SKU0108,2025-08-04,43,23623.34,549.38,0,0,Decor,Wall Art,288.83,549.38,2024-10-26,0
SKU0108,2025-08-11,67,36808.46,549.38,0,1,Decor,Wall Art,288.83,549.38,2024-10-26,0
SKU0108,2025-08-18,63,34610.94,549.38,0,0,Decor,Wall Art,288.83,549.38,2024-10-26,0
SKU0108,2025-08-25,55,30215.9,549.38,0,0,Decor,Wall Art,288.83,549.38,2024-10-26,0
SKU0109,2024-02-05,28,137023.88,4893.71,0,0,Decor,Wall Art,2353.96,4893.71,2024-02-05,0
SKU0109,2024-02-12,33,161492.43,4893.71,0,0,Decor,Wall Art,2353.96,4893.71,2024-02-05,0
SKU0109,2024-02-19,31,151705.01,4893.71,0,0,Decor,Wall Art,2353.96,4893.71,2024-02-05,0
SKU0109,2024-02-26,33,161492.43,4893.71,0,0,Decor,Wall Art,2353.96,4893.71,2024-02-05,0
SKU0109,2024-03-04,38,185960.98,4893.71,0,0,Decor,Wall Art,2353.96,4893.71,2024-02-05,0
SKU0109,2024-03-11,32,156598.72,4893.71,0,0,Decor,Wall Art,2353.96,4893.71,2024-02-05,0
SKU0109,2024-03-18,32,156598.72,4893.71,0,0,Decor,Wall Art,2353.96,4893.71,2024-02-05,0
SKU0109,2024-03-25,25,122342.75,4893.71,0,0,Decor,Wall Art,2353.96,4893.71,2024-02-05,0
SKU0109,2024-04-01,19,92980.48999999999,4893.71,0,0,Decor,Wall Art,2353.96,4893.71,2024-02-05,0
SKU0109,2024-04-08,24,117449.04,4893.71,0,0,Decor,Wall Art,2353.96,4893.71,2024-02-05,0
SKU0109,2024-04-15,24,117449.04000000001,4893.71,0,0,Decor,Wall Art,2353.96,4893.71,2024-02-05,0
SKU0109,2024-04-22,39,190854.69,4893.71,0,0,Decor,Wall Art,2353.96,4893.71,2024-02-05,0
SKU0109,2024-04-29,20,97874.2,4893.71,0,0,Decor,Wall Art,2353.96,4893.71,2024-02-05,0
SKU0109,2024-05-06,21,102767.91,4893.71,0,0,Decor,Wall Art,2353.96,4893.71,2024-02-05,0
SKU0109,2024-05-13,43,210429.53,4893.71,0,0,Decor,Wall Art,2353.96,4893.71,2024-02-05,0
SKU0109,2024-05-20,33,161492.43,4893.71,0,0,Decor,Wall Art,2353.96,4893.71,2024-02-05,0
SKU0109,2024-05-27,35,163959.11,4661.3042857142855,2,0,Decor,Wall Art,2353.96,4893.71,2024-02-05,1
SKU0109,2024-06-03,79,322343.29,4080.29,7,0,Decor,Wall Art,2353.96,4893.71,2024-02-05,1
SKU0109,2024-06-10,36,172106.47999999998,4777.507142857144,1,0,Decor,Wall Art,2353.96,4893.71,2024-02-05,1
SKU0109,2024-06-17,27,132130.17,4893.71,0,0,Decor,Wall Art,2353.96,4893.71,2024-02-05,0
SKU0109,2024-06-24,29,141917.59,4893.71,0,0,Decor,Wall Art,2353.96,4893.71,2024-02-05,0
SKU0109,2024-07-01,19,92980.49,4893.71,0,0,Decor,Wall Art,2353.96,4893.71,2024-02-05,0
SKU0109,2024-07-08,40,195748.4,4893.71,0,0,Decor,Wall Art,2353.96,4893.71,2024-02-05,0
SKU0109,2024-07-15,63,308303.73,4893.71,0,0,Decor,Wall Art,2353.96,4893.71,2024-02-05,0
SKU0109,2024-07-22,39,190854.69,4893.71,0,0,Decor,Wall Art,2353.96,4893.71,2024-02-05,0
SKU0109,2024-07-29,40,195748.4,4893.71,0,0,Decor,Wall Art,2353.96,4893.71,2024-02-05,0
SKU0109,2024-08-05,26,127236.45999999999,4893.71,0,0,Decor,Wall Art,2353.96,4893.71,2024-02-05,0
SKU0109,2024-08-12,41,200642.11,4893.71,0,1,Decor,Wall Art,2353.96,4893.71,2024-02-05,0
SKU0109,2024-08-19,37,181067.27,4893.71,0,0,Decor,Wall Art,2353.96,4893.71,2024-02-05,0
SKU0109,2024-08-26,44,215323.24,4893.71,0,0,Decor,Wall Art,2353.96,4893.71,2024-02-05,0
SKU0109,2024-09-02,43,210429.53,4893.71,0,0,Decor,Wall Art,2353.96,4893.71,2024-02-05,0
SKU0109,2024-09-09,64,313197.44,4893.71,0,0,Decor,Wall Art,2353.96,4893.71,2024-02-05,0
SKU0109,2024-09-16,78,381709.38,4893.71,0,0,Decor,Wall Art,2353.96,4893.71,2024-02-05,0
SKU0109,2024-09-23,44,215323.24,4893.71,0,0,Decor,Wall Art,2353.96,4893.71,2024-02-05,0
SKU0109,2024-09-30,71,347453.41,4893.71,0,1,Decor,Wall Art,2353.96,4893.71,2024-02-05,0
SKU0109,2024-10-07,34,166386.14,4893.71,0,0,Decor,Wall Art,2353.96,4893.71,2024-02-05,0
SKU0109,2024-10-14,53,259366.63,4893.71,0,0,Decor,Wall Art,2353.96,4893.71,2024-02-05,0
SKU0109,2024-10-21,31,151705.01,4893.71,0,0,Decor,Wall Art,2353.96,4893.71,2024-02-05,0
SKU0109,2024-10-28,59,288728.89,4893.71,0,0,Decor,Wall Art,2353.96,4893.71,2024-02-05,0
SKU0109,2024-11-04,62,271686.82999999996,4545.101428571428,3,0,Decor,Wall Art,2353.96,4893.71,2024-02-05,1
SKU0109,2024-11-11,86,359852.92,4312.6957142857145,5,0,Decor,Wall Art,2353.96,4893.71,2024-02-05,1
SKU0109,2024-11-18,57,278941.47,4893.71,0,0,Decor,Wall Art,2353.96,4893.71,2024-02-05,0
SKU0109,2024-11-25,51,249579.21,4893.71,0,0,Decor,Wall Art,2353.96,4893.71,2024-02-05,0
SKU0109,2024-12-02,43,210429.53,4893.71,0,0,Decor,Wall Art,2353.96,4893.71,2024-02-05,0
SKU0109,2024-12-09,56,274047.76,4893.71,0,0,Decor,Wall Art,2353.96,4893.71,2024-02-05,0
SKU0109,2024-12-16,54,242298.13,4545.101428571428,3,0,Decor,Wall Art,2353.96,4893.71,2024-02-05,1
SKU0109,2024-12-23,73,297861.51,4080.29,7,1,Decor,Wall Art,2353.96,4893.71,2024-02-05,1
SKU0109,2024-12-30,35,162332.28,4661.3042857142855,2,1,Decor,Wall Art,2353.96,4893.71,2024-02-05,1
SKU0109,2025-01-06,37,181067.27,4893.71,0,0,Decor,Wall Art,2353.96,4893.71,2024-02-05,0
SKU0109,2025-01-13,51,249579.21,4893.71,0,0,Decor,Wall Art,2353.96,4893.71,2024-02-05,0
SKU0109,2025-01-20,41,200642.11,4893.71,0,0,Decor,Wall Art,2353.96,4893.71,2024-02-05,0
SKU0109,2025-01-27,38,185960.97999999998,4893.71,0,0,Decor,Wall Art,2353.96,4893.71,2024-02-05,0
SKU0109,2025-02-03,23,112555.32999999999,4893.71,0,0,Decor,Wall Art,2353.96,4893.71,2024-02-05,0
SKU0109,2025-02-10,29,141917.59,4893.71,0,0,Decor,Wall Art,2353.96,4893.71,2024-02-05,0
SKU0109,2025-02-17,44,215323.24,4893.71,0,0,Decor,Wall Art,2353.96,4893.71,2024-02-05,0
SKU0109,2025-02-24,23,112555.32999999999,4893.71,0,0,Decor,Wall Art,2353.96,4893.71,2024-02-05,0
SKU0109,2025-03-03,14,68511.94,4893.71,0,0,Decor,Wall Art,2353.96,4893.71,2024-02-05,0
SKU0109,2025-03-10,23,112555.33,4893.71,0,0,Decor,Wall Art,2353.96,4893.71,2024-02-05,0
SKU0109,2025-03-17,24,117449.04,4893.71,0,0,Decor,Wall Art,2353.96,4893.71,2024-02-05,0
SKU0109,2025-03-24,48,234898.08,4893.71,0,0,Decor,Wall Art,2353.96,4893.71,2024-02-05,0
SKU0109,2025-03-31,17,83193.06999999999,4893.71,0,0,Decor,Wall Art,2353.96,4893.71,2024-02-05,0
SKU0109,2025-04-07,22,107661.62,4893.71,0,0,Decor,Wall Art,2353.96,4893.71,2024-02-05,0
SKU0109,2025-04-14,19,92980.49,4893.71,0,0,Decor,Wall Art,2353.96,4893.71,2024-02-05,0
SKU0109,2025-04-21,34,166386.13999999998,4893.71,0,0,Decor,Wall Art,2353.96,4893.71,2024-02-05,0
SKU0109,2025-04-28,27,132130.16999999998,4893.71,0,0,Decor,Wall Art,2353.96,4893.71,2024-02-05,0
SKU0109,2025-05-05,32,156598.72,4893.71,0,0,Decor,Wall Art,2353.96,4893.71,2024-02-05,0
SKU0109,2025-05-12,26,127236.45999999999,4893.71,0,0,Decor,Wall Art,2353.96,4893.71,2024-02-05,0
SKU0109,2025-05-19,32,156598.72,4893.71,0,0,Decor,Wall Art,2353.96,4893.71,2024-02-05,0
SKU0109,2025-05-26,22,105221.37,4777.507142857144,1,0,Decor,Wall Art,2353.96,4893.71,2024-02-05,1
SKU0109,2025-06-02,63,257058.58000000002,4080.29,7,0,Decor,Wall Art,2353.96,4893.71,2024-02-05,1
SKU0109,2025-06-09,42,190894.34,4661.3042857142855,2,0,Decor,Wall Art,2353.96,4893.71,2024-02-05,1
SKU0109,2025-06-16,39,190854.69,4893.71,0,0,Decor,Wall Art,2353.96,4893.71,2024-02-05,0
SKU0109,2025-06-23,32,156598.72,4893.71,0,0,Decor,Wall Art,2353.96,4893.71,2024-02-05,0
SKU0109,2025-06-30,33,161492.43,4893.71,0,0,Decor,Wall Art,2353.96,4893.71,2024-02-05,0
SKU0109,2025-07-07,18,88086.78,4893.71,0,0,Decor,Wall Art,2353.96,4893.71,2024-02-05,0
SKU0109,2025-07-14,52,254472.91999999998,4893.71,0,0,Decor,Wall Art,2353.96,4893.71,2024-02-05,0
SKU0109,2025-07-21,53,259366.63,4893.71,0,0,Decor,Wall Art,2353.96,4893.71,2024-02-05,0
SKU0109,2025-07-28,47,230004.37,4893.71,0,0,Decor,Wall Art,2353.96,4893.71,2024-02-05,0
SKU0109,2025-08-04,43,210429.53,4893.71,0,0,Decor,Wall Art,2353.96,4893.71,2024-02-05,0
SKU0109,2025-08-11,60,293622.6,4893.71,0,1,Decor,Wall Art,2353.96,4893.71,2024-02-05,0
SKU0109,2025-08-18,35,171279.85,4893.71,0,0,Decor,Wall Art,2353.96,4893.71,2024-02-05,0
SKU0109,2025-08-25,24,117449.04000000001,4893.71,0,0,Decor,Wall Art,2353.96,4893.71,2024-02-05,0
SKU0110,2024-10-14,79,253312.71000000002,3206.49,0,0,Small Appliances,Cleaning,1367.42,3206.49,2024-10-16,0
SKU0110,2024-10-21,141,452115.08999999997,3206.4900000000002,0,0,Small Appliances,Cleaning,1367.42,3206.49,2024-10-16,0
SKU0110,2024-10-28,139,445702.11,3206.4900000000002,0,0,Small Appliances,Cleaning,1367.42,3206.49,2024-10-16,0
SKU0110,2024-11-04,152,445116.19,2968.1228571428574,3,0,Small Appliances,Cleaning,1367.42,3206.49,2024-10-16,1
SKU0110,2024-11-11,197,536014.21,2809.2114285714283,5,0,Small Appliances,Cleaning,1367.42,3206.49,2024-10-16,1
SKU0110,2024-11-18,123,394398.27,3206.4900000000002,0,0,Small Appliances,Cleaning,1367.42,3206.49,2024-10-16,0
SKU0110,2024-11-25,113,362333.37,3206.4900000000002,0,0,Small Appliances,Cleaning,1367.42,3206.49,2024-10-16,0
SKU0110,2024-12-02,71,227660.78999999998,3206.4900000000002,0,0,Small Appliances,Cleaning,1367.42,3206.49,2024-10-16,0
SKU0110,2024-12-09,118,378365.82,3206.4900000000002,0,0,Small Appliances,Cleaning,1367.42,3206.49,2024-10-16,0
SKU0110,2024-12-16,140,407750.69,2968.1228571428574,3,0,Small Appliances,Cleaning,1367.42,3206.49,2024-10-16,1
SKU0110,2024-12-23,212,561864.04,2650.3,7,1,Small Appliances,Cleaning,1367.42,3206.49,2024-10-16,1
SKU0110,2024-12-30,158,466023.7,3047.578571428571,2,1,Small Appliances,Cleaning,1367.42,3206.49,2024-10-16,1
SKU0110,2025-01-06,125,400811.25,3206.4900000000002,0,0,Small Appliances,Cleaning,1367.42,3206.49,2024-10-16,0
SKU0110,2025-01-13,111,355920.39,3206.4900000000002,0,0,Small Appliances,Cleaning,1367.42,3206.49,2024-10-16,0
SKU0110,2025-01-20,108,346300.92,3206.4900000000002,0,0,Small Appliances,Cleaning,1367.42,3206.49,2024-10-16,0
SKU0110,2025-01-27,155,497005.95,3206.4900000000002,0,0,Small Appliances,Cleaning,1367.42,3206.49,2024-10-16,0
SKU0110,2025-02-03,113,362333.37,3206.4900000000002,0,0,Small Appliances,Cleaning,1367.42,3206.49,2024-10-16,0
SKU0110,2025-02-10,100,320649.0,3206.4900000000002,0,0,Small Appliances,Cleaning,1367.42,3206.49,2024-10-16,0
SKU0110,2025-02-17,102,327061.98,3206.4900000000002,0,0,Small Appliances,Cleaning,1367.42,3206.49,2024-10-16,0
SKU0110,2025-02-24,108,346300.92,3206.4900000000002,0,0,Small Appliances,Cleaning,1367.42,3206.49,2024-10-16,0
SKU0110,2025-03-03,130,416843.7,3206.4900000000002,0,0,Small Appliances,Cleaning,1367.42,3206.49,2024-10-16,0
SKU0110,2025-03-10,115,368746.35,3206.4900000000002,0,0,Small Appliances,Cleaning,1367.42,3206.49,2024-10-16,0
SKU0110,2025-03-17,119,381572.31,3206.4900000000002,0,0,Small Appliances,Cleaning,1367.42,3206.49,2024-10-16,0
SKU0110,2025-03-24,114,365539.86,3206.4900000000002,0,0,Small Appliances,Cleaning,1367.42,3206.49,2024-10-16,0
SKU0110,2025-03-31,130,416843.7,3206.4900000000002,0,0,Small Appliances,Cleaning,1367.42,3206.49,2024-10-16,0
SKU0110,2025-04-07,124,397604.76,3206.4900000000002,0,0,Small Appliances,Cleaning,1367.42,3206.49,2024-10-16,0
SKU0110,2025-04-14,150,480973.5,3206.4900000000002,0,0,Small Appliances,Cleaning,1367.42,3206.49,2024-10-16,0
SKU0110,2025-04-21,153,490592.97,3206.4900000000002,0,0,Small Appliances,Cleaning,1367.42,3206.49,2024-10-16,0
SKU0110,2025-04-28,138,442495.62,3206.4900000000002,0,0,Small Appliances,Cleaning,1367.42,3206.49,2024-10-16,0
SKU0110,2025-05-05,142,455321.58,3206.4900000000002,0,0,Small Appliances,Cleaning,1367.42,3206.49,2024-10-16,0
SKU0110,2025-05-12,132,423256.68,3206.4900000000002,0,0,Small Appliances,Cleaning,1367.42,3206.49,2024-10-16,0
SKU0110,2025-05-19,154,493799.46,3206.4900000000002,0,0,Small Appliances,Cleaning,1367.42,3206.49,2024-10-16,0
SKU0110,2025-05-26,189,588784.78,3127.0342857142855,1,0,Small Appliances,Cleaning,1367.42,3206.49,2024-10-16,1
SKU0110,2025-06-02,311,824243.9400000001,2650.3,7,0,Small Appliances,Cleaning,1367.42,3206.49,2024-10-16,1
SKU0110,2025-06-09,291,856890.8400000001,3047.578571428571,2,0,Small Appliances,Cleaning,1367.42,3206.49,2024-10-16,1
SKU0110,2025-06-16,208,666949.9199999999,3206.4900000000002,0,0,Small Appliances,Cleaning,1367.42,3206.49,2024-10-16,0
SKU0110,2025-06-23,162,519451.38,3206.4900000000002,0,0,Small Appliances,Cleaning,1367.42,3206.49,2024-10-16,0
SKU0110,2025-06-30,174,557929.26,3206.4900000000002,0,0,Small Appliances,Cleaning,1367.42,3206.49,2024-10-16,0
SKU0110,2025-07-07,175,561135.75,3206.4900000000002,0,0,Small Appliances,Cleaning,1367.42,3206.49,2024-10-16,0
SKU0110,2025-07-14,185,593200.6499999999,3206.4900000000002,0,0,Small Appliances,Cleaning,1367.42,3206.49,2024-10-16,0
SKU0110,2025-07-21,152,487386.48,3206.4900000000002,0,0,Small Appliances,Cleaning,1367.42,3206.49,2024-10-16,0
SKU0110,2025-07-28,155,497005.94999999995,3206.4900000000002,0,0,Small Appliances,Cleaning,1367.42,3206.49,2024-10-16,0
SKU0110,2025-08-04,157,503418.93,3206.4900000000002,0,0,Small Appliances,Cleaning,1367.42,3206.49,2024-10-16,0
SKU0110,2025-08-11,160,513038.4,3206.4900000000002,0,1,Small Appliances,Cleaning,1367.42,3206.49,2024-10-16,0
SKU0110,2025-08-18,134,429669.66,3206.4900000000002,0,0,Small Appliances,Cleaning,1367.42,3206.49,2024-10-16,0
SKU0110,2025-08-25,166,532277.34,3206.4900000000002,0,0,Small Appliances,Cleaning,1367.42,3206.49,2024-10-16,0
SKU0111,2024-06-24,16,75075.36,4692.21,0,0,Decor,Wall Art,2560.15,4692.21,2024-06-28,0
SKU0111,2024-07-01,56,262763.76,4692.21,0,0,Decor,Wall Art,2560.15,4692.21,2024-06-28,0
SKU0111,2024-07-08,47,220533.87,4692.21,0,0,Decor,Wall Art,2560.15,4692.21,2024-06-28,0
SKU0111,2024-07-15,46,215841.66,4692.21,0,0,Decor,Wall Art,2560.15,4692.21,2024-06-28,0
SKU0111,2024-07-22,49,229918.28999999998,4692.21,0,0,Decor,Wall Art,2560.15,4692.21,2024-06-28,0
SKU0111,2024-07-29,49,229918.29,4692.21,0,0,Decor,Wall Art,2560.15,4692.21,2024-06-28,0
SKU0111,2024-08-05,56,262763.76,4692.21,0,0,Decor,Wall Art,2560.15,4692.21,2024-06-28,0
SKU0111,2024-08-12,80,375376.8,4692.21,0,1,Decor,Wall Art,2560.15,4692.21,2024-06-28,0
SKU0111,2024-08-19,57,267455.97,4692.21,0,0,Decor,Wall Art,2560.15,4692.21,2024-06-28,0
SKU0111,2024-08-26,62,290917.02,4692.21,0,0,Decor,Wall Art,2560.15,4692.21,2024-06-28,0
SKU0111,2024-09-02,67,314378.07,4692.21,0,0,Decor,Wall Art,2560.15,4692.21,2024-06-28,0
SKU0111,2024-09-09,89,417606.69,4692.21,0,0,Decor,Wall Art,2560.15,4692.21,2024-06-28,0
SKU0111,2024-09-16,58,272148.18,4692.21,0,0,Decor,Wall Art,2560.15,4692.21,2024-06-28,0
SKU0111,2024-09-23,76,356607.96,4692.21,0,0,Decor,Wall Art,2560.15,4692.21,2024-06-28,0
SKU0111,2024-09-30,103,483297.63,4692.21,0,1,Decor,Wall Art,2560.15,4692.21,2024-06-28,0
SKU0111,2024-10-07,87,408222.27,4692.21,0,0,Decor,Wall Art,2560.15,4692.21,2024-06-28,0
SKU0111,2024-10-14,60,281532.6,4692.21,0,0,Decor,Wall Art,2560.15,4692.21,2024-06-28,0
SKU0111,2024-10-21,68,319070.27999999997,4692.21,0,0,Decor,Wall Art,2560.15,4692.21,2024-06-28,0
SKU0111,2024-10-28,82,384761.22,4692.21,0,0,Decor,Wall Art,2560.15,4692.21,2024-06-28,0
SKU0111,2024-11-04,140,594271.66,4297.435714285714,3,0,Decor,Wall Art,2560.15,4692.21,2024-06-28,1
SKU0111,2024-11-11,125,492569.64,4034.252857142857,5,0,Decor,Wall Art,2560.15,4692.21,2024-06-28,1
SKU0111,2024-11-18,99,464528.79000000004,4692.21,0,0,Decor,Wall Art,2560.15,4692.21,2024-06-28,0
SKU0111,2024-11-25,80,375376.8,4692.21,0,0,Decor,Wall Art,2560.15,4692.21,2024-06-28,0
SKU0111,2024-12-02,86,403530.06,4692.21,0,0,Decor,Wall Art,2560.15,4692.21,2024-06-28,0
SKU0111,2024-12-09,88,412914.48,4692.21,0,0,Decor,Wall Art,2560.15,4692.21,2024-06-28,0
SKU0111,2024-12-16,109,469078.3,4297.435714285714,3,0,Decor,Wall Art,2560.15,4692.21,2024-06-28,1
SKU0111,2024-12-23,130,490238.68,3771.07,7,1,Decor,Wall Art,2560.15,4692.21,2024-06-28,1
SKU0111,2024-12-30,129,551868.78,4429.027142857143,2,1,Decor,Wall Art,2560.15,4692.21,2024-06-28,1
SKU0111,2025-01-06,79,370684.59,4692.21,0,0,Decor,Wall Art,2560.15,4692.21,2024-06-28,0
SKU0111,2025-01-13,53,248687.13,4692.21,0,0,Decor,Wall Art,2560.15,4692.21,2024-06-28,0
SKU0111,2025-01-20,82,384761.22000000003,4692.21,0,0,Decor,Wall Art,2560.15,4692.21,2024-06-28,0
SKU0111,2025-01-27,91,426991.11,4692.21,0,0,Decor,Wall Art,2560.15,4692.21,2024-06-28,0
SKU0111,2025-02-03,59,276840.39,4692.21,0,0,Decor,Wall Art,2560.15,4692.21,2024-06-28,0
SKU0111,2025-02-10,66,309685.86,4692.21,0,0,Decor,Wall Art,2560.15,4692.21,2024-06-28,0
SKU0111,2025-02-17,57,267455.97,4692.21,0,0,Decor,Wall Art,2560.15,4692.21,2024-06-28,0
SKU0111,2025-02-24,55,258071.55,4692.21,0,0,Decor,Wall Art,2560.15,4692.21,2024-06-28,0
SKU0111,2025-03-03,65,304993.65,4692.21,0,0,Decor,Wall Art,2560.15,4692.21,2024-06-28,0
SKU0111,2025-03-10,51,239302.71,4692.21,0,0,Decor,Wall Art,2560.15,4692.21,2024-06-28,0
SKU0111,2025-03-17,49,229918.28999999998,4692.21,0,0,Decor,Wall Art,2560.15,4692.21,2024-06-28,0
SKU0111,2025-03-24,44,206457.24,4692.21,0,0,Decor,Wall Art,2560.15,4692.21,2024-06-28,0
SKU0111,2025-03-31,47,220533.87,4692.21,0,0,Decor,Wall Art,2560.15,4692.21,2024-06-28,0
SKU0111,2025-04-07,55,258071.55,4692.21,0,0,Decor,Wall Art,2560.15,4692.21,2024-06-28,0
SKU0111,2025-04-14,61,286224.81,4692.21,0,0,Decor,Wall Art,2560.15,4692.21,2024-06-28,0
SKU0111,2025-04-21,41,192380.61,4692.21,0,0,Decor,Wall Art,2560.15,4692.21,2024-06-28,0
SKU0111,2025-04-28,33,154842.93,4692.21,0,0,Decor,Wall Art,2560.15,4692.21,2024-06-28,0
SKU0111,2025-05-05,55,258071.55,4692.21,0,0,Decor,Wall Art,2560.15,4692.21,2024-06-28,0
SKU0111,2025-05-12,47,220533.87,4692.21,0,0,Decor,Wall Art,2560.15,4692.21,2024-06-28,0
SKU0111,2025-05-19,48,225226.08,4692.21,0,0,Decor,Wall Art,2560.15,4692.21,2024-06-28,0
SKU0111,2025-05-26,66,292184.14,4560.618571428572,1,0,Decor,Wall Art,2560.15,4692.21,2024-06-28,1
SKU0111,2025-06-02,102,384648.81,3771.07,7,0,Decor,Wall Art,2560.15,4692.21,2024-06-28,1
SKU0111,2025-06-09,72,297308.85000000003,4429.027142857143,2,0,Decor,Wall Art,2560.15,4692.21,2024-06-28,1
SKU0111,2025-06-16,51,239302.71,4692.21,0,0,Decor,Wall Art,2560.15,4692.21,2024-06-28,0
SKU0111,2025-06-23,51,239302.71,4692.21,0,0,Decor,Wall Art,2560.15,4692.21,2024-06-28,0
SKU0111,2025-06-30,69,323762.49,4692.21,0,0,Decor,Wall Art,2560.15,4692.21,2024-06-28,0
SKU0111,2025-07-07,63,295609.23,4692.21,0,0,Decor,Wall Art,2560.15,4692.21,2024-06-28,0
SKU0111,2025-07-14,54,253379.34,4692.21,0,0,Decor,Wall Art,2560.15,4692.21,2024-06-28,0
SKU0111,2025-07-21,35,164227.34999999998,4692.21,0,0,Decor,Wall Art,2560.15,4692.21,2024-06-28,0
SKU0111,2025-07-28,109,511450.89,4692.21,0,0,Decor,Wall Art,2560.15,4692.21,2024-06-28,0
SKU0111,2025-08-04,89,417606.69,4692.21,0,0,Decor,Wall Art,2560.15,4692.21,2024-06-28,0
SKU0111,2025-08-11,65,304993.65,4692.21,0,1,Decor,Wall Art,2560.15,4692.21,2024-06-28,0
SKU0111,2025-08-18,49,229918.28999999998,4692.21,0,0,Decor,Wall Art,2560.15,4692.21,2024-06-28,0
SKU0111,2025-08-25,91,426991.11,4692.21,0,0,Decor,Wall Art,2560.15,4692.21,2024-06-28,0
SKU0112,2024-09-23,242,1792796.5,7408.25,0,0,Small Appliances,Climate,3696.07,7408.25,2024-09-25,0
SKU0112,2024-09-30,439,3252221.75,7408.25,0,1,Small Appliances,Climate,3696.07,7408.25,2024-09-25,0
SKU0112,2024-10-07,347,2570662.75,7408.25,0,0,Small Appliances,Climate,3696.07,7408.25,2024-09-25,0
SKU0112,2024-10-14,366,2711419.5,7408.25,0,0,Small Appliances,Climate,3696.07,7408.25,2024-09-25,0
SKU0112,2024-10-21,260,1926145.0,7408.25,0,0,Small Appliances,Climate,3696.07,7408.25,2024-09-25,0
SKU0112,2024-10-28,366,2711419.5,7408.25,0,0,Small Appliances,Climate,3696.07,7408.25,2024-09-25,0
SKU0112,2024-11-04,403,2846262.19,7083.881428571428,3,0,Small Appliances,Climate,3696.07,7408.25,2024-09-25,1
SKU0112,2024-11-11,420,2824614.42,6867.635714285715,5,0,Small Appliances,Climate,3696.07,7408.25,2024-09-25,1
SKU0112,2024-11-18,295,2185433.75,7408.25,0,0,Small Appliances,Climate,3696.07,7408.25,2024-09-25,0
SKU0112,2024-11-25,283,2096534.75,7408.25,0,0,Small Appliances,Climate,3696.07,7408.25,2024-09-25,0
SKU0112,2024-12-02,332,2459539.0,7408.25,0,0,Small Appliances,Climate,3696.07,7408.25,2024-09-25,0
SKU0112,2024-12-09,265,1963186.25,7408.25,0,0,Small Appliances,Climate,3696.07,7408.25,2024-09-25,0
SKU0112,2024-12-16,311,2195734.5300000003,7083.881428571428,3,0,Small Appliances,Climate,3696.07,7408.25,2024-09-25,1
SKU0112,2024-12-23,499,3319042.75,6651.39,7,1,Small Appliances,Climate,3696.07,7408.25,2024-09-25,1
SKU0112,2024-12-30,261,1845757.29,7192.004285714285,2,1,Small Appliances,Climate,3696.07,7408.25,2024-09-25,1
SKU0112,2025-01-06,210,1555732.5,7408.25,0,0,Small Appliances,Climate,3696.07,7408.25,2024-09-25,0
SKU0112,2025-01-13,154,1140870.5,7408.25,0,0,Small Appliances,Climate,3696.07,7408.25,2024-09-25,0
SKU0112,2025-01-20,183,1355709.75,7408.25,0,0,Small Appliances,Climate,3696.07,7408.25,2024-09-25,0
SKU0112,2025-01-27,146,1081604.5,7408.25,0,0,Small Appliances,Climate,3696.07,7408.25,2024-09-25,0
SKU0112,2025-02-03,171,1266810.75,7408.25,0,0,Small Appliances,Climate,3696.07,7408.25,2024-09-25,0
SKU0112,2025-02-10,213,1577957.25,7408.25,0,0,Small Appliances,Climate,3696.07,7408.25,2024-09-25,0
SKU0112,2025-02-17,188,1392751.0,7408.25,0,0,Small Appliances,Climate,3696.07,7408.25,2024-09-25,0
SKU0112,2025-02-24,199,1474241.75,7408.25,0,0,Small Appliances,Climate,3696.07,7408.25,2024-09-25,0
SKU0112,2025-03-03,170,1259402.5,7408.25,0,0,Small Appliances,Climate,3696.07,7408.25,2024-09-25,0
SKU0112,2025-03-10,226,1674264.5,7408.25,0,0,Small Appliances,Climate,3696.07,7408.25,2024-09-25,0
SKU0112,2025-03-17,171,1266810.75,7408.25,0,0,Small Appliances,Climate,3696.07,7408.25,2024-09-25,0
SKU0112,2025-03-24,166,1229769.5,7408.25,0,0,Small Appliances,Climate,3696.07,7408.25,2024-09-25,0
SKU0112,2025-03-31,185,1370526.25,7408.25,0,0,Small Appliances,Climate,3696.07,7408.25,2024-09-25,0
SKU0112,2025-04-07,189,1400159.25,7408.25,0,0,Small Appliances,Climate,3696.07,7408.25,2024-09-25,0
SKU0112,2025-04-14,192,1422384.0,7408.25,0,0,Small Appliances,Climate,3696.07,7408.25,2024-09-25,0
SKU0112,2025-04-21,173,1281627.25,7408.25,0,0,Small Appliances,Climate,3696.07,7408.25,2024-09-25,0
SKU0112,2025-04-28,211,1563140.75,7408.25,0,0,Small Appliances,Climate,3696.07,7408.25,2024-09-25,0
SKU0112,2025-05-05,235,1740938.75,7408.25,0,0,Small Appliances,Climate,3696.07,7408.25,2024-09-25,0
SKU0112,2025-05-12,236,1748347.0,7408.25,0,0,Small Appliances,Climate,3696.07,7408.25,2024-09-25,0
SKU0112,2025-05-19,244,1807613.0,7408.25,0,0,Small Appliances,Climate,3696.07,7408.25,2024-09-25,0
SKU0112,2025-05-26,329,2369196.69,7300.127142857143,1,0,Small Appliances,Climate,3696.07,7408.25,2024-09-25,1
SKU0112,2025-06-02,463,3079592.92,6651.39,7,0,Small Appliances,Climate,3696.07,7408.25,2024-09-25,1
SKU0112,2025-06-09,363,2599128.2,7192.004285714285,2,0,Small Appliances,Climate,3696.07,7408.25,2024-09-25,1
SKU0112,2025-06-16,311,2303965.75,7408.25,0,0,Small Appliances,Climate,3696.07,7408.25,2024-09-25,0
SKU0112,2025-06-23,310,2296557.5,7408.25,0,0,Small Appliances,Climate,3696.07,7408.25,2024-09-25,0
SKU0112,2025-06-30,279,2066901.75,7408.25,0,0,Small Appliances,Climate,3696.07,7408.25,2024-09-25,0
SKU0112,2025-07-07,361,2674378.25,7408.25,0,0,Small Appliances,Climate,3696.07,7408.25,2024-09-25,0
SKU0112,2025-07-14,297,2200250.25,7408.25,0,0,Small Appliances,Climate,3696.07,7408.25,2024-09-25,0
SKU0112,2025-07-21,354,2622520.5,7408.25,0,0,Small Appliances,Climate,3696.07,7408.25,2024-09-25,0
SKU0112,2025-07-28,343,2541029.75,7408.25,0,0,Small Appliances,Climate,3696.07,7408.25,2024-09-25,0
SKU0112,2025-08-04,399,2955891.75,7408.25,0,0,Small Appliances,Climate,3696.07,7408.25,2024-09-25,0
SKU0112,2025-08-11,317,2348415.25,7408.25,0,1,Small Appliances,Climate,3696.07,7408.25,2024-09-25,0
SKU0112,2025-08-18,365,2704011.25,7408.25,0,0,Small Appliances,Climate,3696.07,7408.25,2024-09-25,0
SKU0112,2025-08-25,428,3170731.0,7408.25,0,0,Small Appliances,Climate,3696.07,7408.25,2024-09-25,0
SKU0113,2025-03-10,124,405746.6,3272.15,0,0,Decor,Wall Art,1360.64,3272.15,2025-03-13,0
SKU0113,2025-03-17,195,638069.25,3272.15,0,0,Decor,Wall Art,1360.64,3272.15,2025-03-13,0
SKU0113,2025-03-24,223,729689.45,3272.15,0,0,Decor,Wall Art,1360.64,3272.15,2025-03-13,0
SKU0113,2025-03-31,225,736233.75,3272.15,0,0,Decor,Wall Art,1360.64,3272.15,2025-03-13,0
SKU0113,2025-04-07,246,804948.9,3272.15,0,0,Decor,Wall Art,1360.64,3272.15,2025-03-13,0
SKU0113,2025-04-14,213,696967.9500000001,3272.15,0,0,Decor,Wall Art,1360.64,3272.15,2025-03-13,0
SKU0113,2025-04-21,256,837670.4,3272.15,0,0,Decor,Wall Art,1360.64,3272.15,2025-03-13,0
SKU0113,2025-04-28,209,683879.35,3272.15,0,0,Decor,Wall Art,1360.64,3272.15,2025-03-13,0
SKU0113,2025-05-05,210,687151.5,3272.15,0,0,Decor,Wall Art,1360.64,3272.15,2025-03-13,0
SKU0113,2025-05-12,200,654430.0,3272.15,0,0,Decor,Wall Art,1360.64,3272.15,2025-03-13,0
SKU0113,2025-05-19,216,706784.3999999999,3272.15,0,0,Decor,Wall Art,1360.64,3272.15,2025-03-13,0
SKU0113,2025-05-26,231,721735.03,3185.0800000000004,1,0,Decor,Wall Art,1360.64,3272.15,2025-03-13,1
SKU0113,2025-06-02,352,937255.2,2662.66,7,0,Decor,Wall Art,1360.64,3272.15,2025-03-13,1
SKU0113,2025-06-09,231,686384.43,3098.0099999999998,2,0,Decor,Wall Art,1360.64,3272.15,2025-03-13,1
SKU0113,2025-06-16,186,608619.9,3272.15,0,0,Decor,Wall Art,1360.64,3272.15,2025-03-13,0
SKU0113,2025-06-23,223,729689.45,3272.15,0,0,Decor,Wall Art,1360.64,3272.15,2025-03-13,0
SKU0113,2025-06-30,190,621708.5,3272.15,0,0,Decor,Wall Art,1360.64,3272.15,2025-03-13,0
SKU0113,2025-07-07,170,556265.5,3272.15,0,0,Decor,Wall Art,1360.64,3272.15,2025-03-13,0
SKU0113,2025-07-14,201,657702.15,3272.15,0,0,Decor,Wall Art,1360.64,3272.15,2025-03-13,0
SKU0113,2025-07-21,189,618436.3500000001,3272.15,0,0,Decor,Wall Art,1360.64,3272.15,2025-03-13,0
SKU0113,2025-07-28,201,657702.15,3272.15,0,0,Decor,Wall Art,1360.64,3272.15,2025-03-13,0
SKU0113,2025-08-04,174,569354.1,3272.15,0,0,Decor,Wall Art,1360.64,3272.15,2025-03-13,0
SKU0113,2025-08-11,193,631524.95,3272.15,0,1,Decor,Wall Art,1360.64,3272.15,2025-03-13,0
SKU0113,2025-08-18,145,474461.75,3272.15,0,0,Decor,Wall Art,1360.64,3272.15,2025-03-13,0
SKU0113,2025-08-25,127,415563.05,3272.15,0,0,Decor,Wall Art,1360.64,3272.15,2025-03-13,0
SKU0114,2023-10-09,12,59694.0,4974.5,0,0,Furniture,Tables,3391.67,4974.5,2023-10-10,0
SKU0114,2023-10-16,19,94515.5,4974.5,0,0,Furniture,Tables,3391.67,4974.5,2023-10-10,0
SKU0114,2023-10-23,18,89541.0,4974.5,0,0,Furniture,Tables,3391.67,4974.5,2023-10-10,0
SKU0114,2023-10-30,2,9949.0,4974.5,0,0,Furniture,Tables,3391.67,4974.5,2023-10-10,0
SKU0114,2023-11-06,21,104464.5,4974.5,0,0,Furniture,Tables,3391.67,4974.5,2023-10-10,0
SKU0114,2023-11-13,22,109439.0,4974.5,0,0,Furniture,Tables,3391.67,4974.5,2023-10-10,0
SKU0114,2023-11-20,35,135708.49,3877.39,7,0,Furniture,Tables,3391.67,4974.5,2023-10-10,1
SKU0114,2023-11-27,11,52525.270000000004,4817.7699999999995,1,0,Furniture,Tables,3391.67,4974.5,2023-10-10,1
SKU0114,2023-12-04,16,79592.0,4974.5,0,0,Furniture,Tables,3391.67,4974.5,2023-10-10,0
SKU0114,2023-12-11,9,44770.5,4974.5,0,0,Furniture,Tables,3391.67,4974.5,2023-10-10,0
SKU0114,2023-12-18,33,129050.83,4190.85,5,0,Furniture,Tables,3391.67,4974.5,2023-10-10,1
SKU0114,2023-12-25,34,131831.1,3877.39,7,1,Furniture,Tables,3391.67,4974.5,2023-10-10,1
SKU0114,2024-01-01,20,99490.0,4974.5,0,1,Furniture,Tables,3391.67,4974.5,2023-10-10,0
SKU0114,2024-01-08,8,39796.0,4974.5,0,0,Furniture,Tables,3391.67,4974.5,2023-10-10,0
SKU0114,2024-01-15,23,114413.5,4974.5,0,0,Furniture,Tables,3391.67,4974.5,2023-10-10,0
SKU0114,2024-01-22,25,124362.5,4974.5,0,0,Furniture,Tables,3391.67,4974.5,2023-10-10,0
SKU0114,2024-01-29,12,59694.0,4974.5,0,0,Furniture,Tables,3391.67,4974.5,2023-10-10,0
SKU0114,2024-02-05,21,104464.5,4974.5,0,0,Furniture,Tables,3391.67,4974.5,2023-10-10,0
SKU0114,2024-02-12,25,124362.5,4974.5,0,0,Furniture,Tables,3391.67,4974.5,2023-10-10,0
SKU0114,2024-02-19,17,84566.5,4974.5,0,0,Furniture,Tables,3391.67,4974.5,2023-10-10,0
SKU0114,2024-02-26,22,109439.0,4974.5,0,0,Furniture,Tables,3391.67,4974.5,2023-10-10,0
SKU0114,2024-03-04,11,54719.5,4974.5,0,0,Furniture,Tables,3391.67,4974.5,2023-10-10,0
SKU0114,2024-03-11,21,104464.5,4974.5,0,0,Furniture,Tables,3391.67,4974.5,2023-10-10,0
SKU0114,2024-03-18,13,64668.5,4974.5,0,0,Furniture,Tables,3391.67,4974.5,2023-10-10,0
SKU0114,2024-03-25,29,144260.5,4974.5,0,0,Furniture,Tables,3391.67,4974.5,2023-10-10,0
SKU0114,2024-04-01,16,79592.0,4974.5,0,0,Furniture,Tables,3391.67,4974.5,2023-10-10,0
SKU0114,2024-04-08,24,119388.0,4974.5,0,0,Furniture,Tables,3391.67,4974.5,2023-10-10,0
SKU0114,2024-04-15,24,119388.0,4974.5,0,0,Furniture,Tables,3391.67,4974.5,2023-10-10,0
SKU0114,2024-04-22,15,74617.5,4974.5,0,0,Furniture,Tables,3391.67,4974.5,2023-10-10,0
SKU0114,2024-04-29,13,64668.5,4974.5,0,0,Furniture,Tables,3391.67,4974.5,2023-10-10,0
SKU0114,2024-05-06,18,89541.0,4974.5,0,0,Furniture,Tables,3391.67,4974.5,2023-10-10,0
SKU0114,2024-05-13,18,89541.0,4974.5,0,0,Furniture,Tables,3391.67,4974.5,2023-10-10,0
SKU0114,2024-05-20,17,84566.5,4974.5,0,0,Furniture,Tables,3391.67,4974.5,2023-10-10,0
SKU0114,2024-05-27,38,169282.93,4661.04,2,0,Furniture,Tables,3391.67,4974.5,2023-10-10,1
SKU0114,2024-06-03,32,124076.34,3877.39,7,0,Furniture,Tables,3391.67,4974.5,2023-10-10,1
SKU0114,2024-06-10,13,61377.16,4817.7699999999995,1,0,Furniture,Tables,3391.67,4974.5,2023-10-10,1
SKU0114,2024-06-17,8,39796.0,4974.5,0,0,Furniture,Tables,3391.67,4974.5,2023-10-10,0
SKU0114,2024-06-24,12,59694.0,4974.5,0,0,Furniture,Tables,3391.67,4974.5,2023-10-10,0
SKU0114,2024-07-01,9,44770.5,4974.5,0,0,Furniture,Tables,3391.67,4974.5,2023-10-10,0
SKU0114,2024-07-08,9,44770.5,4974.5,0,0,Furniture,Tables,3391.67,4974.5,2023-10-10,0
SKU0114,2024-07-15,19,94515.5,4974.5,0,0,Furniture,Tables,3391.67,4974.5,2023-10-10,0
SKU0114,2024-07-22,9,44770.5,4974.5,0,0,Furniture,Tables,3391.67,4974.5,2023-10-10,0
SKU0114,2024-07-29,6,29847.0,4974.5,0,0,Furniture,Tables,3391.67,4974.5,2023-10-10,0
SKU0114,2024-08-05,13,64668.5,4974.5,0,0,Furniture,Tables,3391.67,4974.5,2023-10-10,0
SKU0114,2024-08-12,18,89541.0,4974.5,0,1,Furniture,Tables,3391.67,4974.5,2023-10-10,0
SKU0114,2024-08-19,11,54719.5,4974.5,0,0,Furniture,Tables,3391.67,4974.5,2023-10-10,0
SKU0114,2024-08-26,18,89541.0,4974.5,0,0,Furniture,Tables,3391.67,4974.5,2023-10-10,0
SKU0114,2024-09-02,16,79592.0,4974.5,0,0,Furniture,Tables,3391.67,4974.5,2023-10-10,0
SKU0114,2024-09-09,8,39796.0,4974.5,0,0,Furniture,Tables,3391.67,4974.5,2023-10-10,0
SKU0114,2024-09-16,10,49745.0,4974.5,0,0,Furniture,Tables,3391.67,4974.5,2023-10-10,0
SKU0114,2024-09-23,19,94515.5,4974.5,0,0,Furniture,Tables,3391.67,4974.5,2023-10-10,0
SKU0114,2024-09-30,16,79592.0,4974.5,0,1,Furniture,Tables,3391.67,4974.5,2023-10-10,0
SKU0114,2024-10-07,12,59694.0,4974.5,0,0,Furniture,Tables,3391.67,4974.5,2023-10-10,0
SKU0114,2024-10-14,3,14923.5,4974.5,0,0,Furniture,Tables,3391.67,4974.5,2023-10-10,0
SKU0114,2024-10-21,17,84566.5,4974.5,0,0,Furniture,Tables,3391.67,4974.5,2023-10-10,0
SKU0114,2024-10-28,13,64668.5,4974.5,0,0,Furniture,Tables,3391.67,4974.5,2023-10-10,0
SKU0114,2024-11-04,20,94004.44,4504.3099999999995,3,0,Furniture,Tables,3391.67,4974.5,2023-10-10,1
SKU0114,2024-11-11,15,63646.369999999995,4190.849999999999,5,0,Furniture,Tables,3391.67,4974.5,2023-10-10,1
SKU0114,2024-11-18,5,24872.5,4974.5,0,0,Furniture,Tables,3391.67,4974.5,2023-10-10,0
SKU0114,2024-11-25,12,59694.0,4974.5,0,0,Furniture,Tables,3391.67,4974.5,2023-10-10,0
SKU0114,2024-12-02,15,74617.5,4974.5,0,0,Furniture,Tables,3391.67,4974.5,2023-10-10,0
SKU0114,2024-12-09,11,54719.5,4974.5,0,0,Furniture,Tables,3391.67,4974.5,2023-10-10,0
SKU0114,2024-12-16,14,61963.2,4504.3099999999995,3,0,Furniture,Tables,3391.67,4974.5,2023-10-10,1
SKU0114,2024-12-23,44,170604.96,3877.39,7,1,Furniture,Tables,3391.67,4974.5,2023-10-10,1
SKU0114,2024-12-30,20,86324.63,4661.04,2,1,Furniture,Tables,3391.67,4974.5,2023-10-10,1
SKU0114,2025-01-06,12,59694.0,4974.5,0,0,Furniture,Tables,3391.67,4974.5,2023-10-10,0
SKU0114,2025-01-13,23,114413.5,4974.5,0,0,Furniture,Tables,3391.67,4974.5,2023-10-10,0
SKU0114,2025-01-20,12,59694.0,4974.5,0,0,Furniture,Tables,3391.67,4974.5,2023-10-10,0
SKU0114,2025-01-27,15,74617.5,4974.5,0,0,Furniture,Tables,3391.67,4974.5,2023-10-10,0
SKU0114,2025-02-03,20,99490.0,4974.5,0,0,Furniture,Tables,3391.67,4974.5,2023-10-10,0
SKU0114,2025-02-10,16,79592.0,4974.5,0,0,Furniture,Tables,3391.67,4974.5,2023-10-10,0
SKU0114,2025-02-17,11,54719.5,4974.5,0,0,Furniture,Tables,3391.67,4974.5,2023-10-10,0
SKU0114,2025-02-24,15,74617.5,4974.5,0,0,Furniture,Tables,3391.67,4974.5,2023-10-10,0
SKU0114,2025-03-03,16,79592.0,4974.5,0,0,Furniture,Tables,3391.67,4974.5,2023-10-10,0
SKU0114,2025-03-10,15,74617.5,4974.5,0,0,Furniture,Tables,3391.67,4974.5,2023-10-10,0
SKU0114,2025-03-17,24,119388.0,4974.5,0,0,Furniture,Tables,3391.67,4974.5,2023-10-10,0
SKU0114,2025-03-24,19,94515.5,4974.5,0,0,Furniture,Tables,3391.67,4974.5,2023-10-10,0
SKU0114,2025-03-31,35,174107.5,4974.5,0,0,Furniture,Tables,3391.67,4974.5,2023-10-10,0
SKU0114,2025-04-07,27,134311.5,4974.5,0,0,Furniture,Tables,3391.67,4974.5,2023-10-10,0
SKU0114,2025-04-14,17,84566.5,4974.5,0,0,Furniture,Tables,3391.67,4974.5,2023-10-10,0
SKU0114,2025-04-21,14,69643.0,4974.5,0,0,Furniture,Tables,3391.67,4974.5,2023-10-10,0
SKU0114,2025-04-28,18,89541.0,4974.5,0,0,Furniture,Tables,3391.67,4974.5,2023-10-10,0
SKU0114,2025-05-05,18,89541.0,4974.5,0,0,Furniture,Tables,3391.67,4974.5,2023-10-10,0
SKU0114,2025-05-12,7,34821.5,4974.5,0,0,Furniture,Tables,3391.67,4974.5,2023-10-10,0
SKU0114,2025-05-19,13,64668.5,4974.5,0,0,Furniture,Tables,3391.67,4974.5,2023-10-10,0
SKU0114,2025-05-26,12,57499.770000000004,4817.7699999999995,1,0,Furniture,Tables,3391.67,4974.5,2023-10-10,1
SKU0114,2025-06-02,21,81425.1,3877.39,7,0,Furniture,Tables,3391.67,4974.5,2023-10-10,1
SKU0114,2025-06-09,26,120560.08,4661.04,2,0,Furniture,Tables,3391.67,4974.5,2023-10-10,1
SKU0114,2025-06-16,7,34821.5,4974.5,0,0,Furniture,Tables,3391.67,4974.5,2023-10-10,0
SKU0114,2025-06-23,20,99490.0,4974.5,0,0,Furniture,Tables,3391.67,4974.5,2023-10-10,0
SKU0114,2025-06-30,9,44770.5,4974.5,0,0,Furniture,Tables,3391.67,4974.5,2023-10-10,0
SKU0114,2025-07-07,14,69643.0,4974.5,0,0,Furniture,Tables,3391.67,4974.5,2023-10-10,0
SKU0114,2025-07-14,17,84566.5,4974.5,0,0,Furniture,Tables,3391.67,4974.5,2023-10-10,0
SKU0114,2025-07-21,10,49745.0,4974.5,0,0,Furniture,Tables,3391.67,4974.5,2023-10-10,0
SKU0114,2025-07-28,2,9949.0,4974.5,0,0,Furniture,Tables,3391.67,4974.5,2023-10-10,0
SKU0114,2025-08-04,6,29847.0,4974.5,0,0,Furniture,Tables,3391.67,4974.5,2023-10-10,0
SKU0114,2025-08-11,5,24872.5,4974.5,0,1,Furniture,Tables,3391.67,4974.5,2023-10-10,0
SKU0114,2025-08-18,14,69643.0,4974.5,0,0,Furniture,Tables,3391.67,4974.5,2023-10-10,0
SKU0114,2025-08-25,6,29847.0,4974.5,0,0,Furniture,Tables,3391.67,4974.5,2023-10-10,0
SKU0115,2024-04-15,42,60892.44,1449.82,0,0,Furniture,Tables,816.03,1449.82,2024-04-21,0
SKU0115,2024-04-22,281,407399.42,1449.82,0,0,Furniture,Tables,816.03,1449.82,2024-04-21,0
SKU0115,2024-04-29,283,410299.06,1449.82,0,0,Furniture,Tables,816.03,1449.82,2024-04-21,0
SKU0115,2024-05-06,281,407399.42,1449.82,0,0,Furniture,Tables,816.03,1449.82,2024-04-21,0
SKU0115,2024-05-13,298,432046.36,1449.82,0,0,Furniture,Tables,816.03,1449.82,2024-04-21,0
SKU0115,2024-05-20,282,408849.24,1449.82,0,0,Furniture,Tables,816.03,1449.82,2024-04-21,0
SKU0115,2024-05-27,280,389893.27,1401.0171428571427,2,0,Furniture,Tables,816.03,1449.82,2024-04-21,1
SKU0115,2024-06-03,623,796821.95,1279.01,7,0,Furniture,Tables,816.03,1449.82,2024-04-21,1
SKU0115,2024-06-10,324,459663.77,1425.4185714285716,1,0,Furniture,Tables,816.03,1449.82,2024-04-21,1
SKU0115,2024-06-17,262,379852.84,1449.82,0,0,Furniture,Tables,816.03,1449.82,2024-04-21,0
SKU0115,2024-06-24,265,384202.3,1449.82,0,0,Furniture,Tables,816.03,1449.82,2024-04-21,0
SKU0115,2024-07-01,232,336358.24,1449.82,0,0,Furniture,Tables,816.03,1449.82,2024-04-21,0
SKU0115,2024-07-08,187,271116.33999999997,1449.82,0,0,Furniture,Tables,816.03,1449.82,2024-04-21,0
SKU0115,2024-07-15,249,361005.18,1449.82,0,0,Furniture,Tables,816.03,1449.82,2024-04-21,0
SKU0115,2024-07-22,257,372603.74,1449.82,0,0,Furniture,Tables,816.03,1449.82,2024-04-21,0
SKU0115,2024-07-29,228,330558.95999999996,1449.82,0,0,Furniture,Tables,816.03,1449.82,2024-04-21,0
SKU0115,2024-08-05,229,332008.78,1449.82,0,0,Furniture,Tables,816.03,1449.82,2024-04-21,0
SKU0115,2024-08-12,220,318960.4,1449.82,0,1,Furniture,Tables,816.03,1449.82,2024-04-21,0
SKU0115,2024-08-19,192,278365.44,1449.82,0,0,Furniture,Tables,816.03,1449.82,2024-04-21,0
SKU0115,2024-08-26,169,245019.58,1449.82,0,0,Furniture,Tables,816.03,1449.82,2024-04-21,0
SKU0115,2024-09-02,175,253718.5,1449.82,0,0,Furniture,Tables,816.03,1449.82,2024-04-21,0
SKU0115,2024-09-09,166,240670.12,1449.82,0,0,Furniture,Tables,816.03,1449.82,2024-04-21,0
SKU0115,2024-09-16,164,237770.47999999998,1449.82,0,0,Furniture,Tables,816.03,1449.82,2024-04-21,0
SKU0115,2024-09-23,151,218922.82,1449.82,0,0,Furniture,Tables,816.03,1449.82,2024-04-21,0
SKU0115,2024-09-30,140,202974.8,1449.82,0,1,Furniture,Tables,816.03,1449.82,2024-04-21,0
SKU0115,2024-10-07,184,266766.88,1449.82,0,0,Furniture,Tables,816.03,1449.82,2024-04-21,0
SKU0115,2024-10-14,133,192826.06,1449.82,0,0,Furniture,Tables,816.03,1449.82,2024-04-21,0
SKU0115,2024-10-21,154,223272.28,1449.82,0,0,Furniture,Tables,816.03,1449.82,2024-04-21,0
SKU0115,2024-10-28,140,202974.8,1449.82,0,0,Furniture,Tables,816.03,1449.82,2024-04-21,0
SKU0115,2024-11-04,237,317302.28,1376.6157142857141,3,0,Furniture,Tables,816.03,1449.82,2024-04-21,1
SKU0115,2024-11-11,190,248989.93,1327.8128571428572,5,0,Furniture,Tables,816.03,1449.82,2024-04-21,1
SKU0115,2024-11-18,172,249369.03999999998,1449.82,0,0,Furniture,Tables,816.03,1449.82,2024-04-21,0
SKU0115,2024-11-25,169,245019.58000000002,1449.82,0,0,Furniture,Tables,816.03,1449.82,2024-04-21,0
SKU0115,2024-12-02,144,208774.08,1449.82,0,0,Furniture,Tables,816.03,1449.82,2024-04-21,0
SKU0115,2024-12-09,167,242119.94,1449.82,0,0,Furniture,Tables,816.03,1449.82,2024-04-21,0
SKU0115,2024-12-16,214,288909.97,1376.6157142857141,3,0,Furniture,Tables,816.03,1449.82,2024-04-21,1
SKU0115,2024-12-23,294,376028.35,1279.01,7,1,Furniture,Tables,816.03,1449.82,2024-04-21,1
SKU0115,2024-12-30,174,240824.27,1401.0171428571427,2,1,Furniture,Tables,816.03,1449.82,2024-04-21,1
SKU0115,2025-01-06,163,236320.66,1449.82,0,0,Furniture,Tables,816.03,1449.82,2024-04-21,0
SKU0115,2025-01-13,180,260967.6,1449.82,0,0,Furniture,Tables,816.03,1449.82,2024-04-21,0
SKU0115,2025-01-20,183,265317.06,1449.82,0,0,Furniture,Tables,816.03,1449.82,2024-04-21,0
SKU0115,2025-01-27,172,249369.03999999998,1449.82,0,0,Furniture,Tables,816.03,1449.82,2024-04-21,0
SKU0115,2025-02-03,218,316060.76,1449.82,0,0,Furniture,Tables,816.03,1449.82,2024-04-21,0
SKU0115,2025-02-10,173,250818.86,1449.82,0,0,Furniture,Tables,816.03,1449.82,2024-04-21,0
SKU0115,2025-02-17,217,314610.94,1449.82,0,0,Furniture,Tables,816.03,1449.82,2024-04-21,0
SKU0115,2025-02-24,248,359555.36,1449.82,0,0,Furniture,Tables,816.03,1449.82,2024-04-21,0
SKU0115,2025-03-03,236,342157.52,1449.82,0,0,Furniture,Tables,816.03,1449.82,2024-04-21,0
SKU0115,2025-03-10,285,413198.7,1449.82,0,0,Furniture,Tables,816.03,1449.82,2024-04-21,0
SKU0115,2025-03-17,238,345057.16,1449.82,0,0,Furniture,Tables,816.03,1449.82,2024-04-21,0
SKU0115,2025-03-24,233,337808.06,1449.82,0,0,Furniture,Tables,816.03,1449.82,2024-04-21,0
SKU0115,2025-03-31,260,376953.2,1449.82,0,0,Furniture,Tables,816.03,1449.82,2024-04-21,0
SKU0115,2025-04-07,234,339257.88,1449.82,0,0,Furniture,Tables,816.03,1449.82,2024-04-21,0
SKU0115,2025-04-14,214,310261.48,1449.82,0,0,Furniture,Tables,816.03,1449.82,2024-04-21,0
SKU0115,2025-04-21,229,332008.78,1449.82,0,0,Furniture,Tables,816.03,1449.82,2024-04-21,0
SKU0115,2025-04-28,264,382752.48,1449.82,0,0,Furniture,Tables,816.03,1449.82,2024-04-21,0
SKU0115,2025-05-05,280,405949.6,1449.82,0,0,Furniture,Tables,816.03,1449.82,2024-04-21,0
SKU0115,2025-05-12,281,407399.42,1449.82,0,0,Furniture,Tables,816.03,1449.82,2024-04-21,0
SKU0115,2025-05-19,256,371153.92,1449.82,0,0,Furniture,Tables,816.03,1449.82,2024-04-21,0
SKU0115,2025-05-26,298,417698.15,1425.4185714285716,1,0,Furniture,Tables,816.03,1449.82,2024-04-21,1
SKU0115,2025-06-02,400,511603.18,1279.01,7,0,Furniture,Tables,816.03,1449.82,2024-04-21,1
SKU0115,2025-06-09,291,403108.29000000004,1401.0171428571427,2,0,Furniture,Tables,816.03,1449.82,2024-04-21,1
SKU0115,2025-06-16,245,355205.9,1449.82,0,0,Furniture,Tables,816.03,1449.82,2024-04-21,0
SKU0115,2025-06-23,239,346506.98,1449.82,0,0,Furniture,Tables,816.03,1449.82,2024-04-21,0
SKU0115,2025-06-30,255,369704.1,1449.82,0,0,Furniture,Tables,816.03,1449.82,2024-04-21,0
SKU0115,2025-07-07,203,294313.46,1449.82,0,0,Furniture,Tables,816.03,1449.82,2024-04-21,0
SKU0115,2025-07-14,258,374053.56,1449.82,0,0,Furniture,Tables,816.03,1449.82,2024-04-21,0
SKU0115,2025-07-21,165,239220.3,1449.82,0,0,Furniture,Tables,816.03,1449.82,2024-04-21,0
SKU0115,2025-07-28,196,284164.72,1449.82,0,0,Furniture,Tables,816.03,1449.82,2024-04-21,0
SKU0115,2025-08-04,217,314610.94,1449.82,0,0,Furniture,Tables,816.03,1449.82,2024-04-21,0
SKU0115,2025-08-11,183,265317.06,1449.82,0,1,Furniture,Tables,816.03,1449.82,2024-04-21,0
SKU0115,2025-08-18,198,287064.36,1449.82,0,0,Furniture,Tables,816.03,1449.82,2024-04-21,0
SKU0115,2025-08-25,162,234870.84,1449.82,0,0,Furniture,Tables,816.03,1449.82,2024-04-21,0
SKU0116,2024-07-01,331,2107453.83,6366.93,0,0,Furniture,Storage,3447.71,6366.93,2024-07-02,0
SKU0116,2024-07-08,294,1871877.42,6366.93,0,0,Furniture,Storage,3447.71,6366.93,2024-07-02,0
SKU0116,2024-07-15,248,1578998.6400000001,6366.93,0,0,Furniture,Storage,3447.71,6366.93,2024-07-02,0
SKU0116,2024-07-22,219,1394357.67,6366.93,0,0,Furniture,Storage,3447.71,6366.93,2024-07-02,0
SKU0116,2024-07-29,255,1623567.15,6366.93,0,0,Furniture,Storage,3447.71,6366.93,2024-07-02,0
SKU0116,2024-08-05,295,1878244.35,6366.93,0,0,Furniture,Storage,3447.71,6366.93,2024-07-02,0
SKU0116,2024-08-12,251,1598099.43,6366.93,0,1,Furniture,Storage,3447.71,6366.93,2024-07-02,0
SKU0116,2024-08-19,249,1585365.57,6366.93,0,0,Furniture,Storage,3447.71,6366.93,2024-07-02,0
SKU0116,2024-08-26,345,2196590.85,6366.93,0,0,Furniture,Storage,3447.71,6366.93,2024-07-02,0
SKU0116,2024-09-02,305,1941913.65,6366.93,0,0,Furniture,Storage,3447.71,6366.93,2024-07-02,0
SKU0116,2024-09-09,295,1878244.35,6366.93,0,0,Furniture,Storage,3447.71,6366.93,2024-07-02,0
SKU0116,2024-09-16,314,1999216.02,6366.93,0,0,Furniture,Storage,3447.71,6366.93,2024-07-02,0
SKU0116,2024-09-23,257,1636301.01,6366.93,0,0,Furniture,Storage,3447.71,6366.93,2024-07-02,0
SKU0116,2024-09-30,270,1719071.1,6366.93,0,1,Furniture,Storage,3447.71,6366.93,2024-07-02,0
SKU0116,2024-10-07,429,2731412.97,6366.93,0,0,Furniture,Storage,3447.71,6366.93,2024-07-02,0
SKU0116,2024-10-14,342,2177490.06,6366.93,0,0,Furniture,Storage,3447.71,6366.93,2024-07-02,0
SKU0116,2024-10-21,318,2024683.74,6366.93,0,0,Furniture,Storage,3447.71,6366.93,2024-07-02,0
SKU0116,2024-10-28,268,1706337.24,6366.93,0,0,Furniture,Storage,3447.71,6366.93,2024-07-02,0
SKU0116,2024-11-04,686,3817722.31,5798.952857142857,3,0,Furniture,Storage,3447.71,6366.93,2024-07-02,1
SKU0116,2024-11-11,601,3140029.3000000003,5420.301428571429,5,0,Furniture,Storage,3447.71,6366.93,2024-07-02,1
SKU0116,2024-11-18,297,1890978.21,6366.93,0,0,Furniture,Storage,3447.71,6366.93,2024-07-02,0
SKU0116,2024-11-25,353,2247526.29,6366.93,0,0,Furniture,Storage,3447.71,6366.93,2024-07-02,0
SKU0116,2024-12-02,424,2699578.32,6366.93,0,0,Furniture,Storage,3447.71,6366.93,2024-07-02,0
SKU0116,2024-12-09,308,1961014.44,6366.93,0,0,Furniture,Storage,3447.71,6366.93,2024-07-02,0
SKU0116,2024-12-16,359,2040550.86,5798.952857142857,3,0,Furniture,Storage,3447.71,6366.93,2024-07-02,1
SKU0116,2024-12-23,554,2793073.46,5041.65,7,1,Furniture,Storage,3447.71,6366.93,2024-07-02,1
SKU0116,2024-12-30,338,1981061.08,5988.278571428571,2,1,Furniture,Storage,3447.71,6366.93,2024-07-02,1
SKU0116,2025-01-06,367,2336663.31,6366.93,0,0,Furniture,Storage,3447.71,6366.93,2024-07-02,0
SKU0116,2025-01-13,216,1375256.88,6366.93,0,0,Furniture,Storage,3447.71,6366.93,2024-07-02,0
SKU0116,2025-01-20,260,1655401.8,6366.93,0,0,Furniture,Storage,3447.71,6366.93,2024-07-02,0
SKU0116,2025-01-27,209,1330688.37,6366.93,0,0,Furniture,Storage,3447.71,6366.93,2024-07-02,0
SKU0116,2025-02-03,245,1559897.85,6366.93,0,0,Furniture,Storage,3447.71,6366.93,2024-07-02,0
SKU0116,2025-02-10,249,1585365.57,6366.93,0,0,Furniture,Storage,3447.71,6366.93,2024-07-02,0
SKU0116,2025-02-17,293,1865510.49,6366.93,0,0,Furniture,Storage,3447.71,6366.93,2024-07-02,0
SKU0116,2025-02-24,274,1744538.82,6366.93,0,0,Furniture,Storage,3447.71,6366.93,2024-07-02,0
SKU0116,2025-03-03,252,1604466.36,6366.93,0,0,Furniture,Storage,3447.71,6366.93,2024-07-02,0
SKU0116,2025-03-10,228,1451660.04,6366.93,0,0,Furniture,Storage,3447.71,6366.93,2024-07-02,0
SKU0116,2025-03-17,159,1012341.87,6366.93,0,0,Furniture,Storage,3447.71,6366.93,2024-07-02,0
SKU0116,2025-03-24,232,1477127.76,6366.93,0,0,Furniture,Storage,3447.71,6366.93,2024-07-02,0
SKU0116,2025-03-31,167,1063277.31,6366.93,0,0,Furniture,Storage,3447.71,6366.93,2024-07-02,0
SKU0116,2025-04-07,196,1247918.28,6366.93,0,0,Furniture,Storage,3447.71,6366.93,2024-07-02,0
SKU0116,2025-04-14,212,1349789.16,6366.93,0,0,Furniture,Storage,3447.71,6366.93,2024-07-02,0
SKU0116,2025-04-21,190,1209716.7,6366.93,0,0,Furniture,Storage,3447.71,6366.93,2024-07-02,0
SKU0116,2025-04-28,224,1426192.32,6366.93,0,0,Furniture,Storage,3447.71,6366.93,2024-07-02,0
SKU0116,2025-05-05,217,1381623.81,6366.93,0,0,Furniture,Storage,3447.71,6366.93,2024-07-02,0
SKU0116,2025-05-12,188,1196982.8399999999,6366.93,0,0,Furniture,Storage,3447.71,6366.93,2024-07-02,0
SKU0116,2025-05-19,251,1598099.43,6366.93,0,0,Furniture,Storage,3447.71,6366.93,2024-07-02,0
SKU0116,2025-05-26,292,1776976.13,6177.604285714287,1,0,Furniture,Storage,3447.71,6366.93,2024-07-02,1
SKU0116,2025-06-02,479,2414949.8200000003,5041.65,7,0,Furniture,Storage,3447.71,6366.93,2024-07-02,1
SKU0116,2025-06-09,255,1502966.57,5988.278571428571,2,0,Furniture,Storage,3447.71,6366.93,2024-07-02,1
SKU0116,2025-06-16,193,1228817.49,6366.93,0,0,Furniture,Storage,3447.71,6366.93,2024-07-02,0
SKU0116,2025-06-23,302,1922812.8599999999,6366.93,0,0,Furniture,Storage,3447.71,6366.93,2024-07-02,0
SKU0116,2025-06-30,235,1496228.5499999998,6366.93,0,0,Furniture,Storage,3447.71,6366.93,2024-07-02,0
SKU0116,2025-07-07,287,1827308.9100000001,6366.93,0,0,Furniture,Storage,3447.71,6366.93,2024-07-02,0
SKU0116,2025-07-14,259,1649034.87,6366.93,0,0,Furniture,Storage,3447.71,6366.93,2024-07-02,0
SKU0116,2025-07-21,315,2005582.95,6366.93,0,0,Furniture,Storage,3447.71,6366.93,2024-07-02,0
SKU0116,2025-07-28,194,1235184.42,6366.93,0,0,Furniture,Storage,3447.71,6366.93,2024-07-02,0
SKU0116,2025-08-04,351,2234792.4299999997,6366.93,0,0,Furniture,Storage,3447.71,6366.93,2024-07-02,0
SKU0116,2025-08-11,364,2317562.52,6366.93,0,1,Furniture,Storage,3447.71,6366.93,2024-07-02,0
SKU0116,2025-08-18,292,1859143.56,6366.93,0,0,Furniture,Storage,3447.71,6366.93,2024-07-02,0
SKU0116,2025-08-25,278,1770006.54,6366.93,0,0,Furniture,Storage,3447.71,6366.93,2024-07-02,0
SKU0117,2024-10-21,66,74083.68,1122.48,0,0,Furniture,Chairs,610.74,1122.48,2024-10-25,0
SKU0117,2024-10-28,237,266027.76,1122.48,0,0,Furniture,Chairs,610.74,1122.48,2024-10-25,0
SKU0117,2024-11-04,291,296072.23,1036.8514285714286,3,0,Furniture,Chairs,610.74,1122.48,2024-10-25,1
SKU0117,2024-11-11,396,375371.17000000004,979.7657142857142,5,0,Furniture,Chairs,610.74,1122.48,2024-10-25,1
SKU0117,2024-11-18,294,330009.12,1122.48,0,0,Furniture,Chairs,610.74,1122.48,2024-10-25,0
SKU0117,2024-11-25,210,235720.8,1122.48,0,0,Furniture,Chairs,610.74,1122.48,2024-10-25,0
SKU0117,2024-12-02,294,330009.12,1122.48,0,0,Furniture,Chairs,610.74,1122.48,2024-10-25,0
SKU0117,2024-12-09,259,290722.32,1122.48,0,0,Furniture,Chairs,610.74,1122.48,2024-10-25,0
SKU0117,2024-12-16,368,374710.99,1036.8514285714286,3,0,Furniture,Chairs,610.74,1122.48,2024-10-25,1
SKU0117,2024-12-23,605,558221.23,922.68,7,1,Furniture,Chairs,610.74,1122.48,2024-10-25,1
SKU0117,2024-12-30,293,308706.8,1065.3942857142858,2,1,Furniture,Chairs,610.74,1122.48,2024-10-25,1
SKU0117,2025-01-06,279,313171.92,1122.48,0,0,Furniture,Chairs,610.74,1122.48,2024-10-25,0
SKU0117,2025-01-13,227,254802.96000000002,1122.48,0,0,Furniture,Chairs,610.74,1122.48,2024-10-25,0
SKU0117,2025-01-20,280,314294.4,1122.48,0,0,Furniture,Chairs,610.74,1122.48,2024-10-25,0
SKU0117,2025-01-27,348,390623.04,1122.48,0,0,Furniture,Chairs,610.74,1122.48,2024-10-25,0
SKU0117,2025-02-03,265,297457.2,1122.48,0,0,Furniture,Chairs,610.74,1122.48,2024-10-25,0
SKU0117,2025-02-10,301,337866.48,1122.48,0,0,Furniture,Chairs,610.74,1122.48,2024-10-25,0
SKU0117,2025-02-17,242,271640.16,1122.48,0,0,Furniture,Chairs,610.74,1122.48,2024-10-25,0
SKU0117,2025-02-24,294,330009.12,1122.48,0,0,Furniture,Chairs,610.74,1122.48,2024-10-25,0
SKU0117,2025-03-03,344,386133.12,1122.48,0,0,Furniture,Chairs,610.74,1122.48,2024-10-25,0
SKU0117,2025-03-10,318,356948.64,1122.48,0,0,Furniture,Chairs,610.74,1122.48,2024-10-25,0
SKU0117,2025-03-17,363,407460.24,1122.48,0,0,Furniture,Chairs,610.74,1122.48,2024-10-25,0
SKU0117,2025-03-24,317,355826.16,1122.48,0,0,Furniture,Chairs,610.74,1122.48,2024-10-25,0
SKU0117,2025-03-31,343,385010.64,1122.48,0,0,Furniture,Chairs,610.74,1122.48,2024-10-25,0
SKU0117,2025-04-07,327,367050.96,1122.48,0,0,Furniture,Chairs,610.74,1122.48,2024-10-25,0
SKU0117,2025-04-14,318,356948.64,1122.48,0,0,Furniture,Chairs,610.74,1122.48,2024-10-25,0
SKU0117,2025-04-21,296,332254.08,1122.48,0,0,Furniture,Chairs,610.74,1122.48,2024-10-25,0
SKU0117,2025-04-28,381,427664.88,1122.48,0,0,Furniture,Chairs,610.74,1122.48,2024-10-25,0
SKU0117,2025-05-05,274,307559.52,1122.48,0,0,Furniture,Chairs,610.74,1122.48,2024-10-25,0
SKU0117,2025-05-12,371,416440.08,1122.48,0,0,Furniture,Chairs,610.74,1122.48,2024-10-25,0
SKU0117,2025-05-19,335,376030.8,1122.48,0,0,Furniture,Chairs,610.74,1122.48,2024-10-25,0
SKU0117,2025-05-26,353,379851.82,1093.9371428571428,1,0,Furniture,Chairs,610.74,1122.48,2024-10-25,1
SKU0117,2025-06-02,688,634803.64,922.68,7,0,Furniture,Chairs,610.74,1122.48,2024-10-25,1
SKU0117,2025-06-09,344,354364.87,1065.3942857142858,2,0,Furniture,Chairs,610.74,1122.48,2024-10-25,1
SKU0117,2025-06-16,316,354703.68,1122.48,0,0,Furniture,Chairs,610.74,1122.48,2024-10-25,0
SKU0117,2025-06-23,336,377153.27999999997,1122.48,0,0,Furniture,Chairs,610.74,1122.48,2024-10-25,0
SKU0117,2025-06-30,267,299702.16,1122.48,0,0,Furniture,Chairs,610.74,1122.48,2024-10-25,0
SKU0117,2025-07-07,373,418685.04,1122.48,0,0,Furniture,Chairs,610.74,1122.48,2024-10-25,0
SKU0117,2025-07-14,314,352458.72000000003,1122.48,0,0,Furniture,Chairs,610.74,1122.48,2024-10-25,0
SKU0117,2025-07-21,397,445624.56,1122.48,0,0,Furniture,Chairs,610.74,1122.48,2024-10-25,0
SKU0117,2025-07-28,326,365928.48,1122.48,0,0,Furniture,Chairs,610.74,1122.48,2024-10-25,0
SKU0117,2025-08-04,297,333376.56,1122.48,0,0,Furniture,Chairs,610.74,1122.48,2024-10-25,0
SKU0117,2025-08-11,328,368173.44,1122.48,0,1,Furniture,Chairs,610.74,1122.48,2024-10-25,0
SKU0117,2025-08-18,309,346846.32,1122.48,0,0,Furniture,Chairs,610.74,1122.48,2024-10-25,0
SKU0117,2025-08-25,256,287354.88,1122.48,0,0,Furniture,Chairs,610.74,1122.48,2024-10-25,0
SKU0118,2024-07-08,29,86935.91,2997.79,0,0,Textiles,Throws,1347.2,2997.79,2024-07-11,0
SKU0118,2024-07-15,61,182865.19,2997.79,0,0,Textiles,Throws,1347.2,2997.79,2024-07-11,0
SKU0118,2024-07-22,70,209845.3,2997.79,0,0,Textiles,Throws,1347.2,2997.79,2024-07-11,0
SKU0118,2024-07-29,73,218838.67,2997.79,0,0,Textiles,Throws,1347.2,2997.79,2024-07-11,0
SKU0118,2024-08-05,63,188860.77,2997.79,0,0,Textiles,Throws,1347.2,2997.79,2024-07-11,0
SKU0118,2024-08-12,80,239823.2,2997.79,0,1,Textiles,Throws,1347.2,2997.79,2024-07-11,0
SKU0118,2024-08-19,59,176869.61000000002,2997.79,0,0,Textiles,Throws,1347.2,2997.79,2024-07-11,0
SKU0118,2024-08-26,58,173871.82,2997.79,0,0,Textiles,Throws,1347.2,2997.79,2024-07-11,0
SKU0118,2024-09-02,54,161880.66,2997.79,0,0,Textiles,Throws,1347.2,2997.79,2024-07-11,0
SKU0118,2024-09-09,52,155885.08,2997.79,0,0,Textiles,Throws,1347.2,2997.79,2024-07-11,0
SKU0118,2024-09-16,55,164878.45,2997.79,0,0,Textiles,Throws,1347.2,2997.79,2024-07-11,0
SKU0118,2024-09-23,50,149889.5,2997.79,0,0,Textiles,Throws,1347.2,2997.79,2024-07-11,0
SKU0118,2024-09-30,60,179867.4,2997.79,0,1,Textiles,Throws,1347.2,2997.79,2024-07-11,0
SKU0118,2024-10-07,71,212843.09,2997.79,0,0,Textiles,Throws,1347.2,2997.79,2024-07-11,0
SKU0118,2024-10-14,65,194856.35,2997.79,0,0,Textiles,Throws,1347.2,2997.79,2024-07-11,0
SKU0118,2024-10-21,84,251814.36000000002,2997.79,0,0,Textiles,Throws,1347.2,2997.79,2024-07-11,0
SKU0118,2024-10-28,59,176869.61,2997.79,0,0,Textiles,Throws,1347.2,2997.79,2024-07-11,0
SKU0118,2024-11-04,61,171752.66,2833.565714285714,3,0,Textiles,Throws,1347.2,2997.79,2024-07-11,1
SKU0118,2024-11-11,93,249671.97,2724.082857142857,5,0,Textiles,Throws,1347.2,2997.79,2024-07-11,1
SKU0118,2024-11-18,52,155885.08000000002,2997.79,0,0,Textiles,Throws,1347.2,2997.79,2024-07-11,0
SKU0118,2024-11-25,62,185862.98,2997.79,0,0,Textiles,Throws,1347.2,2997.79,2024-07-11,0
SKU0118,2024-12-02,55,164878.45,2997.79,0,0,Textiles,Throws,1347.2,2997.79,2024-07-11,0
SKU0118,2024-12-09,61,182865.19,2997.79,0,0,Textiles,Throws,1347.2,2997.79,2024-07-11,0
SKU0118,2024-12-16,84,237253.11,2833.565714285714,3,0,Textiles,Throws,1347.2,2997.79,2024-07-11,1
SKU0118,2024-12-23,138,360814.7,2614.6,7,1,Textiles,Throws,1347.2,2997.79,2024-07-11,1
SKU0118,2024-12-30,81,226343.79,2888.307142857143,2,1,Textiles,Throws,1347.2,2997.79,2024-07-11,1
SKU0118,2025-01-06,62,185862.98,2997.79,0,0,Textiles,Throws,1347.2,2997.79,2024-07-11,0
SKU0118,2025-01-13,77,230829.83000000002,2997.79,0,0,Textiles,Throws,1347.2,2997.79,2024-07-11,0
SKU0118,2025-01-20,77,230829.83,2997.79,0,0,Textiles,Throws,1347.2,2997.79,2024-07-11,0
SKU0118,2025-01-27,63,188860.77,2997.79,0,0,Textiles,Throws,1347.2,2997.79,2024-07-11,0
SKU0118,2025-02-03,78,233827.62,2997.79,0,0,Textiles,Throws,1347.2,2997.79,2024-07-11,0
SKU0118,2025-02-10,89,266803.31,2997.79,0,0,Textiles,Throws,1347.2,2997.79,2024-07-11,0
SKU0118,2025-02-17,70,209845.3,2997.79,0,0,Textiles,Throws,1347.2,2997.79,2024-07-11,0
SKU0118,2025-02-24,70,209845.3,2997.79,0,0,Textiles,Throws,1347.2,2997.79,2024-07-11,0
SKU0118,2025-03-03,66,197854.14,2997.79,0,0,Textiles,Throws,1347.2,2997.79,2024-07-11,0
SKU0118,2025-03-10,101,302776.79,2997.79,0,0,Textiles,Throws,1347.2,2997.79,2024-07-11,0
SKU0118,2025-03-17,58,173871.82,2997.79,0,0,Textiles,Throws,1347.2,2997.79,2024-07-11,0
SKU0118,2025-03-24,78,233827.62,2997.79,0,0,Textiles,Throws,1347.2,2997.79,2024-07-11,0
SKU0118,2025-03-31,78,233827.62,2997.79,0,0,Textiles,Throws,1347.2,2997.79,2024-07-11,0
SKU0118,2025-04-07,66,197854.13999999998,2997.79,0,0,Textiles,Throws,1347.2,2997.79,2024-07-11,0
SKU0118,2025-04-14,99,296781.21,2997.79,0,0,Textiles,Throws,1347.2,2997.79,2024-07-11,0
SKU0118,2025-04-21,83,248816.57,2997.79,0,0,Textiles,Throws,1347.2,2997.79,2024-07-11,0
SKU0118,2025-04-28,93,278794.47000000003,2997.79,0,0,Textiles,Throws,1347.2,2997.79,2024-07-11,0
SKU0118,2025-05-05,98,293783.42,2997.79,0,0,Textiles,Throws,1347.2,2997.79,2024-07-11,0
SKU0118,2025-05-12,64,191858.56,2997.79,0,0,Textiles,Throws,1347.2,2997.79,2024-07-11,0
SKU0118,2025-05-19,72,215840.88,2997.79,0,0,Textiles,Throws,1347.2,2997.79,2024-07-11,0
SKU0118,2025-05-26,86,252062.08,2943.0485714285714,1,0,Textiles,Throws,1347.2,2997.79,2024-07-11,1
SKU0118,2025-06-02,169,441867.26,2614.6,7,0,Textiles,Throws,1347.2,2997.79,2024-07-11,1
SKU0118,2025-06-09,96,265562.77,2888.307142857143,2,0,Textiles,Throws,1347.2,2997.79,2024-07-11,1
SKU0118,2025-06-16,71,212843.09,2997.79,0,0,Textiles,Throws,1347.2,2997.79,2024-07-11,0
SKU0118,2025-06-23,72,215840.88,2997.79,0,0,Textiles,Throws,1347.2,2997.79,2024-07-11,0
SKU0118,2025-06-30,88,263805.52,2997.79,0,0,Textiles,Throws,1347.2,2997.79,2024-07-11,0
SKU0118,2025-07-07,78,233827.62,2997.79,0,0,Textiles,Throws,1347.2,2997.79,2024-07-11,0
SKU0118,2025-07-14,62,185862.98,2997.79,0,0,Textiles,Throws,1347.2,2997.79,2024-07-11,0
SKU0118,2025-07-21,80,239823.2,2997.79,0,0,Textiles,Throws,1347.2,2997.79,2024-07-11,0
SKU0118,2025-07-28,69,206847.51,2997.79,0,0,Textiles,Throws,1347.2,2997.79,2024-07-11,0
SKU0118,2025-08-04,76,227832.04,2997.79,0,0,Textiles,Throws,1347.2,2997.79,2024-07-11,0
SKU0118,2025-08-11,56,167876.24000000002,2997.79,0,1,Textiles,Throws,1347.2,2997.79,2024-07-11,0
SKU0118,2025-08-18,79,236825.41,2997.79,0,0,Textiles,Throws,1347.2,2997.79,2024-07-11,0
SKU0118,2025-08-25,61,182865.19,2997.79,0,0,Textiles,Throws,1347.2,2997.79,2024-07-11,0
SKU0119,2024-05-27,183,618949.87,3412.6520000000005,2,0,Small Appliances,Cleaning,2617.42,3698.08,2024-05-29,1
SKU0119,2024-06-03,362,1080394.4000000001,2984.5099999999998,7,0,Small Appliances,Cleaning,2617.42,3698.08,2024-05-29,1
SKU0119,2024-06-10,168,599156.9199999999,3596.141428571428,1,0,Small Appliances,Cleaning,2617.42,3698.08,2024-05-29,1
SKU0119,2024-06-17,183,676748.64,3698.0799999999995,0,0,Small Appliances,Cleaning,2617.42,3698.08,2024-05-29,0
SKU0119,2024-06-24,154,569504.3200000001,3698.0799999999995,0,0,Small Appliances,Cleaning,2617.42,3698.08,2024-05-29,0
SKU0119,2024-07-01,211,780294.88,3698.0799999999995,0,0,Small Appliances,Cleaning,2617.42,3698.08,2024-05-29,0
SKU0119,2024-07-08,185,684144.8,3698.0799999999995,0,0,Small Appliances,Cleaning,2617.42,3698.08,2024-05-29,0
SKU0119,2024-07-15,170,628673.6,3698.0799999999995,0,0,Small Appliances,Cleaning,2617.42,3698.08,2024-05-29,0
SKU0119,2024-07-22,182,673050.56,3698.0799999999995,0,0,Small Appliances,Cleaning,2617.42,3698.08,2024-05-29,0
SKU0119,2024-07-29,177,654560.1599999999,3698.0799999999995,0,0,Small Appliances,Cleaning,2617.42,3698.08,2024-05-29,0
SKU0119,2024-08-05,219,809879.52,3698.0799999999995,0,0,Small Appliances,Cleaning,2617.42,3698.08,2024-05-29,0
SKU0119,2024-08-12,185,684144.7999999999,3698.0799999999995,0,1,Small Appliances,Cleaning,2617.42,3698.08,2024-05-29,0
SKU0119,2024-08-19,151,558410.08,3698.0799999999995,0,0,Small Appliances,Cleaning,2617.42,3698.08,2024-05-29,0
SKU0119,2024-08-26,173,639767.8400000001,3698.0799999999995,0,0,Small Appliances,Cleaning,2617.42,3698.08,2024-05-29,0
SKU0119,2024-09-02,153,565806.24,3698.0799999999995,0,0,Small Appliances,Cleaning,2617.42,3698.08,2024-05-29,0
SKU0119,2024-09-09,200,739616.0,3698.0799999999995,0,0,Small Appliances,Cleaning,2617.42,3698.08,2024-05-29,0
SKU0119,2024-09-16,221,817275.68,3698.0799999999995,0,0,Small Appliances,Cleaning,2617.42,3698.08,2024-05-29,0
SKU0119,2024-09-23,169,624975.52,3698.0799999999995,0,0,Small Appliances,Cleaning,2617.42,3698.08,2024-05-29,0
SKU0119,2024-09-30,169,624975.52,3698.0799999999995,0,1,Small Appliances,Cleaning,2617.42,3698.08,2024-05-29,0
SKU0119,2024-10-07,151,558410.08,3698.0799999999995,0,0,Small Appliances,Cleaning,2617.42,3698.08,2024-05-29,0
SKU0119,2024-10-14,219,809879.52,3698.0799999999995,0,0,Small Appliances,Cleaning,2617.42,3698.08,2024-05-29,0
SKU0119,2024-10-21,202,747012.16,3698.0799999999995,0,0,Small Appliances,Cleaning,2617.42,3698.08,2024-05-29,0
SKU0119,2024-10-28,167,617579.36,3698.0799999999995,0,0,Small Appliances,Cleaning,2617.42,3698.08,2024-05-29,0
SKU0119,2024-11-04,188,593912.8,3392.2642857142855,3,0,Small Appliances,Cleaning,2617.42,3698.08,2024-05-29,1
SKU0119,2024-11-11,358,1100566.77,3188.387142857143,5,0,Small Appliances,Cleaning,2617.42,3698.08,2024-05-29,1
SKU0119,2024-11-18,174,643465.9199999999,3698.0799999999995,0,0,Small Appliances,Cleaning,2617.42,3698.08,2024-05-29,0
SKU0119,2024-11-25,228,843162.24,3698.0799999999995,0,0,Small Appliances,Cleaning,2617.42,3698.08,2024-05-29,0
SKU0119,2024-12-02,204,754408.3200000001,3698.0799999999995,0,0,Small Appliances,Cleaning,2617.42,3698.08,2024-05-29,0
SKU0119,2024-12-09,271,1002179.68,3698.0799999999995,0,0,Small Appliances,Cleaning,2617.42,3698.08,2024-05-29,0
SKU0119,2024-12-16,249,846611.16,3392.2642857142855,3,0,Small Appliances,Cleaning,2617.42,3698.08,2024-05-29,1
SKU0119,2024-12-23,669,1996640.47,2984.5099999999998,7,1,Small Appliances,Cleaning,2617.42,3698.08,2024-05-29,1
SKU0119,2024-12-30,316,1077970.51,3494.202857142857,2,1,Small Appliances,Cleaning,2617.42,3698.08,2024-05-29,1
SKU0119,2025-01-06,255,943010.4,3698.0799999999995,0,0,Small Appliances,Cleaning,2617.42,3698.08,2024-05-29,0
SKU0119,2025-01-13,334,1235158.72,3698.0799999999995,0,0,Small Appliances,Cleaning,2617.42,3698.08,2024-05-29,0
SKU0119,2025-01-20,302,1116820.16,3698.0799999999995,0,0,Small Appliances,Cleaning,2617.42,3698.08,2024-05-29,0
SKU0119,2025-01-27,301,1113122.08,3698.0799999999995,0,0,Small Appliances,Cleaning,2617.42,3698.08,2024-05-29,0
SKU0119,2025-02-03,283,1046556.64,3698.0799999999995,0,0,Small Appliances,Cleaning,2617.42,3698.08,2024-05-29,0
SKU0119,2025-02-10,226,835766.0800000001,3698.0799999999995,0,0,Small Appliances,Cleaning,2617.42,3698.08,2024-05-29,0
SKU0119,2025-02-17,269,994783.52,3698.0799999999995,0,0,Small Appliances,Cleaning,2617.42,3698.08,2024-05-29,0
SKU0119,2025-02-24,233,861652.64,3698.0799999999995,0,0,Small Appliances,Cleaning,2617.42,3698.08,2024-05-29,0
SKU0119,2025-03-03,268,991085.44,3698.0799999999995,0,0,Small Appliances,Cleaning,2617.42,3698.08,2024-05-29,0
SKU0119,2025-03-10,234,865350.72,3698.0799999999995,0,0,Small Appliances,Cleaning,2617.42,3698.08,2024-05-29,0
SKU0119,2025-03-17,209,772898.72,3698.0799999999995,0,0,Small Appliances,Cleaning,2617.42,3698.08,2024-05-29,0
SKU0119,2025-03-24,289,1068745.12,3698.0799999999995,0,0,Small Appliances,Cleaning,2617.42,3698.08,2024-05-29,0
SKU0119,2025-03-31,185,684144.7999999999,3698.0799999999995,0,0,Small Appliances,Cleaning,2617.42,3698.08,2024-05-29,0
SKU0119,2025-04-07,287,1061348.96,3698.0799999999995,0,0,Small Appliances,Cleaning,2617.42,3698.08,2024-05-29,0
SKU0119,2025-04-14,277,1024368.16,3698.0799999999995,0,0,Small Appliances,Cleaning,2617.42,3698.08,2024-05-29,0
SKU0119,2025-04-21,159,587994.72,3698.0799999999995,0,0,Small Appliances,Cleaning,2617.42,3698.08,2024-05-29,0
SKU0119,2025-04-28,267,987387.36,3698.0799999999995,0,0,Small Appliances,Cleaning,2617.42,3698.08,2024-05-29,0
SKU0119,2025-05-05,219,809879.52,3698.0799999999995,0,0,Small Appliances,Cleaning,2617.42,3698.08,2024-05-29,0
SKU0119,2025-05-12,300,1109424.0,3698.0799999999995,0,0,Small Appliances,Cleaning,2617.42,3698.08,2024-05-29,0
SKU0119,2025-05-19,234,865350.72,3698.0799999999995,0,0,Small Appliances,Cleaning,2617.42,3698.08,2024-05-29,0
SKU0119,2025-05-26,263,944766.0,3596.141428571428,1,0,Small Appliances,Cleaning,2617.42,3698.08,2024-05-29,1
SKU0119,2025-06-02,329,981905.41,2984.5099999999998,7,0,Small Appliances,Cleaning,2617.42,3698.08,2024-05-29,1
SKU0119,2025-06-09,235,796265.16,3494.202857142857,2,0,Small Appliances,Cleaning,2617.42,3698.08,2024-05-29,1
SKU0119,2025-06-16,193,713729.44,3698.0799999999995,0,0,Small Appliances,Cleaning,2617.42,3698.08,2024-05-29,0
SKU0119,2025-06-23,193,713729.44,3698.0799999999995,0,0,Small Appliances,Cleaning,2617.42,3698.08,2024-05-29,0
SKU0119,2025-06-30,169,624975.52,3698.0799999999995,0,0,Small Appliances,Cleaning,2617.42,3698.08,2024-05-29,0
SKU0119,2025-07-07,165,610183.2,3698.0799999999995,0,0,Small Appliances,Cleaning,2617.42,3698.08,2024-05-29,0
SKU0119,2025-07-14,152,562108.16,3698.0799999999995,0,0,Small Appliances,Cleaning,2617.42,3698.08,2024-05-29,0
SKU0119,2025-07-21,209,772898.72,3698.0799999999995,0,0,Small Appliances,Cleaning,2617.42,3698.08,2024-05-29,0
SKU0119,2025-07-28,136,502938.88,3698.0799999999995,0,0,Small Appliances,Cleaning,2617.42,3698.08,2024-05-29,0
SKU0119,2025-08-04,160,591692.8,3698.0799999999995,0,0,Small Appliances,Cleaning,2617.42,3698.08,2024-05-29,0
SKU0119,2025-08-11,162,599088.96,3698.0799999999995,0,1,Small Appliances,Cleaning,2617.42,3698.08,2024-05-29,0
SKU0119,2025-08-18,175,647164.0,3698.0799999999995,0,0,Small Appliances,Cleaning,2617.42,3698.08,2024-05-29,0
SKU0119,2025-08-25,208,769200.64,3698.0799999999995,0,0,Small Appliances,Cleaning,2617.42,3698.08,2024-05-29,0
SKU0120,2024-07-22,137,259723.22999999998,1895.79,0,0,Decor,Wall Art,788.74,1895.79,2024-07-23,0
SKU0120,2024-07-29,208,394324.32,1895.7899999999997,0,0,Decor,Wall Art,788.74,1895.79,2024-07-23,0
SKU0120,2024-08-05,166,314701.14,1895.7899999999997,0,0,Decor,Wall Art,788.74,1895.79,2024-07-23,0
SKU0120,2024-08-12,188,356408.52,1895.7899999999997,0,1,Decor,Wall Art,788.74,1895.79,2024-07-23,0
SKU0120,2024-08-19,162,307117.98,1895.7899999999997,0,0,Decor,Wall Art,788.74,1895.79,2024-07-23,0
SKU0120,2024-08-26,206,390532.74,1895.7899999999997,0,0,Decor,Wall Art,788.74,1895.79,2024-07-23,0
SKU0120,2024-09-02,210,398115.9,1895.7899999999997,0,0,Decor,Wall Art,788.74,1895.79,2024-07-23,0
SKU0120,2024-09-09,261,494801.19,1895.7899999999997,0,0,Decor,Wall Art,788.74,1895.79,2024-07-23,0
SKU0120,2024-09-16,245,464468.55,1895.7899999999997,0,0,Decor,Wall Art,788.74,1895.79,2024-07-23,0
SKU0120,2024-09-23,222,420865.38,1895.7899999999997,0,0,Decor,Wall Art,788.74,1895.79,2024-07-23,0
SKU0120,2024-09-30,309,585799.11,1895.7899999999997,0,1,Decor,Wall Art,788.74,1895.79,2024-07-23,0
SKU0120,2024-10-07,253,479634.87,1895.7899999999997,0,0,Decor,Wall Art,788.74,1895.79,2024-07-23,0
SKU0120,2024-10-14,246,466364.34,1895.7899999999997,0,0,Decor,Wall Art,788.74,1895.79,2024-07-23,0
SKU0120,2024-10-21,269,509967.51,1895.7899999999997,0,0,Decor,Wall Art,788.74,1895.79,2024-07-23,0
SKU0120,2024-10-28,288,545987.52,1895.7899999999997,0,0,Decor,Wall Art,788.74,1895.79,2024-07-23,0
SKU0120,2024-11-04,452,762182.51,1735.98,3,0,Decor,Wall Art,788.74,1895.79,2024-07-23,1
SKU0120,2024-11-11,492,772012.24,1629.44,5,0,Decor,Wall Art,788.74,1895.79,2024-07-23,1
SKU0120,2024-11-18,311,589590.69,1895.7899999999997,0,0,Decor,Wall Art,788.74,1895.79,2024-07-23,0
SKU0120,2024-11-25,386,731774.94,1895.7899999999997,0,0,Decor,Wall Art,788.74,1895.79,2024-07-23,0
SKU0120,2024-12-02,328,621819.12,1895.7899999999997,0,0,Decor,Wall Art,788.74,1895.79,2024-07-23,0
SKU0120,2024-12-09,303,574424.37,1895.7899999999997,0,0,Decor,Wall Art,788.74,1895.79,2024-07-23,0
SKU0120,2024-12-16,437,745678.2,1735.98,3,0,Decor,Wall Art,788.74,1895.79,2024-07-23,1
SKU0120,2024-12-23,563,857391.5800000001,1522.9,7,1,Decor,Wall Art,788.74,1895.79,2024-07-23,1
SKU0120,2024-12-30,374,655329.02,1789.25,2,1,Decor,Wall Art,788.74,1895.79,2024-07-23,1
SKU0120,2025-01-06,382,724191.78,1895.7899999999997,0,0,Decor,Wall Art,788.74,1895.79,2024-07-23,0
SKU0120,2025-01-13,316,599069.64,1895.7899999999997,0,0,Decor,Wall Art,788.74,1895.79,2024-07-23,0
SKU0120,2025-01-20,396,750732.84,1895.7899999999997,0,0,Decor,Wall Art,788.74,1895.79,2024-07-23,0
SKU0120,2025-01-27,323,612340.17,1895.7899999999997,0,0,Decor,Wall Art,788.74,1895.79,2024-07-23,0
SKU0120,2025-02-03,360,682484.4,1895.7899999999997,0,0,Decor,Wall Art,788.74,1895.79,2024-07-23,0
SKU0120,2025-02-10,375,710921.25,1895.7899999999997,0,0,Decor,Wall Art,788.74,1895.79,2024-07-23,0
SKU0120,2025-02-17,304,576320.16,1895.7899999999997,0,0,Decor,Wall Art,788.74,1895.79,2024-07-23,0
SKU0120,2025-02-24,305,578215.9500000001,1895.7899999999997,0,0,Decor,Wall Art,788.74,1895.79,2024-07-23,0
SKU0120,2025-03-03,325,616131.75,1895.7899999999997,0,0,Decor,Wall Art,788.74,1895.79,2024-07-23,0
SKU0120,2025-03-10,304,576320.16,1895.7899999999997,0,0,Decor,Wall Art,788.74,1895.79,2024-07-23,0
SKU0120,2025-03-17,296,561153.84,1895.7899999999997,0,0,Decor,Wall Art,788.74,1895.79,2024-07-23,0
SKU0120,2025-03-24,300,568737.0,1895.7899999999997,0,0,Decor,Wall Art,788.74,1895.79,2024-07-23,0
SKU0120,2025-03-31,317,600965.4299999999,1895.7899999999997,0,0,Decor,Wall Art,788.74,1895.79,2024-07-23,0
SKU0120,2025-04-07,314,595278.06,1895.7899999999997,0,0,Decor,Wall Art,788.74,1895.79,2024-07-23,0
SKU0120,2025-04-14,230,436031.69999999995,1895.7899999999997,0,0,Decor,Wall Art,788.74,1895.79,2024-07-23,0
SKU0120,2025-04-21,285,540300.15,1895.7899999999997,0,0,Decor,Wall Art,788.74,1895.79,2024-07-23,0
SKU0120,2025-04-28,253,479634.87,1895.7899999999997,0,0,Decor,Wall Art,788.74,1895.79,2024-07-23,0
SKU0120,2025-05-05,236,447406.44,1895.7899999999997,0,0,Decor,Wall Art,788.74,1895.79,2024-07-23,0
SKU0120,2025-05-12,215,407594.85,1895.7899999999997,0,0,Decor,Wall Art,788.74,1895.79,2024-07-23,0
SKU0120,2025-05-19,254,481530.66000000003,1895.7899999999997,0,0,Decor,Wall Art,788.74,1895.79,2024-07-23,0
SKU0120,2025-05-26,284,521997.11,1842.52,1,0,Decor,Wall Art,788.74,1895.79,2024-07-23,1
SKU0120,2025-06-02,558,849777.09,1522.9,7,0,Decor,Wall Art,788.74,1895.79,2024-07-23,1
SKU0120,2025-06-09,278,473333.18,1789.25,2,0,Decor,Wall Art,788.74,1895.79,2024-07-23,1
SKU0120,2025-06-16,234,443614.86,1895.7899999999997,0,0,Decor,Wall Art,788.74,1895.79,2024-07-23,0
SKU0120,2025-06-23,201,381053.79000000004,1895.7899999999997,0,0,Decor,Wall Art,788.74,1895.79,2024-07-23,0
SKU0120,2025-06-30,226,428448.54,1895.7899999999997,0,0,Decor,Wall Art,788.74,1895.79,2024-07-23,0
SKU0120,2025-07-07,213,403803.27,1895.7899999999997,0,0,Decor,Wall Art,788.74,1895.79,2024-07-23,0
SKU0120,2025-07-14,199,377262.21,1895.7899999999997,0,0,Decor,Wall Art,788.74,1895.79,2024-07-23,0
SKU0120,2025-07-21,204,386741.16,1895.7899999999997,0,0,Decor,Wall Art,788.74,1895.79,2024-07-23,0
SKU0120,2025-07-28,220,417073.8,1895.7899999999997,0,0,Decor,Wall Art,788.74,1895.79,2024-07-23,0
SKU0120,2025-08-04,257,487218.02999999997,1895.7899999999997,0,0,Decor,Wall Art,788.74,1895.79,2024-07-23,0
SKU0120,2025-08-11,269,509967.51,1895.7899999999997,0,1,Decor,Wall Art,788.74,1895.79,2024-07-23,0
SKU0120,2025-08-18,213,403803.27,1895.7899999999997,0,0,Decor,Wall Art,788.74,1895.79,2024-07-23,0
SKU0120,2025-08-25,209,396220.11,1895.7899999999997,0,0,Decor,Wall Art,788.74,1895.79,2024-07-23,0
SKU0121,2024-09-23,99,866233.1699999999,8749.83,0,0,Textiles,Throws,3380.42,8749.83,2024-09-24,0
SKU0121,2024-09-30,133,1163727.39,8749.83,0,1,Textiles,Throws,3380.42,8749.83,2024-09-24,0
SKU0121,2024-10-07,176,1539970.08,8749.83,0,0,Textiles,Throws,3380.42,8749.83,2024-09-24,0
SKU0121,2024-10-14,141,1233726.03,8749.83,0,0,Textiles,Throws,3380.42,8749.83,2024-09-24,0
SKU0121,2024-10-21,106,927481.98,8749.83,0,0,Textiles,Throws,3380.42,8749.83,2024-09-24,0
SKU0121,2024-10-28,162,1417472.46,8749.83,0,0,Textiles,Throws,3380.42,8749.83,2024-09-24,0
SKU0121,2024-11-04,180,1491131.94,8283.201428571429,3,0,Textiles,Throws,3380.42,8749.83,2024-09-24,1
SKU0121,2024-11-11,232,1793691.33,7972.115714285714,5,0,Textiles,Throws,3380.42,8749.83,2024-09-24,1
SKU0121,2024-11-18,142,1242475.8599999999,8749.83,0,0,Textiles,Throws,3380.42,8749.83,2024-09-24,0
SKU0121,2024-11-25,121,1058729.43,8749.83,0,0,Textiles,Throws,3380.42,8749.83,2024-09-24,0
SKU0121,2024-12-02,130,1137477.9,8749.83,0,0,Textiles,Throws,3380.42,8749.83,2024-09-24,0
SKU0121,2024-12-09,145,1268725.35,8749.83,0,0,Textiles,Throws,3380.42,8749.83,2024-09-24,0
SKU0121,2024-12-16,128,1072071.12,8283.201428571429,3,0,Textiles,Throws,3380.42,8749.83,2024-09-24,1
SKU0121,2024-12-23,323,2474513.24,7661.03,7,1,Textiles,Throws,3380.42,8749.83,2024-09-24,1
SKU0121,2024-12-30,171,1425449.04,8438.744285714285,2,1,Textiles,Throws,3380.42,8749.83,2024-09-24,1
SKU0121,2025-01-06,158,1382473.1400000001,8749.83,0,0,Textiles,Throws,3380.42,8749.83,2024-09-24,0
SKU0121,2025-01-13,128,1119978.24,8749.83,0,0,Textiles,Throws,3380.42,8749.83,2024-09-24,0
SKU0121,2025-01-20,191,1671217.53,8749.83,0,0,Textiles,Throws,3380.42,8749.83,2024-09-24,0
SKU0121,2025-01-27,163,1426222.29,8749.83,0,0,Textiles,Throws,3380.42,8749.83,2024-09-24,0
SKU0121,2025-02-03,116,1014980.28,8749.83,0,0,Textiles,Throws,3380.42,8749.83,2024-09-24,0
SKU0121,2025-02-10,93,813734.19,8749.83,0,0,Textiles,Throws,3380.42,8749.83,2024-09-24,0
SKU0121,2025-02-17,157,1373723.31,8749.83,0,0,Textiles,Throws,3380.42,8749.83,2024-09-24,0
SKU0121,2025-02-24,148,1294974.8399999999,8749.83,0,0,Textiles,Throws,3380.42,8749.83,2024-09-24,0
SKU0121,2025-03-03,151,1321224.3299999998,8749.83,0,0,Textiles,Throws,3380.42,8749.83,2024-09-24,0
SKU0121,2025-03-10,144,1259975.52,8749.83,0,0,Textiles,Throws,3380.42,8749.83,2024-09-24,0
SKU0121,2025-03-17,137,1198726.71,8749.83,0,0,Textiles,Throws,3380.42,8749.83,2024-09-24,0
SKU0121,2025-03-24,151,1321224.33,8749.83,0,0,Textiles,Throws,3380.42,8749.83,2024-09-24,0
SKU0121,2025-03-31,144,1259975.52,8749.83,0,0,Textiles,Throws,3380.42,8749.83,2024-09-24,0
SKU0121,2025-04-07,149,1303724.67,8749.83,0,0,Textiles,Throws,3380.42,8749.83,2024-09-24,0
SKU0121,2025-04-14,144,1259975.52,8749.83,0,0,Textiles,Throws,3380.42,8749.83,2024-09-24,0
SKU0121,2025-04-21,114,997480.62,8749.83,0,0,Textiles,Throws,3380.42,8749.83,2024-09-24,0
SKU0121,2025-04-28,153,1338723.99,8749.83,0,0,Textiles,Throws,3380.42,8749.83,2024-09-24,0
SKU0121,2025-05-05,139,1216226.3699999999,8749.83,0,0,Textiles,Throws,3380.42,8749.83,2024-09-24,0
SKU0121,2025-05-12,144,1259975.52,8749.83,0,0,Textiles,Throws,3380.42,8749.83,2024-09-24,0
SKU0121,2025-05-19,101,883732.83,8749.83,0,0,Textiles,Throws,3380.42,8749.83,2024-09-24,0
SKU0121,2025-05-26,151,1292915.57,8594.287142857143,1,0,Textiles,Throws,3380.42,8749.83,2024-09-24,1
SKU0121,2025-06-02,228,1746715.23,7661.03,7,0,Textiles,Throws,3380.42,8749.83,2024-09-24,1
SKU0121,2025-06-09,228,1845795.8699999999,8438.744285714285,2,0,Textiles,Throws,3380.42,8749.83,2024-09-24,1
SKU0121,2025-06-16,163,1426222.29,8749.83,0,0,Textiles,Throws,3380.42,8749.83,2024-09-24,0
SKU0121,2025-06-23,138,1207476.54,8749.83,0,0,Textiles,Throws,3380.42,8749.83,2024-09-24,0
SKU0121,2025-06-30,144,1259975.52,8749.83,0,0,Textiles,Throws,3380.42,8749.83,2024-09-24,0
SKU0121,2025-07-07,99,866233.1699999999,8749.83,0,0,Textiles,Throws,3380.42,8749.83,2024-09-24,0
SKU0121,2025-07-14,136,1189976.8800000001,8749.83,0,0,Textiles,Throws,3380.42,8749.83,2024-09-24,0
SKU0121,2025-07-21,103,901232.49,8749.83,0,0,Textiles,Throws,3380.42,8749.83,2024-09-24,0
SKU0121,2025-07-28,115,1006230.45,8749.83,0,0,Textiles,Throws,3380.42,8749.83,2024-09-24,0
SKU0121,2025-08-04,127,1111228.4100000001,8749.83,0,0,Textiles,Throws,3380.42,8749.83,2024-09-24,0
SKU0121,2025-08-11,124,1084978.92,8749.83,0,1,Textiles,Throws,3380.42,8749.83,2024-09-24,0
SKU0121,2025-08-18,141,1233726.03,8749.83,0,0,Textiles,Throws,3380.42,8749.83,2024-09-24,0
SKU0121,2025-08-25,163,1426222.29,8749.83,0,0,Textiles,Throws,3380.42,8749.83,2024-09-24,0
SKU0122,2025-04-07,7,7397.39,1056.77,0,0,Decor,Wall Art,458.19,1056.77,2025-04-13,0
SKU0122,2025-04-14,153,161685.81,1056.77,0,0,Decor,Wall Art,458.19,1056.77,2025-04-13,0
SKU0122,2025-04-21,140,147947.8,1056.77,0,0,Decor,Wall Art,458.19,1056.77,2025-04-13,0
SKU0122,2025-04-28,123,129982.71,1056.77,0,0,Decor,Wall Art,458.19,1056.77,2025-04-13,0
SKU0122,2025-05-05,190,200786.3,1056.77,0,0,Decor,Wall Art,458.19,1056.77,2025-04-13,0
SKU0122,2025-05-12,199,210297.22999999998,1056.77,0,0,Decor,Wall Art,458.19,1056.77,2025-04-13,0
SKU0122,2025-05-19,180,190218.6,1056.77,0,0,Decor,Wall Art,458.19,1056.77,2025-04-13,0
SKU0122,2025-05-26,225,220785.31,1020.0,1,0,Decor,Wall Art,458.19,1056.77,2025-04-13,1
SKU0122,2025-06-02,451,360518.98,799.38,7,0,Decor,Wall Art,458.19,1056.77,2025-04-13,1
SKU0122,2025-06-09,291,284097.3,983.2299999999999,2,0,Decor,Wall Art,458.19,1056.77,2025-04-13,1
SKU0122,2025-06-16,207,218751.39,1056.77,0,0,Decor,Wall Art,458.19,1056.77,2025-04-13,0
SKU0122,2025-06-23,224,236716.47999999998,1056.77,0,0,Decor,Wall Art,458.19,1056.77,2025-04-13,0
SKU0122,2025-06-30,305,322314.85,1056.77,0,0,Decor,Wall Art,458.19,1056.77,2025-04-13,0
SKU0122,2025-07-07,206,217694.62,1056.77,0,0,Decor,Wall Art,458.19,1056.77,2025-04-13,0
SKU0122,2025-07-14,248,262078.96,1056.77,0,0,Decor,Wall Art,458.19,1056.77,2025-04-13,0
SKU0122,2025-07-21,200,211354.0,1056.77,0,0,Decor,Wall Art,458.19,1056.77,2025-04-13,0
SKU0122,2025-07-28,277,292725.29,1056.77,0,0,Decor,Wall Art,458.19,1056.77,2025-04-13,0
SKU0122,2025-08-04,200,211354.0,1056.77,0,0,Decor,Wall Art,458.19,1056.77,2025-04-13,0
SKU0122,2025-08-11,245,258908.65000000002,1056.77,0,1,Decor,Wall Art,458.19,1056.77,2025-04-13,0
SKU0122,2025-08-18,186,196559.22,1056.77,0,0,Decor,Wall Art,458.19,1056.77,2025-04-13,0
SKU0122,2025-08-25,208,219808.16,1056.77,0,0,Decor,Wall Art,458.19,1056.77,2025-04-13,0
SKU0123,2024-07-22,135,159386.4,1180.64,0,0,Decor,Lighting,730.09,1180.64,2024-07-25,0
SKU0123,2024-07-29,247,291618.08,1180.64,0,0,Decor,Lighting,730.09,1180.64,2024-07-25,0
SKU0123,2024-08-05,246,290437.44,1180.64,0,0,Decor,Lighting,730.09,1180.64,2024-07-25,0
SKU0123,2024-08-12,256,302243.84,1180.64,0,1,Decor,Lighting,730.09,1180.64,2024-07-25,0
SKU0123,2024-08-19,232,273908.48,1180.64,0,0,Decor,Lighting,730.09,1180.64,2024-07-25,0
SKU0123,2024-08-26,210,247934.40000000002,1180.64,0,0,Decor,Lighting,730.09,1180.64,2024-07-25,0
SKU0123,2024-09-02,235,277450.4,1180.64,0,0,Decor,Lighting,730.09,1180.64,2024-07-25,0
SKU0123,2024-09-09,266,314050.24,1180.64,0,0,Decor,Lighting,730.09,1180.64,2024-07-25,0
SKU0123,2024-09-16,271,319953.44,1180.64,0,0,Decor,Lighting,730.09,1180.64,2024-07-25,0
SKU0123,2024-09-23,287,338843.68,1180.64,0,0,Decor,Lighting,730.09,1180.64,2024-07-25,0
SKU0123,2024-09-30,290,342385.6,1180.64,0,1,Decor,Lighting,730.09,1180.64,2024-07-25,0
SKU0123,2024-10-07,228,269185.92,1180.64,0,0,Decor,Lighting,730.09,1180.64,2024-07-25,0
SKU0123,2024-10-14,250,295160.0,1180.64,0,0,Decor,Lighting,730.09,1180.64,2024-07-25,0
SKU0123,2024-10-21,256,302243.83999999997,1180.64,0,0,Decor,Lighting,730.09,1180.64,2024-07-25,0
SKU0123,2024-10-28,289,341204.95999999996,1180.64,0,0,Decor,Lighting,730.09,1180.64,2024-07-25,0
SKU0123,2024-11-04,392,404519.08999999997,1072.49,3,0,Decor,Lighting,730.09,1180.64,2024-07-25,1
SKU0123,2024-11-11,402,390586.25,1000.39,5,0,Decor,Lighting,730.09,1180.64,2024-07-25,1
SKU0123,2024-11-18,282,332940.48,1180.64,0,0,Decor,Lighting,730.09,1180.64,2024-07-25,0
SKU0123,2024-11-25,332,391972.48,1180.64,0,0,Decor,Lighting,730.09,1180.64,2024-07-25,0
SKU0123,2024-12-02,302,356553.28,1180.64,0,0,Decor,Lighting,730.09,1180.64,2024-07-25,0
SKU0123,2024-12-09,289,341204.96,1180.64,0,0,Decor,Lighting,730.09,1180.64,2024-07-25,0
SKU0123,2024-12-16,472,498465.6,1072.49,3,0,Decor,Lighting,730.09,1180.64,2024-07-25,1
SKU0123,2024-12-23,687,637738.38,928.29,7,1,Decor,Lighting,730.09,1180.64,2024-07-25,1
SKU0123,2024-12-30,401,424733.98,1108.5400000000002,2,1,Decor,Lighting,730.09,1180.64,2024-07-25,1
SKU0123,2025-01-06,364,429752.96,1180.64,0,0,Decor,Lighting,730.09,1180.64,2024-07-25,0
SKU0123,2025-01-13,308,363637.12,1180.64,0,0,Decor,Lighting,730.09,1180.64,2024-07-25,0
SKU0123,2025-01-20,374,441559.36,1180.64,0,0,Decor,Lighting,730.09,1180.64,2024-07-25,0
SKU0123,2025-01-27,420,495868.80000000005,1180.64,0,0,Decor,Lighting,730.09,1180.64,2024-07-25,0
SKU0123,2025-02-03,329,388430.56,1180.64,0,0,Decor,Lighting,730.09,1180.64,2024-07-25,0
SKU0123,2025-02-10,344,406140.16,1180.64,0,0,Decor,Lighting,730.09,1180.64,2024-07-25,0
SKU0123,2025-02-17,346,408501.44,1180.64,0,0,Decor,Lighting,730.09,1180.64,2024-07-25,0
SKU0123,2025-02-24,319,376624.16,1180.64,0,0,Decor,Lighting,730.09,1180.64,2024-07-25,0
SKU0123,2025-03-03,262,309327.68,1180.64,0,0,Decor,Lighting,730.09,1180.64,2024-07-25,0
SKU0123,2025-03-10,276,325856.64,1180.64,0,0,Decor,Lighting,730.09,1180.64,2024-07-25,0
SKU0123,2025-03-17,356,420307.83999999997,1180.64,0,0,Decor,Lighting,730.09,1180.64,2024-07-25,0
SKU0123,2025-03-24,327,386069.27999999997,1180.64,0,0,Decor,Lighting,730.09,1180.64,2024-07-25,0
SKU0123,2025-03-31,267,315230.88,1180.64,0,0,Decor,Lighting,730.09,1180.64,2024-07-25,0
SKU0123,2025-04-07,270,318772.8,1180.64,0,0,Decor,Lighting,730.09,1180.64,2024-07-25,0
SKU0123,2025-04-14,292,344746.88,1180.64,0,0,Decor,Lighting,730.09,1180.64,2024-07-25,0
SKU0123,2025-04-21,320,377804.8,1180.64,0,0,Decor,Lighting,730.09,1180.64,2024-07-25,0
SKU0123,2025-04-28,303,357733.92,1180.64,0,0,Decor,Lighting,730.09,1180.64,2024-07-25,0
SKU0123,2025-05-05,216,255018.24,1180.64,0,0,Decor,Lighting,730.09,1180.64,2024-07-25,0
SKU0123,2025-05-12,312,368359.68,1180.64,0,0,Decor,Lighting,730.09,1180.64,2024-07-25,0
SKU0123,2025-05-19,258,304605.12,1180.64,0,0,Decor,Lighting,730.09,1180.64,2024-07-25,0
SKU0123,2025-05-26,298,328614.94,1144.5900000000001,1,0,Decor,Lighting,730.09,1180.64,2024-07-25,1
SKU0123,2025-06-02,432,401023.26,928.29,7,0,Decor,Lighting,730.09,1180.64,2024-07-25,1
SKU0123,2025-06-09,289,308400.06,1108.5400000000002,2,0,Decor,Lighting,730.09,1180.64,2024-07-25,1
SKU0123,2025-06-16,236,278631.04,1180.64,0,0,Decor,Lighting,730.09,1180.64,2024-07-25,0
SKU0123,2025-06-23,283,334121.12,1180.64,0,0,Decor,Lighting,730.09,1180.64,2024-07-25,0
SKU0123,2025-06-30,204,240850.56,1180.64,0,0,Decor,Lighting,730.09,1180.64,2024-07-25,0
SKU0123,2025-07-07,279,329398.56,1180.64,0,0,Decor,Lighting,730.09,1180.64,2024-07-25,0
SKU0123,2025-07-14,288,340024.32,1180.64,0,0,Decor,Lighting,730.09,1180.64,2024-07-25,0
SKU0123,2025-07-21,275,324676.0,1180.64,0,0,Decor,Lighting,730.09,1180.64,2024-07-25,0
SKU0123,2025-07-28,223,263282.72,1180.64,0,0,Decor,Lighting,730.09,1180.64,2024-07-25,0
SKU0123,2025-08-04,201,237308.63999999998,1180.64,0,0,Decor,Lighting,730.09,1180.64,2024-07-25,0
SKU0123,2025-08-11,212,250295.68,1180.64,0,1,Decor,Lighting,730.09,1180.64,2024-07-25,0
SKU0123,2025-08-18,250,295160.0,1180.64,0,0,Decor,Lighting,730.09,1180.64,2024-07-25,0
SKU0123,2025-08-25,245,289256.8,1180.64,0,0,Decor,Lighting,730.09,1180.64,2024-07-25,0
SKU0124,2024-11-11,25,63346.75,2533.87,0,0,Furniture,Storage,1274.43,2533.87,2024-11-16,0
SKU0124,2024-11-18,109,276191.83,2533.87,0,0,Furniture,Storage,1274.43,2533.87,2024-11-16,0
SKU0124,2024-11-25,136,344606.32,2533.87,0,0,Furniture,Storage,1274.43,2533.87,2024-11-16,0
SKU0124,2024-12-02,133,337004.71,2533.87,0,0,Furniture,Storage,1274.43,2533.87,2024-11-16,0
SKU0124,2024-12-09,113,286327.31,2533.87,0,0,Furniture,Storage,1274.43,2533.87,2024-11-16,0
SKU0124,2024-12-16,150,346203.83,2377.7542857142857,3,0,Furniture,Storage,1274.43,2533.87,2024-11-16,1
SKU0124,2024-12-23,228,494669.85,2169.6,7,1,Furniture,Storage,1274.43,2533.87,2024-11-16,1
SKU0124,2024-12-30,126,295954.63,2429.792857142857,2,1,Furniture,Storage,1274.43,2533.87,2024-11-16,1
SKU0124,2025-01-06,119,301530.53,2533.87,0,0,Furniture,Storage,1274.43,2533.87,2024-11-16,0
SKU0124,2025-01-13,91,230582.17,2533.87,0,0,Furniture,Storage,1274.43,2533.87,2024-11-16,0
SKU0124,2025-01-20,93,235649.91,2533.87,0,0,Furniture,Storage,1274.43,2533.87,2024-11-16,0
SKU0124,2025-01-27,92,233116.04,2533.87,0,0,Furniture,Storage,1274.43,2533.87,2024-11-16,0
SKU0124,2025-02-03,118,298996.66,2533.87,0,0,Furniture,Storage,1274.43,2533.87,2024-11-16,0
SKU0124,2025-02-10,87,220446.69,2533.87,0,0,Furniture,Storage,1274.43,2533.87,2024-11-16,0
SKU0124,2025-02-17,66,167235.41999999998,2533.87,0,0,Furniture,Storage,1274.43,2533.87,2024-11-16,0
SKU0124,2025-02-24,97,245785.39,2533.87,0,0,Furniture,Storage,1274.43,2533.87,2024-11-16,0
SKU0124,2025-03-03,73,184972.51,2533.87,0,0,Furniture,Storage,1274.43,2533.87,2024-11-16,0
SKU0124,2025-03-10,86,217912.82,2533.87,0,0,Furniture,Storage,1274.43,2533.87,2024-11-16,0
SKU0124,2025-03-17,80,202709.6,2533.87,0,0,Furniture,Storage,1274.43,2533.87,2024-11-16,0
SKU0124,2025-03-24,95,240717.65,2533.87,0,0,Furniture,Storage,1274.43,2533.87,2024-11-16,0
SKU0124,2025-03-31,71,179904.77,2533.87,0,0,Furniture,Storage,1274.43,2533.87,2024-11-16,0
SKU0124,2025-04-07,93,235649.91,2533.87,0,0,Furniture,Storage,1274.43,2533.87,2024-11-16,0
SKU0124,2025-04-14,99,250853.13,2533.87,0,0,Furniture,Storage,1274.43,2533.87,2024-11-16,0
SKU0124,2025-04-21,65,164701.55,2533.87,0,0,Furniture,Storage,1274.43,2533.87,2024-11-16,0
SKU0124,2025-04-28,99,250853.13,2533.87,0,0,Furniture,Storage,1274.43,2533.87,2024-11-16,0
SKU0124,2025-05-05,96,243251.52000000002,2533.87,0,0,Furniture,Storage,1274.43,2533.87,2024-11-16,0
SKU0124,2025-05-12,83,210311.21,2533.87,0,0,Furniture,Storage,1274.43,2533.87,2024-11-16,0
SKU0124,2025-05-19,98,248319.26,2533.87,0,0,Furniture,Storage,1274.43,2533.87,2024-11-16,0
SKU0124,2025-05-26,125,307262.85,2481.8314285714287,1,0,Furniture,Storage,1274.43,2533.87,2024-11-16,1
SKU0124,2025-06-02,235,509857.1,2169.6,7,0,Furniture,Storage,1274.43,2533.87,2024-11-16,1
SKU0124,2025-06-09,181,424025.26,2429.792857142857,2,0,Furniture,Storage,1274.43,2533.87,2024-11-16,1
SKU0124,2025-06-16,147,372478.89,2533.87,0,0,Furniture,Storage,1274.43,2533.87,2024-11-16,0
SKU0124,2025-06-23,119,301530.52999999997,2533.87,0,0,Furniture,Storage,1274.43,2533.87,2024-11-16,0
SKU0124,2025-06-30,156,395283.72,2533.87,0,0,Furniture,Storage,1274.43,2533.87,2024-11-16,0
SKU0124,2025-07-07,152,385148.24,2533.87,0,0,Furniture,Storage,1274.43,2533.87,2024-11-16,0
SKU0124,2025-07-14,175,443427.25,2533.87,0,0,Furniture,Storage,1274.43,2533.87,2024-11-16,0
SKU0124,2025-07-21,130,329403.1,2533.87,0,0,Furniture,Storage,1274.43,2533.87,2024-11-16,0
SKU0124,2025-07-28,183,463698.20999999996,2533.87,0,0,Furniture,Storage,1274.43,2533.87,2024-11-16,0
SKU0124,2025-08-04,143,362343.41000000003,2533.87,0,0,Furniture,Storage,1274.43,2533.87,2024-11-16,0
SKU0124,2025-08-11,194,491570.78,2533.87,0,1,Furniture,Storage,1274.43,2533.87,2024-11-16,0
SKU0124,2025-08-18,177,448494.99,2533.87,0,0,Furniture,Storage,1274.43,2533.87,2024-11-16,0
SKU0124,2025-08-25,174,440893.38,2533.87,0,0,Furniture,Storage,1274.43,2533.87,2024-11-16,0
SKU0125,2024-08-05,15,12028.95,801.93,0,0,Decor,Rugs,473.84,801.93,2024-08-11,0
SKU0125,2024-08-12,104,83400.72,801.93,0,1,Decor,Rugs,473.84,801.93,2024-08-11,0
SKU0125,2024-08-19,118,94627.74,801.93,0,0,Decor,Rugs,473.84,801.93,2024-08-11,0
SKU0125,2024-08-26,108,86608.44,801.93,0,0,Decor,Rugs,473.84,801.93,2024-08-11,0
SKU0125,2024-09-02,126,101043.18,801.93,0,0,Decor,Rugs,473.84,801.93,2024-08-11,0
SKU0125,2024-09-09,143,114675.99,801.93,0,0,Decor,Rugs,473.84,801.93,2024-08-11,0
SKU0125,2024-09-16,98,78589.14,801.93,0,0,Decor,Rugs,473.84,801.93,2024-08-11,0
SKU0125,2024-09-23,143,114675.99,801.93,0,0,Decor,Rugs,473.84,801.93,2024-08-11,0
SKU0125,2024-09-30,123,98637.39,801.93,0,1,Decor,Rugs,473.84,801.93,2024-08-11,0
SKU0125,2024-10-07,152,121893.36,801.93,0,0,Decor,Rugs,473.84,801.93,2024-08-11,0
SKU0125,2024-10-14,129,103448.97,801.93,0,0,Decor,Rugs,473.84,801.93,2024-08-11,0
SKU0125,2024-10-21,86,68965.98,801.93,0,0,Decor,Rugs,473.84,801.93,2024-08-11,0
SKU0125,2024-10-28,113,90618.09,801.93,0,0,Decor,Rugs,473.84,801.93,2024-08-11,0
SKU0125,2024-11-04,152,113382.23,745.8128571428571,3,0,Decor,Rugs,473.84,801.93,2024-08-11,1
SKU0125,2024-11-11,162,111319.1,708.4014285714285,5,0,Decor,Rugs,473.84,801.93,2024-08-11,1
SKU0125,2024-11-18,115,92221.95,801.93,0,0,Decor,Rugs,473.84,801.93,2024-08-11,0
SKU0125,2024-11-25,107,85806.51,801.93,0,0,Decor,Rugs,473.84,801.93,2024-08-11,0
SKU0125,2024-12-02,107,85806.51,801.93,0,0,Decor,Rugs,473.84,801.93,2024-08-11,0
SKU0125,2024-12-09,100,80193.0,801.93,0,0,Decor,Rugs,473.84,801.93,2024-08-11,0
SKU0125,2024-12-16,126,91746.39,745.8128571428571,3,0,Decor,Rugs,473.84,801.93,2024-08-11,1
SKU0125,2024-12-23,196,131513.9,670.99,7,1,Decor,Rugs,473.84,801.93,2024-08-11,1
SKU0125,2024-12-30,117,88981.0,764.5185714285715,2,1,Decor,Rugs,473.84,801.93,2024-08-11,1
SKU0125,2025-01-06,87,69767.91,801.93,0,0,Decor,Rugs,473.84,801.93,2024-08-11,0
SKU0125,2025-01-13,89,71371.76999999999,801.93,0,0,Decor,Rugs,473.84,801.93,2024-08-11,0
SKU0125,2025-01-20,90,72173.7,801.93,0,0,Decor,Rugs,473.84,801.93,2024-08-11,0
SKU0125,2025-01-27,57,45710.01,801.93,0,0,Decor,Rugs,473.84,801.93,2024-08-11,0
SKU0125,2025-02-03,112,89816.16,801.93,0,0,Decor,Rugs,473.84,801.93,2024-08-11,0
SKU0125,2025-02-10,108,86608.44,801.93,0,0,Decor,Rugs,473.84,801.93,2024-08-11,0
SKU0125,2025-02-17,83,66560.19,801.93,0,0,Decor,Rugs,473.84,801.93,2024-08-11,0
SKU0125,2025-02-24,81,64956.33,801.93,0,0,Decor,Rugs,473.84,801.93,2024-08-11,0
SKU0125,2025-03-03,135,108260.55,801.93,0,0,Decor,Rugs,473.84,801.93,2024-08-11,0
SKU0125,2025-03-10,101,80994.93,801.93,0,0,Decor,Rugs,473.84,801.93,2024-08-11,0
SKU0125,2025-03-17,94,75381.42,801.93,0,0,Decor,Rugs,473.84,801.93,2024-08-11,0
SKU0125,2025-03-24,102,81796.86,801.93,0,0,Decor,Rugs,473.84,801.93,2024-08-11,0
SKU0125,2025-03-31,87,69767.91,801.93,0,0,Decor,Rugs,473.84,801.93,2024-08-11,0
SKU0125,2025-04-07,99,79391.07,801.93,0,0,Decor,Rugs,473.84,801.93,2024-08-11,0
SKU0125,2025-04-14,117,93825.81,801.93,0,0,Decor,Rugs,473.84,801.93,2024-08-11,0
SKU0125,2025-04-21,95,76183.35,801.93,0,0,Decor,Rugs,473.84,801.93,2024-08-11,0
SKU0125,2025-04-28,120,96231.59999999999,801.93,0,0,Decor,Rugs,473.84,801.93,2024-08-11,0
SKU0125,2025-05-05,105,84202.65,801.93,0,0,Decor,Rugs,473.84,801.93,2024-08-11,0
SKU0125,2025-05-12,119,95429.67,801.93,0,0,Decor,Rugs,473.84,801.93,2024-08-11,0
SKU0125,2025-05-19,109,87410.37,801.93,0,0,Decor,Rugs,473.84,801.93,2024-08-11,0
SKU0125,2025-05-26,131,98898.62,783.2242857142857,1,0,Decor,Rugs,473.84,801.93,2024-08-11,1
SKU0125,2025-06-02,268,179825.15,670.99,7,0,Decor,Rugs,473.84,801.93,2024-08-11,1
SKU0125,2025-06-09,224,167454.83,764.5185714285715,2,0,Decor,Rugs,473.84,801.93,2024-08-11,1
SKU0125,2025-06-16,140,112270.2,801.93,0,0,Decor,Rugs,473.84,801.93,2024-08-11,0
SKU0125,2025-06-23,88,70569.84,801.93,0,0,Decor,Rugs,473.84,801.93,2024-08-11,0
SKU0125,2025-06-30,128,102647.04000000001,801.93,0,0,Decor,Rugs,473.84,801.93,2024-08-11,0
SKU0125,2025-07-07,118,94627.74,801.93,0,0,Decor,Rugs,473.84,801.93,2024-08-11,0
SKU0125,2025-07-14,130,104250.9,801.93,0,0,Decor,Rugs,473.84,801.93,2024-08-11,0
SKU0125,2025-07-21,114,91420.01999999999,801.93,0,0,Decor,Rugs,473.84,801.93,2024-08-11,0
SKU0125,2025-07-28,156,125101.08,801.93,0,0,Decor,Rugs,473.84,801.93,2024-08-11,0
SKU0125,2025-08-04,100,80193.0,801.93,0,0,Decor,Rugs,473.84,801.93,2024-08-11,0
SKU0125,2025-08-11,150,120289.5,801.93,0,1,Decor,Rugs,473.84,801.93,2024-08-11,0
SKU0125,2025-08-18,171,137130.03,801.93,0,0,Decor,Rugs,473.84,801.93,2024-08-11,0
SKU0125,2025-08-25,158,126704.94,801.93,0,0,Decor,Rugs,473.84,801.93,2024-08-11,0
SKU0126,2024-09-23,118,745986.5599999999,6321.920000000001,0,0,Small Appliances,Cleaning,2730.28,6321.92,2024-09-24,0
SKU0126,2024-09-30,125,790240.0,6321.92,0,1,Small Appliances,Cleaning,2730.28,6321.92,2024-09-24,0
SKU0126,2024-10-07,107,676445.44,6321.92,0,0,Small Appliances,Cleaning,2730.28,6321.92,2024-09-24,0
SKU0126,2024-10-14,175,1106336.0,6321.92,0,0,Small Appliances,Cleaning,2730.28,6321.92,2024-09-24,0
SKU0126,2024-10-21,170,1074726.4,6321.92,0,0,Small Appliances,Cleaning,2730.28,6321.92,2024-09-24,0
SKU0126,2024-10-28,142,897712.64,6321.92,0,0,Small Appliances,Cleaning,2730.28,6321.92,2024-09-24,0
SKU0126,2024-11-04,226,1342599.46,5920.58,3,0,Small Appliances,Cleaning,2730.28,6321.92,2024-09-24,1
SKU0126,2024-11-11,246,1345424.95,5653.0199999999995,5,0,Small Appliances,Cleaning,2730.28,6321.92,2024-09-24,1
SKU0126,2024-11-18,229,1447719.68,6321.92,0,0,Small Appliances,Cleaning,2730.28,6321.92,2024-09-24,0
SKU0126,2024-11-25,180,1137945.6,6321.92,0,0,Small Appliances,Cleaning,2730.28,6321.92,2024-09-24,0
SKU0126,2024-12-02,162,1024151.0399999999,6321.92,0,0,Small Appliances,Cleaning,2730.28,6321.92,2024-09-24,0
SKU0126,2024-12-09,184,1163233.28,6321.92,0,0,Small Appliances,Cleaning,2730.28,6321.92,2024-09-24,0
SKU0126,2024-12-16,288,1684926.05,5920.58,3,0,Small Appliances,Cleaning,2730.28,6321.92,2024-09-24,1
SKU0126,2024-12-23,328,1766430.4000000001,5385.46,7,1,Small Appliances,Cleaning,2730.28,6321.92,2024-09-24,1
SKU0126,2024-12-30,252,1484494.31,6054.360000000001,2,1,Small Appliances,Cleaning,2730.28,6321.92,2024-09-24,1
SKU0126,2025-01-06,178,1125301.76,6321.92,0,0,Small Appliances,Cleaning,2730.28,6321.92,2024-09-24,0
SKU0126,2025-01-13,178,1125301.76,6321.92,0,0,Small Appliances,Cleaning,2730.28,6321.92,2024-09-24,0
SKU0126,2025-01-20,168,1062082.56,6321.92,0,0,Small Appliances,Cleaning,2730.28,6321.92,2024-09-24,0
SKU0126,2025-01-27,120,758630.3999999999,6321.92,0,0,Small Appliances,Cleaning,2730.28,6321.92,2024-09-24,0
SKU0126,2025-02-03,169,1068404.48,6321.92,0,0,Small Appliances,Cleaning,2730.28,6321.92,2024-09-24,0
SKU0126,2025-02-10,182,1150589.44,6321.92,0,0,Small Appliances,Cleaning,2730.28,6321.92,2024-09-24,0
SKU0126,2025-02-17,169,1068404.48,6321.92,0,0,Small Appliances,Cleaning,2730.28,6321.92,2024-09-24,0
SKU0126,2025-02-24,117,739664.64,6321.92,0,0,Small Appliances,Cleaning,2730.28,6321.92,2024-09-24,0
SKU0126,2025-03-03,180,1137945.6,6321.92,0,0,Small Appliances,Cleaning,2730.28,6321.92,2024-09-24,0
SKU0126,2025-03-10,181,1144267.52,6321.92,0,0,Small Appliances,Cleaning,2730.28,6321.92,2024-09-24,0
SKU0126,2025-03-17,157,992541.44,6321.92,0,0,Small Appliances,Cleaning,2730.28,6321.92,2024-09-24,0
SKU0126,2025-03-24,185,1169555.2,6321.92,0,0,Small Appliances,Cleaning,2730.28,6321.92,2024-09-24,0
SKU0126,2025-03-31,166,1049438.72,6321.92,0,0,Small Appliances,Cleaning,2730.28,6321.92,2024-09-24,0
SKU0126,2025-04-07,134,847137.28,6321.92,0,0,Small Appliances,Cleaning,2730.28,6321.92,2024-09-24,0
SKU0126,2025-04-14,166,1049438.72,6321.92,0,0,Small Appliances,Cleaning,2730.28,6321.92,2024-09-24,0
SKU0126,2025-04-21,161,1017829.12,6321.92,0,0,Small Appliances,Cleaning,2730.28,6321.92,2024-09-24,0
SKU0126,2025-04-28,146,923000.3200000001,6321.92,0,0,Small Appliances,Cleaning,2730.28,6321.92,2024-09-24,0
SKU0126,2025-05-05,155,979897.6,6321.92,0,0,Small Appliances,Cleaning,2730.28,6321.92,2024-09-24,0
SKU0126,2025-05-12,131,828171.52,6321.92,0,0,Small Appliances,Cleaning,2730.28,6321.92,2024-09-24,0
SKU0126,2025-05-19,82,518397.44,6321.92,0,0,Small Appliances,Cleaning,2730.28,6321.92,2024-09-24,0
SKU0126,2025-05-26,111,701733.12,6188.14,1,0,Small Appliances,Cleaning,2730.28,6321.92,2024-09-24,1
SKU0126,2025-06-02,263,1416375.59,5385.46,7,0,Small Appliances,Cleaning,2730.28,6321.92,2024-09-24,1
SKU0126,2025-06-09,198,1158094.01,6054.360000000001,2,0,Small Appliances,Cleaning,2730.28,6321.92,2024-09-24,1
SKU0126,2025-06-16,125,790240.0,6321.92,0,0,Small Appliances,Cleaning,2730.28,6321.92,2024-09-24,0
SKU0126,2025-06-23,94,594260.48,6321.92,0,0,Small Appliances,Cleaning,2730.28,6321.92,2024-09-24,0
SKU0126,2025-06-30,103,651157.76,6321.92,0,0,Small Appliances,Cleaning,2730.28,6321.92,2024-09-24,0
SKU0126,2025-07-07,104,657479.68,6321.92,0,0,Small Appliances,Cleaning,2730.28,6321.92,2024-09-24,0
SKU0126,2025-07-14,154,973575.68,6321.92,0,0,Small Appliances,Cleaning,2730.28,6321.92,2024-09-24,0
SKU0126,2025-07-21,106,670123.52,6321.92,0,0,Small Appliances,Cleaning,2730.28,6321.92,2024-09-24,0
SKU0126,2025-07-28,158,998863.36,6321.92,0,0,Small Appliances,Cleaning,2730.28,6321.92,2024-09-24,0
SKU0126,2025-08-04,130,821849.6,6321.92,0,0,Small Appliances,Cleaning,2730.28,6321.92,2024-09-24,0
SKU0126,2025-08-11,126,796561.9199999999,6321.92,0,1,Small Appliances,Cleaning,2730.28,6321.92,2024-09-24,0
SKU0126,2025-08-18,152,960931.84,6321.92,0,0,Small Appliances,Cleaning,2730.28,6321.92,2024-09-24,0
SKU0126,2025-08-25,135,853459.2,6321.92,0,0,Small Appliances,Cleaning,2730.28,6321.92,2024-09-24,0
SKU0127,2024-05-13,92,370081.04,4022.6200000000003,0,0,Furniture,Storage,2227.18,4022.62,2024-05-14,0
SKU0127,2024-05-20,132,530985.84,4022.62,0,0,Furniture,Storage,2227.18,4022.62,2024-05-14,0
SKU0127,2024-05-27,147,562267.35,3896.828571428571,2,0,Furniture,Storage,2227.18,4022.62,2024-05-14,1
SKU0127,2024-06-03,188,673481.9,3582.35,7,0,Furniture,Storage,2227.18,4022.62,2024-05-14,1
SKU0127,2024-06-10,142,562406.65,3959.7242857142855,1,0,Furniture,Storage,2227.18,4022.62,2024-05-14,1
SKU0127,2024-06-17,127,510872.74,4022.62,0,0,Furniture,Storage,2227.18,4022.62,2024-05-14,0
SKU0127,2024-06-24,118,474669.16000000003,4022.62,0,0,Furniture,Storage,2227.18,4022.62,2024-05-14,0
SKU0127,2024-07-01,133,535008.46,4022.62,0,0,Furniture,Storage,2227.18,4022.62,2024-05-14,0
SKU0127,2024-07-08,148,595347.76,4022.62,0,0,Furniture,Storage,2227.18,4022.62,2024-05-14,0
SKU0127,2024-07-15,148,595347.76,4022.62,0,0,Furniture,Storage,2227.18,4022.62,2024-05-14,0
SKU0127,2024-07-22,151,607415.62,4022.62,0,0,Furniture,Storage,2227.18,4022.62,2024-05-14,0
SKU0127,2024-07-29,127,510872.74,4022.62,0,0,Furniture,Storage,2227.18,4022.62,2024-05-14,0
SKU0127,2024-08-05,134,539031.08,4022.62,0,0,Furniture,Storage,2227.18,4022.62,2024-05-14,0
SKU0127,2024-08-12,131,526963.22,4022.62,0,1,Furniture,Storage,2227.18,4022.62,2024-05-14,0
SKU0127,2024-08-19,123,494782.26,4022.62,0,0,Furniture,Storage,2227.18,4022.62,2024-05-14,0
SKU0127,2024-08-26,164,659709.6799999999,4022.62,0,0,Furniture,Storage,2227.18,4022.62,2024-05-14,0
SKU0127,2024-09-02,141,567189.42,4022.62,0,0,Furniture,Storage,2227.18,4022.62,2024-05-14,0
SKU0127,2024-09-09,150,603393.0,4022.62,0,0,Furniture,Storage,2227.18,4022.62,2024-05-14,0
SKU0127,2024-09-16,153,615460.86,4022.62,0,0,Furniture,Storage,2227.18,4022.62,2024-05-14,0
SKU0127,2024-09-23,158,635573.96,4022.62,0,0,Furniture,Storage,2227.18,4022.62,2024-05-14,0
SKU0127,2024-09-30,125,502827.5,4022.62,0,1,Furniture,Storage,2227.18,4022.62,2024-05-14,0
SKU0127,2024-10-07,134,539031.08,4022.62,0,0,Furniture,Storage,2227.18,4022.62,2024-05-14,0
SKU0127,2024-10-14,121,486737.02,4022.62,0,0,Furniture,Storage,2227.18,4022.62,2024-05-14,0
SKU0127,2024-10-21,135,543053.7,4022.62,0,0,Furniture,Storage,2227.18,4022.62,2024-05-14,0
SKU0127,2024-10-28,111,446510.82,4022.62,0,0,Furniture,Storage,2227.18,4022.62,2024-05-14,0
SKU0127,2024-11-04,164,618324.35,3833.932857142857,3,0,Furniture,Storage,2227.18,4022.62,2024-05-14,1
SKU0127,2024-11-11,241,872592.12,3708.141428571428,5,0,Furniture,Storage,2227.18,4022.62,2024-05-14,1
SKU0127,2024-11-18,115,462601.3,4022.62,0,0,Furniture,Storage,2227.18,4022.62,2024-05-14,0
SKU0127,2024-11-25,96,386171.52,4022.62,0,0,Furniture,Storage,2227.18,4022.62,2024-05-14,0
SKU0127,2024-12-02,124,498804.88,4022.62,0,0,Furniture,Storage,2227.18,4022.62,2024-05-14,0
SKU0127,2024-12-09,156,627528.72,4022.62,0,0,Furniture,Storage,2227.18,4022.62,2024-05-14,0
SKU0127,2024-12-16,171,655728.34,3833.932857142857,3,0,Furniture,Storage,2227.18,4022.62,2024-05-14,1
SKU0127,2024-12-23,197,705723.04,3582.35,7,1,Furniture,Storage,2227.18,4022.62,2024-05-14,1
SKU0127,2024-12-30,113,429020.43,3896.828571428571,2,1,Furniture,Storage,2227.18,4022.62,2024-05-14,1
SKU0127,2025-01-06,110,442488.2,4022.62,0,0,Furniture,Storage,2227.18,4022.62,2024-05-14,0
SKU0127,2025-01-13,117,470646.54,4022.62,0,0,Furniture,Storage,2227.18,4022.62,2024-05-14,0
SKU0127,2025-01-20,125,502827.5,4022.62,0,0,Furniture,Storage,2227.18,4022.62,2024-05-14,0
SKU0127,2025-01-27,90,362035.8,4022.62,0,0,Furniture,Storage,2227.18,4022.62,2024-05-14,0
SKU0127,2025-02-03,107,430420.34,4022.62,0,0,Furniture,Storage,2227.18,4022.62,2024-05-14,0
SKU0127,2025-02-10,99,398239.38,4022.62,0,0,Furniture,Storage,2227.18,4022.62,2024-05-14,0
SKU0127,2025-02-17,86,345945.32,4022.62,0,0,Furniture,Storage,2227.18,4022.62,2024-05-14,0
SKU0127,2025-02-24,101,406284.62,4022.62,0,0,Furniture,Storage,2227.18,4022.62,2024-05-14,0
SKU0127,2025-03-03,104,418352.48,4022.62,0,0,Furniture,Storage,2227.18,4022.62,2024-05-14,0
SKU0127,2025-03-10,94,378126.27999999997,4022.62,0,0,Furniture,Storage,2227.18,4022.62,2024-05-14,0
SKU0127,2025-03-17,115,462601.3,4022.62,0,0,Furniture,Storage,2227.18,4022.62,2024-05-14,0
SKU0127,2025-03-24,112,450533.44,4022.62,0,0,Furniture,Storage,2227.18,4022.62,2024-05-14,0
SKU0127,2025-03-31,108,434442.96,4022.62,0,0,Furniture,Storage,2227.18,4022.62,2024-05-14,0
SKU0127,2025-04-07,96,386171.52,4022.62,0,0,Furniture,Storage,2227.18,4022.62,2024-05-14,0
SKU0127,2025-04-14,108,434442.96,4022.62,0,0,Furniture,Storage,2227.18,4022.62,2024-05-14,0
SKU0127,2025-04-21,94,378126.28,4022.62,0,0,Furniture,Storage,2227.18,4022.62,2024-05-14,0
SKU0127,2025-04-28,108,434442.95999999996,4022.62,0,0,Furniture,Storage,2227.18,4022.62,2024-05-14,0
SKU0127,2025-05-05,110,442488.2,4022.62,0,0,Furniture,Storage,2227.18,4022.62,2024-05-14,0
SKU0127,2025-05-12,109,438465.58,4022.62,0,0,Furniture,Storage,2227.18,4022.62,2024-05-14,0
SKU0127,2025-05-19,127,510872.74,4022.62,0,0,Furniture,Storage,2227.18,4022.62,2024-05-14,0
SKU0127,2025-05-26,146,578056.86,3959.7242857142855,1,0,Furniture,Storage,2227.18,4022.62,2024-05-14,1
SKU0127,2025-06-02,246,881258.24,3582.35,7,0,Furniture,Storage,2227.18,4022.62,2024-05-14,1
SKU0127,2025-06-09,158,606516.17,3896.828571428571,2,0,Furniture,Storage,2227.18,4022.62,2024-05-14,1
SKU0127,2025-06-16,112,450533.44,4022.62,0,0,Furniture,Storage,2227.18,4022.62,2024-05-14,0
SKU0127,2025-06-23,136,547076.32,4022.62,0,0,Furniture,Storage,2227.18,4022.62,2024-05-14,0
SKU0127,2025-06-30,158,635573.96,4022.62,0,0,Furniture,Storage,2227.18,4022.62,2024-05-14,0
SKU0127,2025-07-07,144,579257.28,4022.62,0,0,Furniture,Storage,2227.18,4022.62,2024-05-14,0
SKU0127,2025-07-14,126,506850.12,4022.62,0,0,Furniture,Storage,2227.18,4022.62,2024-05-14,0
SKU0127,2025-07-21,144,579257.28,4022.62,0,0,Furniture,Storage,2227.18,4022.62,2024-05-14,0
SKU0127,2025-07-28,145,583279.9,4022.62,0,0,Furniture,Storage,2227.18,4022.62,2024-05-14,0
SKU0127,2025-08-04,123,494782.26,4022.62,0,0,Furniture,Storage,2227.18,4022.62,2024-05-14,0
SKU0127,2025-08-11,140,563166.8,4022.62,0,1,Furniture,Storage,2227.18,4022.62,2024-05-14,0
SKU0127,2025-08-18,156,627528.72,4022.62,0,0,Furniture,Storage,2227.18,4022.62,2024-05-14,0
SKU0127,2025-08-25,122,490759.64,4022.62,0,0,Furniture,Storage,2227.18,4022.62,2024-05-14,0
SKU0128,2024-09-02,51,350892.24,6880.240000000001,0,0,Decor,Rugs,3430.26,6880.24,2024-09-06,0
SKU0128,2024-09-09,93,639862.32,6880.24,0,0,Decor,Rugs,3430.26,6880.24,2024-09-06,0
SKU0128,2024-09-16,100,688024.0,6880.24,0,0,Decor,Rugs,3430.26,6880.24,2024-09-06,0
SKU0128,2024-09-23,107,736185.6799999999,6880.24,0,0,Decor,Rugs,3430.26,6880.24,2024-09-06,0
SKU0128,2024-09-30,135,928832.4,6880.24,0,1,Decor,Rugs,3430.26,6880.24,2024-09-06,0
SKU0128,2024-10-07,77,529778.48,6880.24,0,0,Decor,Rugs,3430.26,6880.24,2024-09-06,0
SKU0128,2024-10-14,110,756826.4,6880.24,0,0,Decor,Rugs,3430.26,6880.24,2024-09-06,0
SKU0128,2024-10-21,88,605461.12,6880.24,0,0,Decor,Rugs,3430.26,6880.24,2024-09-06,0
SKU0128,2024-10-28,102,701784.48,6880.24,0,0,Decor,Rugs,3430.26,6880.24,2024-09-06,0
SKU0128,2024-11-04,160,1004449.01,6244.707142857143,3,0,Decor,Rugs,3430.26,6880.24,2024-09-06,1
SKU0128,2024-11-11,155,860312.21,5821.018571428571,5,0,Decor,Rugs,3430.26,6880.24,2024-09-06,1
SKU0128,2024-11-18,103,708664.72,6880.24,0,0,Decor,Rugs,3430.26,6880.24,2024-09-06,0
SKU0128,2024-11-25,115,791227.6,6880.24,0,0,Decor,Rugs,3430.26,6880.24,2024-09-06,0
SKU0128,2024-12-02,106,729305.44,6880.24,0,0,Decor,Rugs,3430.26,6880.24,2024-09-06,0
SKU0128,2024-12-09,113,777467.12,6880.24,0,0,Decor,Rugs,3430.26,6880.24,2024-09-06,0
SKU0128,2024-12-16,177,1108066.87,6244.707142857143,3,0,Decor,Rugs,3430.26,6880.24,2024-09-06,1
SKU0128,2024-12-23,156,841982.9199999999,5397.33,7,1,Decor,Rugs,3430.26,6880.24,2024-09-06,1
SKU0128,2024-12-30,167,1014054.95,6456.551428571429,2,1,Decor,Rugs,3430.26,6880.24,2024-09-06,1
SKU0128,2025-01-06,90,619221.6,6880.24,0,0,Decor,Rugs,3430.26,6880.24,2024-09-06,0
SKU0128,2025-01-13,143,983874.32,6880.24,0,0,Decor,Rugs,3430.26,6880.24,2024-09-06,0
SKU0128,2025-01-20,91,626101.84,6880.24,0,0,Decor,Rugs,3430.26,6880.24,2024-09-06,0
SKU0128,2025-01-27,132,908191.6799999999,6880.24,0,0,Decor,Rugs,3430.26,6880.24,2024-09-06,0
SKU0128,2025-02-03,100,688024.0,6880.24,0,0,Decor,Rugs,3430.26,6880.24,2024-09-06,0
SKU0128,2025-02-10,111,763706.64,6880.24,0,0,Decor,Rugs,3430.26,6880.24,2024-09-06,0
SKU0128,2025-02-17,70,481616.80000000005,6880.24,0,0,Decor,Rugs,3430.26,6880.24,2024-09-06,0
SKU0128,2025-02-24,88,605461.12,6880.24,0,0,Decor,Rugs,3430.26,6880.24,2024-09-06,0
SKU0128,2025-03-03,78,536658.72,6880.24,0,0,Decor,Rugs,3430.26,6880.24,2024-09-06,0
SKU0128,2025-03-10,116,798107.84,6880.24,0,0,Decor,Rugs,3430.26,6880.24,2024-09-06,0
SKU0128,2025-03-17,122,839389.28,6880.24,0,0,Decor,Rugs,3430.26,6880.24,2024-09-06,0
SKU0128,2025-03-24,63,433455.12,6880.24,0,0,Decor,Rugs,3430.26,6880.24,2024-09-06,0
SKU0128,2025-03-31,75,516018.0,6880.24,0,0,Decor,Rugs,3430.26,6880.24,2024-09-06,0
SKU0128,2025-04-07,75,516018.0,6880.24,0,0,Decor,Rugs,3430.26,6880.24,2024-09-06,0
SKU0128,2025-04-14,64,440335.36,6880.24,0,0,Decor,Rugs,3430.26,6880.24,2024-09-06,0
SKU0128,2025-04-21,88,605461.12,6880.24,0,0,Decor,Rugs,3430.26,6880.24,2024-09-06,0
SKU0128,2025-04-28,91,626101.84,6880.24,0,0,Decor,Rugs,3430.26,6880.24,2024-09-06,0
SKU0128,2025-05-05,51,350892.24,6880.24,0,0,Decor,Rugs,3430.26,6880.24,2024-09-06,0
SKU0128,2025-05-12,60,412814.4,6880.24,0,0,Decor,Rugs,3430.26,6880.24,2024-09-06,0
SKU0128,2025-05-19,90,619221.6,6880.24,0,0,Decor,Rugs,3430.26,6880.24,2024-09-06,0
SKU0128,2025-05-26,65,427937.77,6668.395714285713,1,0,Decor,Rugs,3430.26,6880.24,2024-09-06,1
SKU0128,2025-06-02,167,901353.51,5397.33,7,0,Decor,Rugs,3430.26,6880.24,2024-09-06,1
SKU0128,2025-06-09,78,475859.27,6456.551428571429,2,0,Decor,Rugs,3430.26,6880.24,2024-09-06,1
SKU0128,2025-06-16,62,426574.88,6880.24,0,0,Decor,Rugs,3430.26,6880.24,2024-09-06,0
SKU0128,2025-06-23,74,509137.76,6880.24,0,0,Decor,Rugs,3430.26,6880.24,2024-09-06,0
SKU0128,2025-06-30,59,405934.16,6880.24,0,0,Decor,Rugs,3430.26,6880.24,2024-09-06,0
SKU0128,2025-07-07,70,481616.80000000005,6880.24,0,0,Decor,Rugs,3430.26,6880.24,2024-09-06,0
SKU0128,2025-07-14,61,419694.64,6880.24,0,0,Decor,Rugs,3430.26,6880.24,2024-09-06,0
SKU0128,2025-07-21,103,708664.72,6880.24,0,0,Decor,Rugs,3430.26,6880.24,2024-09-06,0
SKU0128,2025-07-28,107,736185.6799999999,6880.24,0,0,Decor,Rugs,3430.26,6880.24,2024-09-06,0
SKU0128,2025-08-04,99,681143.76,6880.24,0,0,Decor,Rugs,3430.26,6880.24,2024-09-06,0
SKU0128,2025-08-11,86,591700.64,6880.24,0,1,Decor,Rugs,3430.26,6880.24,2024-09-06,0
SKU0128,2025-08-18,94,646742.5599999999,6880.24,0,0,Decor,Rugs,3430.26,6880.24,2024-09-06,0
SKU0128,2025-08-25,102,701784.48,6880.24,0,0,Decor,Rugs,3430.26,6880.24,2024-09-06,0
SKU0129,2024-10-14,85,526338.7,6192.22,0,0,Textiles,Bedding,3423.56,6192.22,2024-10-15,0
SKU0129,2024-10-21,142,879295.24,6192.22,0,0,Textiles,Bedding,3423.56,6192.22,2024-10-15,0
SKU0129,2024-10-28,128,792604.16,6192.22,0,0,Textiles,Bedding,3423.56,6192.22,2024-10-15,0
SKU0129,2024-11-04,155,855093.06,5682.314285714286,3,0,Textiles,Bedding,3423.56,6192.22,2024-10-15,1
SKU0129,2024-11-11,225,1173139.35,5342.377142857143,5,0,Textiles,Bedding,3423.56,6192.22,2024-10-15,1
SKU0129,2024-11-18,138,854526.36,6192.22,0,0,Textiles,Bedding,3423.56,6192.22,2024-10-15,0
SKU0129,2024-11-25,140,866910.8,6192.22,0,0,Textiles,Bedding,3423.56,6192.22,2024-10-15,0
SKU0129,2024-12-02,141,873103.02,6192.22,0,0,Textiles,Bedding,3423.56,6192.22,2024-10-15,0
SKU0129,2024-12-09,134,829757.48,6192.22,0,0,Textiles,Bedding,3423.56,6192.22,2024-10-15,0
SKU0129,2024-12-16,152,848414.25,5682.314285714286,3,0,Textiles,Bedding,3423.56,6192.22,2024-10-15,1
SKU0129,2024-12-23,245,1225596.69,5002.44,7,1,Textiles,Bedding,3423.56,6192.22,2024-10-15,1
SKU0129,2024-12-30,153,854606.47,5852.282857142857,2,1,Textiles,Bedding,3423.56,6192.22,2024-10-15,1
SKU0129,2025-01-06,135,835949.7,6192.22,0,0,Textiles,Bedding,3423.56,6192.22,2024-10-15,0
SKU0129,2025-01-13,93,575876.46,6192.22,0,0,Textiles,Bedding,3423.56,6192.22,2024-10-15,0
SKU0129,2025-01-20,114,705913.0800000001,6192.22,0,0,Textiles,Bedding,3423.56,6192.22,2024-10-15,0
SKU0129,2025-01-27,98,606837.56,6192.22,0,0,Textiles,Bedding,3423.56,6192.22,2024-10-15,0
SKU0129,2025-02-03,118,730681.96,6192.22,0,0,Textiles,Bedding,3423.56,6192.22,2024-10-15,0
SKU0129,2025-02-10,97,600645.34,6192.22,0,0,Textiles,Bedding,3423.56,6192.22,2024-10-15,0
SKU0129,2025-02-17,108,668759.76,6192.22,0,0,Textiles,Bedding,3423.56,6192.22,2024-10-15,0
SKU0129,2025-02-24,116,718297.52,6192.22,0,0,Textiles,Bedding,3423.56,6192.22,2024-10-15,0
SKU0129,2025-03-03,96,594453.12,6192.22,0,0,Textiles,Bedding,3423.56,6192.22,2024-10-15,0
SKU0129,2025-03-10,92,569684.24,6192.22,0,0,Textiles,Bedding,3423.56,6192.22,2024-10-15,0
SKU0129,2025-03-17,83,513954.26,6192.22,0,0,Textiles,Bedding,3423.56,6192.22,2024-10-15,0
SKU0129,2025-03-24,109,674951.98,6192.22,0,0,Textiles,Bedding,3423.56,6192.22,2024-10-15,0
SKU0129,2025-03-31,104,643990.88,6192.22,0,0,Textiles,Bedding,3423.56,6192.22,2024-10-15,0
SKU0129,2025-04-07,81,501569.82,6192.22,0,0,Textiles,Bedding,3423.56,6192.22,2024-10-15,0
SKU0129,2025-04-14,116,718297.52,6192.22,0,0,Textiles,Bedding,3423.56,6192.22,2024-10-15,0
SKU0129,2025-04-21,90,557299.8,6192.22,0,0,Textiles,Bedding,3423.56,6192.22,2024-10-15,0
SKU0129,2025-04-28,110,681144.2,6192.22,0,0,Textiles,Bedding,3423.56,6192.22,2024-10-15,0
SKU0129,2025-05-05,70,433455.4,6192.22,0,0,Textiles,Bedding,3423.56,6192.22,2024-10-15,0
SKU0129,2025-05-12,88,544915.36,6192.22,0,0,Textiles,Bedding,3423.56,6192.22,2024-10-15,0
SKU0129,2025-05-19,83,513954.26,6192.22,0,0,Textiles,Bedding,3423.56,6192.22,2024-10-15,0
SKU0129,2025-05-26,137,800742.76,6022.251428571429,1,0,Textiles,Bedding,3423.56,6192.22,2024-10-15,1
SKU0129,2025-06-02,199,995484.6599999999,5002.44,7,0,Textiles,Bedding,3423.56,6192.22,2024-10-15,1
SKU0129,2025-06-09,121,674302.2,5852.282857142857,2,0,Textiles,Bedding,3423.56,6192.22,2024-10-15,1
SKU0129,2025-06-16,104,643990.88,6192.22,0,0,Textiles,Bedding,3423.56,6192.22,2024-10-15,0
SKU0129,2025-06-23,90,557299.8,6192.22,0,0,Textiles,Bedding,3423.56,6192.22,2024-10-15,0
SKU0129,2025-06-30,90,557299.8,6192.22,0,0,Textiles,Bedding,3423.56,6192.22,2024-10-15,0
SKU0129,2025-07-07,120,743066.4,6192.22,0,0,Textiles,Bedding,3423.56,6192.22,2024-10-15,0
SKU0129,2025-07-14,97,600645.34,6192.22,0,0,Textiles,Bedding,3423.56,6192.22,2024-10-15,0
SKU0129,2025-07-21,78,482993.16000000003,6192.22,0,0,Textiles,Bedding,3423.56,6192.22,2024-10-15,0
SKU0129,2025-07-28,118,730681.96,6192.22,0,0,Textiles,Bedding,3423.56,6192.22,2024-10-15,0
SKU0129,2025-08-04,87,538723.14,6192.22,0,0,Textiles,Bedding,3423.56,6192.22,2024-10-15,0
SKU0129,2025-08-11,120,743066.4,6192.22,0,1,Textiles,Bedding,3423.56,6192.22,2024-10-15,0
SKU0129,2025-08-18,75,464416.5,6192.22,0,0,Textiles,Bedding,3423.56,6192.22,2024-10-15,0
SKU0129,2025-08-25,126,780219.72,6192.22,0,0,Textiles,Bedding,3423.56,6192.22,2024-10-15,0
SKU0130,2024-08-26,232,977283.76,4212.43,0,0,Decor,Lighting,1684.43,4212.43,2024-08-27,0
SKU0130,2024-09-02,322,1356402.46,4212.43,0,0,Decor,Lighting,1684.43,4212.43,2024-08-27,0
SKU0130,2024-09-09,308,1297428.44,4212.43,0,0,Decor,Lighting,1684.43,4212.43,2024-08-27,0
SKU0130,2024-09-16,304,1280578.72,4212.43,0,0,Decor,Lighting,1684.43,4212.43,2024-08-27,0
SKU0130,2024-09-23,223,939371.8899999999,4212.43,0,0,Decor,Lighting,1684.43,4212.43,2024-08-27,0
SKU0130,2024-09-30,284,1196330.12,4212.43,0,1,Decor,Lighting,1684.43,4212.43,2024-08-27,0
SKU0130,2024-10-07,256,1078382.08,4212.43,0,0,Decor,Lighting,1684.43,4212.43,2024-08-27,0
SKU0130,2024-10-14,258,1086806.94,4212.43,0,0,Decor,Lighting,1684.43,4212.43,2024-08-27,0
SKU0130,2024-10-21,292,1230029.56,4212.43,0,0,Decor,Lighting,1684.43,4212.43,2024-08-27,0
SKU0130,2024-10-28,311,1310065.73,4212.43,0,0,Decor,Lighting,1684.43,4212.43,2024-08-27,0
SKU0130,2024-11-04,379,1454188.28,3884.4957142857143,3,0,Decor,Lighting,1684.43,4212.43,2024-08-27,1
SKU0130,2024-11-11,384,1368125.8199999998,3665.8728571428574,5,0,Decor,Lighting,1684.43,4212.43,2024-08-27,1
SKU0130,2024-11-18,262,1103656.66,4212.43,0,0,Decor,Lighting,1684.43,4212.43,2024-08-27,0
SKU0130,2024-11-25,201,846698.43,4212.43,0,0,Decor,Lighting,1684.43,4212.43,2024-08-27,0
SKU0130,2024-12-02,232,977283.76,4212.43,0,0,Decor,Lighting,1684.43,4212.43,2024-08-27,0
SKU0130,2024-12-09,210,884610.3,4212.43,0,0,Decor,Lighting,1684.43,4212.43,2024-08-27,0
SKU0130,2024-12-16,265,999987.24,3884.4957142857143,3,0,Decor,Lighting,1684.43,4212.43,2024-08-27,1
SKU0130,2024-12-23,421,1451294.05,3447.25,7,1,Decor,Lighting,1684.43,4212.43,2024-08-27,1
SKU0130,2024-12-30,288,1132071.21,3993.807142857143,2,1,Decor,Lighting,1684.43,4212.43,2024-08-27,1
SKU0130,2025-01-06,250,1053107.5,4212.43,0,0,Decor,Lighting,1684.43,4212.43,2024-08-27,0
SKU0130,2025-01-13,170,716113.1,4212.43,0,0,Decor,Lighting,1684.43,4212.43,2024-08-27,0
SKU0130,2025-01-20,204,859335.72,4212.43,0,0,Decor,Lighting,1684.43,4212.43,2024-08-27,0
SKU0130,2025-01-27,214,901460.02,4212.43,0,0,Decor,Lighting,1684.43,4212.43,2024-08-27,0
SKU0130,2025-02-03,145,610802.35,4212.43,0,0,Decor,Lighting,1684.43,4212.43,2024-08-27,0
SKU0130,2025-02-10,155,652926.65,4212.43,0,0,Decor,Lighting,1684.43,4212.43,2024-08-27,0
SKU0130,2025-02-17,195,821423.85,4212.43,0,0,Decor,Lighting,1684.43,4212.43,2024-08-27,0
SKU0130,2025-02-24,200,842486.0,4212.43,0,0,Decor,Lighting,1684.43,4212.43,2024-08-27,0
SKU0130,2025-03-03,209,880397.87,4212.43,0,0,Decor,Lighting,1684.43,4212.43,2024-08-27,0
SKU0130,2025-03-10,189,796149.27,4212.43,0,0,Decor,Lighting,1684.43,4212.43,2024-08-27,0
SKU0130,2025-03-17,206,867760.5800000001,4212.43,0,0,Decor,Lighting,1684.43,4212.43,2024-08-27,0
SKU0130,2025-03-24,244,1027832.92,4212.43,0,0,Decor,Lighting,1684.43,4212.43,2024-08-27,0
SKU0130,2025-03-31,210,884610.3,4212.43,0,0,Decor,Lighting,1684.43,4212.43,2024-08-27,0
SKU0130,2025-04-07,194,817211.42,4212.43,0,0,Decor,Lighting,1684.43,4212.43,2024-08-27,0
SKU0130,2025-04-14,237,998345.91,4212.43,0,0,Decor,Lighting,1684.43,4212.43,2024-08-27,0
SKU0130,2025-04-21,256,1078382.08,4212.43,0,0,Decor,Lighting,1684.43,4212.43,2024-08-27,0
SKU0130,2025-04-28,225,947796.75,4212.43,0,0,Decor,Lighting,1684.43,4212.43,2024-08-27,0
SKU0130,2025-05-05,194,817211.42,4212.43,0,0,Decor,Lighting,1684.43,4212.43,2024-08-27,0
SKU0130,2025-05-12,213,897247.59,4212.43,0,0,Decor,Lighting,1684.43,4212.43,2024-08-27,0
SKU0130,2025-05-19,291,1225817.1300000001,4212.43,0,0,Decor,Lighting,1684.43,4212.43,2024-08-27,0
SKU0130,2025-05-26,289,1190611.12,4103.118571428572,1,0,Decor,Lighting,1684.43,4212.43,2024-08-27,1
SKU0130,2025-06-02,538,1854622.8,3447.25,7,0,Decor,Lighting,1684.43,4212.43,2024-08-27,1
SKU0130,2025-06-09,298,1142058.13,3993.807142857143,2,0,Decor,Lighting,1684.43,4212.43,2024-08-27,1
SKU0130,2025-06-16,356,1499625.08,4212.43,0,0,Decor,Lighting,1684.43,4212.43,2024-08-27,0
SKU0130,2025-06-23,333,1402739.19,4212.43,0,0,Decor,Lighting,1684.43,4212.43,2024-08-27,0
SKU0130,2025-06-30,318,1339552.74,4212.43,0,0,Decor,Lighting,1684.43,4212.43,2024-08-27,0
SKU0130,2025-07-07,359,1512262.37,4212.43,0,0,Decor,Lighting,1684.43,4212.43,2024-08-27,0
SKU0130,2025-07-14,365,1537536.95,4212.43,0,0,Decor,Lighting,1684.43,4212.43,2024-08-27,0
SKU0130,2025-07-21,344,1449075.92,4212.43,0,0,Decor,Lighting,1684.43,4212.43,2024-08-27,0
SKU0130,2025-07-28,310,1305853.3,4212.43,0,0,Decor,Lighting,1684.43,4212.43,2024-08-27,0
SKU0130,2025-08-04,385,1621785.55,4212.43,0,0,Decor,Lighting,1684.43,4212.43,2024-08-27,0
SKU0130,2025-08-11,391,1647060.1300000001,4212.43,0,1,Decor,Lighting,1684.43,4212.43,2024-08-27,0
SKU0130,2025-08-18,339,1428013.77,4212.43,0,0,Decor,Lighting,1684.43,4212.43,2024-08-27,0
SKU0130,2025-08-25,363,1529112.09,4212.43,0,0,Decor,Lighting,1684.43,4212.43,2024-08-27,0
SKU0131,2024-01-01,15,35563.05,2370.87,0,0,Small Appliances,Climate,1454.59,2370.87,2024-01-03,0
SKU0131,2024-01-08,16,37933.92,2370.87,0,0,Small Appliances,Climate,1454.59,2370.87,2024-01-03,0
SKU0131,2024-01-15,24,56900.88,2370.87,0,0,Small Appliances,Climate,1454.59,2370.87,2024-01-03,0
SKU0131,2024-01-22,19,45046.53,2370.87,0,0,Small Appliances,Climate,1454.59,2370.87,2024-01-03,0
SKU0131,2024-01-29,23,54530.009999999995,2370.87,0,0,Small Appliances,Climate,1454.59,2370.87,2024-01-03,0
SKU0131,2024-02-05,21,49788.27,2370.87,0,0,Small Appliances,Climate,1454.59,2370.87,2024-01-03,0
SKU0131,2024-02-12,22,52159.14,2370.87,0,0,Small Appliances,Climate,1454.59,2370.87,2024-01-03,0
SKU0131,2024-02-19,18,42675.659999999996,2370.87,0,0,Small Appliances,Climate,1454.59,2370.87,2024-01-03,0
SKU0131,2024-02-26,20,47417.4,2370.87,0,0,Small Appliances,Climate,1454.59,2370.87,2024-01-03,0
SKU0131,2024-03-04,22,52159.14,2370.87,0,0,Small Appliances,Climate,1454.59,2370.87,2024-01-03,0
SKU0131,2024-03-11,20,47417.4,2370.87,0,0,Small Appliances,Climate,1454.59,2370.87,2024-01-03,0
SKU0131,2024-03-18,17,40304.79,2370.87,0,0,Small Appliances,Climate,1454.59,2370.87,2024-01-03,0
SKU0131,2024-03-25,26,61642.62,2370.87,0,0,Small Appliances,Climate,1454.59,2370.87,2024-01-03,0
SKU0131,2024-04-01,18,42675.659999999996,2370.87,0,0,Small Appliances,Climate,1454.59,2370.87,2024-01-03,0
SKU0131,2024-04-08,18,42675.66,2370.87,0,0,Small Appliances,Climate,1454.59,2370.87,2024-01-03,0
SKU0131,2024-04-15,15,35563.05,2370.87,0,0,Small Appliances,Climate,1454.59,2370.87,2024-01-03,0
SKU0131,2024-04-22,25,59271.75,2370.87,0,0,Small Appliances,Climate,1454.59,2370.87,2024-01-03,0
SKU0131,2024-04-29,15,35563.05,2370.87,0,0,Small Appliances,Climate,1454.59,2370.87,2024-01-03,0
SKU0131,2024-05-06,28,66384.36,2370.87,0,0,Small Appliances,Climate,1454.59,2370.87,2024-01-03,0
SKU0131,2024-05-13,22,52159.14,2370.87,0,0,Small Appliances,Climate,1454.59,2370.87,2024-01-03,0
SKU0131,2024-05-20,15,35563.05,2370.87,0,0,Small Appliances,Climate,1454.59,2370.87,2024-01-03,0
SKU0131,2024-05-27,35,77220.3,2244.272857142857,2,0,Small Appliances,Climate,1454.59,2370.87,2024-01-03,1
SKU0131,2024-06-03,38,73255.69,1927.78,7,0,Small Appliances,Climate,1454.59,2370.87,2024-01-03,1
SKU0131,2024-06-10,32,72323.13,2307.5714285714284,1,0,Small Appliances,Climate,1454.59,2370.87,2024-01-03,1
SKU0131,2024-06-17,34,80609.58,2370.87,0,0,Small Appliances,Climate,1454.59,2370.87,2024-01-03,0
SKU0131,2024-06-24,27,64013.49,2370.87,0,0,Small Appliances,Climate,1454.59,2370.87,2024-01-03,0
SKU0131,2024-07-01,12,28450.44,2370.87,0,0,Small Appliances,Climate,1454.59,2370.87,2024-01-03,0
SKU0131,2024-07-08,17,40304.79,2370.87,0,0,Small Appliances,Climate,1454.59,2370.87,2024-01-03,0
SKU0131,2024-07-15,29,68755.23,2370.87,0,0,Small Appliances,Climate,1454.59,2370.87,2024-01-03,0
SKU0131,2024-07-22,13,30821.309999999998,2370.87,0,0,Small Appliances,Climate,1454.59,2370.87,2024-01-03,0
SKU0131,2024-07-29,27,64013.49,2370.87,0,0,Small Appliances,Climate,1454.59,2370.87,2024-01-03,0
SKU0131,2024-08-05,29,68755.23,2370.87,0,0,Small Appliances,Climate,1454.59,2370.87,2024-01-03,0
SKU0131,2024-08-12,36,85351.32,2370.87,0,1,Small Appliances,Climate,1454.59,2370.87,2024-01-03,0
SKU0131,2024-08-19,23,54530.01,2370.87,0,0,Small Appliances,Climate,1454.59,2370.87,2024-01-03,0
SKU0131,2024-08-26,31,73496.97,2370.87,0,0,Small Appliances,Climate,1454.59,2370.87,2024-01-03,0
SKU0131,2024-09-02,41,97205.67,2370.87,0,0,Small Appliances,Climate,1454.59,2370.87,2024-01-03,0
SKU0131,2024-09-09,29,68755.23,2370.87,0,0,Small Appliances,Climate,1454.59,2370.87,2024-01-03,0
SKU0131,2024-09-16,33,78238.70999999999,2370.87,0,0,Small Appliances,Climate,1454.59,2370.87,2024-01-03,0
SKU0131,2024-09-23,34,80609.58,2370.87,0,0,Small Appliances,Climate,1454.59,2370.87,2024-01-03,0
SKU0131,2024-09-30,30,71126.1,2370.87,0,1,Small Appliances,Climate,1454.59,2370.87,2024-01-03,0
SKU0131,2024-10-07,32,75867.84,2370.87,0,0,Small Appliances,Climate,1454.59,2370.87,2024-01-03,0
SKU0131,2024-10-14,27,64013.49,2370.87,0,0,Small Appliances,Climate,1454.59,2370.87,2024-01-03,0
SKU0131,2024-10-21,29,68755.23,2370.87,0,0,Small Appliances,Climate,1454.59,2370.87,2024-01-03,0
SKU0131,2024-10-28,45,106689.15,2370.87,0,0,Small Appliances,Climate,1454.59,2370.87,2024-01-03,0
SKU0131,2024-11-04,31,67736.82,2180.9742857142855,3,0,Small Appliances,Climate,1454.59,2370.87,2024-01-03,1
SKU0131,2024-11-11,41,81697.57,2054.3771428571426,5,0,Small Appliances,Climate,1454.59,2370.87,2024-01-03,1
SKU0131,2024-11-18,35,82980.45,2370.87,0,0,Small Appliances,Climate,1454.59,2370.87,2024-01-03,0
SKU0131,2024-11-25,24,56900.88,2370.87,0,0,Small Appliances,Climate,1454.59,2370.87,2024-01-03,0
SKU0131,2024-12-02,28,66384.36,2370.87,0,0,Small Appliances,Climate,1454.59,2370.87,2024-01-03,0
SKU0131,2024-12-09,24,56900.88,2370.87,0,0,Small Appliances,Climate,1454.59,2370.87,2024-01-03,0
SKU0131,2024-12-16,34,75292.51999999999,2180.9742857142855,3,0,Small Appliances,Climate,1454.59,2370.87,2024-01-03,1
SKU0131,2024-12-23,59,113739.11,1927.78,7,1,Small Appliances,Climate,1454.59,2370.87,2024-01-03,1
SKU0131,2024-12-30,39,85374.51,2244.272857142857,2,1,Small Appliances,Climate,1454.59,2370.87,2024-01-03,1
SKU0131,2025-01-06,31,73496.97,2370.87,0,0,Small Appliances,Climate,1454.59,2370.87,2024-01-03,0
SKU0131,2025-01-13,28,66384.36,2370.87,0,0,Small Appliances,Climate,1454.59,2370.87,2024-01-03,0
SKU0131,2025-01-20,30,71126.1,2370.87,0,0,Small Appliances,Climate,1454.59,2370.87,2024-01-03,0
SKU0131,2025-01-27,26,61642.619999999995,2370.87,0,0,Small Appliances,Climate,1454.59,2370.87,2024-01-03,0
SKU0131,2025-02-03,30,71126.1,2370.87,0,0,Small Appliances,Climate,1454.59,2370.87,2024-01-03,0
SKU0131,2025-02-10,27,64013.49,2370.87,0,0,Small Appliances,Climate,1454.59,2370.87,2024-01-03,0
SKU0131,2025-02-17,26,61642.619999999995,2370.87,0,0,Small Appliances,Climate,1454.59,2370.87,2024-01-03,0
SKU0131,2025-02-24,23,54530.009999999995,2370.87,0,0,Small Appliances,Climate,1454.59,2370.87,2024-01-03,0
SKU0131,2025-03-03,27,64013.49,2370.87,0,0,Small Appliances,Climate,1454.59,2370.87,2024-01-03,0
SKU0131,2025-03-10,28,66384.36,2370.87,0,0,Small Appliances,Climate,1454.59,2370.87,2024-01-03,0
SKU0131,2025-03-17,34,80609.58,2370.87,0,0,Small Appliances,Climate,1454.59,2370.87,2024-01-03,0
SKU0131,2025-03-24,25,59271.75,2370.87,0,0,Small Appliances,Climate,1454.59,2370.87,2024-01-03,0
SKU0131,2025-03-31,25,59271.75,2370.87,0,0,Small Appliances,Climate,1454.59,2370.87,2024-01-03,0
SKU0131,2025-04-07,19,45046.53,2370.87,0,0,Small Appliances,Climate,1454.59,2370.87,2024-01-03,0
SKU0131,2025-04-14,26,61642.62,2370.87,0,0,Small Appliances,Climate,1454.59,2370.87,2024-01-03,0
SKU0131,2025-04-21,19,45046.53,2370.87,0,0,Small Appliances,Climate,1454.59,2370.87,2024-01-03,0
SKU0131,2025-04-28,26,61642.619999999995,2370.87,0,0,Small Appliances,Climate,1454.59,2370.87,2024-01-03,0
SKU0131,2025-05-05,31,73496.97,2370.87,0,0,Small Appliances,Climate,1454.59,2370.87,2024-01-03,0
SKU0131,2025-05-12,34,80609.58,2370.87,0,0,Small Appliances,Climate,1454.59,2370.87,2024-01-03,0
SKU0131,2025-05-19,28,66384.36,2370.87,0,0,Small Appliances,Climate,1454.59,2370.87,2024-01-03,0
SKU0131,2025-05-26,34,77951.04999999999,2307.5714285714284,1,0,Small Appliances,Climate,1454.59,2370.87,2024-01-03,1
SKU0131,2025-06-02,54,104100.2,1927.78,7,0,Small Appliances,Climate,1454.59,2370.87,2024-01-03,1
SKU0131,2025-06-09,46,95767.36,2244.272857142857,2,0,Small Appliances,Climate,1454.59,2370.87,2024-01-03,1
SKU0131,2025-06-16,35,82980.45,2370.87,0,0,Small Appliances,Climate,1454.59,2370.87,2024-01-03,0
SKU0131,2025-06-23,32,75867.84,2370.87,0,0,Small Appliances,Climate,1454.59,2370.87,2024-01-03,0
SKU0131,2025-06-30,28,66384.36,2370.87,0,0,Small Appliances,Climate,1454.59,2370.87,2024-01-03,0
SKU0131,2025-07-07,22,52159.14,2370.87,0,0,Small Appliances,Climate,1454.59,2370.87,2024-01-03,0
SKU0131,2025-07-14,38,90093.06,2370.87,0,0,Small Appliances,Climate,1454.59,2370.87,2024-01-03,0
SKU0131,2025-07-21,41,97205.67,2370.87,0,0,Small Appliances,Climate,1454.59,2370.87,2024-01-03,0
SKU0131,2025-07-28,34,80609.58,2370.87,0,0,Small Appliances,Climate,1454.59,2370.87,2024-01-03,0
SKU0131,2025-08-04,32,75867.84,2370.87,0,0,Small Appliances,Climate,1454.59,2370.87,2024-01-03,0
SKU0131,2025-08-11,30,71126.1,2370.87,0,1,Small Appliances,Climate,1454.59,2370.87,2024-01-03,0
SKU0131,2025-08-18,33,78238.70999999999,2370.87,0,0,Small Appliances,Climate,1454.59,2370.87,2024-01-03,0
SKU0131,2025-08-25,37,87722.18999999999,2370.87,0,0,Small Appliances,Climate,1454.59,2370.87,2024-01-03,0
SKU0132,2024-12-23,117,291955.83999999997,2495.35,3,0,Textiles,Bedding,1334.01,2825.66,2024-12-27,1
SKU0132,2024-12-30,392,1076939.8,2731.285714285714,2,1,Textiles,Bedding,1334.01,2825.66,2024-12-27,1
SKU0132,2025-01-06,278,785533.48,2825.66,0,0,Textiles,Bedding,1334.01,2825.66,2024-12-27,0
SKU0132,2025-01-13,296,836395.36,2825.66,0,0,Textiles,Bedding,1334.01,2825.66,2024-12-27,0
SKU0132,2025-01-20,317,895734.22,2825.66,0,0,Textiles,Bedding,1334.01,2825.66,2024-12-27,0
SKU0132,2025-01-27,235,664030.1,2825.66,0,0,Textiles,Bedding,1334.01,2825.66,2024-12-27,0
SKU0132,2025-02-03,259,731845.9400000001,2825.66,0,0,Textiles,Bedding,1334.01,2825.66,2024-12-27,0
SKU0132,2025-02-10,349,986155.3400000001,2825.66,0,0,Textiles,Bedding,1334.01,2825.66,2024-12-27,0
SKU0132,2025-02-17,272,768579.52,2825.66,0,0,Textiles,Bedding,1334.01,2825.66,2024-12-27,0
SKU0132,2025-02-24,310,875954.6,2825.66,0,0,Textiles,Bedding,1334.01,2825.66,2024-12-27,0
SKU0132,2025-03-03,278,785533.48,2825.66,0,0,Textiles,Bedding,1334.01,2825.66,2024-12-27,0
SKU0132,2025-03-10,340,960724.4,2825.66,0,0,Textiles,Bedding,1334.01,2825.66,2024-12-27,0
SKU0132,2025-03-17,299,844872.34,2825.66,0,0,Textiles,Bedding,1334.01,2825.66,2024-12-27,0
SKU0132,2025-03-24,286,808138.76,2825.66,0,0,Textiles,Bedding,1334.01,2825.66,2024-12-27,0
SKU0132,2025-03-31,257,726194.62,2825.66,0,0,Textiles,Bedding,1334.01,2825.66,2024-12-27,0
SKU0132,2025-04-07,301,850523.66,2825.66,0,0,Textiles,Bedding,1334.01,2825.66,2024-12-27,0
SKU0132,2025-04-14,403,1138740.98,2825.66,0,0,Textiles,Bedding,1334.01,2825.66,2024-12-27,0
SKU0132,2025-04-21,274,774230.84,2825.66,0,0,Textiles,Bedding,1334.01,2825.66,2024-12-27,0
SKU0132,2025-04-28,305,861826.3,2825.66,0,0,Textiles,Bedding,1334.01,2825.66,2024-12-27,0
SKU0132,2025-05-05,296,836395.36,2825.66,0,0,Textiles,Bedding,1334.01,2825.66,2024-12-27,0
SKU0132,2025-05-12,272,768579.52,2825.66,0,0,Textiles,Bedding,1334.01,2825.66,2024-12-27,0
SKU0132,2025-05-19,197,556655.02,2825.66,0,0,Textiles,Bedding,1334.01,2825.66,2024-12-27,0
SKU0132,2025-05-26,292,820138.06,2778.472857142857,1,0,Textiles,Bedding,1334.01,2825.66,2024-12-27,1
SKU0132,2025-06-02,456,1137879.19,2495.35,7,0,Textiles,Bedding,1334.01,2825.66,2024-12-27,1
SKU0132,2025-06-09,288,780428.6799999999,2731.285714285714,2,0,Textiles,Bedding,1334.01,2825.66,2024-12-27,1
SKU0132,2025-06-16,183,517095.78,2825.66,0,0,Textiles,Bedding,1334.01,2825.66,2024-12-27,0
SKU0132,2025-06-23,237,669681.42,2825.66,0,0,Textiles,Bedding,1334.01,2825.66,2024-12-27,0
SKU0132,2025-06-30,267,754451.22,2825.66,0,0,Textiles,Bedding,1334.01,2825.66,2024-12-27,0
SKU0132,2025-07-07,290,819441.4,2825.66,0,0,Textiles,Bedding,1334.01,2825.66,2024-12-27,0
SKU0132,2025-07-14,320,904211.2000000001,2825.66,0,0,Textiles,Bedding,1334.01,2825.66,2024-12-27,0
SKU0132,2025-07-21,219,618819.54,2825.66,0,0,Textiles,Bedding,1334.01,2825.66,2024-12-27,0
SKU0132,2025-07-28,269,760102.54,2825.66,0,0,Textiles,Bedding,1334.01,2825.66,2024-12-27,0
SKU0132,2025-08-04,271,765753.86,2825.66,0,0,Textiles,Bedding,1334.01,2825.66,2024-12-27,0
SKU0132,2025-08-11,299,844872.34,2825.66,0,1,Textiles,Bedding,1334.01,2825.66,2024-12-27,0
SKU0132,2025-08-18,308,870303.28,2825.66,0,0,Textiles,Bedding,1334.01,2825.66,2024-12-27,0
SKU0132,2025-08-25,189,534049.74,2825.66,0,0,Textiles,Bedding,1334.01,2825.66,2024-12-27,0
SKU0133,2024-03-11,89,549300.88,6171.92,0,0,Furniture,Tables,2856.68,6171.92,2024-03-13,0
SKU0133,2024-03-18,96,592504.3200000001,6171.92,0,0,Furniture,Tables,2856.68,6171.92,2024-03-13,0
SKU0133,2024-03-25,116,715942.72,6171.92,0,0,Furniture,Tables,2856.68,6171.92,2024-03-13,0
SKU0133,2024-04-01,191,1178836.72,6171.92,0,0,Furniture,Tables,2856.68,6171.92,2024-03-13,0
SKU0133,2024-04-08,119,734458.48,6171.92,0,0,Furniture,Tables,2856.68,6171.92,2024-03-13,0
SKU0133,2024-04-15,172,1061570.24,6171.92,0,0,Furniture,Tables,2856.68,6171.92,2024-03-13,0
SKU0133,2024-04-22,156,962819.52,6171.92,0,0,Furniture,Tables,2856.68,6171.92,2024-03-13,0
SKU0133,2024-04-29,166,1024538.72,6171.92,0,0,Furniture,Tables,2856.68,6171.92,2024-03-13,0
SKU0133,2024-05-06,231,1425713.52,6171.92,0,0,Furniture,Tables,2856.68,6171.92,2024-03-13,0
SKU0133,2024-05-13,168,1036882.5599999999,6171.92,0,0,Furniture,Tables,2856.68,6171.92,2024-03-13,0
SKU0133,2024-05-20,189,1166492.88,6171.92,0,0,Furniture,Tables,2856.68,6171.92,2024-03-13,0
SKU0133,2024-05-27,270,1621347.63,5919.422857142857,2,0,Furniture,Tables,2856.68,6171.92,2024-03-13,1
SKU0133,2024-06-03,437,2310934.39,5288.18,7,0,Furniture,Tables,2856.68,6171.92,2024-03-13,1
SKU0133,2024-06-10,225,1378960.85,6045.671428571428,1,0,Furniture,Tables,2856.68,6171.92,2024-03-13,1
SKU0133,2024-06-17,123,759146.16,6171.92,0,0,Furniture,Tables,2856.68,6171.92,2024-03-13,0
SKU0133,2024-06-24,305,1882435.5999999999,6171.92,0,0,Furniture,Tables,2856.68,6171.92,2024-03-13,0
SKU0133,2024-07-01,213,1314618.96,6171.92,0,0,Furniture,Tables,2856.68,6171.92,2024-03-13,0
SKU0133,2024-07-08,207,1277587.44,6171.92,0,0,Furniture,Tables,2856.68,6171.92,2024-03-13,0
SKU0133,2024-07-15,281,1734309.52,6171.92,0,0,Furniture,Tables,2856.68,6171.92,2024-03-13,0
SKU0133,2024-07-22,267,1647902.6400000001,6171.92,0,0,Furniture,Tables,2856.68,6171.92,2024-03-13,0
SKU0133,2024-07-29,187,1154149.04,6171.92,0,0,Furniture,Tables,2856.68,6171.92,2024-03-13,0
SKU0133,2024-08-05,178,1098601.76,6171.92,0,0,Furniture,Tables,2856.68,6171.92,2024-03-13,0
SKU0133,2024-08-12,249,1536808.08,6171.92,0,1,Furniture,Tables,2856.68,6171.92,2024-03-13,0
SKU0133,2024-08-19,280,1728137.6,6171.92,0,0,Furniture,Tables,2856.68,6171.92,2024-03-13,0
SKU0133,2024-08-26,166,1024538.72,6171.92,0,0,Furniture,Tables,2856.68,6171.92,2024-03-13,0
SKU0133,2024-09-02,206,1271415.52,6171.92,0,0,Furniture,Tables,2856.68,6171.92,2024-03-13,0
SKU0133,2024-09-09,191,1178836.72,6171.92,0,0,Furniture,Tables,2856.68,6171.92,2024-03-13,0
SKU0133,2024-09-16,211,1302275.1199999999,6171.92,0,0,Furniture,Tables,2856.68,6171.92,2024-03-13,0
SKU0133,2024-09-23,290,1789856.8,6171.92,0,0,Furniture,Tables,2856.68,6171.92,2024-03-13,0
SKU0133,2024-09-30,178,1098601.76,6171.92,0,1,Furniture,Tables,2856.68,6171.92,2024-03-13,0
SKU0133,2024-10-07,241,1487432.72,6171.92,0,0,Furniture,Tables,2856.68,6171.92,2024-03-13,0
SKU0133,2024-10-14,292,1802200.64,6171.92,0,0,Furniture,Tables,2856.68,6171.92,2024-03-13,0
SKU0133,2024-10-21,158,975163.36,6171.92,0,0,Furniture,Tables,2856.68,6171.92,2024-03-13,0
SKU0133,2024-10-28,143,882584.5599999999,6171.92,0,0,Furniture,Tables,2856.68,6171.92,2024-03-13,0
SKU0133,2024-11-04,293,1666090.33,5793.174285714286,3,0,Furniture,Tables,2856.68,6171.92,2024-03-13,1
SKU0133,2024-11-11,358,1928517.83,5540.677142857144,5,0,Furniture,Tables,2856.68,6171.92,2024-03-13,1
SKU0133,2024-11-18,189,1166492.88,6171.92,0,0,Furniture,Tables,2856.68,6171.92,2024-03-13,0
SKU0133,2024-11-25,144,888756.48,6171.92,0,0,Furniture,Tables,2856.68,6171.92,2024-03-13,0
SKU0133,2024-12-02,94,580160.48,6171.92,0,0,Furniture,Tables,2856.68,6171.92,2024-03-13,0
SKU0133,2024-12-09,145,894928.4,6171.92,0,0,Furniture,Tables,2856.68,6171.92,2024-03-13,0
SKU0133,2024-12-16,192,1117844.34,5793.174285714286,3,0,Furniture,Tables,2856.68,6171.92,2024-03-13,1
SKU0133,2024-12-23,354,1872015.5,5288.18,7,1,Furniture,Tables,2856.68,6171.92,2024-03-13,1
SKU0133,2024-12-30,201,1152181.8599999999,5919.422857142857,2,1,Furniture,Tables,2856.68,6171.92,2024-03-13,1
SKU0133,2025-01-06,218,1345478.56,6171.92,0,0,Furniture,Tables,2856.68,6171.92,2024-03-13,0
SKU0133,2025-01-13,179,1104773.68,6171.92,0,0,Furniture,Tables,2856.68,6171.92,2024-03-13,0
SKU0133,2025-01-20,110,678911.2,6171.92,0,0,Furniture,Tables,2856.68,6171.92,2024-03-13,0
SKU0133,2025-01-27,143,882584.5599999999,6171.92,0,0,Furniture,Tables,2856.68,6171.92,2024-03-13,0
SKU0133,2025-02-03,127,783833.84,6171.92,0,0,Furniture,Tables,2856.68,6171.92,2024-03-13,0
SKU0133,2025-02-10,108,666567.36,6171.92,0,0,Furniture,Tables,2856.68,6171.92,2024-03-13,0
SKU0133,2025-02-17,124,765318.08,6171.92,0,0,Furniture,Tables,2856.68,6171.92,2024-03-13,0
SKU0133,2025-02-24,99,611020.08,6171.92,0,0,Furniture,Tables,2856.68,6171.92,2024-03-13,0
SKU0133,2025-03-03,129,796177.6799999999,6171.92,0,0,Furniture,Tables,2856.68,6171.92,2024-03-13,0
SKU0133,2025-03-10,121,746802.3200000001,6171.92,0,0,Furniture,Tables,2856.68,6171.92,2024-03-13,0
SKU0133,2025-03-17,131,808521.52,6171.92,0,0,Furniture,Tables,2856.68,6171.92,2024-03-13,0
SKU0133,2025-03-24,157,968991.4400000001,6171.92,0,0,Furniture,Tables,2856.68,6171.92,2024-03-13,0
SKU0133,2025-03-31,164,1012194.88,6171.92,0,0,Furniture,Tables,2856.68,6171.92,2024-03-13,0
SKU0133,2025-04-07,107,660395.44,6171.92,0,0,Furniture,Tables,2856.68,6171.92,2024-03-13,0
SKU0133,2025-04-14,148,913444.16,6171.92,0,0,Furniture,Tables,2856.68,6171.92,2024-03-13,0
SKU0133,2025-04-21,141,870240.72,6171.92,0,0,Furniture,Tables,2856.68,6171.92,2024-03-13,0
SKU0133,2025-04-28,174,1073914.08,6171.92,0,0,Furniture,Tables,2856.68,6171.92,2024-03-13,0
SKU0133,2025-05-05,214,1320790.8800000001,6171.92,0,0,Furniture,Tables,2856.68,6171.92,2024-03-13,0
SKU0133,2025-05-12,165,1018366.8,6171.92,0,0,Furniture,Tables,2856.68,6171.92,2024-03-13,0
SKU0133,2025-05-19,196,1209696.32,6171.92,0,0,Furniture,Tables,2856.68,6171.92,2024-03-13,0
SKU0133,2025-05-26,141,862287.05,6045.671428571428,1,0,Furniture,Tables,2856.68,6171.92,2024-03-13,1
SKU0133,2025-06-02,222,1173975.82,5288.18,7,0,Furniture,Tables,2856.68,6171.92,2024-03-13,1
SKU0133,2025-06-09,270,1580695.56,5919.422857142857,2,0,Furniture,Tables,2856.68,6171.92,2024-03-13,1
SKU0133,2025-06-16,184,1135633.28,6171.92,0,0,Furniture,Tables,2856.68,6171.92,2024-03-13,0
SKU0133,2025-06-23,190,1172664.8,6171.92,0,0,Furniture,Tables,2856.68,6171.92,2024-03-13,0
SKU0133,2025-06-30,149,919616.08,6171.92,0,0,Furniture,Tables,2856.68,6171.92,2024-03-13,0
SKU0133,2025-07-07,122,752974.24,6171.92,0,0,Furniture,Tables,2856.68,6171.92,2024-03-13,0
SKU0133,2025-07-14,219,1351650.48,6171.92,0,0,Furniture,Tables,2856.68,6171.92,2024-03-13,0
SKU0133,2025-07-21,203,1252899.76,6171.92,0,0,Furniture,Tables,2856.68,6171.92,2024-03-13,0
SKU0133,2025-07-28,128,790005.76,6171.92,0,0,Furniture,Tables,2856.68,6171.92,2024-03-13,0
SKU0133,2025-08-04,140,864068.8,6171.92,0,0,Furniture,Tables,2856.68,6171.92,2024-03-13,0
SKU0133,2025-08-11,80,493753.6,6171.92,0,1,Furniture,Tables,2856.68,6171.92,2024-03-13,0
SKU0133,2025-08-18,200,1234384.0,6171.92,0,0,Furniture,Tables,2856.68,6171.92,2024-03-13,0
SKU0133,2025-08-25,195,1203524.4,6171.92,0,0,Furniture,Tables,2856.68,6171.92,2024-03-13,0
SKU0134,2025-05-05,35,267906.8,7654.48,0,0,Small Appliances,Cleaning,3081.52,7654.48,2025-05-08,0
SKU0134,2025-05-12,75,574086.0,7654.4800000000005,0,0,Small Appliances,Cleaning,3081.52,7654.48,2025-05-08,0
SKU0134,2025-05-19,88,673594.24,7654.4800000000005,0,0,Small Appliances,Cleaning,3081.52,7654.48,2025-05-08,0
SKU0134,2025-05-26,78,570332.05,7442.437142857142,1,0,Small Appliances,Cleaning,3081.52,7654.48,2025-05-08,1
SKU0134,2025-06-02,157,968718.34,6170.18,7,0,Small Appliances,Cleaning,3081.52,7654.48,2025-05-08,1
SKU0134,2025-06-09,134,926252.25,7230.394285714285,2,0,Small Appliances,Cleaning,3081.52,7654.48,2025-05-08,1
SKU0134,2025-06-16,97,742484.56,7654.4800000000005,0,0,Small Appliances,Cleaning,3081.52,7654.48,2025-05-08,0
SKU0134,2025-06-23,91,696557.68,7654.4800000000005,0,0,Small Appliances,Cleaning,3081.52,7654.48,2025-05-08,0
SKU0134,2025-06-30,102,780756.96,7654.4800000000005,0,0,Small Appliances,Cleaning,3081.52,7654.48,2025-05-08,0
SKU0134,2025-07-07,105,803720.4,7654.4800000000005,0,0,Small Appliances,Cleaning,3081.52,7654.48,2025-05-08,0
SKU0134,2025-07-14,106,811374.88,7654.4800000000005,0,0,Small Appliances,Cleaning,3081.52,7654.48,2025-05-08,0
SKU0134,2025-07-21,110,841992.8,7654.4800000000005,0,0,Small Appliances,Cleaning,3081.52,7654.48,2025-05-08,0
SKU0134,2025-07-28,103,788411.44,7654.4800000000005,0,0,Small Appliances,Cleaning,3081.52,7654.48,2025-05-08,0
SKU0134,2025-08-04,76,581740.48,7654.4800000000005,0,0,Small Appliances,Cleaning,3081.52,7654.48,2025-05-08,0
SKU0134,2025-08-11,88,673594.24,7654.4800000000005,0,1,Small Appliances,Cleaning,3081.52,7654.48,2025-05-08,0
SKU0134,2025-08-18,106,811374.88,7654.4800000000005,0,0,Small Appliances,Cleaning,3081.52,7654.48,2025-05-08,0
SKU0134,2025-08-25,87,665939.76,7654.4800000000005,0,0,Small Appliances,Cleaning,3081.52,7654.48,2025-05-08,0
SKU0135,2025-06-30,2,15425.34,7712.67,0,0,Small Appliances,Kitchen,3160.72,7712.67,2025-07-06,0
SKU0135,2025-07-07,28,215954.76,7712.67,0,0,Small Appliances,Kitchen,3160.72,7712.67,2025-07-06,0
SKU0135,2025-07-14,23,177391.41,7712.67,0,0,Small Appliances,Kitchen,3160.72,7712.67,2025-07-06,0
SKU0135,2025-07-21,26,200529.42,7712.67,0,0,Small Appliances,Kitchen,3160.72,7712.67,2025-07-06,0
SKU0135,2025-07-28,25,192816.75,7712.67,0,0,Small Appliances,Kitchen,3160.72,7712.67,2025-07-06,0
SKU0135,2025-08-04,21,161966.07,7712.67,0,0,Small Appliances,Kitchen,3160.72,7712.67,2025-07-06,0
SKU0135,2025-08-11,20,154253.4,7712.67,0,1,Small Appliances,Kitchen,3160.72,7712.67,2025-07-06,0
SKU0135,2025-08-18,30,231380.09999999998,7712.67,0,0,Small Appliances,Kitchen,3160.72,7712.67,2025-07-06,0
SKU0135,2025-08-25,30,231380.1,7712.67,0,0,Small Appliances,Kitchen,3160.72,7712.67,2025-07-06,0
SKU0136,2025-03-17,12,59765.04,4980.42,0,0,Small Appliances,Kitchen,2279.45,4980.42,2025-03-20,0
SKU0136,2025-03-24,28,139451.76,4980.42,0,0,Small Appliances,Kitchen,2279.45,4980.42,2025-03-20,0
SKU0136,2025-03-31,23,114549.66,4980.42,0,0,Small Appliances,Kitchen,2279.45,4980.42,2025-03-20,0
SKU0136,2025-04-07,42,209177.64,4980.42,0,0,Small Appliances,Kitchen,2279.45,4980.42,2025-03-20,0
SKU0136,2025-04-14,30,149412.6,4980.42,0,0,Small Appliances,Kitchen,2279.45,4980.42,2025-03-20,0
SKU0136,2025-04-21,32,159373.44,4980.42,0,0,Small Appliances,Kitchen,2279.45,4980.42,2025-03-20,0
SKU0136,2025-04-28,30,149412.6,4980.42,0,0,Small Appliances,Kitchen,2279.45,4980.42,2025-03-20,0
SKU0136,2025-05-05,23,114549.66,4980.42,0,0,Small Appliances,Kitchen,2279.45,4980.42,2025-03-20,0
SKU0136,2025-05-12,33,164353.86,4980.42,0,0,Small Appliances,Kitchen,2279.45,4980.42,2025-03-20,0
SKU0136,2025-05-19,25,124510.5,4980.42,0,0,Small Appliances,Kitchen,2279.45,4980.42,2025-03-20,0
SKU0136,2025-05-26,38,184529.41,4845.375714285714,1,0,Small Appliances,Kitchen,2279.45,4980.42,2025-03-20,1
SKU0136,2025-06-02,47,189650.22999999998,4035.11,7,0,Small Appliances,Kitchen,2279.45,4980.42,2025-03-20,1
SKU0136,2025-06-09,35,162970.99,4710.331428571429,2,0,Small Appliances,Kitchen,2279.45,4980.42,2025-03-20,1
SKU0136,2025-06-16,19,94627.98,4980.42,0,0,Small Appliances,Kitchen,2279.45,4980.42,2025-03-20,0
SKU0136,2025-06-23,19,94627.98000000001,4980.42,0,0,Small Appliances,Kitchen,2279.45,4980.42,2025-03-20,0
SKU0136,2025-06-30,17,84667.14,4980.42,0,0,Small Appliances,Kitchen,2279.45,4980.42,2025-03-20,0
SKU0136,2025-07-07,24,119530.08,4980.42,0,0,Small Appliances,Kitchen,2279.45,4980.42,2025-03-20,0
SKU0136,2025-07-14,15,74706.3,4980.42,0,0,Small Appliances,Kitchen,2279.45,4980.42,2025-03-20,0
SKU0136,2025-07-21,14,69725.88,4980.42,0,0,Small Appliances,Kitchen,2279.45,4980.42,2025-03-20,0
SKU0136,2025-07-28,27,134471.34,4980.42,0,0,Small Appliances,Kitchen,2279.45,4980.42,2025-03-20,0
SKU0136,2025-08-04,31,154393.02000000002,4980.42,0,0,Small Appliances,Kitchen,2279.45,4980.42,2025-03-20,0
SKU0136,2025-08-11,21,104588.82,4980.42,0,1,Small Appliances,Kitchen,2279.45,4980.42,2025-03-20,0
SKU0136,2025-08-18,19,94627.98,4980.42,0,0,Small Appliances,Kitchen,2279.45,4980.42,2025-03-20,0
SKU0136,2025-08-25,16,79686.72,4980.42,0,0,Small Appliances,Kitchen,2279.45,4980.42,2025-03-20,0
SKU0137,2025-07-21,206,591778.26,2872.71,0,0,Textiles,Bedding,1259.68,2872.71,2025-07-21,0
SKU0137,2025-07-28,163,468251.73,2872.71,0,0,Textiles,Bedding,1259.68,2872.71,2025-07-21,0
SKU0137,2025-08-04,228,654977.88,2872.71,0,0,Textiles,Bedding,1259.68,2872.71,2025-07-21,0
SKU0137,2025-08-11,203,583160.13,2872.71,0,1,Textiles,Bedding,1259.68,2872.71,2025-07-21,0
SKU0137,2025-08-18,207,594650.97,2872.71,0,0,Textiles,Bedding,1259.68,2872.71,2025-07-21,0
SKU0137,2025-08-25,236,677959.5599999999,2872.71,0,0,Textiles,Bedding,1259.68,2872.71,2025-07-21,0
SKU0138,2023-09-04,331,237555.38999999998,717.6899999999999,0,0,Decor,Rugs,307.65,717.69,2023-09-04,0
SKU0138,2023-09-11,339,243296.91,717.6899999999999,0,0,Decor,Rugs,307.65,717.69,2023-09-04,0
SKU0138,2023-09-18,371,266262.99,717.6899999999999,0,0,Decor,Rugs,307.65,717.69,2023-09-04,0
SKU0138,2023-09-25,258,185164.02,717.6899999999999,0,0,Decor,Rugs,307.65,717.69,2023-09-04,0
SKU0138,2023-10-02,265,190187.85,717.6899999999999,0,1,Decor,Rugs,307.65,717.69,2023-09-04,0
SKU0138,2023-10-09,341,244732.29,717.6899999999999,0,0,Decor,Rugs,307.65,717.69,2023-09-04,0
SKU0138,2023-10-16,260,186599.40000000002,717.6899999999999,0,0,Decor,Rugs,307.65,717.69,2023-09-04,0
SKU0138,2023-10-23,305,218895.44999999998,717.6899999999999,0,0,Decor,Rugs,307.65,717.69,2023-09-04,0
SKU0138,2023-10-30,292,209565.48,717.6899999999999,0,0,Decor,Rugs,307.65,717.69,2023-09-04,0
SKU0138,2023-11-06,284,203823.96,717.6899999999999,0,0,Decor,Rugs,307.65,717.69,2023-09-04,0
SKU0138,2023-11-13,190,136361.1,717.6899999999999,0,0,Decor,Rugs,307.65,717.69,2023-09-04,0
SKU0138,2023-11-20,442,259688.34,587.53,7,0,Decor,Rugs,307.65,717.69,2023-09-04,1
SKU0138,2023-11-27,272,191827.52,699.0957142857143,1,0,Decor,Rugs,307.65,717.69,2023-09-04,1
SKU0138,2023-12-04,214,153585.66,717.6899999999999,0,0,Decor,Rugs,307.65,717.69,2023-09-04,0
SKU0138,2023-12-11,189,135643.41,717.6899999999999,0,0,Decor,Rugs,307.65,717.69,2023-09-04,0
SKU0138,2023-12-18,330,202605.66999999998,624.7185714285714,5,0,Decor,Rugs,307.65,717.69,2023-09-04,1
SKU0138,2023-12-25,415,243825.02,587.53,7,1,Decor,Rugs,307.65,717.69,2023-09-04,1
SKU0138,2024-01-01,216,155021.04,717.6899999999999,0,1,Decor,Rugs,307.65,717.69,2023-09-04,0
SKU0138,2024-01-08,247,177269.43,717.6899999999999,0,0,Decor,Rugs,307.65,717.69,2023-09-04,0
SKU0138,2024-01-15,172,123442.68000000001,717.6899999999999,0,0,Decor,Rugs,307.65,717.69,2023-09-04,0
SKU0138,2024-01-22,230,165068.7,717.6899999999999,0,0,Decor,Rugs,307.65,717.69,2023-09-04,0
SKU0138,2024-01-29,316,226790.03999999998,717.6899999999999,0,0,Decor,Rugs,307.65,717.69,2023-09-04,0
SKU0138,2024-02-05,200,143538.0,717.6899999999999,0,0,Decor,Rugs,307.65,717.69,2023-09-04,0
SKU0138,2024-02-12,217,155738.73,717.6899999999999,0,0,Decor,Rugs,307.65,717.69,2023-09-04,0
SKU0138,2024-02-19,172,123442.68,717.6899999999999,0,0,Decor,Rugs,307.65,717.69,2023-09-04,0
SKU0138,2024-02-26,199,142820.31,717.6899999999999,0,0,Decor,Rugs,307.65,717.69,2023-09-04,0
SKU0138,2024-03-04,235,168657.15,717.6899999999999,0,0,Decor,Rugs,307.65,717.69,2023-09-04,0
SKU0138,2024-03-11,207,148561.83,717.6899999999999,0,0,Decor,Rugs,307.65,717.69,2023-09-04,0
SKU0138,2024-03-18,341,244732.28999999998,717.6899999999999,0,0,Decor,Rugs,307.65,717.69,2023-09-04,0
SKU0138,2024-03-25,216,155021.04,717.6899999999999,0,0,Decor,Rugs,307.65,717.69,2023-09-04,0
SKU0138,2024-04-01,269,193058.61000000002,717.6899999999999,0,0,Decor,Rugs,307.65,717.69,2023-09-04,0
SKU0138,2024-04-08,226,162197.94,717.6899999999999,0,0,Decor,Rugs,307.65,717.69,2023-09-04,0
SKU0138,2024-04-15,270,193776.3,717.6899999999999,0,0,Decor,Rugs,307.65,717.69,2023-09-04,0
SKU0138,2024-04-22,225,161480.25,717.6899999999999,0,0,Decor,Rugs,307.65,717.69,2023-09-04,0
SKU0138,2024-04-29,248,177987.12,717.6899999999999,0,0,Decor,Rugs,307.65,717.69,2023-09-04,0
SKU0138,2024-05-06,332,238273.08000000002,717.6899999999999,0,0,Decor,Rugs,307.65,717.69,2023-09-04,0
SKU0138,2024-05-13,311,223201.59,717.6899999999999,0,0,Decor,Rugs,307.65,717.69,2023-09-04,0
SKU0138,2024-05-20,283,203106.27,717.6899999999999,0,0,Decor,Rugs,307.65,717.69,2023-09-04,0
SKU0138,2024-05-27,392,263762.9,680.5014285714286,2,0,Decor,Rugs,307.65,717.69,2023-09-04,1
SKU0138,2024-06-03,672,394820.29000000004,587.53,7,0,Decor,Rugs,307.65,717.69,2023-09-04,1
SKU0138,2024-06-10,346,238168.27,699.0957142857143,1,0,Decor,Rugs,307.65,717.69,2023-09-04,1
SKU0138,2024-06-17,307,220330.83,717.6899999999999,0,0,Decor,Rugs,307.65,717.69,2023-09-04,0
SKU0138,2024-06-24,402,288511.38,717.6899999999999,0,0,Decor,Rugs,307.65,717.69,2023-09-04,0
SKU0138,2024-07-01,208,149279.52000000002,717.6899999999999,0,0,Decor,Rugs,307.65,717.69,2023-09-04,0
SKU0138,2024-07-08,323,231813.87,717.6899999999999,0,0,Decor,Rugs,307.65,717.69,2023-09-04,0
SKU0138,2024-07-15,415,297841.35,717.6899999999999,0,0,Decor,Rugs,307.65,717.69,2023-09-04,0
SKU0138,2024-07-22,296,212436.24,717.6899999999999,0,0,Decor,Rugs,307.65,717.69,2023-09-04,0
SKU0138,2024-07-29,282,202388.58,717.6899999999999,0,0,Decor,Rugs,307.65,717.69,2023-09-04,0
SKU0138,2024-08-05,279,200235.51,717.6899999999999,0,0,Decor,Rugs,307.65,717.69,2023-09-04,0
SKU0138,2024-08-12,309,221766.21,717.6899999999999,0,1,Decor,Rugs,307.65,717.69,2023-09-04,0
SKU0138,2024-08-19,266,190905.54,717.6899999999999,0,0,Decor,Rugs,307.65,717.69,2023-09-04,0
SKU0138,2024-08-26,344,246885.36,717.6899999999999,0,0,Decor,Rugs,307.65,717.69,2023-09-04,0
SKU0138,2024-09-02,326,233966.94,717.6899999999999,0,0,Decor,Rugs,307.65,717.69,2023-09-04,0
SKU0138,2024-09-09,318,228225.41999999998,717.6899999999999,0,0,Decor,Rugs,307.65,717.69,2023-09-04,0
SKU0138,2024-09-16,288,206694.72,717.6899999999999,0,0,Decor,Rugs,307.65,717.69,2023-09-04,0
SKU0138,2024-09-23,271,194493.99,717.6899999999999,0,0,Decor,Rugs,307.65,717.69,2023-09-04,0
SKU0138,2024-09-30,338,242579.22,717.6899999999999,0,1,Decor,Rugs,307.65,717.69,2023-09-04,0
SKU0138,2024-10-07,271,194493.99,717.6899999999999,0,0,Decor,Rugs,307.65,717.69,2023-09-04,0
SKU0138,2024-10-14,271,194493.99,717.6899999999999,0,0,Decor,Rugs,307.65,717.69,2023-09-04,0
SKU0138,2024-10-21,212,152150.28,717.6899999999999,0,0,Decor,Rugs,307.65,717.69,2023-09-04,0
SKU0138,2024-10-28,230,165068.7,717.6899999999999,0,0,Decor,Rugs,307.65,717.69,2023-09-04,0
SKU0138,2024-11-04,252,164327.59,661.907142857143,3,0,Decor,Rugs,307.65,717.69,2023-09-04,1
SKU0138,2024-11-11,430,263571.4,624.7185714285714,5,0,Decor,Rugs,307.65,717.69,2023-09-04,1
SKU0138,2024-11-18,186,133490.34,717.6899999999999,0,0,Decor,Rugs,307.65,717.69,2023-09-04,0
SKU0138,2024-11-25,161,115548.09,717.6899999999999,0,0,Decor,Rugs,307.65,717.69,2023-09-04,0
SKU0138,2024-12-02,239,171527.91,717.6899999999999,0,0,Decor,Rugs,307.65,717.69,2023-09-04,0
SKU0138,2024-12-09,181,129901.89,717.6899999999999,0,0,Decor,Rugs,307.65,717.69,2023-09-04,0
SKU0138,2024-12-16,220,148259.97,661.907142857143,3,0,Decor,Rugs,307.65,717.69,2023-09-04,1
SKU0138,2024-12-23,372,218561.22999999998,587.53,7,1,Decor,Rugs,307.65,717.69,2023-09-04,1
SKU0138,2024-12-30,247,160218.5,680.5014285714286,2,1,Decor,Rugs,307.65,717.69,2023-09-04,1
SKU0138,2025-01-06,208,149279.52,717.6899999999999,0,0,Decor,Rugs,307.65,717.69,2023-09-04,0
SKU0138,2025-01-13,228,163633.32,717.6899999999999,0,0,Decor,Rugs,307.65,717.69,2023-09-04,0
SKU0138,2025-01-20,173,124160.37,717.6899999999999,0,0,Decor,Rugs,307.65,717.69,2023-09-04,0
SKU0138,2025-01-27,226,162197.94,717.6899999999999,0,0,Decor,Rugs,307.65,717.69,2023-09-04,0
SKU0138,2025-02-03,200,143538.0,717.6899999999999,0,0,Decor,Rugs,307.65,717.69,2023-09-04,0
SKU0138,2025-02-10,139,99758.91,717.6899999999999,0,0,Decor,Rugs,307.65,717.69,2023-09-04,0
SKU0138,2025-02-17,225,161480.25,717.6899999999999,0,0,Decor,Rugs,307.65,717.69,2023-09-04,0
SKU0138,2025-02-24,151,108371.19,717.6899999999999,0,0,Decor,Rugs,307.65,717.69,2023-09-04,0
SKU0138,2025-03-03,213,152867.97,717.6899999999999,0,0,Decor,Rugs,307.65,717.69,2023-09-04,0
SKU0138,2025-03-10,232,166504.08,717.6899999999999,0,0,Decor,Rugs,307.65,717.69,2023-09-04,0
SKU0138,2025-03-17,187,134208.03,717.6899999999999,0,0,Decor,Rugs,307.65,717.69,2023-09-04,0
SKU0138,2025-03-24,248,177987.12,717.6899999999999,0,0,Decor,Rugs,307.65,717.69,2023-09-04,0
SKU0138,2025-03-31,196,140667.24,717.6899999999999,0,0,Decor,Rugs,307.65,717.69,2023-09-04,0
SKU0138,2025-04-07,183,131337.27,717.6899999999999,0,0,Decor,Rugs,307.65,717.69,2023-09-04,0
SKU0138,2025-04-14,200,143538.0,717.6899999999999,0,0,Decor,Rugs,307.65,717.69,2023-09-04,0
SKU0138,2025-04-21,180,129184.2,717.6899999999999,0,0,Decor,Rugs,307.65,717.69,2023-09-04,0
SKU0138,2025-04-28,267,191623.23,717.6899999999999,0,0,Decor,Rugs,307.65,717.69,2023-09-04,0
SKU0138,2025-05-05,148,106218.12000000001,717.6899999999999,0,0,Decor,Rugs,307.65,717.69,2023-09-04,0
SKU0138,2025-05-12,221,158609.49,717.6899999999999,0,0,Decor,Rugs,307.65,717.69,2023-09-04,0
SKU0138,2025-05-19,237,170092.53,717.6899999999999,0,0,Decor,Rugs,307.65,717.69,2023-09-04,0
SKU0138,2025-05-26,258,173709.96,699.0957142857143,1,0,Decor,Rugs,307.65,717.69,2023-09-04,1
SKU0138,2025-06-02,495,290827.44,587.53,7,0,Decor,Rugs,307.65,717.69,2023-09-04,1
SKU0138,2025-06-09,342,227487.93,680.5014285714286,2,0,Decor,Rugs,307.65,717.69,2023-09-04,1
SKU0138,2025-06-16,263,188752.47,717.6899999999999,0,0,Decor,Rugs,307.65,717.69,2023-09-04,0
SKU0138,2025-06-23,286,205259.34,717.6899999999999,0,0,Decor,Rugs,307.65,717.69,2023-09-04,0
SKU0138,2025-06-30,227,162915.63,717.6899999999999,0,0,Decor,Rugs,307.65,717.69,2023-09-04,0
SKU0138,2025-07-07,243,174398.67,717.6899999999999,0,0,Decor,Rugs,307.65,717.69,2023-09-04,0
SKU0138,2025-07-14,312,223919.28,717.6899999999999,0,0,Decor,Rugs,307.65,717.69,2023-09-04,0
SKU0138,2025-07-21,250,179422.5,717.6899999999999,0,0,Decor,Rugs,307.65,717.69,2023-09-04,0
SKU0138,2025-07-28,276,198082.44,717.6899999999999,0,0,Decor,Rugs,307.65,717.69,2023-09-04,0
SKU0138,2025-08-04,197,141384.93,717.6899999999999,0,0,Decor,Rugs,307.65,717.69,2023-09-04,0
SKU0138,2025-08-11,245,175834.05,717.6899999999999,0,1,Decor,Rugs,307.65,717.69,2023-09-04,0
SKU0138,2025-08-18,311,223201.59,717.6899999999999,0,0,Decor,Rugs,307.65,717.69,2023-09-04,0
SKU0138,2025-08-25,272,195211.68,717.6899999999999,0,0,Decor,Rugs,307.65,717.69,2023-09-04,0
SKU0139,2025-07-21,187,933687.26,4992.9800000000005,0,0,Decor,Rugs,1940.15,4992.98,2025-07-21,0
SKU0139,2025-07-28,174,868778.52,4992.9800000000005,0,0,Decor,Rugs,1940.15,4992.98,2025-07-21,0
SKU0139,2025-08-04,200,998596.0,4992.9800000000005,0,0,Decor,Rugs,1940.15,4992.98,2025-07-21,0
SKU0139,2025-08-11,232,1158371.36,4992.9800000000005,0,1,Decor,Rugs,1940.15,4992.98,2025-07-21,0
SKU0139,2025-08-18,196,978624.08,4992.9800000000005,0,0,Decor,Rugs,1940.15,4992.98,2025-07-21,0
SKU0139,2025-08-25,251,1253237.98,4992.9800000000005,0,0,Decor,Rugs,1940.15,4992.98,2025-07-21,0
SKU0140,2024-11-25,34,183824.06,5406.59,0,0,Small Appliances,Climate,2288.53,5406.59,2024-11-28,0
SKU0140,2024-12-02,114,616351.26,5406.590000000001,0,0,Small Appliances,Climate,2288.53,5406.59,2024-11-28,0
SKU0140,2024-12-09,118,637977.62,5406.590000000001,0,0,Small Appliances,Climate,2288.53,5406.59,2024-11-28,0
SKU0140,2024-12-16,152,758026.3300000001,5026.9742857142855,3,0,Small Appliances,Climate,2288.53,5406.59,2024-11-28,1
SKU0140,2024-12-23,168,759497.9600000001,4520.82,7,1,Small Appliances,Climate,2288.53,5406.59,2024-11-28,1
SKU0140,2024-12-30,164,837963.47,5153.512857142857,2,1,Small Appliances,Climate,2288.53,5406.59,2024-11-28,1
SKU0140,2025-01-06,91,491999.69,5406.590000000001,0,0,Small Appliances,Climate,2288.53,5406.59,2024-11-28,0
SKU0140,2025-01-13,95,513626.05000000005,5406.590000000001,0,0,Small Appliances,Climate,2288.53,5406.59,2024-11-28,0
SKU0140,2025-01-20,77,416307.43,5406.590000000001,0,0,Small Appliances,Climate,2288.53,5406.59,2024-11-28,0
SKU0140,2025-01-27,74,400087.66000000003,5406.590000000001,0,0,Small Appliances,Climate,2288.53,5406.59,2024-11-28,0
SKU0140,2025-02-03,73,394681.07,5406.590000000001,0,0,Small Appliances,Climate,2288.53,5406.59,2024-11-28,0
SKU0140,2025-02-10,68,367648.12,5406.590000000001,0,0,Small Appliances,Climate,2288.53,5406.59,2024-11-28,0
SKU0140,2025-02-17,81,437933.79,5406.590000000001,0,0,Small Appliances,Climate,2288.53,5406.59,2024-11-28,0
SKU0140,2025-02-24,79,427120.61,5406.590000000001,0,0,Small Appliances,Climate,2288.53,5406.59,2024-11-28,0
SKU0140,2025-03-03,70,378461.3,5406.590000000001,0,0,Small Appliances,Climate,2288.53,5406.59,2024-11-28,0
SKU0140,2025-03-10,75,405494.25,5406.590000000001,0,0,Small Appliances,Climate,2288.53,5406.59,2024-11-28,0
SKU0140,2025-03-17,66,356834.94,5406.590000000001,0,0,Small Appliances,Climate,2288.53,5406.59,2024-11-28,0
SKU0140,2025-03-24,65,351428.35,5406.590000000001,0,0,Small Appliances,Climate,2288.53,5406.59,2024-11-28,0
SKU0140,2025-03-31,96,519032.64,5406.590000000001,0,0,Small Appliances,Climate,2288.53,5406.59,2024-11-28,0
SKU0140,2025-04-07,69,373054.70999999996,5406.590000000001,0,0,Small Appliances,Climate,2288.53,5406.59,2024-11-28,0
SKU0140,2025-04-14,82,443340.38,5406.590000000001,0,0,Small Appliances,Climate,2288.53,5406.59,2024-11-28,0
SKU0140,2025-04-21,60,324395.4,5406.590000000001,0,0,Small Appliances,Climate,2288.53,5406.59,2024-11-28,0
SKU0140,2025-04-28,51,275736.09,5406.590000000001,0,0,Small Appliances,Climate,2288.53,5406.59,2024-11-28,0
SKU0140,2025-05-05,70,378461.3,5406.590000000001,0,0,Small Appliances,Climate,2288.53,5406.59,2024-11-28,0
SKU0140,2025-05-12,65,351428.35,5406.590000000001,0,0,Small Appliances,Climate,2288.53,5406.59,2024-11-28,0
SKU0140,2025-05-19,101,546065.59,5406.590000000001,0,0,Small Appliances,Climate,2288.53,5406.59,2024-11-28,0
SKU0140,2025-05-26,71,375895.97,5280.051428571429,1,0,Small Appliances,Climate,2288.53,5406.59,2024-11-28,1
SKU0140,2025-06-02,129,583185.92,4520.82,7,0,Small Appliances,Climate,2288.53,5406.59,2024-11-28,1
SKU0140,2025-06-09,113,538311.63,5153.512857142857,2,0,Small Appliances,Climate,2288.53,5406.59,2024-11-28,1
SKU0140,2025-06-16,96,519032.64,5406.590000000001,0,0,Small Appliances,Climate,2288.53,5406.59,2024-11-28,0
SKU0140,2025-06-23,65,351428.35,5406.590000000001,0,0,Small Appliances,Climate,2288.53,5406.59,2024-11-28,0
SKU0140,2025-06-30,88,475779.92,5406.590000000001,0,0,Small Appliances,Climate,2288.53,5406.59,2024-11-28,0
SKU0140,2025-07-07,121,654197.39,5406.590000000001,0,0,Small Appliances,Climate,2288.53,5406.59,2024-11-28,0
SKU0140,2025-07-14,100,540659.0,5406.590000000001,0,0,Small Appliances,Climate,2288.53,5406.59,2024-11-28,0
SKU0140,2025-07-21,72,389274.48,5406.590000000001,0,0,Small Appliances,Climate,2288.53,5406.59,2024-11-28,0
SKU0140,2025-07-28,82,443340.38,5406.590000000001,0,0,Small Appliances,Climate,2288.53,5406.59,2024-11-28,0
SKU0140,2025-08-04,82,443340.38,5406.590000000001,0,0,Small Appliances,Climate,2288.53,5406.59,2024-11-28,0
SKU0140,2025-08-11,116,627164.44,5406.590000000001,0,1,Small Appliances,Climate,2288.53,5406.59,2024-11-28,0
SKU0140,2025-08-18,109,589318.31,5406.590000000001,0,0,Small Appliances,Climate,2288.53,5406.59,2024-11-28,0
SKU0140,2025-08-25,106,573098.54,5406.590000000001,0,0,Small Appliances,Climate,2288.53,5406.59,2024-11-28,0
SKU0141,2025-03-24,32,17280.64,540.02,0,0,Textiles,Cushions,292.34,540.02,2025-03-29,0
SKU0141,2025-03-31,138,74522.76,540.02,0,0,Textiles,Cushions,292.34,540.02,2025-03-29,0
SKU0141,2025-04-07,91,49141.82,540.02,0,0,Textiles,Cushions,292.34,540.02,2025-03-29,0
SKU0141,2025-04-14,81,43741.62,540.02,0,0,Textiles,Cushions,292.34,540.02,2025-03-29,0
SKU0141,2025-04-21,97,52381.94,540.02,0,0,Textiles,Cushions,292.34,540.02,2025-03-29,0
SKU0141,2025-04-28,69,37261.38,540.02,0,0,Textiles,Cushions,292.34,540.02,2025-03-29,0
SKU0141,2025-05-05,57,30781.14,540.02,0,0,Textiles,Cushions,292.34,540.02,2025-03-29,0
SKU0141,2025-05-12,107,57782.14,540.02,0,0,Textiles,Cushions,292.34,540.02,2025-03-29,0
SKU0141,2025-05-19,103,55622.06,540.02,0,0,Textiles,Cushions,292.34,540.02,2025-03-29,0
SKU0141,2025-05-26,69,36804.590000000004,526.9685714285714,1,0,Textiles,Cushions,292.34,540.02,2025-03-29,1
SKU0141,2025-06-02,127,56980.079999999994,448.66,7,0,Textiles,Cushions,292.34,540.02,2025-03-29,1
SKU0141,2025-06-09,91,44208.49,513.9171428571428,2,0,Textiles,Cushions,292.34,540.02,2025-03-29,1
SKU0141,2025-06-16,80,43201.6,540.02,0,0,Textiles,Cushions,292.34,540.02,2025-03-29,0
SKU0141,2025-06-23,76,41041.520000000004,540.02,0,0,Textiles,Cushions,292.34,540.02,2025-03-29,0
SKU0141,2025-06-30,68,36721.36,540.02,0,0,Textiles,Cushions,292.34,540.02,2025-03-29,0
SKU0141,2025-07-07,86,46441.72,540.02,0,0,Textiles,Cushions,292.34,540.02,2025-03-29,0
SKU0141,2025-07-14,66,35641.32,540.02,0,0,Textiles,Cushions,292.34,540.02,2025-03-29,0
SKU0141,2025-07-21,78,42121.56,540.02,0,0,Textiles,Cushions,292.34,540.02,2025-03-29,0
SKU0141,2025-07-28,58,31321.16,540.02,0,0,Textiles,Cushions,292.34,540.02,2025-03-29,0
SKU0141,2025-08-04,77,41581.54,540.02,0,0,Textiles,Cushions,292.34,540.02,2025-03-29,0
SKU0141,2025-08-11,80,43201.6,540.02,0,1,Textiles,Cushions,292.34,540.02,2025-03-29,0
SKU0141,2025-08-18,87,46981.74,540.02,0,0,Textiles,Cushions,292.34,540.02,2025-03-29,0
SKU0141,2025-08-25,86,46441.72,540.02,0,0,Textiles,Cushions,292.34,540.02,2025-03-29,0
SKU0142,2025-06-09,66,445059.78,6743.33,0,0,Furniture,Chairs,2896.04,6743.33,2025-06-14,0
SKU0142,2025-06-16,151,1018242.8300000001,6743.33,0,0,Furniture,Chairs,2896.04,6743.33,2025-06-14,0
SKU0142,2025-06-23,135,910349.55,6743.33,0,0,Furniture,Chairs,2896.04,6743.33,2025-06-14,0
SKU0142,2025-06-30,138,930579.54,6743.33,0,0,Furniture,Chairs,2896.04,6743.33,2025-06-14,0
SKU0142,2025-07-07,174,1173339.42,6743.33,0,0,Furniture,Chairs,2896.04,6743.33,2025-06-14,0
SKU0142,2025-07-14,178,1200312.74,6743.33,0,0,Furniture,Chairs,2896.04,6743.33,2025-06-14,0
SKU0142,2025-07-21,173,1166596.09,6743.33,0,0,Furniture,Chairs,2896.04,6743.33,2025-06-14,0
SKU0142,2025-07-28,155,1045216.15,6743.33,0,0,Furniture,Chairs,2896.04,6743.33,2025-06-14,0
SKU0142,2025-08-04,158,1065446.1400000001,6743.33,0,0,Furniture,Chairs,2896.04,6743.33,2025-06-14,0
SKU0142,2025-08-11,159,1072189.47,6743.33,0,1,Furniture,Chairs,2896.04,6743.33,2025-06-14,0
SKU0142,2025-08-18,138,930579.54,6743.33,0,0,Furniture,Chairs,2896.04,6743.33,2025-06-14,0
SKU0142,2025-08-25,121,815942.9299999999,6743.33,0,0,Furniture,Chairs,2896.04,6743.33,2025-06-14,0
SKU0143,2025-01-27,87,410351.16000000003,4716.68,0,0,Textiles,Throws,3233.36,4716.68,2025-01-30,0
SKU0143,2025-02-03,255,1202753.4,4716.68,0,0,Textiles,Throws,3233.36,4716.68,2025-01-30,0
SKU0143,2025-02-10,200,943336.0,4716.68,0,0,Textiles,Throws,3233.36,4716.68,2025-01-30,0
SKU0143,2025-02-17,218,1028236.24,4716.68,0,0,Textiles,Throws,3233.36,4716.68,2025-01-30,0
SKU0143,2025-02-24,225,1061253.0,4716.68,0,0,Textiles,Throws,3233.36,4716.68,2025-01-30,0
SKU0143,2025-03-03,144,679201.92,4716.68,0,0,Textiles,Throws,3233.36,4716.68,2025-01-30,0
SKU0143,2025-03-10,306,1443304.08,4716.68,0,0,Textiles,Throws,3233.36,4716.68,2025-01-30,0
SKU0143,2025-03-17,175,825419.0,4716.68,0,0,Textiles,Throws,3233.36,4716.68,2025-01-30,0
SKU0143,2025-03-24,315,1485754.2,4716.68,0,0,Textiles,Throws,3233.36,4716.68,2025-01-30,0
SKU0143,2025-03-31,238,1122569.84,4716.68,0,0,Textiles,Throws,3233.36,4716.68,2025-01-30,0
SKU0143,2025-04-07,207,976352.76,4716.68,0,0,Textiles,Throws,3233.36,4716.68,2025-01-30,0
SKU0143,2025-04-14,180,849002.4,4716.68,0,0,Textiles,Throws,3233.36,4716.68,2025-01-30,0
SKU0143,2025-04-21,190,896169.2,4716.68,0,0,Textiles,Throws,3233.36,4716.68,2025-01-30,0
SKU0143,2025-04-28,310,1462170.7999999998,4716.68,0,0,Textiles,Throws,3233.36,4716.68,2025-01-30,0
SKU0143,2025-05-05,240,1132003.2,4716.68,0,0,Textiles,Throws,3233.36,4716.68,2025-01-30,0
SKU0143,2025-05-12,132,622601.76,4716.68,0,0,Textiles,Throws,3233.36,4716.68,2025-01-30,0
SKU0143,2025-05-19,226,1065969.68,4716.68,0,0,Textiles,Throws,3233.36,4716.68,2025-01-30,0
SKU0143,2025-05-26,189,861016.95,4576.424285714286,1,0,Textiles,Throws,3233.36,4716.68,2025-01-30,1
SKU0143,2025-06-02,355,1325885.03,3734.89,7,0,Textiles,Throws,3233.36,4716.68,2025-01-30,1
SKU0143,2025-06-09,295,1204880.0,4436.168571428571,2,0,Textiles,Throws,3233.36,4716.68,2025-01-30,1
SKU0143,2025-06-16,132,622601.76,4716.68,0,0,Textiles,Throws,3233.36,4716.68,2025-01-30,0
SKU0143,2025-06-23,275,1297087.0,4716.68,0,0,Textiles,Throws,3233.36,4716.68,2025-01-30,0
SKU0143,2025-06-30,192,905602.5599999999,4716.68,0,0,Textiles,Throws,3233.36,4716.68,2025-01-30,0
SKU0143,2025-07-07,153,721652.04,4716.68,0,0,Textiles,Throws,3233.36,4716.68,2025-01-30,0
SKU0143,2025-07-14,132,622601.76,4716.68,0,0,Textiles,Throws,3233.36,4716.68,2025-01-30,0
SKU0143,2025-07-21,123,580151.64,4716.68,0,0,Textiles,Throws,3233.36,4716.68,2025-01-30,0
SKU0143,2025-07-28,149,702785.32,4716.68,0,0,Textiles,Throws,3233.36,4716.68,2025-01-30,0
SKU0143,2025-08-04,147,693351.96,4716.68,0,0,Textiles,Throws,3233.36,4716.68,2025-01-30,0
SKU0143,2025-08-11,166,782968.88,4716.68,0,1,Textiles,Throws,3233.36,4716.68,2025-01-30,0
SKU0143,2025-08-18,143,674485.24,4716.68,0,0,Textiles,Throws,3233.36,4716.68,2025-01-30,0
SKU0143,2025-08-25,175,825419.0,4716.68,0,0,Textiles,Throws,3233.36,4716.68,2025-01-30,0
SKU0144,2024-02-05,9,3038.4,337.6,0,0,Small Appliances,Kitchen,167.33,337.6,2024-02-11,0
SKU0144,2024-02-12,92,31059.199999999997,337.6,0,0,Small Appliances,Kitchen,167.33,337.6,2024-02-11,0
SKU0144,2024-02-19,107,36123.2,337.6,0,0,Small Appliances,Kitchen,167.33,337.6,2024-02-11,0
SKU0144,2024-02-26,85,28696.0,337.6,0,0,Small Appliances,Kitchen,167.33,337.6,2024-02-11,0
SKU0144,2024-03-04,77,25995.2,337.6,0,0,Small Appliances,Kitchen,167.33,337.6,2024-02-11,0
SKU0144,2024-03-11,98,33084.8,337.6,0,0,Small Appliances,Kitchen,167.33,337.6,2024-02-11,0
SKU0144,2024-03-18,95,32072.0,337.6,0,0,Small Appliances,Kitchen,167.33,337.6,2024-02-11,0
SKU0144,2024-03-25,111,37473.6,337.6,0,0,Small Appliances,Kitchen,167.33,337.6,2024-02-11,0
SKU0144,2024-04-01,100,33760.0,337.6,0,0,Small Appliances,Kitchen,167.33,337.6,2024-02-11,0
SKU0144,2024-04-08,108,36460.8,337.6,0,0,Small Appliances,Kitchen,167.33,337.6,2024-02-11,0
SKU0144,2024-04-15,90,30384.0,337.6,0,0,Small Appliances,Kitchen,167.33,337.6,2024-02-11,0
SKU0144,2024-04-22,101,34097.6,337.6,0,0,Small Appliances,Kitchen,167.33,337.6,2024-02-11,0
SKU0144,2024-04-29,91,30721.6,337.6,0,0,Small Appliances,Kitchen,167.33,337.6,2024-02-11,0
SKU0144,2024-05-06,97,32747.2,337.6,0,0,Small Appliances,Kitchen,167.33,337.6,2024-02-11,0
SKU0144,2024-05-13,81,27345.6,337.6,0,0,Small Appliances,Kitchen,167.33,337.6,2024-02-11,0
SKU0144,2024-05-20,115,38824.0,337.6,0,0,Small Appliances,Kitchen,167.33,337.6,2024-02-11,0
SKU0144,2024-05-27,120,38563.76,316.1914285714286,2,0,Small Appliances,Kitchen,167.33,337.6,2024-02-11,1
SKU0144,2024-06-03,162,42552.12,262.67,7,0,Small Appliances,Kitchen,167.33,337.6,2024-02-11,1
SKU0144,2024-06-10,106,33987.22,326.8957142857143,1,0,Small Appliances,Kitchen,167.33,337.6,2024-02-11,1
SKU0144,2024-06-17,76,25657.6,337.6,0,0,Small Appliances,Kitchen,167.33,337.6,2024-02-11,0
SKU0144,2024-06-24,58,19580.8,337.6,0,0,Small Appliances,Kitchen,167.33,337.6,2024-02-11,0
SKU0144,2024-07-01,84,28358.4,337.6,0,0,Small Appliances,Kitchen,167.33,337.6,2024-02-11,0
SKU0144,2024-07-08,98,33084.8,337.6,0,0,Small Appliances,Kitchen,167.33,337.6,2024-02-11,0
SKU0144,2024-07-15,88,29708.800000000003,337.6,0,0,Small Appliances,Kitchen,167.33,337.6,2024-02-11,0
SKU0144,2024-07-22,74,24982.4,337.6,0,0,Small Appliances,Kitchen,167.33,337.6,2024-02-11,0
SKU0144,2024-07-29,67,22619.2,337.6,0,0,Small Appliances,Kitchen,167.33,337.6,2024-02-11,0
SKU0144,2024-08-05,77,25995.2,337.6,0,0,Small Appliances,Kitchen,167.33,337.6,2024-02-11,0
SKU0144,2024-08-12,59,19918.399999999998,337.6,0,1,Small Appliances,Kitchen,167.33,337.6,2024-02-11,0
SKU0144,2024-08-19,56,18905.6,337.6,0,0,Small Appliances,Kitchen,167.33,337.6,2024-02-11,0
SKU0144,2024-08-26,72,24307.199999999997,337.6,0,0,Small Appliances,Kitchen,167.33,337.6,2024-02-11,0
SKU0144,2024-09-02,70,23632.0,337.6,0,0,Small Appliances,Kitchen,167.33,337.6,2024-02-11,0
SKU0144,2024-09-09,57,19243.2,337.6,0,0,Small Appliances,Kitchen,167.33,337.6,2024-02-11,0
SKU0144,2024-09-16,97,32747.2,337.6,0,0,Small Appliances,Kitchen,167.33,337.6,2024-02-11,0
SKU0144,2024-09-23,70,23632.0,337.6,0,0,Small Appliances,Kitchen,167.33,337.6,2024-02-11,0
SKU0144,2024-09-30,93,31396.8,337.6,0,1,Small Appliances,Kitchen,167.33,337.6,2024-02-11,0
SKU0144,2024-10-07,58,19580.8,337.6,0,0,Small Appliances,Kitchen,167.33,337.6,2024-02-11,0
SKU0144,2024-10-14,73,24644.8,337.6,0,0,Small Appliances,Kitchen,167.33,337.6,2024-02-11,0
SKU0144,2024-10-21,67,22619.199999999997,337.6,0,0,Small Appliances,Kitchen,167.33,337.6,2024-02-11,0
SKU0144,2024-10-28,72,24307.2,337.6,0,0,Small Appliances,Kitchen,167.33,337.6,2024-02-11,0
SKU0144,2024-11-04,98,29338.17,305.4871428571429,3,0,Small Appliances,Kitchen,167.33,337.6,2024-02-11,1
SKU0144,2024-11-11,202,55081.99,284.0785714285715,5,0,Small Appliances,Kitchen,167.33,337.6,2024-02-11,1
SKU0144,2024-11-18,91,30721.600000000002,337.6,0,0,Small Appliances,Kitchen,167.33,337.6,2024-02-11,0
SKU0144,2024-11-25,93,31396.8,337.6,0,0,Small Appliances,Kitchen,167.33,337.6,2024-02-11,0
SKU0144,2024-12-02,72,24307.2,337.6,0,0,Small Appliances,Kitchen,167.33,337.6,2024-02-11,0
SKU0144,2024-12-09,77,25995.2,337.6,0,0,Small Appliances,Kitchen,167.33,337.6,2024-02-11,0
SKU0144,2024-12-16,98,29413.1,305.4871428571429,3,0,Small Appliances,Kitchen,167.33,337.6,2024-02-11,1
SKU0144,2024-12-23,130,34146.76,262.67,7,1,Small Appliances,Kitchen,167.33,337.6,2024-02-11,1
SKU0144,2024-12-30,116,35340.04,316.1914285714286,2,1,Small Appliances,Kitchen,167.33,337.6,2024-02-11,1
SKU0144,2025-01-06,70,23632.0,337.6,0,0,Small Appliances,Kitchen,167.33,337.6,2024-02-11,0
SKU0144,2025-01-13,85,28696.0,337.6,0,0,Small Appliances,Kitchen,167.33,337.6,2024-02-11,0
SKU0144,2025-01-20,56,18905.6,337.6,0,0,Small Appliances,Kitchen,167.33,337.6,2024-02-11,0
SKU0144,2025-01-27,81,27345.6,337.6,0,0,Small Appliances,Kitchen,167.33,337.6,2024-02-11,0
SKU0144,2025-02-03,79,26670.399999999998,337.6,0,0,Small Appliances,Kitchen,167.33,337.6,2024-02-11,0
SKU0144,2025-02-10,66,22281.600000000002,337.6,0,0,Small Appliances,Kitchen,167.33,337.6,2024-02-11,0
SKU0144,2025-02-17,85,28696.0,337.6,0,0,Small Appliances,Kitchen,167.33,337.6,2024-02-11,0
SKU0144,2025-02-24,89,30046.4,337.6,0,0,Small Appliances,Kitchen,167.33,337.6,2024-02-11,0
SKU0144,2025-03-03,72,24307.199999999997,337.6,0,0,Small Appliances,Kitchen,167.33,337.6,2024-02-11,0
SKU0144,2025-03-10,105,35448.0,337.6,0,0,Small Appliances,Kitchen,167.33,337.6,2024-02-11,0
SKU0144,2025-03-17,71,23969.6,337.6,0,0,Small Appliances,Kitchen,167.33,337.6,2024-02-11,0
SKU0144,2025-03-24,72,24307.2,337.6,0,0,Small Appliances,Kitchen,167.33,337.6,2024-02-11,0
SKU0144,2025-03-31,84,28358.399999999998,337.6,0,0,Small Appliances,Kitchen,167.33,337.6,2024-02-11,0
SKU0144,2025-04-07,77,25995.2,337.6,0,0,Small Appliances,Kitchen,167.33,337.6,2024-02-11,0
SKU0144,2025-04-14,80,27008.0,337.6,0,0,Small Appliances,Kitchen,167.33,337.6,2024-02-11,0
SKU0144,2025-04-21,90,30384.0,337.6,0,0,Small Appliances,Kitchen,167.33,337.6,2024-02-11,0
SKU0144,2025-04-28,83,28020.8,337.6,0,0,Small Appliances,Kitchen,167.33,337.6,2024-02-11,0
SKU0144,2025-05-05,85,28696.0,337.6,0,0,Small Appliances,Kitchen,167.33,337.6,2024-02-11,0
SKU0144,2025-05-12,68,22956.8,337.6,0,0,Small Appliances,Kitchen,167.33,337.6,2024-02-11,0
SKU0144,2025-05-19,62,20931.2,337.6,0,0,Small Appliances,Kitchen,167.33,337.6,2024-02-11,0
SKU0144,2025-05-26,90,29260.010000000002,326.8957142857143,1,0,Small Appliances,Kitchen,167.33,337.6,2024-02-11,1
SKU0144,2025-06-02,150,39400.11,262.67,7,0,Small Appliances,Kitchen,167.33,337.6,2024-02-11,1
SKU0144,2025-06-09,84,25061.36,316.1914285714286,2,0,Small Appliances,Kitchen,167.33,337.6,2024-02-11,1
SKU0144,2025-06-16,63,21268.8,337.6,0,0,Small Appliances,Kitchen,167.33,337.6,2024-02-11,0
SKU0144,2025-06-23,75,25320.0,337.6,0,0,Small Appliances,Kitchen,167.33,337.6,2024-02-11,0
SKU0144,2025-06-30,66,22281.6,337.6,0,0,Small Appliances,Kitchen,167.33,337.6,2024-02-11,0
SKU0144,2025-07-07,65,21944.0,337.6,0,0,Small Appliances,Kitchen,167.33,337.6,2024-02-11,0
SKU0144,2025-07-14,66,22281.6,337.6,0,0,Small Appliances,Kitchen,167.33,337.6,2024-02-11,0
SKU0144,2025-07-21,80,27008.0,337.6,0,0,Small Appliances,Kitchen,167.33,337.6,2024-02-11,0
SKU0144,2025-07-28,66,22281.6,337.6,0,0,Small Appliances,Kitchen,167.33,337.6,2024-02-11,0
SKU0144,2025-08-04,52,17555.2,337.6,0,0,Small Appliances,Kitchen,167.33,337.6,2024-02-11,0
SKU0144,2025-08-11,75,25320.0,337.6,0,1,Small Appliances,Kitchen,167.33,337.6,2024-02-11,0
SKU0144,2025-08-18,73,24644.8,337.6,0,0,Small Appliances,Kitchen,167.33,337.6,2024-02-11,0
SKU0144,2025-08-25,50,16880.0,337.6,0,0,Small Appliances,Kitchen,167.33,337.6,2024-02-11,0
SKU0145,2023-09-18,46,192982.41999999998,4195.27,0,0,Small Appliances,Climate,1695.22,4195.27,2023-09-21,0
SKU0145,2023-09-25,120,503432.4,4195.27,0,0,Small Appliances,Climate,1695.22,4195.27,2023-09-21,0
SKU0145,2023-10-02,115,482456.05,4195.27,0,1,Small Appliances,Climate,1695.22,4195.27,2023-09-21,0
SKU0145,2023-10-09,133,557970.91,4195.27,0,0,Small Appliances,Climate,1695.22,4195.27,2023-09-21,0
SKU0145,2023-10-16,124,520213.48000000004,4195.27,0,0,Small Appliances,Climate,1695.22,4195.27,2023-09-21,0
SKU0145,2023-10-23,123,516018.21,4195.27,0,0,Small Appliances,Climate,1695.22,4195.27,2023-09-21,0
SKU0145,2023-10-30,119,499237.13,4195.27,0,0,Small Appliances,Climate,1695.22,4195.27,2023-09-21,0
SKU0145,2023-11-06,121,507627.67000000004,4195.27,0,0,Small Appliances,Climate,1695.22,4195.27,2023-09-21,0
SKU0145,2023-11-13,87,364988.49,4195.27,0,0,Small Appliances,Climate,1695.22,4195.27,2023-09-21,0
SKU0145,2023-11-20,193,655579.3200000001,3396.78,7,0,Small Appliances,Climate,1695.22,4195.27,2023-09-21,1
SKU0145,2023-11-27,122,491062.31,4081.2000000000003,1,0,Small Appliances,Climate,1695.22,4195.27,2023-09-21,1
SKU0145,2023-12-04,86,360793.22,4195.27,0,0,Small Appliances,Climate,1695.22,4195.27,2023-09-21,0
SKU0145,2023-12-11,100,419527.0,4195.27,0,0,Small Appliances,Climate,1695.22,4195.27,2023-09-21,0
SKU0145,2023-12-18,153,549251.94,3624.9200000000005,5,0,Small Appliances,Climate,1695.22,4195.27,2023-09-21,1
SKU0145,2023-12-25,210,713324.66,3396.78,7,1,Small Appliances,Climate,1695.22,4195.27,2023-09-21,1
SKU0145,2024-01-01,94,394355.38,4195.27,0,1,Small Appliances,Climate,1695.22,4195.27,2023-09-21,0
SKU0145,2024-01-08,86,360793.22,4195.27,0,0,Small Appliances,Climate,1695.22,4195.27,2023-09-21,0
SKU0145,2024-01-15,71,297864.17000000004,4195.27,0,0,Small Appliances,Climate,1695.22,4195.27,2023-09-21,0
SKU0145,2024-01-22,88,369183.76,4195.27,0,0,Small Appliances,Climate,1695.22,4195.27,2023-09-21,0
SKU0145,2024-01-29,83,348207.41000000003,4195.27,0,0,Small Appliances,Climate,1695.22,4195.27,2023-09-21,0
SKU0145,2024-02-05,87,364988.49,4195.27,0,0,Small Appliances,Climate,1695.22,4195.27,2023-09-21,0
SKU0145,2024-02-12,59,247520.93,4195.27,0,0,Small Appliances,Climate,1695.22,4195.27,2023-09-21,0
SKU0145,2024-02-19,70,293668.9,4195.27,0,0,Small Appliances,Climate,1695.22,4195.27,2023-09-21,0
SKU0145,2024-02-26,52,218154.03999999998,4195.27,0,0,Small Appliances,Climate,1695.22,4195.27,2023-09-21,0
SKU0145,2024-03-04,62,260106.74,4195.27,0,0,Small Appliances,Climate,1695.22,4195.27,2023-09-21,0
SKU0145,2024-03-11,71,297864.17,4195.27,0,0,Small Appliances,Climate,1695.22,4195.27,2023-09-21,0
SKU0145,2024-03-18,76,318840.52,4195.27,0,0,Small Appliances,Climate,1695.22,4195.27,2023-09-21,0
SKU0145,2024-03-25,69,289473.63,4195.27,0,0,Small Appliances,Climate,1695.22,4195.27,2023-09-21,0
SKU0145,2024-04-01,82,344012.14,4195.27,0,0,Small Appliances,Climate,1695.22,4195.27,2023-09-21,0
SKU0145,2024-04-08,98,411136.45999999996,4195.27,0,0,Small Appliances,Climate,1695.22,4195.27,2023-09-21,0
SKU0145,2024-04-15,96,402745.92000000004,4195.27,0,0,Small Appliances,Climate,1695.22,4195.27,2023-09-21,0
SKU0145,2024-04-22,104,436308.07999999996,4195.27,0,0,Small Appliances,Climate,1695.22,4195.27,2023-09-21,0
SKU0145,2024-04-29,114,478260.77999999997,4195.27,0,0,Small Appliances,Climate,1695.22,4195.27,2023-09-21,0
SKU0145,2024-05-06,123,516018.20999999996,4195.27,0,0,Small Appliances,Climate,1695.22,4195.27,2023-09-21,0
SKU0145,2024-05-13,86,360793.22000000003,4195.27,0,0,Small Appliances,Climate,1695.22,4195.27,2023-09-21,0
SKU0145,2024-05-20,97,406941.19,4195.27,0,0,Small Appliances,Climate,1695.22,4195.27,2023-09-21,0
SKU0145,2024-05-27,130,503065.33999999997,3967.1300000000006,2,0,Small Appliances,Climate,1695.22,4195.27,2023-09-21,1
SKU0145,2024-06-03,192,652182.54,3396.78,7,0,Small Appliances,Climate,1695.22,4195.27,2023-09-21,1
SKU0145,2024-06-10,154,613333.66,4081.2000000000003,1,0,Small Appliances,Climate,1695.22,4195.27,2023-09-21,1
SKU0145,2024-06-17,132,553775.64,4195.27,0,0,Small Appliances,Climate,1695.22,4195.27,2023-09-21,0
SKU0145,2024-06-24,125,524408.75,4195.27,0,0,Small Appliances,Climate,1695.22,4195.27,2023-09-21,0
SKU0145,2024-07-01,101,423722.27,4195.27,0,0,Small Appliances,Climate,1695.22,4195.27,2023-09-21,0
SKU0145,2024-07-08,119,499237.13,4195.27,0,0,Small Appliances,Climate,1695.22,4195.27,2023-09-21,0
SKU0145,2024-07-15,149,625095.23,4195.27,0,0,Small Appliances,Climate,1695.22,4195.27,2023-09-21,0
SKU0145,2024-07-22,145,608314.15,4195.27,0,0,Small Appliances,Climate,1695.22,4195.27,2023-09-21,0
SKU0145,2024-07-29,161,675438.47,4195.27,0,0,Small Appliances,Climate,1695.22,4195.27,2023-09-21,0
SKU0145,2024-08-05,132,553775.64,4195.27,0,0,Small Appliances,Climate,1695.22,4195.27,2023-09-21,0
SKU0145,2024-08-12,152,637681.04,4195.27,0,1,Small Appliances,Climate,1695.22,4195.27,2023-09-21,0
SKU0145,2024-08-19,193,809687.11,4195.27,0,0,Small Appliances,Climate,1695.22,4195.27,2023-09-21,0
SKU0145,2024-08-26,131,549580.37,4195.27,0,0,Small Appliances,Climate,1695.22,4195.27,2023-09-21,0
SKU0145,2024-09-02,171,717391.17,4195.27,0,0,Small Appliances,Climate,1695.22,4195.27,2023-09-21,0
SKU0145,2024-09-09,152,637681.04,4195.27,0,0,Small Appliances,Climate,1695.22,4195.27,2023-09-21,0
SKU0145,2024-09-16,150,629290.5,4195.27,0,0,Small Appliances,Climate,1695.22,4195.27,2023-09-21,0
SKU0145,2024-09-23,135,566361.45,4195.27,0,0,Small Appliances,Climate,1695.22,4195.27,2023-09-21,0
SKU0145,2024-09-30,169,709000.63,4195.27,0,1,Small Appliances,Climate,1695.22,4195.27,2023-09-21,0
SKU0145,2024-10-07,123,516018.21,4195.27,0,0,Small Appliances,Climate,1695.22,4195.27,2023-09-21,0
SKU0145,2024-10-14,168,704805.36,4195.27,0,0,Small Appliances,Climate,1695.22,4195.27,2023-09-21,0
SKU0145,2024-10-21,153,641876.31,4195.27,0,0,Small Appliances,Climate,1695.22,4195.27,2023-09-21,0
SKU0145,2024-10-28,137,574751.99,4195.27,0,0,Small Appliances,Climate,1695.22,4195.27,2023-09-21,0
SKU0145,2024-11-04,227,838941.3,3853.0600000000004,3,0,Small Appliances,Climate,1695.22,4195.27,2023-09-21,1
SKU0145,2024-11-11,234,821197.51,3624.9200000000005,5,0,Small Appliances,Climate,1695.22,4195.27,2023-09-21,1
SKU0145,2024-11-18,129,541189.8300000001,4195.27,0,0,Small Appliances,Climate,1695.22,4195.27,2023-09-21,0
SKU0145,2024-11-25,137,574751.99,4195.27,0,0,Small Appliances,Climate,1695.22,4195.27,2023-09-21,0
SKU0145,2024-12-02,126,528604.02,4195.27,0,0,Small Appliances,Climate,1695.22,4195.27,2023-09-21,0
SKU0145,2024-12-09,152,637681.04,4195.27,0,0,Small Appliances,Climate,1695.22,4195.27,2023-09-21,0
SKU0145,2024-12-16,154,588580.59,3853.0600000000004,3,0,Small Appliances,Climate,1695.22,4195.27,2023-09-21,1
SKU0145,2024-12-23,211,716721.44,3396.78,7,1,Small Appliances,Climate,1695.22,4195.27,2023-09-21,1
SKU0145,2024-12-30,119,464902.24,3967.1300000000006,2,1,Small Appliances,Climate,1695.22,4195.27,2023-09-21,1
SKU0145,2025-01-06,110,461479.7,4195.27,0,0,Small Appliances,Climate,1695.22,4195.27,2023-09-21,0
SKU0145,2025-01-13,80,335621.6,4195.27,0,0,Small Appliances,Climate,1695.22,4195.27,2023-09-21,0
SKU0145,2025-01-20,83,348207.41,4195.27,0,0,Small Appliances,Climate,1695.22,4195.27,2023-09-21,0
SKU0145,2025-01-27,68,285278.36,4195.27,0,0,Small Appliances,Climate,1695.22,4195.27,2023-09-21,0
SKU0145,2025-02-03,103,432112.81,4195.27,0,0,Small Appliances,Climate,1695.22,4195.27,2023-09-21,0
SKU0145,2025-02-10,94,394355.38,4195.27,0,0,Small Appliances,Climate,1695.22,4195.27,2023-09-21,0
SKU0145,2025-02-17,98,411136.46,4195.27,0,0,Small Appliances,Climate,1695.22,4195.27,2023-09-21,0
SKU0145,2025-02-24,92,385964.84,4195.27,0,0,Small Appliances,Climate,1695.22,4195.27,2023-09-21,0
SKU0145,2025-03-03,88,369183.76,4195.27,0,0,Small Appliances,Climate,1695.22,4195.27,2023-09-21,0
SKU0145,2025-03-10,103,432112.81,4195.27,0,0,Small Appliances,Climate,1695.22,4195.27,2023-09-21,0
SKU0145,2025-03-17,77,323035.79,4195.27,0,0,Small Appliances,Climate,1695.22,4195.27,2023-09-21,0
SKU0145,2025-03-24,70,293668.9,4195.27,0,0,Small Appliances,Climate,1695.22,4195.27,2023-09-21,0
SKU0145,2025-03-31,90,377574.3,4195.27,0,0,Small Appliances,Climate,1695.22,4195.27,2023-09-21,0
SKU0145,2025-04-07,87,364988.49,4195.27,0,0,Small Appliances,Climate,1695.22,4195.27,2023-09-21,0
SKU0145,2025-04-14,117,490846.58999999997,4195.27,0,0,Small Appliances,Climate,1695.22,4195.27,2023-09-21,0
SKU0145,2025-04-21,106,444698.62,4195.27,0,0,Small Appliances,Climate,1695.22,4195.27,2023-09-21,0
SKU0145,2025-04-28,114,478260.78,4195.27,0,0,Small Appliances,Climate,1695.22,4195.27,2023-09-21,0
SKU0145,2025-05-05,106,444698.62,4195.27,0,0,Small Appliances,Climate,1695.22,4195.27,2023-09-21,0
SKU0145,2025-05-12,122,511822.94,4195.27,0,0,Small Appliances,Climate,1695.22,4195.27,2023-09-21,0
SKU0145,2025-05-19,146,612509.42,4195.27,0,0,Small Appliances,Climate,1695.22,4195.27,2023-09-21,0
SKU0145,2025-05-26,128,505055.13,4081.2000000000003,1,0,Small Appliances,Climate,1695.22,4195.27,2023-09-21,1
SKU0145,2025-06-02,334,1134525.9100000001,3396.78,7,0,Small Appliances,Climate,1695.22,4195.27,2023-09-21,1
SKU0145,2025-06-09,176,671294.71,3967.1300000000006,2,0,Small Appliances,Climate,1695.22,4195.27,2023-09-21,1
SKU0145,2025-06-16,127,532799.29,4195.27,0,0,Small Appliances,Climate,1695.22,4195.27,2023-09-21,0
SKU0145,2025-06-23,163,683829.01,4195.27,0,0,Small Appliances,Climate,1695.22,4195.27,2023-09-21,0
SKU0145,2025-06-30,173,725781.71,4195.27,0,0,Small Appliances,Climate,1695.22,4195.27,2023-09-21,0
SKU0145,2025-07-07,167,700610.09,4195.27,0,0,Small Appliances,Climate,1695.22,4195.27,2023-09-21,0
SKU0145,2025-07-14,147,616704.69,4195.27,0,0,Small Appliances,Climate,1695.22,4195.27,2023-09-21,0
SKU0145,2025-07-21,166,696414.82,4195.27,0,0,Small Appliances,Climate,1695.22,4195.27,2023-09-21,0
SKU0145,2025-07-28,183,767734.41,4195.27,0,0,Small Appliances,Climate,1695.22,4195.27,2023-09-21,0
SKU0145,2025-08-04,230,964912.1,4195.27,0,0,Small Appliances,Climate,1695.22,4195.27,2023-09-21,0
SKU0145,2025-08-11,197,826468.1900000001,4195.27,0,1,Small Appliances,Climate,1695.22,4195.27,2023-09-21,0
SKU0145,2025-08-18,144,604118.88,4195.27,0,0,Small Appliances,Climate,1695.22,4195.27,2023-09-21,0
SKU0145,2025-08-25,200,839054.0,4195.27,0,0,Small Appliances,Climate,1695.22,4195.27,2023-09-21,0
SKU0146,2024-06-17,202,729541.18,3611.59,0,0,Furniture,Storage,1489.92,3611.59,2024-06-17,0
SKU0146,2024-06-24,316,1141262.44,3611.59,0,0,Furniture,Storage,1489.92,3611.59,2024-06-17,0
SKU0146,2024-07-01,291,1050972.69,3611.59,0,0,Furniture,Storage,1489.92,3611.59,2024-06-17,0
SKU0146,2024-07-08,223,805384.5700000001,3611.59,0,0,Furniture,Storage,1489.92,3611.59,2024-06-17,0
SKU0146,2024-07-15,248,895674.32,3611.59,0,0,Furniture,Storage,1489.92,3611.59,2024-06-17,0
SKU0146,2024-07-22,179,646474.61,3611.59,0,0,Furniture,Storage,1489.92,3611.59,2024-06-17,0
SKU0146,2024-07-29,244,881227.96,3611.59,0,0,Furniture,Storage,1489.92,3611.59,2024-06-17,0
SKU0146,2024-08-05,260,939013.4,3611.59,0,0,Furniture,Storage,1489.92,3611.59,2024-06-17,0
SKU0146,2024-08-12,277,1000410.43,3611.59,0,1,Furniture,Storage,1489.92,3611.59,2024-06-17,0
SKU0146,2024-08-19,192,693425.28,3611.59,0,0,Furniture,Storage,1489.92,3611.59,2024-06-17,0
SKU0146,2024-08-26,174,628416.66,3611.59,0,0,Furniture,Storage,1489.92,3611.59,2024-06-17,0
SKU0146,2024-09-02,197,711483.23,3611.59,0,0,Furniture,Storage,1489.92,3611.59,2024-06-17,0
SKU0146,2024-09-09,209,754822.3099999999,3611.59,0,0,Furniture,Storage,1489.92,3611.59,2024-06-17,0
SKU0146,2024-09-16,225,812607.75,3611.59,0,0,Furniture,Storage,1489.92,3611.59,2024-06-17,0
SKU0146,2024-09-23,200,722318.0,3611.59,0,0,Furniture,Storage,1489.92,3611.59,2024-06-17,0
SKU0146,2024-09-30,131,473118.29,3611.59,0,1,Furniture,Storage,1489.92,3611.59,2024-06-17,0
SKU0146,2024-10-07,227,819830.93,3611.59,0,0,Furniture,Storage,1489.92,3611.59,2024-06-17,0
SKU0146,2024-10-14,158,570631.22,3611.59,0,0,Furniture,Storage,1489.92,3611.59,2024-06-17,0
SKU0146,2024-10-21,220,794549.8,3611.59,0,0,Furniture,Storage,1489.92,3611.59,2024-06-17,0
SKU0146,2024-10-28,158,570631.22,3611.59,0,0,Furniture,Storage,1489.92,3611.59,2024-06-17,0
SKU0146,2024-11-04,211,718019.86,3428.405714285714,3,0,Furniture,Storage,1489.92,3611.59,2024-06-17,1
SKU0146,2024-11-11,232,751547.35,3306.282857142857,5,0,Furniture,Storage,1489.92,3611.59,2024-06-17,1
SKU0146,2024-11-18,156,563408.04,3611.59,0,0,Furniture,Storage,1489.92,3611.59,2024-06-17,0
SKU0146,2024-11-25,132,476729.88,3611.59,0,0,Furniture,Storage,1489.92,3611.59,2024-06-17,0
SKU0146,2024-12-02,172,621193.48,3611.59,0,0,Furniture,Storage,1489.92,3611.59,2024-06-17,0
SKU0146,2024-12-09,129,465895.11,3611.59,0,0,Furniture,Storage,1489.92,3611.59,2024-06-17,0
SKU0146,2024-12-16,187,660407.17,3428.405714285714,3,0,Furniture,Storage,1489.92,3611.59,2024-06-17,1
SKU0146,2024-12-23,417,1327793.3399999999,3184.16,7,1,Furniture,Storage,1489.92,3611.59,2024-06-17,1
SKU0146,2024-12-30,221,749006.56,3489.467142857143,2,1,Furniture,Storage,1489.92,3611.59,2024-06-17,1
SKU0146,2025-01-06,178,642863.02,3611.59,0,0,Furniture,Storage,1489.92,3611.59,2024-06-17,0
SKU0146,2025-01-13,206,743987.54,3611.59,0,0,Furniture,Storage,1489.92,3611.59,2024-06-17,0
SKU0146,2025-01-20,135,487564.65,3611.59,0,0,Furniture,Storage,1489.92,3611.59,2024-06-17,0
SKU0146,2025-01-27,164,592300.76,3611.59,0,0,Furniture,Storage,1489.92,3611.59,2024-06-17,0
SKU0146,2025-02-03,245,884839.55,3611.59,0,0,Furniture,Storage,1489.92,3611.59,2024-06-17,0
SKU0146,2025-02-10,193,697036.87,3611.59,0,0,Furniture,Storage,1489.92,3611.59,2024-06-17,0
SKU0146,2025-02-17,185,668144.15,3611.59,0,0,Furniture,Storage,1489.92,3611.59,2024-06-17,0
SKU0146,2025-02-24,271,978740.89,3611.59,0,0,Furniture,Storage,1489.92,3611.59,2024-06-17,0
SKU0146,2025-03-03,137,494787.83,3611.59,0,0,Furniture,Storage,1489.92,3611.59,2024-06-17,0
SKU0146,2025-03-10,182,657309.38,3611.59,0,0,Furniture,Storage,1489.92,3611.59,2024-06-17,0
SKU0146,2025-03-17,286,1032914.74,3611.59,0,0,Furniture,Storage,1489.92,3611.59,2024-06-17,0
SKU0146,2025-03-24,260,939013.4,3611.59,0,0,Furniture,Storage,1489.92,3611.59,2024-06-17,0
SKU0146,2025-03-31,211,762045.49,3611.59,0,0,Furniture,Storage,1489.92,3611.59,2024-06-17,0
SKU0146,2025-04-07,268,967906.12,3611.59,0,0,Furniture,Storage,1489.92,3611.59,2024-06-17,0
SKU0146,2025-04-14,236,852335.24,3611.59,0,0,Furniture,Storage,1489.92,3611.59,2024-06-17,0
SKU0146,2025-04-21,174,628416.66,3611.59,0,0,Furniture,Storage,1489.92,3611.59,2024-06-17,0
SKU0146,2025-04-28,285,1029303.15,3611.59,0,0,Furniture,Storage,1489.92,3611.59,2024-06-17,0
SKU0146,2025-05-05,275,993187.25,3611.59,0,0,Furniture,Storage,1489.92,3611.59,2024-06-17,0
SKU0146,2025-05-12,284,1025691.56,3611.59,0,0,Furniture,Storage,1489.92,3611.59,2024-06-17,0
SKU0146,2025-05-19,270,975129.3,3611.59,0,0,Furniture,Storage,1489.92,3611.59,2024-06-17,0
SKU0146,2025-05-26,265,944675.78,3550.5285714285715,1,0,Furniture,Storage,1489.92,3611.59,2024-06-17,1
SKU0146,2025-06-02,338,1076244.95,3184.16,7,0,Furniture,Storage,1489.92,3611.59,2024-06-17,1
SKU0146,2025-06-09,301,1002884.22,3489.467142857143,2,0,Furniture,Storage,1489.92,3611.59,2024-06-17,1
SKU0146,2025-06-16,242,874004.78,3611.59,0,0,Furniture,Storage,1489.92,3611.59,2024-06-17,0
SKU0146,2025-06-23,230,830665.7,3611.59,0,0,Furniture,Storage,1489.92,3611.59,2024-06-17,0
SKU0146,2025-06-30,275,993187.25,3611.59,0,0,Furniture,Storage,1489.92,3611.59,2024-06-17,0
SKU0146,2025-07-07,216,780103.4400000001,3611.59,0,0,Furniture,Storage,1489.92,3611.59,2024-06-17,0
SKU0146,2025-07-14,230,830665.7,3611.59,0,0,Furniture,Storage,1489.92,3611.59,2024-06-17,0
SKU0146,2025-07-21,267,964294.53,3611.59,0,0,Furniture,Storage,1489.92,3611.59,2024-06-17,0
SKU0146,2025-07-28,240,866781.6,3611.59,0,0,Furniture,Storage,1489.92,3611.59,2024-06-17,0
SKU0146,2025-08-04,258,931790.22,3611.59,0,0,Furniture,Storage,1489.92,3611.59,2024-06-17,0
SKU0146,2025-08-11,156,563408.04,3611.59,0,1,Furniture,Storage,1489.92,3611.59,2024-06-17,0
SKU0146,2025-08-18,154,556184.86,3611.59,0,0,Furniture,Storage,1489.92,3611.59,2024-06-17,0
SKU0146,2025-08-25,149,538126.91,3611.59,0,0,Furniture,Storage,1489.92,3611.59,2024-06-17,0
SKU0147,2024-10-14,59,171275.23,2902.97,0,0,Furniture,Storage,1678.22,2902.97,2024-10-18,0
SKU0147,2024-10-21,242,702518.74,2902.97,0,0,Furniture,Storage,1678.22,2902.97,2024-10-18,0
SKU0147,2024-10-28,240,696712.8,2902.97,0,0,Furniture,Storage,1678.22,2902.97,2024-10-18,0
SKU0147,2024-11-04,331,846032.03,2606.4542857142856,3,0,Furniture,Storage,1678.22,2902.97,2024-10-18,1
SKU0147,2024-11-11,326,749876.08,2408.7771428571427,5,0,Furniture,Storage,1678.22,2902.97,2024-10-18,1
SKU0147,2024-11-18,223,647362.31,2902.97,0,0,Furniture,Storage,1678.22,2902.97,2024-10-18,0
SKU0147,2024-11-25,184,534146.48,2902.97,0,0,Furniture,Storage,1678.22,2902.97,2024-10-18,0
SKU0147,2024-12-02,233,676392.01,2902.97,0,0,Furniture,Storage,1678.22,2902.97,2024-10-18,0
SKU0147,2024-12-09,204,592205.88,2902.97,0,0,Furniture,Storage,1678.22,2902.97,2024-10-18,0
SKU0147,2024-12-16,368,965895.65,2606.4542857142856,3,0,Furniture,Storage,1678.22,2902.97,2024-10-18,1
SKU0147,2024-12-23,504,1114392.53,2211.1,7,1,Furniture,Storage,1678.22,2902.97,2024-10-18,1
SKU0147,2024-12-30,343,889862.03,2705.292857142857,2,1,Furniture,Storage,1678.22,2902.97,2024-10-18,1
SKU0147,2025-01-06,220,638653.4,2902.97,0,0,Furniture,Storage,1678.22,2902.97,2024-10-18,0
SKU0147,2025-01-13,252,731548.4400000001,2902.97,0,0,Furniture,Storage,1678.22,2902.97,2024-10-18,0
SKU0147,2025-01-20,166,481893.02,2902.97,0,0,Furniture,Storage,1678.22,2902.97,2024-10-18,0
SKU0147,2025-01-27,219,635750.4299999999,2902.97,0,0,Furniture,Storage,1678.22,2902.97,2024-10-18,0
SKU0147,2025-02-03,167,484795.99,2902.97,0,0,Furniture,Storage,1678.22,2902.97,2024-10-18,0
SKU0147,2025-02-10,156,452863.32,2902.97,0,0,Furniture,Storage,1678.22,2902.97,2024-10-18,0
SKU0147,2025-02-17,196,568982.12,2902.97,0,0,Furniture,Storage,1678.22,2902.97,2024-10-18,0
SKU0147,2025-02-24,187,542855.39,2902.97,0,0,Furniture,Storage,1678.22,2902.97,2024-10-18,0
SKU0147,2025-03-03,179,519631.63,2902.97,0,0,Furniture,Storage,1678.22,2902.97,2024-10-18,0
SKU0147,2025-03-10,144,418027.68,2902.97,0,0,Furniture,Storage,1678.22,2902.97,2024-10-18,0
SKU0147,2025-03-17,136,394803.92,2902.97,0,0,Furniture,Storage,1678.22,2902.97,2024-10-18,0
SKU0147,2025-03-24,132,383192.04,2902.97,0,0,Furniture,Storage,1678.22,2902.97,2024-10-18,0
SKU0147,2025-03-31,148,429639.56,2902.97,0,0,Furniture,Storage,1678.22,2902.97,2024-10-18,0
SKU0147,2025-04-07,159,461572.23,2902.97,0,0,Furniture,Storage,1678.22,2902.97,2024-10-18,0
SKU0147,2025-04-14,142,412221.74,2902.97,0,0,Furniture,Storage,1678.22,2902.97,2024-10-18,0
SKU0147,2025-04-21,117,339647.49,2902.97,0,0,Furniture,Storage,1678.22,2902.97,2024-10-18,0
SKU0147,2025-04-28,138,400609.86,2902.97,0,0,Furniture,Storage,1678.22,2902.97,2024-10-18,0
SKU0147,2025-05-05,120,348356.39999999997,2902.97,0,0,Furniture,Storage,1678.22,2902.97,2024-10-18,0
SKU0147,2025-05-12,112,325132.64,2902.97,0,0,Furniture,Storage,1678.22,2902.97,2024-10-18,0
SKU0147,2025-05-19,89,258364.33,2902.97,0,0,Furniture,Storage,1678.22,2902.97,2024-10-18,0
SKU0147,2025-05-26,141,396865.04000000004,2804.1314285714284,1,0,Furniture,Storage,1678.22,2902.97,2024-10-18,1
SKU0147,2025-06-02,198,437797.07,2211.1,7,0,Furniture,Storage,1678.22,2902.97,2024-10-18,1
SKU0147,2025-06-09,77,208999.34999999998,2705.292857142857,2,0,Furniture,Storage,1678.22,2902.97,2024-10-18,1
SKU0147,2025-06-16,117,339647.49,2902.97,0,0,Furniture,Storage,1678.22,2902.97,2024-10-18,0
SKU0147,2025-06-23,129,374483.13,2902.97,0,0,Furniture,Storage,1678.22,2902.97,2024-10-18,0
SKU0147,2025-06-30,81,235140.57,2902.97,0,0,Furniture,Storage,1678.22,2902.97,2024-10-18,0
SKU0147,2025-07-07,110,319326.7,2902.97,0,0,Furniture,Storage,1678.22,2902.97,2024-10-18,0
SKU0147,2025-07-14,139,403512.83,2902.97,0,0,Furniture,Storage,1678.22,2902.97,2024-10-18,0
SKU0147,2025-07-21,143,415124.71,2902.97,0,0,Furniture,Storage,1678.22,2902.97,2024-10-18,0
SKU0147,2025-07-28,104,301908.88,2902.97,0,0,Furniture,Storage,1678.22,2902.97,2024-10-18,0
SKU0147,2025-08-04,88,255461.36,2902.97,0,0,Furniture,Storage,1678.22,2902.97,2024-10-18,0
SKU0147,2025-08-11,148,429639.56,2902.97,0,1,Furniture,Storage,1678.22,2902.97,2024-10-18,0
SKU0147,2025-08-18,174,505116.78,2902.97,0,0,Furniture,Storage,1678.22,2902.97,2024-10-18,0
SKU0147,2025-08-25,174,505116.78,2902.97,0,0,Furniture,Storage,1678.22,2902.97,2024-10-18,0
SKU0148,2024-12-16,54,158564.14,2921.7775,3,0,Furniture,Storage,1466.42,3315.82,2024-12-19,1
SKU0148,2024-12-23,121,337642.25,2790.43,7,1,Furniture,Storage,1466.42,3315.82,2024-12-19,1
SKU0148,2024-12-30,76,229410.63,3165.7085714285713,2,1,Furniture,Storage,1466.42,3315.82,2024-12-19,1
SKU0148,2025-01-06,68,225475.75999999998,3315.82,0,0,Furniture,Storage,1466.42,3315.82,2024-12-19,0
SKU0148,2025-01-13,48,159159.36,3315.82,0,0,Furniture,Storage,1466.42,3315.82,2024-12-19,0
SKU0148,2025-01-20,53,175738.46,3315.82,0,0,Furniture,Storage,1466.42,3315.82,2024-12-19,0
SKU0148,2025-01-27,61,202265.02000000002,3315.82,0,0,Furniture,Storage,1466.42,3315.82,2024-12-19,0
SKU0148,2025-02-03,56,185685.92,3315.82,0,0,Furniture,Storage,1466.42,3315.82,2024-12-19,0
SKU0148,2025-02-10,59,195633.38,3315.82,0,0,Furniture,Storage,1466.42,3315.82,2024-12-19,0
SKU0148,2025-02-17,62,205580.84,3315.82,0,0,Furniture,Storage,1466.42,3315.82,2024-12-19,0
SKU0148,2025-02-24,52,172422.64,3315.82,0,0,Furniture,Storage,1466.42,3315.82,2024-12-19,0
SKU0148,2025-03-03,70,232107.4,3315.82,0,0,Furniture,Storage,1466.42,3315.82,2024-12-19,0
SKU0148,2025-03-10,62,205580.84000000003,3315.82,0,0,Furniture,Storage,1466.42,3315.82,2024-12-19,0
SKU0148,2025-03-17,65,215528.30000000002,3315.82,0,0,Furniture,Storage,1466.42,3315.82,2024-12-19,0
SKU0148,2025-03-24,73,242054.86000000002,3315.82,0,0,Furniture,Storage,1466.42,3315.82,2024-12-19,0
SKU0148,2025-03-31,74,245370.68,3315.82,0,0,Furniture,Storage,1466.42,3315.82,2024-12-19,0
SKU0148,2025-04-07,67,222159.94,3315.82,0,0,Furniture,Storage,1466.42,3315.82,2024-12-19,0
SKU0148,2025-04-14,54,179054.28,3315.82,0,0,Furniture,Storage,1466.42,3315.82,2024-12-19,0
SKU0148,2025-04-21,67,222159.94,3315.82,0,0,Furniture,Storage,1466.42,3315.82,2024-12-19,0
SKU0148,2025-04-28,71,235423.22,3315.82,0,0,Furniture,Storage,1466.42,3315.82,2024-12-19,0
SKU0148,2025-05-05,77,255318.14,3315.82,0,0,Furniture,Storage,1466.42,3315.82,2024-12-19,0
SKU0148,2025-05-12,65,215528.3,3315.82,0,0,Furniture,Storage,1466.42,3315.82,2024-12-19,0
SKU0148,2025-05-19,83,275213.06,3315.82,0,0,Furniture,Storage,1466.42,3315.82,2024-12-19,0
SKU0148,2025-05-26,78,251278.52000000002,3240.764285714286,1,0,Furniture,Storage,1466.42,3315.82,2024-12-19,1
SKU0148,2025-06-02,128,357175.27,2790.43,7,0,Furniture,Storage,1466.42,3315.82,2024-12-19,1
SKU0148,2025-06-09,79,239883.47,3165.7085714285713,2,0,Furniture,Storage,1466.42,3315.82,2024-12-19,1
SKU0148,2025-06-16,74,245370.68,3315.82,0,0,Furniture,Storage,1466.42,3315.82,2024-12-19,0
SKU0148,2025-06-23,60,198949.2,3315.82,0,0,Furniture,Storage,1466.42,3315.82,2024-12-19,0
SKU0148,2025-06-30,61,202265.02000000002,3315.82,0,0,Furniture,Storage,1466.42,3315.82,2024-12-19,0
SKU0148,2025-07-07,70,232107.4,3315.82,0,0,Furniture,Storage,1466.42,3315.82,2024-12-19,0
SKU0148,2025-07-14,63,208896.66,3315.82,0,0,Furniture,Storage,1466.42,3315.82,2024-12-19,0
SKU0148,2025-07-21,50,165791.0,3315.82,0,0,Furniture,Storage,1466.42,3315.82,2024-12-19,0
SKU0148,2025-07-28,49,162475.18,3315.82,0,0,Furniture,Storage,1466.42,3315.82,2024-12-19,0
SKU0148,2025-08-04,39,129316.98000000001,3315.82,0,0,Furniture,Storage,1466.42,3315.82,2024-12-19,0
SKU0148,2025-08-11,43,142580.26,3315.82,0,1,Furniture,Storage,1466.42,3315.82,2024-12-19,0
SKU0148,2025-08-18,45,149211.9,3315.82,0,0,Furniture,Storage,1466.42,3315.82,2024-12-19,0
SKU0148,2025-08-25,33,109422.06,3315.82,0,0,Furniture,Storage,1466.42,3315.82,2024-12-19,0
SKU0149,2025-07-28,53,129286.08,2439.36,0,0,Textiles,Cushions,1290.99,2439.36,2025-07-31,0
SKU0149,2025-08-04,110,268329.6,2439.36,0,0,Textiles,Cushions,1290.99,2439.36,2025-07-31,0
SKU0149,2025-08-11,106,258572.16,2439.36,0,1,Textiles,Cushions,1290.99,2439.36,2025-07-31,0
SKU0149,2025-08-18,98,239057.28,2439.36,0,0,Textiles,Cushions,1290.99,2439.36,2025-07-31,0
SKU0149,2025-08-25,90,219542.40000000002,2439.36,0,0,Textiles,Cushions,1290.99,2439.36,2025-07-31,0
SKU0150,2024-01-08,65,391444.3,6022.22,0,0,Decor,Wall Art,2848.39,6022.22,2024-01-09,0
SKU0150,2024-01-15,69,415533.18,6022.22,0,0,Decor,Wall Art,2848.39,6022.22,2024-01-09,0
SKU0150,2024-01-22,52,313155.44,6022.22,0,0,Decor,Wall Art,2848.39,6022.22,2024-01-09,0
SKU0150,2024-01-29,60,361333.2,6022.22,0,0,Decor,Wall Art,2848.39,6022.22,2024-01-09,0
SKU0150,2024-02-05,62,373377.64,6022.22,0,0,Decor,Wall Art,2848.39,6022.22,2024-01-09,0
SKU0150,2024-02-12,52,313155.44,6022.22,0,0,Decor,Wall Art,2848.39,6022.22,2024-01-09,0
SKU0150,2024-02-19,58,349288.76,6022.22,0,0,Decor,Wall Art,2848.39,6022.22,2024-01-09,0
SKU0150,2024-02-26,69,415533.18,6022.22,0,0,Decor,Wall Art,2848.39,6022.22,2024-01-09,0
SKU0150,2024-03-04,47,283044.33999999997,6022.22,0,0,Decor,Wall Art,2848.39,6022.22,2024-01-09,0
SKU0150,2024-03-11,53,319177.66000000003,6022.22,0,0,Decor,Wall Art,2848.39,6022.22,2024-01-09,0
SKU0150,2024-03-18,65,391444.3,6022.22,0,0,Decor,Wall Art,2848.39,6022.22,2024-01-09,0
SKU0150,2024-03-25,54,325199.88,6022.22,0,0,Decor,Wall Art,2848.39,6022.22,2024-01-09,0
SKU0150,2024-04-01,60,361333.2,6022.22,0,0,Decor,Wall Art,2848.39,6022.22,2024-01-09,0
SKU0150,2024-04-08,40,240888.80000000002,6022.22,0,0,Decor,Wall Art,2848.39,6022.22,2024-01-09,0
SKU0150,2024-04-15,39,234866.58000000002,6022.22,0,0,Decor,Wall Art,2848.39,6022.22,2024-01-09,0
SKU0150,2024-04-22,45,270999.9,6022.22,0,0,Decor,Wall Art,2848.39,6022.22,2024-01-09,0
SKU0150,2024-04-29,42,252933.24,6022.22,0,0,Decor,Wall Art,2848.39,6022.22,2024-01-09,0
SKU0150,2024-05-06,38,228844.36000000002,6022.22,0,0,Decor,Wall Art,2848.39,6022.22,2024-01-09,0
SKU0150,2024-05-13,38,228844.36000000002,6022.22,0,0,Decor,Wall Art,2848.39,6022.22,2024-01-09,0
SKU0150,2024-05-20,37,222822.14,6022.22,0,0,Decor,Wall Art,2848.39,6022.22,2024-01-09,0
SKU0150,2024-05-27,44,237910.93,5635.551428571429,2,0,Decor,Wall Art,2848.39,6022.22,2024-01-09,1
SKU0150,2024-06-03,72,336159.55,4668.88,7,0,Decor,Wall Art,2848.39,6022.22,2024-01-09,1
SKU0150,2024-06-10,56,314237.59,5828.885714285715,1,0,Decor,Wall Art,2848.39,6022.22,2024-01-09,1
SKU0150,2024-06-17,36,216799.92,6022.22,0,0,Decor,Wall Art,2848.39,6022.22,2024-01-09,0
SKU0150,2024-06-24,31,186688.82,6022.22,0,0,Decor,Wall Art,2848.39,6022.22,2024-01-09,0
SKU0150,2024-07-01,39,234866.58000000002,6022.22,0,0,Decor,Wall Art,2848.39,6022.22,2024-01-09,0
SKU0150,2024-07-08,51,307133.22,6022.22,0,0,Decor,Wall Art,2848.39,6022.22,2024-01-09,0
SKU0150,2024-07-15,52,313155.44,6022.22,0,0,Decor,Wall Art,2848.39,6022.22,2024-01-09,0
SKU0150,2024-07-22,46,277022.12,6022.22,0,0,Decor,Wall Art,2848.39,6022.22,2024-01-09,0
SKU0150,2024-07-29,33,198733.26,6022.22,0,0,Decor,Wall Art,2848.39,6022.22,2024-01-09,0
SKU0150,2024-08-05,45,270999.9,6022.22,0,0,Decor,Wall Art,2848.39,6022.22,2024-01-09,0
SKU0150,2024-08-12,34,204755.48,6022.22,0,1,Decor,Wall Art,2848.39,6022.22,2024-01-09,0
SKU0150,2024-08-19,31,186688.82,6022.22,0,0,Decor,Wall Art,2848.39,6022.22,2024-01-09,0
SKU0150,2024-08-26,47,283044.34,6022.22,0,0,Decor,Wall Art,2848.39,6022.22,2024-01-09,0
SKU0150,2024-09-02,50,301111.0,6022.22,0,0,Decor,Wall Art,2848.39,6022.22,2024-01-09,0
SKU0150,2024-09-09,33,198733.26,6022.22,0,0,Decor,Wall Art,2848.39,6022.22,2024-01-09,0
SKU0150,2024-09-16,53,319177.66,6022.22,0,0,Decor,Wall Art,2848.39,6022.22,2024-01-09,0
SKU0150,2024-09-23,45,270999.9,6022.22,0,0,Decor,Wall Art,2848.39,6022.22,2024-01-09,0
SKU0150,2024-09-30,51,307133.22,6022.22,0,1,Decor,Wall Art,2848.39,6022.22,2024-01-09,0
SKU0150,2024-10-07,52,313155.44,6022.22,0,0,Decor,Wall Art,2848.39,6022.22,2024-01-09,0
SKU0150,2024-10-14,50,301111.0,6022.22,0,0,Decor,Wall Art,2848.39,6022.22,2024-01-09,0
SKU0150,2024-10-21,39,234866.58,6022.22,0,0,Decor,Wall Art,2848.39,6022.22,2024-01-09,0
SKU0150,2024-10-28,54,325199.88,6022.22,0,0,Decor,Wall Art,2848.39,6022.22,2024-01-09,0
SKU0150,2024-11-04,64,328581.91000000003,5442.217142857144,3,0,Decor,Wall Art,2848.39,6022.22,2024-01-09,1
SKU0150,2024-11-11,79,383728.44,5055.548571428572,5,0,Decor,Wall Art,2848.39,6022.22,2024-01-09,1
SKU0150,2024-11-18,56,337244.32,6022.22,0,0,Decor,Wall Art,2848.39,6022.22,2024-01-09,0
SKU0150,2024-11-25,77,463710.94,6022.22,0,0,Decor,Wall Art,2848.39,6022.22,2024-01-09,0
SKU0150,2024-12-02,42,252933.24,6022.22,0,0,Decor,Wall Art,2848.39,6022.22,2024-01-09,0
SKU0150,2024-12-09,46,277022.12,6022.22,0,0,Decor,Wall Art,2848.39,6022.22,2024-01-09,0
SKU0150,2024-12-16,58,311395.31,5442.217142857144,3,0,Decor,Wall Art,2848.39,6022.22,2024-01-09,1
SKU0150,2024-12-23,132,616292.52,4668.88,7,1,Decor,Wall Art,2848.39,6022.22,2024-01-09,1
SKU0150,2024-12-30,91,489828.52,5635.551428571429,2,1,Decor,Wall Art,2848.39,6022.22,2024-01-09,1
SKU0150,2025-01-06,60,361333.2,6022.22,0,0,Decor,Wall Art,2848.39,6022.22,2024-01-09,0
SKU0150,2025-01-13,64,385422.08,6022.22,0,0,Decor,Wall Art,2848.39,6022.22,2024-01-09,0
SKU0150,2025-01-20,70,421555.4,6022.22,0,0,Decor,Wall Art,2848.39,6022.22,2024-01-09,0
SKU0150,2025-01-27,55,331222.10000000003,6022.22,0,0,Decor,Wall Art,2848.39,6022.22,2024-01-09,0
SKU0150,2025-02-03,60,361333.2,6022.22,0,0,Decor,Wall Art,2848.39,6022.22,2024-01-09,0
SKU0150,2025-02-10,59,355310.98,6022.22,0,0,Decor,Wall Art,2848.39,6022.22,2024-01-09,0
SKU0150,2025-02-17,45,270999.9,6022.22,0,0,Decor,Wall Art,2848.39,6022.22,2024-01-09,0
SKU0150,2025-02-24,61,367355.42000000004,6022.22,0,0,Decor,Wall Art,2848.39,6022.22,2024-01-09,0
SKU0150,2025-03-03,44,264977.68,6022.22,0,0,Decor,Wall Art,2848.39,6022.22,2024-01-09,0
SKU0150,2025-03-10,47,283044.33999999997,6022.22,0,0,Decor,Wall Art,2848.39,6022.22,2024-01-09,0
SKU0150,2025-03-17,47,283044.34,6022.22,0,0,Decor,Wall Art,2848.39,6022.22,2024-01-09,0
SKU0150,2025-03-24,49,295088.78,6022.22,0,0,Decor,Wall Art,2848.39,6022.22,2024-01-09,0
SKU0150,2025-03-31,45,270999.9,6022.22,0,0,Decor,Wall Art,2848.39,6022.22,2024-01-09,0
SKU0150,2025-04-07,49,295088.78,6022.22,0,0,Decor,Wall Art,2848.39,6022.22,2024-01-09,0
SKU0150,2025-04-14,62,373377.64,6022.22,0,0,Decor,Wall Art,2848.39,6022.22,2024-01-09,0
SKU0150,2025-04-21,49,295088.78,6022.22,0,0,Decor,Wall Art,2848.39,6022.22,2024-01-09,0
SKU0150,2025-04-28,38,228844.36000000002,6022.22,0,0,Decor,Wall Art,2848.39,6022.22,2024-01-09,0
SKU0150,2025-05-05,35,210777.7,6022.22,0,0,Decor,Wall Art,2848.39,6022.22,2024-01-09,0
SKU0150,2025-05-12,42,252933.24,6022.22,0,0,Decor,Wall Art,2848.39,6022.22,2024-01-09,0
SKU0150,2025-05-19,32,192711.04,6022.22,0,0,Decor,Wall Art,2848.39,6022.22,2024-01-09,0
SKU0150,2025-05-26,52,295562.05,5828.885714285715,1,0,Decor,Wall Art,2848.39,6022.22,2024-01-09,1
SKU0150,2025-06-02,72,336159.55,4668.88,7,0,Decor,Wall Art,2848.39,6022.22,2024-01-09,1
SKU0150,2025-06-09,45,237166.46,5635.551428571429,2,0,Decor,Wall Art,2848.39,6022.22,2024-01-09,1
SKU0150,2025-06-16,24,144533.28,6022.22,0,0,Decor,Wall Art,2848.39,6022.22,2024-01-09,0
SKU0150,2025-06-23,43,258955.46,6022.22,0,0,Decor,Wall Art,2848.39,6022.22,2024-01-09,0
SKU0150,2025-06-30,37,222822.14,6022.22,0,0,Decor,Wall Art,2848.39,6022.22,2024-01-09,0
SKU0150,2025-07-07,40,240888.8,6022.22,0,0,Decor,Wall Art,2848.39,6022.22,2024-01-09,0
SKU0150,2025-07-14,56,337244.32,6022.22,0,0,Decor,Wall Art,2848.39,6022.22,2024-01-09,0
SKU0150,2025-07-21,27,162599.94,6022.22,0,0,Decor,Wall Art,2848.39,6022.22,2024-01-09,0
SKU0150,2025-07-28,38,228844.36,6022.22,0,0,Decor,Wall Art,2848.39,6022.22,2024-01-09,0
SKU0150,2025-08-04,41,246911.02,6022.22,0,0,Decor,Wall Art,2848.39,6022.22,2024-01-09,0
SKU0150,2025-08-11,27,162599.94,6022.22,0,1,Decor,Wall Art,2848.39,6022.22,2024-01-09,0
SKU0150,2025-08-18,33,198733.26,6022.22,0,0,Decor,Wall Art,2848.39,6022.22,2024-01-09,0
SKU0150,2025-08-25,45,270999.9,6022.22,0,0,Decor,Wall Art,2848.39,6022.22,2024-01-09,0
SKU0151,2025-06-02,31,76882.88,2480.09,7,0,Decor,Lighting,2063.13,3221.04,2025-06-02,1
SKU0151,2025-06-09,31,88738.03,3009.34,2,0,Decor,Lighting,2063.13,3221.04,2025-06-02,1
SKU0151,2025-06-16,14,45094.56,3221.04,0,0,Decor,Lighting,2063.13,3221.04,2025-06-02,0
SKU0151,2025-06-23,24,77304.96,3221.04,0,0,Decor,Lighting,2063.13,3221.04,2025-06-02,0
SKU0151,2025-06-30,22,70862.88,3221.04,0,0,Decor,Lighting,2063.13,3221.04,2025-06-02,0
SKU0151,2025-07-07,23,74083.92,3221.04,0,0,Decor,Lighting,2063.13,3221.04,2025-06-02,0
SKU0151,2025-07-14,24,77304.95999999999,3221.04,0,0,Decor,Lighting,2063.13,3221.04,2025-06-02,0
SKU0151,2025-07-21,27,86968.08,3221.04,0,0,Decor,Lighting,2063.13,3221.04,2025-06-02,0
SKU0151,2025-07-28,19,61199.76,3221.04,0,0,Decor,Lighting,2063.13,3221.04,2025-06-02,0
SKU0151,2025-08-04,24,77304.96,3221.04,0,0,Decor,Lighting,2063.13,3221.04,2025-06-02,0
SKU0151,2025-08-11,11,35431.44,3221.04,0,1,Decor,Lighting,2063.13,3221.04,2025-06-02,0
SKU0151,2025-08-18,29,93410.16,3221.04,0,0,Decor,Lighting,2063.13,3221.04,2025-06-02,0
SKU0151,2025-08-25,31,99852.24,3221.04,0,0,Decor,Lighting,2063.13,3221.04,2025-06-02,0
SKU0152,2024-04-29,29,12290.78,423.82,0,0,Furniture,Tables,218.02,423.82,2024-05-03,0
SKU0152,2024-05-06,65,27548.300000000003,423.82,0,0,Furniture,Tables,218.02,423.82,2024-05-03,0
SKU0152,2024-05-13,65,27548.3,423.82,0,0,Furniture,Tables,218.02,423.82,2024-05-03,0
SKU0152,2024-05-20,81,34329.42,423.82,0,0,Furniture,Tables,218.02,423.82,2024-05-03,0
SKU0152,2024-05-27,73,28261.85,399.1457142857143,2,0,Furniture,Tables,218.02,423.82,2024-05-03,1
SKU0152,2024-06-03,173,58381.43,337.46,7,0,Furniture,Tables,218.02,423.82,2024-05-03,1
SKU0152,2024-06-10,74,30844.55,411.48285714285714,1,0,Furniture,Tables,218.02,423.82,2024-05-03,1
SKU0152,2024-06-17,81,34329.42,423.82,0,0,Furniture,Tables,218.02,423.82,2024-05-03,0
SKU0152,2024-06-24,84,35600.88,423.82,0,0,Furniture,Tables,218.02,423.82,2024-05-03,0
SKU0152,2024-07-01,80,33905.6,423.82,0,0,Furniture,Tables,218.02,423.82,2024-05-03,0
SKU0152,2024-07-08,57,24157.739999999998,423.82,0,0,Furniture,Tables,218.02,423.82,2024-05-03,0
SKU0152,2024-07-15,80,33905.6,423.82,0,0,Furniture,Tables,218.02,423.82,2024-05-03,0
SKU0152,2024-07-22,62,26276.84,423.82,0,0,Furniture,Tables,218.02,423.82,2024-05-03,0
SKU0152,2024-07-29,81,34329.42,423.82,0,0,Furniture,Tables,218.02,423.82,2024-05-03,0
SKU0152,2024-08-05,67,28395.94,423.82,0,0,Furniture,Tables,218.02,423.82,2024-05-03,0
SKU0152,2024-08-12,49,20767.18,423.82,0,1,Furniture,Tables,218.02,423.82,2024-05-03,0
SKU0152,2024-08-19,67,28395.94,423.82,0,0,Furniture,Tables,218.02,423.82,2024-05-03,0
SKU0152,2024-08-26,67,28395.940000000002,423.82,0,0,Furniture,Tables,218.02,423.82,2024-05-03,0
SKU0152,2024-09-02,39,16528.98,423.82,0,0,Furniture,Tables,218.02,423.82,2024-05-03,0
SKU0152,2024-09-09,33,13986.06,423.82,0,0,Furniture,Tables,218.02,423.82,2024-05-03,0
SKU0152,2024-09-16,54,22886.28,423.82,0,0,Furniture,Tables,218.02,423.82,2024-05-03,0
SKU0152,2024-09-23,36,15257.52,423.82,0,0,Furniture,Tables,218.02,423.82,2024-05-03,0
SKU0152,2024-09-30,30,12714.599999999999,423.82,0,1,Furniture,Tables,218.02,423.82,2024-05-03,0
SKU0152,2024-10-07,42,17800.44,423.82,0,0,Furniture,Tables,218.02,423.82,2024-05-03,0
SKU0152,2024-10-14,45,19071.9,423.82,0,0,Furniture,Tables,218.02,423.82,2024-05-03,0
SKU0152,2024-10-21,41,17376.62,423.82,0,0,Furniture,Tables,218.02,423.82,2024-05-03,0
SKU0152,2024-10-28,41,17376.62,423.82,0,0,Furniture,Tables,218.02,423.82,2024-05-03,0
SKU0152,2024-11-04,49,18953.71,386.8085714285714,3,0,Furniture,Tables,218.02,423.82,2024-05-03,1
SKU0152,2024-11-11,61,20930.77,362.13428571428574,5,0,Furniture,Tables,218.02,423.82,2024-05-03,1
SKU0152,2024-11-18,38,16105.160000000002,423.82,0,0,Furniture,Tables,218.02,423.82,2024-05-03,0
SKU0152,2024-11-25,37,15681.34,423.82,0,0,Furniture,Tables,218.02,423.82,2024-05-03,0
SKU0152,2024-12-02,49,20767.18,423.82,0,0,Furniture,Tables,218.02,423.82,2024-05-03,0
SKU0152,2024-12-09,53,22462.46,423.82,0,0,Furniture,Tables,218.02,423.82,2024-05-03,0
SKU0152,2024-12-16,54,19950.21,386.8085714285714,3,0,Furniture,Tables,218.02,423.82,2024-05-03,1
SKU0152,2024-12-23,104,35096.34,337.46,7,1,Furniture,Tables,218.02,423.82,2024-05-03,1
SKU0152,2024-12-30,65,24698.58,399.1457142857143,2,1,Furniture,Tables,218.02,423.82,2024-05-03,1
SKU0152,2025-01-06,60,25429.2,423.82,0,0,Furniture,Tables,218.02,423.82,2024-05-03,0
SKU0152,2025-01-13,36,15257.52,423.82,0,0,Furniture,Tables,218.02,423.82,2024-05-03,0
SKU0152,2025-01-20,48,20343.36,423.82,0,0,Furniture,Tables,218.02,423.82,2024-05-03,0
SKU0152,2025-01-27,50,21191.0,423.82,0,0,Furniture,Tables,218.02,423.82,2024-05-03,0
SKU0152,2025-02-03,52,22038.64,423.82,0,0,Furniture,Tables,218.02,423.82,2024-05-03,0
SKU0152,2025-02-10,85,36024.7,423.82,0,0,Furniture,Tables,218.02,423.82,2024-05-03,0
SKU0152,2025-02-17,50,21191.0,423.82,0,0,Furniture,Tables,218.02,423.82,2024-05-03,0
SKU0152,2025-02-24,61,25853.02,423.82,0,0,Furniture,Tables,218.02,423.82,2024-05-03,0
SKU0152,2025-03-03,56,23733.92,423.82,0,0,Furniture,Tables,218.02,423.82,2024-05-03,0
SKU0152,2025-03-10,73,30938.86,423.82,0,0,Furniture,Tables,218.02,423.82,2024-05-03,0
SKU0152,2025-03-17,63,26700.66,423.82,0,0,Furniture,Tables,218.02,423.82,2024-05-03,0
SKU0152,2025-03-24,74,31362.68,423.82,0,0,Furniture,Tables,218.02,423.82,2024-05-03,0
SKU0152,2025-03-31,82,34753.24,423.82,0,0,Furniture,Tables,218.02,423.82,2024-05-03,0
SKU0152,2025-04-07,99,41958.18,423.82,0,0,Furniture,Tables,218.02,423.82,2024-05-03,0
SKU0152,2025-04-14,68,28819.76,423.82,0,0,Furniture,Tables,218.02,423.82,2024-05-03,0
SKU0152,2025-04-21,85,36024.7,423.82,0,0,Furniture,Tables,218.02,423.82,2024-05-03,0
SKU0152,2025-04-28,87,36872.340000000004,423.82,0,0,Furniture,Tables,218.02,423.82,2024-05-03,0
SKU0152,2025-05-05,82,34753.24,423.82,0,0,Furniture,Tables,218.02,423.82,2024-05-03,0
SKU0152,2025-05-12,97,41110.54,423.82,0,0,Furniture,Tables,218.02,423.82,2024-05-03,0
SKU0152,2025-05-19,109,46196.38,423.82,0,0,Furniture,Tables,218.02,423.82,2024-05-03,0
SKU0152,2025-05-26,89,37029.14,411.48285714285714,1,0,Furniture,Tables,218.02,423.82,2024-05-03,1
SKU0152,2025-06-02,152,51294.659999999996,337.46,7,0,Furniture,Tables,218.02,423.82,2024-05-03,1
SKU0152,2025-06-09,98,38166.51,399.1457142857143,2,0,Furniture,Tables,218.02,423.82,2024-05-03,1
SKU0152,2025-06-16,82,34753.24,423.82,0,0,Furniture,Tables,218.02,423.82,2024-05-03,0
SKU0152,2025-06-23,66,27972.12,423.82,0,0,Furniture,Tables,218.02,423.82,2024-05-03,0
SKU0152,2025-06-30,106,44924.92,423.82,0,0,Furniture,Tables,218.02,423.82,2024-05-03,0
SKU0152,2025-07-07,53,22462.46,423.82,0,0,Furniture,Tables,218.02,423.82,2024-05-03,0
SKU0152,2025-07-14,88,37296.159999999996,423.82,0,0,Furniture,Tables,218.02,423.82,2024-05-03,0
SKU0152,2025-07-21,52,22038.64,423.82,0,0,Furniture,Tables,218.02,423.82,2024-05-03,0
SKU0152,2025-07-28,66,27972.120000000003,423.82,0,0,Furniture,Tables,218.02,423.82,2024-05-03,0
SKU0152,2025-08-04,61,25853.02,423.82,0,0,Furniture,Tables,218.02,423.82,2024-05-03,0
SKU0152,2025-08-11,58,24581.56,423.82,0,1,Furniture,Tables,218.02,423.82,2024-05-03,0
SKU0152,2025-08-18,43,18224.260000000002,423.82,0,0,Furniture,Tables,218.02,423.82,2024-05-03,0
SKU0152,2025-08-25,53,22462.46,423.82,0,0,Furniture,Tables,218.02,423.82,2024-05-03,0
SKU0153,2024-04-22,32,144366.72,4511.46,0,0,Small Appliances,Cleaning,1768.47,4511.46,2024-04-28,0
SKU0153,2024-04-29,240,1082750.4,4511.46,0,0,Small Appliances,Cleaning,1768.47,4511.46,2024-04-28,0
SKU0153,2024-05-06,226,1019589.96,4511.46,0,0,Small Appliances,Cleaning,1768.47,4511.46,2024-04-28,0
SKU0153,2024-05-13,221,997032.6599999999,4511.46,0,0,Small Appliances,Cleaning,1768.47,4511.46,2024-04-28,0
SKU0153,2024-05-20,295,1330880.7,4511.46,0,0,Small Appliances,Cleaning,1768.47,4511.46,2024-04-28,0
SKU0153,2024-05-27,330,1359715.44,4223.365714285715,2,0,Small Appliances,Cleaning,1768.47,4511.46,2024-04-28,1
SKU0153,2024-06-03,463,1621948.78,3503.13,7,0,Small Appliances,Cleaning,1768.47,4511.46,2024-04-28,1
SKU0153,2024-06-10,331,1402543.48,4367.412857142857,1,0,Small Appliances,Cleaning,1768.47,4511.46,2024-04-28,1
SKU0153,2024-06-17,238,1073727.48,4511.46,0,0,Small Appliances,Cleaning,1768.47,4511.46,2024-04-28,0
SKU0153,2024-06-24,260,1172979.6,4511.46,0,0,Small Appliances,Cleaning,1768.47,4511.46,2024-04-28,0
SKU0153,2024-07-01,293,1321857.78,4511.46,0,0,Small Appliances,Cleaning,1768.47,4511.46,2024-04-28,0
SKU0153,2024-07-08,294,1326369.24,4511.46,0,0,Small Appliances,Cleaning,1768.47,4511.46,2024-04-28,0
SKU0153,2024-07-15,229,1033124.3400000001,4511.46,0,0,Small Appliances,Cleaning,1768.47,4511.46,2024-04-28,0
SKU0153,2024-07-22,348,1569988.08,4511.46,0,0,Small Appliances,Cleaning,1768.47,4511.46,2024-04-28,0
SKU0153,2024-07-29,285,1285766.1,4511.46,0,0,Small Appliances,Cleaning,1768.47,4511.46,2024-04-28,0
SKU0153,2024-08-05,283,1276743.18,4511.46,0,0,Small Appliances,Cleaning,1768.47,4511.46,2024-04-28,0
SKU0153,2024-08-12,295,1330880.7,4511.46,0,1,Small Appliances,Cleaning,1768.47,4511.46,2024-04-28,0
SKU0153,2024-08-19,351,1583522.46,4511.46,0,0,Small Appliances,Cleaning,1768.47,4511.46,2024-04-28,0
SKU0153,2024-08-26,338,1524873.48,4511.46,0,0,Small Appliances,Cleaning,1768.47,4511.46,2024-04-28,0
SKU0153,2024-09-02,341,1538407.86,4511.46,0,0,Small Appliances,Cleaning,1768.47,4511.46,2024-04-28,0
SKU0153,2024-09-09,342,1542919.32,4511.46,0,0,Small Appliances,Cleaning,1768.47,4511.46,2024-04-28,0
SKU0153,2024-09-16,351,1583522.46,4511.46,0,0,Small Appliances,Cleaning,1768.47,4511.46,2024-04-28,0
SKU0153,2024-09-23,295,1330880.7,4511.46,0,0,Small Appliances,Cleaning,1768.47,4511.46,2024-04-28,0
SKU0153,2024-09-30,331,1493293.26,4511.46,0,1,Small Appliances,Cleaning,1768.47,4511.46,2024-04-28,0
SKU0153,2024-10-07,299,1348926.54,4511.46,0,0,Small Appliances,Cleaning,1768.47,4511.46,2024-04-28,0
SKU0153,2024-10-14,278,1254185.8800000001,4511.46,0,0,Small Appliances,Cleaning,1768.47,4511.46,2024-04-28,0
SKU0153,2024-10-21,264,1191025.44,4511.46,0,0,Small Appliances,Cleaning,1768.47,4511.46,2024-04-28,0
SKU0153,2024-10-28,286,1290277.56,4511.46,0,0,Small Appliances,Cleaning,1768.47,4511.46,2024-04-28,0
SKU0153,2024-11-04,365,1472241.66,4079.3185714285714,3,0,Small Appliances,Cleaning,1768.47,4511.46,2024-04-28,1
SKU0153,2024-11-11,555,2024903.13,3791.2242857142855,5,0,Small Appliances,Cleaning,1768.47,4511.46,2024-04-28,1
SKU0153,2024-11-18,275,1240651.5,4511.46,0,0,Small Appliances,Cleaning,1768.47,4511.46,2024-04-28,0
SKU0153,2024-11-25,293,1321857.78,4511.46,0,0,Small Appliances,Cleaning,1768.47,4511.46,2024-04-28,0
SKU0153,2024-12-02,319,1439155.74,4511.46,0,0,Small Appliances,Cleaning,1768.47,4511.46,2024-04-28,0
SKU0153,2024-12-09,341,1538407.8599999999,4511.46,0,0,Small Appliances,Cleaning,1768.47,4511.46,2024-04-28,0
SKU0153,2024-12-16,394,1555682.4500000002,4079.3185714285714,3,0,Small Appliances,Cleaning,1768.47,4511.46,2024-04-28,1
SKU0153,2024-12-23,460,1611439.3900000001,3503.13,7,1,Small Appliances,Cleaning,1768.47,4511.46,2024-04-28,1
SKU0153,2024-12-30,437,1796058.45,4223.365714285715,2,1,Small Appliances,Cleaning,1768.47,4511.46,2024-04-28,1
SKU0153,2025-01-06,265,1195536.9,4511.46,0,0,Small Appliances,Cleaning,1768.47,4511.46,2024-04-28,0
SKU0153,2025-01-13,228,1028612.88,4511.46,0,0,Small Appliances,Cleaning,1768.47,4511.46,2024-04-28,0
SKU0153,2025-01-20,295,1330880.7,4511.46,0,0,Small Appliances,Cleaning,1768.47,4511.46,2024-04-28,0
SKU0153,2025-01-27,232,1046658.72,4511.46,0,0,Small Appliances,Cleaning,1768.47,4511.46,2024-04-28,0
SKU0153,2025-02-03,236,1064704.56,4511.46,0,0,Small Appliances,Cleaning,1768.47,4511.46,2024-04-28,0
SKU0153,2025-02-10,268,1209071.28,4511.46,0,0,Small Appliances,Cleaning,1768.47,4511.46,2024-04-28,0
SKU0153,2025-02-17,270,1218094.2,4511.46,0,0,Small Appliances,Cleaning,1768.47,4511.46,2024-04-28,0
SKU0153,2025-02-24,280,1263208.8,4511.46,0,0,Small Appliances,Cleaning,1768.47,4511.46,2024-04-28,0
SKU0153,2025-03-03,293,1321857.78,4511.46,0,0,Small Appliances,Cleaning,1768.47,4511.46,2024-04-28,0
SKU0153,2025-03-10,258,1163956.68,4511.46,0,0,Small Appliances,Cleaning,1768.47,4511.46,2024-04-28,0
SKU0153,2025-03-17,230,1037635.8,4511.46,0,0,Small Appliances,Cleaning,1768.47,4511.46,2024-04-28,0
SKU0153,2025-03-24,196,884246.16,4511.46,0,0,Small Appliances,Cleaning,1768.47,4511.46,2024-04-28,0
SKU0153,2025-03-31,275,1240651.5,4511.46,0,0,Small Appliances,Cleaning,1768.47,4511.46,2024-04-28,0
SKU0153,2025-04-07,225,1015078.5,4511.46,0,0,Small Appliances,Cleaning,1768.47,4511.46,2024-04-28,0
SKU0153,2025-04-14,308,1389529.68,4511.46,0,0,Small Appliances,Cleaning,1768.47,4511.46,2024-04-28,0
SKU0153,2025-04-21,314,1416598.44,4511.46,0,0,Small Appliances,Cleaning,1768.47,4511.46,2024-04-28,0
SKU0153,2025-04-28,286,1290277.56,4511.46,0,0,Small Appliances,Cleaning,1768.47,4511.46,2024-04-28,0
SKU0153,2025-05-05,322,1452690.12,4511.46,0,0,Small Appliances,Cleaning,1768.47,4511.46,2024-04-28,0
SKU0153,2025-05-12,326,1470735.96,4511.46,0,0,Small Appliances,Cleaning,1768.47,4511.46,2024-04-28,0
SKU0153,2025-05-19,295,1330880.7,4511.46,0,0,Small Appliances,Cleaning,1768.47,4511.46,2024-04-28,0
SKU0153,2025-05-26,401,1719354.01,4367.412857142857,1,0,Small Appliances,Cleaning,1768.47,4511.46,2024-04-28,1
SKU0153,2025-06-02,526,1842645.9,3503.13,7,0,Small Appliances,Cleaning,1768.47,4511.46,2024-04-28,1
SKU0153,2025-06-09,433,1735662.7,4223.365714285715,2,0,Small Appliances,Cleaning,1768.47,4511.46,2024-04-28,1
SKU0153,2025-06-16,309,1394041.14,4511.46,0,0,Small Appliances,Cleaning,1768.47,4511.46,2024-04-28,0
SKU0153,2025-06-23,291,1312834.8599999999,4511.46,0,0,Small Appliances,Cleaning,1768.47,4511.46,2024-04-28,0
SKU0153,2025-06-30,351,1583522.46,4511.46,0,0,Small Appliances,Cleaning,1768.47,4511.46,2024-04-28,0
SKU0153,2025-07-07,314,1416598.44,4511.46,0,0,Small Appliances,Cleaning,1768.47,4511.46,2024-04-28,0
SKU0153,2025-07-14,329,1484270.34,4511.46,0,0,Small Appliances,Cleaning,1768.47,4511.46,2024-04-28,0
SKU0153,2025-07-21,353,1592545.38,4511.46,0,0,Small Appliances,Cleaning,1768.47,4511.46,2024-04-28,0
SKU0153,2025-07-28,336,1515850.56,4511.46,0,0,Small Appliances,Cleaning,1768.47,4511.46,2024-04-28,0
SKU0153,2025-08-04,399,1800072.54,4511.46,0,0,Small Appliances,Cleaning,1768.47,4511.46,2024-04-28,0
SKU0153,2025-08-11,331,1493293.26,4511.46,0,1,Small Appliances,Cleaning,1768.47,4511.46,2024-04-28,0
SKU0153,2025-08-18,352,1588033.92,4511.46,0,0,Small Appliances,Cleaning,1768.47,4511.46,2024-04-28,0
SKU0153,2025-08-25,366,1651194.3599999999,4511.46,0,0,Small Appliances,Cleaning,1768.47,4511.46,2024-04-28,0
SKU0154,2025-07-14,49,297009.08999999997,6061.41,0,0,Decor,Rugs,3603.44,6061.41,2025-07-18,0
SKU0154,2025-07-21,144,872843.04,6061.409999999999,0,0,Decor,Rugs,3603.44,6061.41,2025-07-18,0
SKU0154,2025-07-28,172,1042562.52,6061.409999999999,0,0,Decor,Rugs,3603.44,6061.41,2025-07-18,0
SKU0154,2025-08-04,168,1018316.8799999999,6061.409999999999,0,0,Decor,Rugs,3603.44,6061.41,2025-07-18,0
SKU0154,2025-08-11,127,769799.07,6061.409999999999,0,1,Decor,Rugs,3603.44,6061.41,2025-07-18,0
SKU0154,2025-08-18,135,818290.35,6061.409999999999,0,0,Decor,Rugs,3603.44,6061.41,2025-07-18,0
SKU0154,2025-08-25,123,745553.43,6061.409999999999,0,0,Decor,Rugs,3603.44,6061.41,2025-07-18,0
SKU0155,2025-05-26,93,446097.2,4856.13,1,0,Decor,Rugs,2188.74,5013.93,2025-05-29,1
SKU0155,2025-06-02,346,1516425.77,4382.73,7,0,Decor,Rugs,2188.74,5013.93,2025-05-29,1
SKU0155,2025-06-09,205,950218.47,4833.587142857143,2,0,Decor,Rugs,2188.74,5013.93,2025-05-29,1
SKU0155,2025-06-16,147,737047.7100000001,5013.93,0,0,Decor,Rugs,2188.74,5013.93,2025-05-29,0
SKU0155,2025-06-23,110,551532.3,5013.93,0,0,Decor,Rugs,2188.74,5013.93,2025-05-29,0
SKU0155,2025-06-30,162,812256.66,5013.93,0,0,Decor,Rugs,2188.74,5013.93,2025-05-29,0
SKU0155,2025-07-07,143,716991.99,5013.93,0,0,Decor,Rugs,2188.74,5013.93,2025-05-29,0
SKU0155,2025-07-14,125,626741.25,5013.93,0,0,Decor,Rugs,2188.74,5013.93,2025-05-29,0
SKU0155,2025-07-21,92,461281.56,5013.93,0,0,Decor,Rugs,2188.74,5013.93,2025-05-29,0
SKU0155,2025-07-28,190,952646.7000000001,5013.93,0,0,Decor,Rugs,2188.74,5013.93,2025-05-29,0
SKU0155,2025-08-04,121,606685.53,5013.93,0,0,Decor,Rugs,2188.74,5013.93,2025-05-29,0
SKU0155,2025-08-11,155,777159.15,5013.93,0,1,Decor,Rugs,2188.74,5013.93,2025-05-29,0
SKU0155,2025-08-18,190,952646.7,5013.93,0,0,Decor,Rugs,2188.74,5013.93,2025-05-29,0
SKU0155,2025-08-25,171,857382.03,5013.93,0,0,Decor,Rugs,2188.74,5013.93,2025-05-29,0
SKU0156,2023-09-18,154,297013.64,1928.66,0,0,Small Appliances,Climate,1079.28,1928.66,2023-09-18,0
SKU0156,2023-09-25,228,439734.48,1928.66,0,0,Small Appliances,Climate,1079.28,1928.66,2023-09-18,0
SKU0156,2023-10-02,239,460949.74,1928.66,0,1,Small Appliances,Climate,1079.28,1928.66,2023-09-18,0
SKU0156,2023-10-09,231,445520.45999999996,1928.66,0,0,Small Appliances,Climate,1079.28,1928.66,2023-09-18,0
SKU0156,2023-10-16,204,393446.64,1928.66,0,0,Small Appliances,Climate,1079.28,1928.66,2023-09-18,0
SKU0156,2023-10-23,216,416590.56,1928.66,0,0,Small Appliances,Climate,1079.28,1928.66,2023-09-18,0
SKU0156,2023-10-30,222,428162.52,1928.66,0,0,Small Appliances,Climate,1079.28,1928.66,2023-09-18,0
SKU0156,2023-11-06,274,528452.84,1928.66,0,0,Small Appliances,Climate,1079.28,1928.66,2023-09-18,0
SKU0156,2023-11-13,153,295084.98,1928.66,0,0,Small Appliances,Climate,1079.28,1928.66,2023-09-18,0
SKU0156,2023-11-20,366,538858.51,1472.2899999999997,7,0,Small Appliances,Climate,1079.28,1928.66,2023-09-18,1
SKU0156,2023-11-27,324,584269.0,1863.4642857142858,1,0,Small Appliances,Climate,1079.28,1928.66,2023-09-18,1
SKU0156,2023-12-04,269,518809.54,1928.66,0,0,Small Appliances,Climate,1079.28,1928.66,2023-09-18,0
SKU0156,2023-12-11,259,499522.94,1928.66,0,0,Small Appliances,Climate,1079.28,1928.66,2023-09-18,0
SKU0156,2023-12-18,392,607258.42,1602.6814285714286,5,0,Small Appliances,Climate,1079.28,1928.66,2023-09-18,1
SKU0156,2023-12-25,546,803870.89,1472.2899999999997,7,1,Small Appliances,Climate,1079.28,1928.66,2023-09-18,1
SKU0156,2024-01-01,240,462878.39999999997,1928.66,0,1,Small Appliances,Climate,1079.28,1928.66,2023-09-18,0
SKU0156,2024-01-08,210,405018.6,1928.66,0,0,Small Appliances,Climate,1079.28,1928.66,2023-09-18,0
SKU0156,2024-01-15,206,397303.95999999996,1928.66,0,0,Small Appliances,Climate,1079.28,1928.66,2023-09-18,0
SKU0156,2024-01-22,249,480236.33999999997,1928.66,0,0,Small Appliances,Climate,1079.28,1928.66,2023-09-18,0
SKU0156,2024-01-29,208,401161.28,1928.66,0,0,Small Appliances,Climate,1079.28,1928.66,2023-09-18,0
SKU0156,2024-02-05,270,520738.19999999995,1928.66,0,0,Small Appliances,Climate,1079.28,1928.66,2023-09-18,0
SKU0156,2024-02-12,293,565097.38,1928.66,0,0,Small Appliances,Climate,1079.28,1928.66,2023-09-18,0
SKU0156,2024-02-19,237,457092.42,1928.66,0,0,Small Appliances,Climate,1079.28,1928.66,2023-09-18,0
SKU0156,2024-02-26,246,474450.36,1928.66,0,0,Small Appliances,Climate,1079.28,1928.66,2023-09-18,0
SKU0156,2024-03-04,259,499522.94,1928.66,0,0,Small Appliances,Climate,1079.28,1928.66,2023-09-18,0
SKU0156,2024-03-11,243,468664.38,1928.66,0,0,Small Appliances,Climate,1079.28,1928.66,2023-09-18,0
SKU0156,2024-03-18,192,370302.72,1928.66,0,0,Small Appliances,Climate,1079.28,1928.66,2023-09-18,0
SKU0156,2024-03-25,210,405018.6,1928.66,0,0,Small Appliances,Climate,1079.28,1928.66,2023-09-18,0
SKU0156,2024-04-01,240,462878.4,1928.66,0,0,Small Appliances,Climate,1079.28,1928.66,2023-09-18,0
SKU0156,2024-04-08,195,376088.69999999995,1928.66,0,0,Small Appliances,Climate,1079.28,1928.66,2023-09-18,0
SKU0156,2024-04-15,225,433948.5,1928.66,0,0,Small Appliances,Climate,1079.28,1928.66,2023-09-18,0
SKU0156,2024-04-22,211,406947.26,1928.66,0,0,Small Appliances,Climate,1079.28,1928.66,2023-09-18,0
SKU0156,2024-04-29,242,466735.72,1928.66,0,0,Small Appliances,Climate,1079.28,1928.66,2023-09-18,0
SKU0156,2024-05-06,208,401161.28,1928.66,0,0,Small Appliances,Climate,1079.28,1928.66,2023-09-18,0
SKU0156,2024-05-13,171,329800.86,1928.66,0,0,Small Appliances,Climate,1079.28,1928.66,2023-09-18,0
SKU0156,2024-05-20,211,406947.26,1928.66,0,0,Small Appliances,Climate,1079.28,1928.66,2023-09-18,0
SKU0156,2024-05-27,285,511789.47000000003,1798.2685714285715,2,0,Small Appliances,Climate,1079.28,1928.66,2023-09-18,1
SKU0156,2024-06-03,389,572721.2,1472.2899999999997,7,0,Small Appliances,Climate,1079.28,1928.66,2023-09-18,1
SKU0156,2024-06-10,247,448996.88,1863.4642857142858,1,0,Small Appliances,Climate,1079.28,1928.66,2023-09-18,1
SKU0156,2024-06-17,187,360659.42000000004,1928.66,0,0,Small Appliances,Climate,1079.28,1928.66,2023-09-18,0
SKU0156,2024-06-24,210,405018.6,1928.66,0,0,Small Appliances,Climate,1079.28,1928.66,2023-09-18,0
SKU0156,2024-07-01,204,393446.64,1928.66,0,0,Small Appliances,Climate,1079.28,1928.66,2023-09-18,0
SKU0156,2024-07-08,194,374160.04,1928.66,0,0,Small Appliances,Climate,1079.28,1928.66,2023-09-18,0
SKU0156,2024-07-15,192,370302.72,1928.66,0,0,Small Appliances,Climate,1079.28,1928.66,2023-09-18,0
SKU0156,2024-07-22,228,439734.48,1928.66,0,0,Small Appliances,Climate,1079.28,1928.66,2023-09-18,0
SKU0156,2024-07-29,218,420447.88,1928.66,0,0,Small Appliances,Climate,1079.28,1928.66,2023-09-18,0
SKU0156,2024-08-05,144,277727.04,1928.66,0,0,Small Appliances,Climate,1079.28,1928.66,2023-09-18,0
SKU0156,2024-08-12,191,368374.06,1928.66,0,1,Small Appliances,Climate,1079.28,1928.66,2023-09-18,0
SKU0156,2024-08-19,196,378017.36,1928.66,0,0,Small Appliances,Climate,1079.28,1928.66,2023-09-18,0
SKU0156,2024-08-26,162,312442.92,1928.66,0,0,Small Appliances,Climate,1079.28,1928.66,2023-09-18,0
SKU0156,2024-09-02,179,345230.13999999996,1928.66,0,0,Small Appliances,Climate,1079.28,1928.66,2023-09-18,0
SKU0156,2024-09-09,210,405018.6,1928.66,0,0,Small Appliances,Climate,1079.28,1928.66,2023-09-18,0
SKU0156,2024-09-16,192,370302.72,1928.66,0,0,Small Appliances,Climate,1079.28,1928.66,2023-09-18,0
SKU0156,2024-09-23,214,412733.24,1928.66,0,0,Small Appliances,Climate,1079.28,1928.66,2023-09-18,0
SKU0156,2024-09-30,240,462878.4,1928.66,0,1,Small Appliances,Climate,1079.28,1928.66,2023-09-18,0
SKU0156,2024-10-07,212,408875.92,1928.66,0,0,Small Appliances,Climate,1079.28,1928.66,2023-09-18,0
SKU0156,2024-10-14,217,418519.22,1928.66,0,0,Small Appliances,Climate,1079.28,1928.66,2023-09-18,0
SKU0156,2024-10-21,240,462878.4,1928.66,0,0,Small Appliances,Climate,1079.28,1928.66,2023-09-18,0
SKU0156,2024-10-28,234,451306.44,1928.66,0,0,Small Appliances,Climate,1079.28,1928.66,2023-09-18,0
SKU0156,2024-11-04,260,429801.66000000003,1733.0728571428572,3,0,Small Appliances,Climate,1079.28,1928.66,2023-09-18,1
SKU0156,2024-11-11,409,624985.48,1602.6814285714286,5,0,Small Appliances,Climate,1079.28,1928.66,2023-09-18,1
SKU0156,2024-11-18,228,439734.48,1928.66,0,0,Small Appliances,Climate,1079.28,1928.66,2023-09-18,0
SKU0156,2024-11-25,232,447449.12,1928.66,0,0,Small Appliances,Climate,1079.28,1928.66,2023-09-18,0
SKU0156,2024-12-02,193,372231.38,1928.66,0,0,Small Appliances,Climate,1079.28,1928.66,2023-09-18,0
SKU0156,2024-12-09,255,491808.3,1928.66,0,0,Small Appliances,Climate,1079.28,1928.66,2023-09-18,0
SKU0156,2024-12-16,273,457612.45999999996,1733.0728571428572,3,0,Small Appliances,Climate,1079.28,1928.66,2023-09-18,1
SKU0156,2024-12-23,459,675781.58,1472.2899999999997,7,1,Small Appliances,Climate,1079.28,1928.66,2023-09-18,1
SKU0156,2024-12-30,304,525615.56,1798.2685714285715,2,1,Small Appliances,Climate,1079.28,1928.66,2023-09-18,1
SKU0156,2025-01-06,259,499522.94,1928.66,0,0,Small Appliances,Climate,1079.28,1928.66,2023-09-18,0
SKU0156,2025-01-13,161,310514.26,1928.66,0,0,Small Appliances,Climate,1079.28,1928.66,2023-09-18,0
SKU0156,2025-01-20,237,457092.42,1928.66,0,0,Small Appliances,Climate,1079.28,1928.66,2023-09-18,0
SKU0156,2025-01-27,215,414661.9,1928.66,0,0,Small Appliances,Climate,1079.28,1928.66,2023-09-18,0
SKU0156,2025-02-03,220,424305.2,1928.66,0,0,Small Appliances,Climate,1079.28,1928.66,2023-09-18,0
SKU0156,2025-02-10,278,536167.48,1928.66,0,0,Small Appliances,Climate,1079.28,1928.66,2023-09-18,0
SKU0156,2025-02-17,231,445520.45999999996,1928.66,0,0,Small Appliances,Climate,1079.28,1928.66,2023-09-18,0
SKU0156,2025-02-24,196,378017.36,1928.66,0,0,Small Appliances,Climate,1079.28,1928.66,2023-09-18,0
SKU0156,2025-03-03,201,387660.66000000003,1928.66,0,0,Small Appliances,Climate,1079.28,1928.66,2023-09-18,0
SKU0156,2025-03-10,191,368374.06,1928.66,0,0,Small Appliances,Climate,1079.28,1928.66,2023-09-18,0
SKU0156,2025-03-17,209,403089.94,1928.66,0,0,Small Appliances,Climate,1079.28,1928.66,2023-09-18,0
SKU0156,2025-03-24,228,439734.48,1928.66,0,0,Small Appliances,Climate,1079.28,1928.66,2023-09-18,0
SKU0156,2025-03-31,213,410804.58,1928.66,0,0,Small Appliances,Climate,1079.28,1928.66,2023-09-18,0
SKU0156,2025-04-07,161,310514.26,1928.66,0,0,Small Appliances,Climate,1079.28,1928.66,2023-09-18,0
SKU0156,2025-04-14,146,281584.36,1928.66,0,0,Small Appliances,Climate,1079.28,1928.66,2023-09-18,0
SKU0156,2025-04-21,149,287370.34,1928.66,0,0,Small Appliances,Climate,1079.28,1928.66,2023-09-18,0
SKU0156,2025-04-28,171,329800.86,1928.66,0,0,Small Appliances,Climate,1079.28,1928.66,2023-09-18,0
SKU0156,2025-05-05,194,374160.04,1928.66,0,0,Small Appliances,Climate,1079.28,1928.66,2023-09-18,0
SKU0156,2025-05-12,188,362588.08,1928.66,0,0,Small Appliances,Climate,1079.28,1928.66,2023-09-18,0
SKU0156,2025-05-19,191,368374.06,1928.66,0,0,Small Appliances,Climate,1079.28,1928.66,2023-09-18,0
SKU0156,2025-05-26,211,387779.76,1863.4642857142858,1,0,Small Appliances,Climate,1079.28,1928.66,2023-09-18,1
SKU0156,2025-06-02,310,456410.21,1472.2899999999997,7,0,Small Appliances,Climate,1079.28,1928.66,2023-09-18,1
SKU0156,2025-06-09,233,411042.78,1798.2685714285715,2,0,Small Appliances,Climate,1079.28,1928.66,2023-09-18,1
SKU0156,2025-06-16,215,414661.9,1928.66,0,0,Small Appliances,Climate,1079.28,1928.66,2023-09-18,0
SKU0156,2025-06-23,189,364516.74,1928.66,0,0,Small Appliances,Climate,1079.28,1928.66,2023-09-18,0
SKU0156,2025-06-30,148,285441.68,1928.66,0,0,Small Appliances,Climate,1079.28,1928.66,2023-09-18,0
SKU0156,2025-07-07,202,389589.32,1928.66,0,0,Small Appliances,Climate,1079.28,1928.66,2023-09-18,0
SKU0156,2025-07-14,147,283513.02,1928.66,0,0,Small Appliances,Climate,1079.28,1928.66,2023-09-18,0
SKU0156,2025-07-21,167,322086.22,1928.66,0,0,Small Appliances,Climate,1079.28,1928.66,2023-09-18,0
SKU0156,2025-07-28,151,291227.66,1928.66,0,0,Small Appliances,Climate,1079.28,1928.66,2023-09-18,0
SKU0156,2025-08-04,145,279655.7,1928.66,0,0,Small Appliances,Climate,1079.28,1928.66,2023-09-18,0
SKU0156,2025-08-11,149,287370.34,1928.66,0,1,Small Appliances,Climate,1079.28,1928.66,2023-09-18,0
SKU0156,2025-08-18,154,297013.64,1928.66,0,0,Small Appliances,Climate,1079.28,1928.66,2023-09-18,0
SKU0156,2025-08-25,123,237225.18,1928.66,0,0,Small Appliances,Climate,1079.28,1928.66,2023-09-18,0
SKU0157,2025-05-05,148,380734.44,2572.53,0,0,Furniture,Tables,1240.5,2572.53,2025-05-05,0
SKU0157,2025-05-12,133,342146.49,2572.53,0,0,Furniture,Tables,1240.5,2572.53,2025-05-05,0
SKU0157,2025-05-19,128,329283.83999999997,2572.53,0,0,Furniture,Tables,1240.5,2572.53,2025-05-05,0
SKU0157,2025-05-26,217,544470.04,2528.818571428572,1,0,Furniture,Tables,1240.5,2572.53,2025-05-05,1
SKU0157,2025-06-02,262,593836.86,2266.55,7,0,Furniture,Tables,1240.5,2572.53,2025-05-05,1
SKU0157,2025-06-09,207,506811.63,2485.1071428571427,2,0,Furniture,Tables,1240.5,2572.53,2025-05-05,1
SKU0157,2025-06-16,171,439902.63,2572.53,0,0,Furniture,Tables,1240.5,2572.53,2025-05-05,0
SKU0157,2025-06-23,189,486208.17,2572.53,0,0,Furniture,Tables,1240.5,2572.53,2025-05-05,0
SKU0157,2025-06-30,194,499070.82,2572.53,0,0,Furniture,Tables,1240.5,2572.53,2025-05-05,0
SKU0157,2025-07-07,122,313848.66,2572.53,0,0,Furniture,Tables,1240.5,2572.53,2025-05-05,0
SKU0157,2025-07-14,173,445047.69,2572.53,0,0,Furniture,Tables,1240.5,2572.53,2025-05-05,0
SKU0157,2025-07-21,153,393597.09,2572.53,0,0,Furniture,Tables,1240.5,2572.53,2025-05-05,0
SKU0157,2025-07-28,120,308703.6,2572.53,0,0,Furniture,Tables,1240.5,2572.53,2025-05-05,0
SKU0157,2025-08-04,177,455337.81,2572.53,0,0,Furniture,Tables,1240.5,2572.53,2025-05-05,0
SKU0157,2025-08-11,154,396169.62,2572.53,0,1,Furniture,Tables,1240.5,2572.53,2025-05-05,0
SKU0157,2025-08-18,124,318993.72000000003,2572.53,0,0,Furniture,Tables,1240.5,2572.53,2025-05-05,0
SKU0157,2025-08-25,161,414177.33,2572.53,0,0,Furniture,Tables,1240.5,2572.53,2025-05-05,0
SKU0158,2024-11-18,201,1034088.72,5144.72,0,0,Small Appliances,Cleaning,1983.59,5144.72,2024-11-18,0
SKU0158,2024-11-25,171,879747.12,5144.72,0,0,Small Appliances,Cleaning,1983.59,5144.72,2024-11-18,0
SKU0158,2024-12-02,243,1250166.96,5144.72,0,0,Small Appliances,Cleaning,1983.59,5144.72,2024-11-18,0
SKU0158,2024-12-09,153,787142.16,5144.72,0,0,Small Appliances,Cleaning,1983.59,5144.72,2024-11-18,0
SKU0158,2024-12-16,181,800747.03,4662.7699999999995,3,0,Small Appliances,Cleaning,1983.59,5144.72,2024-11-18,1
SKU0158,2024-12-23,341,1370879.46,4020.1700000000005,7,1,Small Appliances,Cleaning,1983.59,5144.72,2024-11-18,1
SKU0158,2024-12-30,229,1056689.95,4823.42,2,1,Small Appliances,Cleaning,1983.59,5144.72,2024-11-18,1
SKU0158,2025-01-06,211,1085535.92,5144.72,0,0,Small Appliances,Cleaning,1983.59,5144.72,2024-11-18,0
SKU0158,2025-01-13,149,766563.28,5144.72,0,0,Small Appliances,Cleaning,1983.59,5144.72,2024-11-18,0
SKU0158,2025-01-20,170,874602.4,5144.72,0,0,Small Appliances,Cleaning,1983.59,5144.72,2024-11-18,0
SKU0158,2025-01-27,76,390998.72,5144.72,0,0,Small Appliances,Cleaning,1983.59,5144.72,2024-11-18,0
SKU0158,2025-02-03,150,771708.0,5144.72,0,0,Small Appliances,Cleaning,1983.59,5144.72,2024-11-18,0
SKU0158,2025-02-10,108,555629.76,5144.72,0,0,Small Appliances,Cleaning,1983.59,5144.72,2024-11-18,0
SKU0158,2025-02-17,136,699681.9199999999,5144.72,0,0,Small Appliances,Cleaning,1983.59,5144.72,2024-11-18,0
SKU0158,2025-02-24,154,792286.88,5144.72,0,0,Small Appliances,Cleaning,1983.59,5144.72,2024-11-18,0
SKU0158,2025-03-03,148,761418.56,5144.72,0,0,Small Appliances,Cleaning,1983.59,5144.72,2024-11-18,0
SKU0158,2025-03-10,179,920904.88,5144.72,0,0,Small Appliances,Cleaning,1983.59,5144.72,2024-11-18,0
SKU0158,2025-03-17,119,612221.68,5144.72,0,0,Small Appliances,Cleaning,1983.59,5144.72,2024-11-18,0
SKU0158,2025-03-24,205,1054667.6,5144.72,0,0,Small Appliances,Cleaning,1983.59,5144.72,2024-11-18,0
SKU0158,2025-03-31,189,972352.08,5144.72,0,0,Small Appliances,Cleaning,1983.59,5144.72,2024-11-18,0
SKU0158,2025-04-07,206,1059812.32,5144.72,0,0,Small Appliances,Cleaning,1983.59,5144.72,2024-11-18,0
SKU0158,2025-04-14,191,982641.52,5144.72,0,0,Small Appliances,Cleaning,1983.59,5144.72,2024-11-18,0
SKU0158,2025-04-21,181,931194.32,5144.72,0,0,Small Appliances,Cleaning,1983.59,5144.72,2024-11-18,0
SKU0158,2025-04-28,210,1080391.2,5144.72,0,0,Small Appliances,Cleaning,1983.59,5144.72,2024-11-18,0
SKU0158,2025-05-05,155,797431.6,5144.72,0,0,Small Appliances,Cleaning,1983.59,5144.72,2024-11-18,0
SKU0158,2025-05-12,226,1162706.72,5144.72,0,0,Small Appliances,Cleaning,1983.59,5144.72,2024-11-18,0
SKU0158,2025-05-19,181,931194.3200000001,5144.72,0,0,Small Appliances,Cleaning,1983.59,5144.72,2024-11-18,0
SKU0158,2025-05-26,291,1422893.51,4984.070000000001,1,0,Small Appliances,Cleaning,1983.59,5144.72,2024-11-18,1
SKU0158,2025-06-02,354,1423141.72,4020.1700000000005,7,0,Small Appliances,Cleaning,1983.59,5144.72,2024-11-18,1
SKU0158,2025-06-09,410,1888924.25,4823.42,2,0,Small Appliances,Cleaning,1983.59,5144.72,2024-11-18,1
SKU0158,2025-06-16,309,1589718.48,5144.72,0,0,Small Appliances,Cleaning,1983.59,5144.72,2024-11-18,0
SKU0158,2025-06-23,185,951773.2000000001,5144.72,0,0,Small Appliances,Cleaning,1983.59,5144.72,2024-11-18,0
SKU0158,2025-06-30,196,1008365.12,5144.72,0,0,Small Appliances,Cleaning,1983.59,5144.72,2024-11-18,0
SKU0158,2025-07-07,178,915760.16,5144.72,0,0,Small Appliances,Cleaning,1983.59,5144.72,2024-11-18,0
SKU0158,2025-07-14,248,1275890.56,5144.72,0,0,Small Appliances,Cleaning,1983.59,5144.72,2024-11-18,0
SKU0158,2025-07-21,266,1368495.52,5144.72,0,0,Small Appliances,Cleaning,1983.59,5144.72,2024-11-18,0
SKU0158,2025-07-28,288,1481679.3599999999,5144.72,0,0,Small Appliances,Cleaning,1983.59,5144.72,2024-11-18,0
SKU0158,2025-08-04,247,1270745.84,5144.72,0,0,Small Appliances,Cleaning,1983.59,5144.72,2024-11-18,0
SKU0158,2025-08-11,256,1317048.32,5144.72,0,1,Small Appliances,Cleaning,1983.59,5144.72,2024-11-18,0
SKU0158,2025-08-18,304,1563994.88,5144.72,0,0,Small Appliances,Cleaning,1983.59,5144.72,2024-11-18,0
SKU0158,2025-08-25,258,1327337.76,5144.72,0,0,Small Appliances,Cleaning,1983.59,5144.72,2024-11-18,0
SKU0159,2025-03-24,54,459033.48,8500.62,0,0,Small Appliances,Kitchen,3624.83,8500.62,2025-03-24,0
SKU0159,2025-03-31,69,586542.78,8500.62,0,0,Small Appliances,Kitchen,3624.83,8500.62,2025-03-24,0
SKU0159,2025-04-07,37,314522.94,8500.62,0,0,Small Appliances,Kitchen,3624.83,8500.62,2025-03-24,0
SKU0159,2025-04-14,46,391028.52,8500.62,0,0,Small Appliances,Kitchen,3624.83,8500.62,2025-03-24,0
SKU0159,2025-04-21,51,433531.62,8500.62,0,0,Small Appliances,Kitchen,3624.83,8500.62,2025-03-24,0
SKU0159,2025-04-28,45,382527.9,8500.62,0,0,Small Appliances,Kitchen,3624.83,8500.62,2025-03-24,0
SKU0159,2025-05-05,43,365526.66000000003,8500.62,0,0,Small Appliances,Kitchen,3624.83,8500.62,2025-03-24,0
SKU0159,2025-05-12,82,697050.8400000001,8500.62,0,0,Small Appliances,Kitchen,3624.83,8500.62,2025-03-24,0
SKU0159,2025-05-19,45,382527.89999999997,8500.62,0,0,Small Appliances,Kitchen,3624.83,8500.62,2025-03-24,0
SKU0159,2025-05-26,53,441767.5,8291.92142857143,1,0,Small Appliances,Kitchen,3624.83,8500.62,2025-03-24,1
SKU0159,2025-06-02,113,795489.17,7039.7300000000005,7,0,Small Appliances,Kitchen,3624.83,8500.62,2025-03-24,1
SKU0159,2025-06-09,69,523724.38,8083.222857142858,2,0,Small Appliances,Kitchen,3624.83,8500.62,2025-03-24,1
SKU0159,2025-06-16,32,272019.84,8500.62,0,0,Small Appliances,Kitchen,3624.83,8500.62,2025-03-24,0
SKU0159,2025-06-23,60,510037.2,8500.62,0,0,Small Appliances,Kitchen,3624.83,8500.62,2025-03-24,0
SKU0159,2025-06-30,38,323023.56,8500.62,0,0,Small Appliances,Kitchen,3624.83,8500.62,2025-03-24,0
SKU0159,2025-07-07,48,408029.76,8500.62,0,0,Small Appliances,Kitchen,3624.83,8500.62,2025-03-24,0
SKU0159,2025-07-14,32,272019.84,8500.62,0,0,Small Appliances,Kitchen,3624.83,8500.62,2025-03-24,0
SKU0159,2025-07-21,42,357026.04000000004,8500.62,0,0,Small Appliances,Kitchen,3624.83,8500.62,2025-03-24,0
SKU0159,2025-07-28,37,314522.94,8500.62,0,0,Small Appliances,Kitchen,3624.83,8500.62,2025-03-24,0
SKU0159,2025-08-04,48,408029.76,8500.62,0,0,Small Appliances,Kitchen,3624.83,8500.62,2025-03-24,0
SKU0159,2025-08-11,37,314522.94,8500.62,0,1,Small Appliances,Kitchen,3624.83,8500.62,2025-03-24,0
SKU0159,2025-08-18,49,416530.38,8500.62,0,0,Small Appliances,Kitchen,3624.83,8500.62,2025-03-24,0
SKU0159,2025-08-25,45,382527.89999999997,8500.62,0,0,Small Appliances,Kitchen,3624.83,8500.62,2025-03-24,0
SKU0160,2024-04-08,25,169575.5,6783.02,0,0,Decor,Wall Art,2663.75,6783.02,2024-04-11,0
SKU0160,2024-04-15,35,237405.7,6783.0199999999995,0,0,Decor,Wall Art,2663.75,6783.02,2024-04-11,0
SKU0160,2024-04-22,39,264537.78,6783.0199999999995,0,0,Decor,Wall Art,2663.75,6783.02,2024-04-11,0
SKU0160,2024-04-29,43,291669.86,6783.0199999999995,0,0,Decor,Wall Art,2663.75,6783.02,2024-04-11,0
SKU0160,2024-05-06,51,345934.02,6783.0199999999995,0,0,Decor,Wall Art,2663.75,6783.02,2024-04-11,0
SKU0160,2024-05-13,45,305235.9,6783.0199999999995,0,0,Decor,Wall Art,2663.75,6783.02,2024-04-11,0
SKU0160,2024-05-20,48,325584.96,6783.0199999999995,0,0,Decor,Wall Art,2663.75,6783.02,2024-04-11,0
SKU0160,2024-05-27,64,408224.76,6393.72,2,0,Decor,Wall Art,2663.75,6783.02,2024-04-11,1
SKU0160,2024-06-03,99,536626.19,5420.47,7,0,Decor,Wall Art,2663.75,6783.02,2024-04-11,1
SKU0160,2024-06-10,47,297001.08,6588.370000000001,1,0,Decor,Wall Art,2663.75,6783.02,2024-04-11,1
SKU0160,2024-06-17,41,278103.82,6783.0199999999995,0,0,Decor,Wall Art,2663.75,6783.02,2024-04-11,0
SKU0160,2024-06-24,42,284886.84,6783.0199999999995,0,0,Decor,Wall Art,2663.75,6783.02,2024-04-11,0
SKU0160,2024-07-01,63,427330.26,6783.0199999999995,0,0,Decor,Wall Art,2663.75,6783.02,2024-04-11,0
SKU0160,2024-07-08,54,366283.08,6783.0199999999995,0,0,Decor,Wall Art,2663.75,6783.02,2024-04-11,0
SKU0160,2024-07-15,71,481594.42,6783.0199999999995,0,0,Decor,Wall Art,2663.75,6783.02,2024-04-11,0
SKU0160,2024-07-22,57,386632.14,6783.0199999999995,0,0,Decor,Wall Art,2663.75,6783.02,2024-04-11,0
SKU0160,2024-07-29,71,481594.42,6783.0199999999995,0,0,Decor,Wall Art,2663.75,6783.02,2024-04-11,0
SKU0160,2024-08-05,40,271320.8,6783.0199999999995,0,0,Decor,Wall Art,2663.75,6783.02,2024-04-11,0
SKU0160,2024-08-12,46,312018.92,6783.0199999999995,0,1,Decor,Wall Art,2663.75,6783.02,2024-04-11,0
SKU0160,2024-08-19,56,379849.12,6783.0199999999995,0,0,Decor,Wall Art,2663.75,6783.02,2024-04-11,0
SKU0160,2024-08-26,75,508726.5,6783.0199999999995,0,0,Decor,Wall Art,2663.75,6783.02,2024-04-11,0
SKU0160,2024-09-02,67,454462.33999999997,6783.0199999999995,0,0,Decor,Wall Art,2663.75,6783.02,2024-04-11,0
SKU0160,2024-09-09,75,508726.5,6783.0199999999995,0,0,Decor,Wall Art,2663.75,6783.02,2024-04-11,0
SKU0160,2024-09-16,54,366283.08,6783.0199999999995,0,0,Decor,Wall Art,2663.75,6783.02,2024-04-11,0
SKU0160,2024-09-23,70,474811.4,6783.0199999999995,0,0,Decor,Wall Art,2663.75,6783.02,2024-04-11,0
SKU0160,2024-09-30,65,440896.3,6783.0199999999995,0,1,Decor,Wall Art,2663.75,6783.02,2024-04-11,0
SKU0160,2024-10-07,66,447679.32,6783.0199999999995,0,0,Decor,Wall Art,2663.75,6783.02,2024-04-11,0
SKU0160,2024-10-14,92,624037.84,6783.0199999999995,0,0,Decor,Wall Art,2663.75,6783.02,2024-04-11,0
SKU0160,2024-10-21,54,366283.08,6783.0199999999995,0,0,Decor,Wall Art,2663.75,6783.02,2024-04-11,0
SKU0160,2024-10-28,72,488377.44,6783.0199999999995,0,0,Decor,Wall Art,2663.75,6783.02,2024-04-11,0
SKU0160,2024-11-04,113,667014.86,6199.070000000001,3,0,Decor,Wall Art,2663.75,6783.02,2024-04-11,1
SKU0160,2024-11-11,108,601761.03,5809.7699999999995,5,0,Decor,Wall Art,2663.75,6783.02,2024-04-11,1
SKU0160,2024-11-18,53,359500.06,6783.0199999999995,0,0,Decor,Wall Art,2663.75,6783.02,2024-04-11,0
SKU0160,2024-11-25,76,515509.52,6783.0199999999995,0,0,Decor,Wall Art,2663.75,6783.02,2024-04-11,0
SKU0160,2024-12-02,65,440896.3,6783.0199999999995,0,0,Decor,Wall Art,2663.75,6783.02,2024-04-11,0
SKU0160,2024-12-09,54,366283.08,6783.0199999999995,0,0,Decor,Wall Art,2663.75,6783.02,2024-04-11,0
SKU0160,2024-12-16,80,509940.32,6199.070000000001,3,0,Decor,Wall Art,2663.75,6783.02,2024-04-11,1
SKU0160,2024-12-23,83,449898.72,5420.47,7,1,Decor,Wall Art,2663.75,6783.02,2024-04-11,1
SKU0160,2024-12-30,58,370251.75,6393.72,2,1,Decor,Wall Art,2663.75,6783.02,2024-04-11,1
SKU0160,2025-01-06,57,386632.14,6783.0199999999995,0,0,Decor,Wall Art,2663.75,6783.02,2024-04-11,0
SKU0160,2025-01-13,72,488377.44,6783.0199999999995,0,0,Decor,Wall Art,2663.75,6783.02,2024-04-11,0
SKU0160,2025-01-20,50,339151.0,6783.0199999999995,0,0,Decor,Wall Art,2663.75,6783.02,2024-04-11,0
SKU0160,2025-01-27,56,379849.12,6783.0199999999995,0,0,Decor,Wall Art,2663.75,6783.02,2024-04-11,0
SKU0160,2025-02-03,44,298452.88,6783.0199999999995,0,0,Decor,Wall Art,2663.75,6783.02,2024-04-11,0
SKU0160,2025-02-10,47,318801.94,6783.0199999999995,0,0,Decor,Wall Art,2663.75,6783.02,2024-04-11,0
SKU0160,2025-02-17,35,237405.7,6783.0199999999995,0,0,Decor,Wall Art,2663.75,6783.02,2024-04-11,0
SKU0160,2025-02-24,39,264537.78,6783.0199999999995,0,0,Decor,Wall Art,2663.75,6783.02,2024-04-11,0
SKU0160,2025-03-03,32,217056.64,6783.0199999999995,0,0,Decor,Wall Art,2663.75,6783.02,2024-04-11,0
SKU0160,2025-03-10,41,278103.82,6783.0199999999995,0,0,Decor,Wall Art,2663.75,6783.02,2024-04-11,0
SKU0160,2025-03-17,41,278103.82,6783.0199999999995,0,0,Decor,Wall Art,2663.75,6783.02,2024-04-11,0
SKU0160,2025-03-24,19,128877.38,6783.0199999999995,0,0,Decor,Wall Art,2663.75,6783.02,2024-04-11,0
SKU0160,2025-03-31,49,332367.98,6783.0199999999995,0,0,Decor,Wall Art,2663.75,6783.02,2024-04-11,0
SKU0160,2025-04-07,31,210273.62,6783.0199999999995,0,0,Decor,Wall Art,2663.75,6783.02,2024-04-11,0
SKU0160,2025-04-14,35,237405.7,6783.0199999999995,0,0,Decor,Wall Art,2663.75,6783.02,2024-04-11,0
SKU0160,2025-04-21,26,176358.52,6783.0199999999995,0,0,Decor,Wall Art,2663.75,6783.02,2024-04-11,0
SKU0160,2025-04-28,65,440896.30000000005,6783.0199999999995,0,0,Decor,Wall Art,2663.75,6783.02,2024-04-11,0
SKU0160,2025-05-05,52,352717.04,6783.0199999999995,0,0,Decor,Wall Art,2663.75,6783.02,2024-04-11,0
SKU0160,2025-05-12,34,230622.68,6783.0199999999995,0,0,Decor,Wall Art,2663.75,6783.02,2024-04-11,0
SKU0160,2025-05-19,35,237405.7,6783.0199999999995,0,0,Decor,Wall Art,2663.75,6783.02,2024-04-11,0
SKU0160,2025-05-26,63,415067.28,6588.370000000001,1,0,Decor,Wall Art,2663.75,6783.02,2024-04-11,1
SKU0160,2025-06-02,110,596251.3099999999,5420.47,7,0,Decor,Wall Art,2663.75,6783.02,2024-04-11,1
SKU0160,2025-06-09,55,343089.93,6393.72,2,0,Decor,Wall Art,2663.75,6783.02,2024-04-11,1
SKU0160,2025-06-16,41,278103.82,6783.0199999999995,0,0,Decor,Wall Art,2663.75,6783.02,2024-04-11,0
SKU0160,2025-06-23,50,339151.0,6783.0199999999995,0,0,Decor,Wall Art,2663.75,6783.02,2024-04-11,0
SKU0160,2025-06-30,48,325584.96,6783.0199999999995,0,0,Decor,Wall Art,2663.75,6783.02,2024-04-11,0
SKU0160,2025-07-07,69,468028.38,6783.0199999999995,0,0,Decor,Wall Art,2663.75,6783.02,2024-04-11,0
SKU0160,2025-07-14,57,386632.14,6783.0199999999995,0,0,Decor,Wall Art,2663.75,6783.02,2024-04-11,0
SKU0160,2025-07-21,53,359500.06,6783.0199999999995,0,0,Decor,Wall Art,2663.75,6783.02,2024-04-11,0
SKU0160,2025-07-28,38,257754.76,6783.0199999999995,0,0,Decor,Wall Art,2663.75,6783.02,2024-04-11,0
SKU0160,2025-08-04,84,569773.6799999999,6783.0199999999995,0,0,Decor,Wall Art,2663.75,6783.02,2024-04-11,0
SKU0160,2025-08-11,51,345934.02,6783.0199999999995,0,1,Decor,Wall Art,2663.75,6783.02,2024-04-11,0
SKU0160,2025-08-18,39,264537.78,6783.0199999999995,0,0,Decor,Wall Art,2663.75,6783.02,2024-04-11,0
SKU0160,2025-08-25,41,278103.82,6783.0199999999995,0,0,Decor,Wall Art,2663.75,6783.02,2024-04-11,0
SKU0161,2024-06-24,32,23515.84,734.87,0,0,Decor,Rugs,287.99,734.87,2024-06-30,0
SKU0161,2024-07-01,135,99207.45,734.87,0,0,Decor,Rugs,287.99,734.87,2024-06-30,0
SKU0161,2024-07-08,121,88919.27,734.87,0,0,Decor,Rugs,287.99,734.87,2024-06-30,0
SKU0161,2024-07-15,123,90389.01,734.87,0,0,Decor,Rugs,287.99,734.87,2024-06-30,0
SKU0161,2024-07-22,197,144769.39,734.87,0,0,Decor,Rugs,287.99,734.87,2024-06-30,0
SKU0161,2024-07-29,117,85979.79000000001,734.87,0,0,Decor,Rugs,287.99,734.87,2024-06-30,0
SKU0161,2024-08-05,165,121253.55,734.87,0,0,Decor,Rugs,287.99,734.87,2024-06-30,0
SKU0161,2024-08-12,201,147708.87,734.87,0,1,Decor,Rugs,287.99,734.87,2024-06-30,0
SKU0161,2024-08-19,174,127867.38,734.87,0,0,Decor,Rugs,287.99,734.87,2024-06-30,0
SKU0161,2024-08-26,164,120518.68000000001,734.87,0,0,Decor,Rugs,287.99,734.87,2024-06-30,0
SKU0161,2024-09-02,158,116109.46,734.87,0,0,Decor,Rugs,287.99,734.87,2024-06-30,0
SKU0161,2024-09-09,164,120518.68,734.87,0,0,Decor,Rugs,287.99,734.87,2024-06-30,0
SKU0161,2024-09-16,159,116844.33,734.87,0,0,Decor,Rugs,287.99,734.87,2024-06-30,0
SKU0161,2024-09-23,191,140360.17,734.87,0,0,Decor,Rugs,287.99,734.87,2024-06-30,0
SKU0161,2024-09-30,194,142564.78,734.87,0,1,Decor,Rugs,287.99,734.87,2024-06-30,0
SKU0161,2024-10-07,192,141095.04,734.87,0,0,Decor,Rugs,287.99,734.87,2024-06-30,0
SKU0161,2024-10-14,204,149913.48,734.87,0,0,Decor,Rugs,287.99,734.87,2024-06-30,0
SKU0161,2024-10-21,176,129337.12,734.87,0,0,Decor,Rugs,287.99,734.87,2024-06-30,0
SKU0161,2024-10-28,176,129337.12,734.87,0,0,Decor,Rugs,287.99,734.87,2024-06-30,0
SKU0161,2024-11-04,190,123475.86,670.7857142857143,3,0,Decor,Rugs,287.99,734.87,2024-06-30,1
SKU0161,2024-11-11,292,175703.75,628.0628571428572,5,0,Decor,Rugs,287.99,734.87,2024-06-30,1
SKU0161,2024-11-18,130,95533.09999999999,734.87,0,0,Decor,Rugs,287.99,734.87,2024-06-30,0
SKU0161,2024-11-25,177,130071.99,734.87,0,0,Decor,Rugs,287.99,734.87,2024-06-30,0
SKU0161,2024-12-02,127,93328.49,734.87,0,0,Decor,Rugs,287.99,734.87,2024-06-30,0
SKU0161,2024-12-09,183,134481.21000000002,734.87,0,0,Decor,Rugs,287.99,734.87,2024-06-30,0
SKU0161,2024-12-16,207,138959.29,670.7857142857143,3,0,Decor,Rugs,287.99,734.87,2024-06-30,1
SKU0161,2024-12-23,336,196673.61,585.34,7,1,Decor,Rugs,287.99,734.87,2024-06-30,1
SKU0161,2024-12-30,230,152721.13,692.1471428571429,2,1,Decor,Rugs,287.99,734.87,2024-06-30,1
SKU0161,2025-01-06,188,138155.56,734.87,0,0,Decor,Rugs,287.99,734.87,2024-06-30,0
SKU0161,2025-01-13,155,113904.85,734.87,0,0,Decor,Rugs,287.99,734.87,2024-06-30,0
SKU0161,2025-01-20,161,118314.07,734.87,0,0,Decor,Rugs,287.99,734.87,2024-06-30,0
SKU0161,2025-01-27,136,99942.31999999999,734.87,0,0,Decor,Rugs,287.99,734.87,2024-06-30,0
SKU0161,2025-02-03,169,124193.03,734.87,0,0,Decor,Rugs,287.99,734.87,2024-06-30,0
SKU0161,2025-02-10,158,116109.45999999999,734.87,0,0,Decor,Rugs,287.99,734.87,2024-06-30,0
SKU0161,2025-02-17,168,123458.16,734.87,0,0,Decor,Rugs,287.99,734.87,2024-06-30,0
SKU0161,2025-02-24,134,98472.58,734.87,0,0,Decor,Rugs,287.99,734.87,2024-06-30,0
SKU0161,2025-03-03,130,95533.1,734.87,0,0,Decor,Rugs,287.99,734.87,2024-06-30,0
SKU0161,2025-03-10,151,110965.37,734.87,0,0,Decor,Rugs,287.99,734.87,2024-06-30,0
SKU0161,2025-03-17,146,107291.02,734.87,0,0,Decor,Rugs,287.99,734.87,2024-06-30,0
SKU0161,2025-03-24,159,116844.33,734.87,0,0,Decor,Rugs,287.99,734.87,2024-06-30,0
SKU0161,2025-03-31,176,129337.12,734.87,0,0,Decor,Rugs,287.99,734.87,2024-06-30,0
SKU0161,2025-04-07,172,126397.64,734.87,0,0,Decor,Rugs,287.99,734.87,2024-06-30,0
SKU0161,2025-04-14,144,105821.28,734.87,0,0,Decor,Rugs,287.99,734.87,2024-06-30,0
SKU0161,2025-04-21,184,135216.08,734.87,0,0,Decor,Rugs,287.99,734.87,2024-06-30,0
SKU0161,2025-04-28,185,135950.95,734.87,0,0,Decor,Rugs,287.99,734.87,2024-06-30,0
SKU0161,2025-05-05,179,131541.73,734.87,0,0,Decor,Rugs,287.99,734.87,2024-06-30,0
SKU0161,2025-05-12,148,108760.76,734.87,0,0,Decor,Rugs,287.99,734.87,2024-06-30,0
SKU0161,2025-05-19,158,116109.46,734.87,0,0,Decor,Rugs,287.99,734.87,2024-06-30,0
SKU0161,2025-05-26,208,144030.58000000002,713.5085714285715,1,0,Decor,Rugs,287.99,734.87,2024-06-30,1
SKU0161,2025-06-02,361,211307.06,585.34,7,0,Decor,Rugs,287.99,734.87,2024-06-30,1
SKU0161,2025-06-09,227,151712.77,692.1471428571429,2,0,Decor,Rugs,287.99,734.87,2024-06-30,1
SKU0161,2025-06-16,141,103616.67,734.87,0,0,Decor,Rugs,287.99,734.87,2024-06-30,0
SKU0161,2025-06-23,161,118314.07,734.87,0,0,Decor,Rugs,287.99,734.87,2024-06-30,0
SKU0161,2025-06-30,196,144034.52,734.87,0,0,Decor,Rugs,287.99,734.87,2024-06-30,0
SKU0161,2025-07-07,201,147708.87,734.87,0,0,Decor,Rugs,287.99,734.87,2024-06-30,0
SKU0161,2025-07-14,209,153587.83,734.87,0,0,Decor,Rugs,287.99,734.87,2024-06-30,0
SKU0161,2025-07-21,200,146974.0,734.87,0,0,Decor,Rugs,287.99,734.87,2024-06-30,0
SKU0161,2025-07-28,214,157262.18000000002,734.87,0,0,Decor,Rugs,287.99,734.87,2024-06-30,0
SKU0161,2025-08-04,174,127867.38,734.87,0,0,Decor,Rugs,287.99,734.87,2024-06-30,0
SKU0161,2025-08-11,188,138155.56,734.87,0,1,Decor,Rugs,287.99,734.87,2024-06-30,0
SKU0161,2025-08-18,229,168285.22999999998,734.87,0,0,Decor,Rugs,287.99,734.87,2024-06-30,0
SKU0161,2025-08-25,240,176368.8,734.87,0,0,Decor,Rugs,287.99,734.87,2024-06-30,0
SKU0162,2023-10-02,48,37579.68,782.91,0,0,Furniture,Chairs,402.29,782.91,2023-10-06,0
SKU0162,2023-10-09,152,119002.31999999999,782.91,0,0,Furniture,Chairs,402.29,782.91,2023-10-06,0
SKU0162,2023-10-16,146,114304.86,782.91,0,0,Furniture,Chairs,402.29,782.91,2023-10-06,0
SKU0162,2023-10-23,158,123699.78,782.91,0,0,Furniture,Chairs,402.29,782.91,2023-10-06,0
SKU0162,2023-10-30,196,153450.36,782.91,0,0,Furniture,Chairs,402.29,782.91,2023-10-06,0
SKU0162,2023-11-06,158,123699.78,782.91,0,0,Furniture,Chairs,402.29,782.91,2023-10-06,0
SKU0162,2023-11-13,166,129963.06,782.91,0,0,Furniture,Chairs,402.29,782.91,2023-10-06,0
SKU0162,2023-11-20,285,195413.31,685.66,7,0,Furniture,Chairs,402.29,782.91,2023-10-06,1
SKU0162,2023-11-27,139,105712.51,769.0171428571429,1,0,Furniture,Chairs,402.29,782.91,2023-10-06,1
SKU0162,2023-12-04,132,103344.12,782.91,0,0,Furniture,Chairs,402.29,782.91,2023-10-06,0
SKU0162,2023-12-11,118,92383.38,782.91,0,0,Furniture,Chairs,402.29,782.91,2023-10-06,0
SKU0162,2023-12-18,262,184602.81,713.4457142857143,5,0,Furniture,Chairs,402.29,782.91,2023-10-06,1
SKU0162,2023-12-25,369,253008.8,685.66,7,1,Furniture,Chairs,402.29,782.91,2023-10-06,1
SKU0162,2024-01-01,149,116653.59,782.91,0,1,Furniture,Chairs,402.29,782.91,2023-10-06,0
SKU0162,2024-01-08,184,144055.44,782.91,0,0,Furniture,Chairs,402.29,782.91,2023-10-06,0
SKU0162,2024-01-15,127,99429.57,782.91,0,0,Furniture,Chairs,402.29,782.91,2023-10-06,0
SKU0162,2024-01-22,163,127614.33,782.91,0,0,Furniture,Chairs,402.29,782.91,2023-10-06,0
SKU0162,2024-01-29,181,141706.71,782.91,0,0,Furniture,Chairs,402.29,782.91,2023-10-06,0
SKU0162,2024-02-05,140,109607.40000000001,782.91,0,0,Furniture,Chairs,402.29,782.91,2023-10-06,0
SKU0162,2024-02-12,160,125265.59999999999,782.91,0,0,Furniture,Chairs,402.29,782.91,2023-10-06,0
SKU0162,2024-02-19,158,123699.78,782.91,0,0,Furniture,Chairs,402.29,782.91,2023-10-06,0
SKU0162,2024-02-26,138,108041.58,782.91,0,0,Furniture,Chairs,402.29,782.91,2023-10-06,0
SKU0162,2024-03-04,170,133094.7,782.91,0,0,Furniture,Chairs,402.29,782.91,2023-10-06,0
SKU0162,2024-03-11,177,138575.07,782.91,0,0,Furniture,Chairs,402.29,782.91,2023-10-06,0
SKU0162,2024-03-18,221,173023.11,782.91,0,0,Furniture,Chairs,402.29,782.91,2023-10-06,0
SKU0162,2024-03-25,155,121351.05,782.91,0,0,Furniture,Chairs,402.29,782.91,2023-10-06,0
SKU0162,2024-04-01,156,122133.95999999999,782.91,0,0,Furniture,Chairs,402.29,782.91,2023-10-06,0
SKU0162,2024-04-08,145,113521.95,782.91,0,0,Furniture,Chairs,402.29,782.91,2023-10-06,0
SKU0162,2024-04-15,271,212168.61,782.91,0,0,Furniture,Chairs,402.29,782.91,2023-10-06,0
SKU0162,2024-04-22,162,126831.42,782.91,0,0,Furniture,Chairs,402.29,782.91,2023-10-06,0
SKU0162,2024-04-29,169,132311.79,782.91,0,0,Furniture,Chairs,402.29,782.91,2023-10-06,0
SKU0162,2024-05-06,189,147969.99,782.91,0,0,Furniture,Chairs,402.29,782.91,2023-10-06,0
SKU0162,2024-05-13,204,159713.64,782.91,0,0,Furniture,Chairs,402.29,782.91,2023-10-06,0
SKU0162,2024-05-20,243,190247.13,782.91,0,0,Furniture,Chairs,402.29,782.91,2023-10-06,0
SKU0162,2024-05-27,270,197673.55,755.1242857142857,2,0,Furniture,Chairs,402.29,782.91,2023-10-06,1
SKU0162,2024-06-03,346,237238.61000000002,685.66,7,0,Furniture,Chairs,402.29,782.91,2023-10-06,1
SKU0162,2024-06-10,262,198120.47,769.0171428571429,1,0,Furniture,Chairs,402.29,782.91,2023-10-06,1
SKU0162,2024-06-17,157,122916.87,782.91,0,0,Furniture,Chairs,402.29,782.91,2023-10-06,0
SKU0162,2024-06-24,196,153450.36,782.91,0,0,Furniture,Chairs,402.29,782.91,2023-10-06,0
SKU0162,2024-07-01,227,177720.57,782.91,0,0,Furniture,Chairs,402.29,782.91,2023-10-06,0
SKU0162,2024-07-08,171,133877.61,782.91,0,0,Furniture,Chairs,402.29,782.91,2023-10-06,0
SKU0162,2024-07-15,180,140923.8,782.91,0,0,Furniture,Chairs,402.29,782.91,2023-10-06,0
SKU0162,2024-07-22,142,111173.22,782.91,0,0,Furniture,Chairs,402.29,782.91,2023-10-06,0
SKU0162,2024-07-29,118,92383.38,782.91,0,0,Furniture,Chairs,402.29,782.91,2023-10-06,0
SKU0162,2024-08-05,211,165194.01,782.91,0,0,Furniture,Chairs,402.29,782.91,2023-10-06,0
SKU0162,2024-08-12,199,155799.09,782.91,0,1,Furniture,Chairs,402.29,782.91,2023-10-06,0
SKU0162,2024-08-19,175,137009.25,782.91,0,0,Furniture,Chairs,402.29,782.91,2023-10-06,0
SKU0162,2024-08-26,177,138575.07,782.91,0,0,Furniture,Chairs,402.29,782.91,2023-10-06,0
SKU0162,2024-09-02,148,115870.68,782.91,0,0,Furniture,Chairs,402.29,782.91,2023-10-06,0
SKU0162,2024-09-09,136,106475.76,782.91,0,0,Furniture,Chairs,402.29,782.91,2023-10-06,0
SKU0162,2024-09-16,171,133877.61000000002,782.91,0,0,Furniture,Chairs,402.29,782.91,2023-10-06,0
SKU0162,2024-09-23,129,100995.39,782.91,0,0,Furniture,Chairs,402.29,782.91,2023-10-06,0
SKU0162,2024-09-30,140,109607.4,782.91,0,1,Furniture,Chairs,402.29,782.91,2023-10-06,0
SKU0162,2024-10-07,145,113521.95,782.91,0,0,Furniture,Chairs,402.29,782.91,2023-10-06,0
SKU0162,2024-10-14,110,86120.1,782.91,0,0,Furniture,Chairs,402.29,782.91,2023-10-06,0
SKU0162,2024-10-21,96,75159.36,782.91,0,0,Furniture,Chairs,402.29,782.91,2023-10-06,0
SKU0162,2024-10-28,117,91600.47,782.91,0,0,Furniture,Chairs,402.29,782.91,2023-10-06,0
SKU0162,2024-11-04,186,135507.33,741.2314285714285,3,0,Furniture,Chairs,402.29,782.91,2023-10-06,1
SKU0162,2024-11-11,310,215472.31,713.4457142857143,5,0,Furniture,Chairs,402.29,782.91,2023-10-06,1
SKU0162,2024-11-18,111,86903.01000000001,782.91,0,0,Furniture,Chairs,402.29,782.91,2023-10-06,0
SKU0162,2024-11-25,125,97863.75,782.91,0,0,Furniture,Chairs,402.29,782.91,2023-10-06,0
SKU0162,2024-12-02,145,113521.95,782.91,0,0,Furniture,Chairs,402.29,782.91,2023-10-06,0
SKU0162,2024-12-09,139,108824.49,782.91,0,0,Furniture,Chairs,402.29,782.91,2023-10-06,0
SKU0162,2024-12-16,119,86650.59,741.2314285714285,3,0,Furniture,Chairs,402.29,782.91,2023-10-06,1
SKU0162,2024-12-23,237,162501.59,685.66,7,1,Furniture,Chairs,402.29,782.91,2023-10-06,1
SKU0162,2024-12-30,214,157817.81,755.1242857142857,2,1,Furniture,Chairs,402.29,782.91,2023-10-06,1
SKU0162,2025-01-06,166,129963.06,782.91,0,0,Furniture,Chairs,402.29,782.91,2023-10-06,0
SKU0162,2025-01-13,130,101778.3,782.91,0,0,Furniture,Chairs,402.29,782.91,2023-10-06,0
SKU0162,2025-01-20,136,106475.76,782.91,0,0,Furniture,Chairs,402.29,782.91,2023-10-06,0
SKU0162,2025-01-27,188,147187.08,782.91,0,0,Furniture,Chairs,402.29,782.91,2023-10-06,0
SKU0162,2025-02-03,131,102561.21,782.91,0,0,Furniture,Chairs,402.29,782.91,2023-10-06,0
SKU0162,2025-02-10,140,109607.4,782.91,0,0,Furniture,Chairs,402.29,782.91,2023-10-06,0
SKU0162,2025-02-17,161,126048.51000000001,782.91,0,0,Furniture,Chairs,402.29,782.91,2023-10-06,0
SKU0162,2025-02-24,163,127614.32999999999,782.91,0,0,Furniture,Chairs,402.29,782.91,2023-10-06,0
SKU0162,2025-03-03,143,111956.13,782.91,0,0,Furniture,Chairs,402.29,782.91,2023-10-06,0
SKU0162,2025-03-10,246,192595.86,782.91,0,0,Furniture,Chairs,402.29,782.91,2023-10-06,0
SKU0162,2025-03-17,176,137792.16,782.91,0,0,Furniture,Chairs,402.29,782.91,2023-10-06,0
SKU0162,2025-03-24,196,153450.36000000002,782.91,0,0,Furniture,Chairs,402.29,782.91,2023-10-06,0
SKU0162,2025-03-31,157,122916.87,782.91,0,0,Furniture,Chairs,402.29,782.91,2023-10-06,0
SKU0162,2025-04-07,137,107258.67,782.91,0,0,Furniture,Chairs,402.29,782.91,2023-10-06,0
SKU0162,2025-04-14,127,99429.57,782.91,0,0,Furniture,Chairs,402.29,782.91,2023-10-06,0
SKU0162,2025-04-21,196,153450.36,782.91,0,0,Furniture,Chairs,402.29,782.91,2023-10-06,0
SKU0162,2025-04-28,167,130745.97,782.91,0,0,Furniture,Chairs,402.29,782.91,2023-10-06,0
SKU0162,2025-05-05,200,156582.0,782.91,0,0,Furniture,Chairs,402.29,782.91,2023-10-06,0
SKU0162,2025-05-12,224,175371.84,782.91,0,0,Furniture,Chairs,402.29,782.91,2023-10-06,0
SKU0162,2025-05-19,182,142489.62,782.91,0,0,Furniture,Chairs,402.29,782.91,2023-10-06,0
SKU0162,2025-05-26,185,140364.88,769.0171428571429,1,0,Furniture,Chairs,402.29,782.91,2023-10-06,1
SKU0162,2025-06-02,347,237924.28,685.66,7,0,Furniture,Chairs,402.29,782.91,2023-10-06,1
SKU0162,2025-06-09,161,119143.81,755.1242857142857,2,0,Furniture,Chairs,402.29,782.91,2023-10-06,1
SKU0162,2025-06-16,147,115087.76999999999,782.91,0,0,Furniture,Chairs,402.29,782.91,2023-10-06,0
SKU0162,2025-06-23,158,123699.78,782.91,0,0,Furniture,Chairs,402.29,782.91,2023-10-06,0
SKU0162,2025-06-30,160,125265.59999999999,782.91,0,0,Furniture,Chairs,402.29,782.91,2023-10-06,0
SKU0162,2025-07-07,187,146404.17,782.91,0,0,Furniture,Chairs,402.29,782.91,2023-10-06,0
SKU0162,2025-07-14,148,115870.68,782.91,0,0,Furniture,Chairs,402.29,782.91,2023-10-06,0
SKU0162,2025-07-21,167,130745.97,782.91,0,0,Furniture,Chairs,402.29,782.91,2023-10-06,0
SKU0162,2025-07-28,160,125265.59999999999,782.91,0,0,Furniture,Chairs,402.29,782.91,2023-10-06,0
SKU0162,2025-08-04,114,89251.73999999999,782.91,0,0,Furniture,Chairs,402.29,782.91,2023-10-06,0
SKU0162,2025-08-11,106,82988.46,782.91,0,1,Furniture,Chairs,402.29,782.91,2023-10-06,0
SKU0162,2025-08-18,142,111173.22,782.91,0,0,Furniture,Chairs,402.29,782.91,2023-10-06,0
SKU0162,2025-08-25,190,148752.9,782.91,0,0,Furniture,Chairs,402.29,782.91,2023-10-06,0
SKU0163,2024-04-01,30,15931.2,531.04,0,0,Decor,Rugs,346.2,531.04,2024-04-06,0
SKU0163,2024-04-08,227,120546.08,531.04,0,0,Decor,Rugs,346.2,531.04,2024-04-06,0
SKU0163,2024-04-15,143,75938.72,531.04,0,0,Decor,Rugs,346.2,531.04,2024-04-06,0
SKU0163,2024-04-22,198,105145.92,531.04,0,0,Decor,Rugs,346.2,531.04,2024-04-06,0
SKU0163,2024-04-29,136,72221.44,531.04,0,0,Decor,Rugs,346.2,531.04,2024-04-06,0
SKU0163,2024-05-06,138,73283.52,531.04,0,0,Decor,Rugs,346.2,531.04,2024-04-06,0
SKU0163,2024-05-13,181,96118.23999999999,531.04,0,0,Decor,Rugs,346.2,531.04,2024-04-06,0
SKU0163,2024-05-20,160,84966.4,531.04,0,0,Decor,Rugs,346.2,531.04,2024-04-06,0
SKU0163,2024-05-27,200,99823.84,503.8142857142857,2,0,Decor,Rugs,346.2,531.04,2024-04-06,1
SKU0163,2024-06-03,327,142491.55,435.75,7,0,Decor,Rugs,346.2,531.04,2024-04-06,1
SKU0163,2024-06-10,251,130623.03,517.4271428571428,1,0,Decor,Rugs,346.2,531.04,2024-04-06,1
SKU0163,2024-06-17,194,103021.76,531.04,0,0,Decor,Rugs,346.2,531.04,2024-04-06,0
SKU0163,2024-06-24,167,88683.68,531.04,0,0,Decor,Rugs,346.2,531.04,2024-04-06,0
SKU0163,2024-07-01,169,89745.76000000001,531.04,0,0,Decor,Rugs,346.2,531.04,2024-04-06,0
SKU0163,2024-07-08,210,111518.40000000001,531.04,0,0,Decor,Rugs,346.2,531.04,2024-04-06,0
SKU0163,2024-07-15,228,121077.12,531.04,0,0,Decor,Rugs,346.2,531.04,2024-04-06,0
SKU0163,2024-07-22,259,137539.36000000002,531.04,0,0,Decor,Rugs,346.2,531.04,2024-04-06,0
SKU0163,2024-07-29,237,125856.48,531.04,0,0,Decor,Rugs,346.2,531.04,2024-04-06,0
SKU0163,2024-08-05,249,132228.96,531.04,0,0,Decor,Rugs,346.2,531.04,2024-04-06,0
SKU0163,2024-08-12,224,118952.95999999999,531.04,0,1,Decor,Rugs,346.2,531.04,2024-04-06,0
SKU0163,2024-08-19,250,132760.0,531.04,0,0,Decor,Rugs,346.2,531.04,2024-04-06,0
SKU0163,2024-08-26,211,112049.44,531.04,0,0,Decor,Rugs,346.2,531.04,2024-04-06,0
SKU0163,2024-09-02,347,184270.88,531.04,0,0,Decor,Rugs,346.2,531.04,2024-04-06,0
SKU0163,2024-09-09,283,150284.32,531.04,0,0,Decor,Rugs,346.2,531.04,2024-04-06,0
SKU0163,2024-09-16,341,181084.63999999998,531.04,0,0,Decor,Rugs,346.2,531.04,2024-04-06,0
SKU0163,2024-09-23,280,148691.2,531.04,0,0,Decor,Rugs,346.2,531.04,2024-04-06,0
SKU0163,2024-09-30,247,131166.88,531.04,0,1,Decor,Rugs,346.2,531.04,2024-04-06,0
SKU0163,2024-10-07,263,139663.52,531.04,0,0,Decor,Rugs,346.2,531.04,2024-04-06,0
SKU0163,2024-10-14,267,141787.68,531.04,0,0,Decor,Rugs,346.2,531.04,2024-04-06,0
SKU0163,2024-10-21,242,128511.68000000001,531.04,0,0,Decor,Rugs,346.2,531.04,2024-04-06,0
SKU0163,2024-10-28,267,141787.68,531.04,0,0,Decor,Rugs,346.2,531.04,2024-04-06,0
SKU0163,2024-11-04,380,183405.0,490.20142857142855,3,0,Decor,Rugs,346.2,531.04,2024-04-06,1
SKU0163,2024-11-11,359,160914.13999999998,462.9757142857143,5,0,Decor,Rugs,346.2,531.04,2024-04-06,1
SKU0163,2024-11-18,246,130635.84,531.04,0,0,Decor,Rugs,346.2,531.04,2024-04-06,0
SKU0163,2024-11-25,210,111518.4,531.04,0,0,Decor,Rugs,346.2,531.04,2024-04-06,0
SKU0163,2024-12-02,283,150284.32,531.04,0,0,Decor,Rugs,346.2,531.04,2024-04-06,0
SKU0163,2024-12-09,281,149222.24,531.04,0,0,Decor,Rugs,346.2,531.04,2024-04-06,0
SKU0163,2024-12-16,351,171149.28,490.20142857142855,3,0,Decor,Rugs,346.2,531.04,2024-04-06,1
SKU0163,2024-12-23,416,181273.68,435.75,7,1,Decor,Rugs,346.2,531.04,2024-04-06,1
SKU0163,2024-12-30,368,182844.97,503.8142857142857,2,1,Decor,Rugs,346.2,531.04,2024-04-06,1
SKU0163,2025-01-06,299,158780.96,531.04,0,0,Decor,Rugs,346.2,531.04,2024-04-06,0
SKU0163,2025-01-13,248,131697.91999999998,531.04,0,0,Decor,Rugs,346.2,531.04,2024-04-06,0
SKU0163,2025-01-20,179,95056.16,531.04,0,0,Decor,Rugs,346.2,531.04,2024-04-06,0
SKU0163,2025-01-27,247,131166.88,531.04,0,0,Decor,Rugs,346.2,531.04,2024-04-06,0
SKU0163,2025-02-03,243,129042.72,531.04,0,0,Decor,Rugs,346.2,531.04,2024-04-06,0
SKU0163,2025-02-10,219,116297.76000000001,531.04,0,0,Decor,Rugs,346.2,531.04,2024-04-06,0
SKU0163,2025-02-17,211,112049.44,531.04,0,0,Decor,Rugs,346.2,531.04,2024-04-06,0
SKU0163,2025-02-24,164,87090.56,531.04,0,0,Decor,Rugs,346.2,531.04,2024-04-06,0
SKU0163,2025-03-03,249,132228.96,531.04,0,0,Decor,Rugs,346.2,531.04,2024-04-06,0
SKU0163,2025-03-10,214,113642.56,531.04,0,0,Decor,Rugs,346.2,531.04,2024-04-06,0
SKU0163,2025-03-17,145,77000.8,531.04,0,0,Decor,Rugs,346.2,531.04,2024-04-06,0
SKU0163,2025-03-24,198,105145.92,531.04,0,0,Decor,Rugs,346.2,531.04,2024-04-06,0
SKU0163,2025-03-31,179,95056.16,531.04,0,0,Decor,Rugs,346.2,531.04,2024-04-06,0
SKU0163,2025-04-07,155,82311.2,531.04,0,0,Decor,Rugs,346.2,531.04,2024-04-06,0
SKU0163,2025-04-14,212,112580.48,531.04,0,0,Decor,Rugs,346.2,531.04,2024-04-06,0
SKU0163,2025-04-21,140,74345.6,531.04,0,0,Decor,Rugs,346.2,531.04,2024-04-06,0
SKU0163,2025-04-28,127,67442.08,531.04,0,0,Decor,Rugs,346.2,531.04,2024-04-06,0
SKU0163,2025-05-05,226,120015.04,531.04,0,0,Decor,Rugs,346.2,531.04,2024-04-06,0
SKU0163,2025-05-12,181,96118.23999999999,531.04,0,0,Decor,Rugs,346.2,531.04,2024-04-06,0
SKU0163,2025-05-19,136,72221.44,531.04,0,0,Decor,Rugs,346.2,531.04,2024-04-06,0
SKU0163,2025-05-26,102,52736.79,517.4271428571428,1,0,Decor,Rugs,346.2,531.04,2024-04-06,1
SKU0163,2025-06-02,335,145977.58,435.75,7,0,Decor,Rugs,346.2,531.04,2024-04-06,1
SKU0163,2025-06-09,276,137514.87,503.8142857142857,2,0,Decor,Rugs,346.2,531.04,2024-04-06,1
SKU0163,2025-06-16,214,113642.56,531.04,0,0,Decor,Rugs,346.2,531.04,2024-04-06,0
SKU0163,2025-06-23,228,121077.12,531.04,0,0,Decor,Rugs,346.2,531.04,2024-04-06,0
SKU0163,2025-06-30,271,143911.84,531.04,0,0,Decor,Rugs,346.2,531.04,2024-04-06,0
SKU0163,2025-07-07,204,108332.16,531.04,0,0,Decor,Rugs,346.2,531.04,2024-04-06,0
SKU0163,2025-07-14,196,104083.84,531.04,0,0,Decor,Rugs,346.2,531.04,2024-04-06,0
SKU0163,2025-07-21,205,108863.2,531.04,0,0,Decor,Rugs,346.2,531.04,2024-04-06,0
SKU0163,2025-07-28,177,93994.08,531.04,0,0,Decor,Rugs,346.2,531.04,2024-04-06,0
SKU0163,2025-08-04,257,136477.28,531.04,0,0,Decor,Rugs,346.2,531.04,2024-04-06,0
SKU0163,2025-08-11,282,149753.28,531.04,0,1,Decor,Rugs,346.2,531.04,2024-04-06,0
SKU0163,2025-08-18,257,136477.28,531.04,0,0,Decor,Rugs,346.2,531.04,2024-04-06,0
SKU0163,2025-08-25,340,180553.6,531.04,0,0,Decor,Rugs,346.2,531.04,2024-04-06,0
SKU0164,2025-05-19,96,160236.47999999998,1669.1300000000003,0,0,Furniture,Tables,947.03,1669.13,2025-05-21,0
SKU0164,2025-05-26,133,221279.27,1618.0571428571432,1,0,Furniture,Tables,947.03,1669.13,2025-05-21,1
SKU0164,2025-06-02,355,465625.8,1311.6200000000001,7,0,Furniture,Tables,947.03,1669.13,2025-05-21,1
SKU0164,2025-06-09,212,318819.77,1566.9842857142855,2,0,Furniture,Tables,947.03,1669.13,2025-05-21,1
SKU0164,2025-06-16,137,228670.81,1669.1299999999999,0,0,Furniture,Tables,947.03,1669.13,2025-05-21,0
SKU0164,2025-06-23,118,196957.34,1669.1299999999999,0,0,Furniture,Tables,947.03,1669.13,2025-05-21,0
SKU0164,2025-06-30,132,220325.16,1669.1299999999999,0,0,Furniture,Tables,947.03,1669.13,2025-05-21,0
SKU0164,2025-07-07,158,263722.54000000004,1669.1299999999999,0,0,Furniture,Tables,947.03,1669.13,2025-05-21,0
SKU0164,2025-07-14,167,278744.71,1669.1299999999999,0,0,Furniture,Tables,947.03,1669.13,2025-05-21,0
SKU0164,2025-07-21,116,193619.08000000002,1669.1299999999999,0,0,Furniture,Tables,947.03,1669.13,2025-05-21,0
SKU0164,2025-07-28,123,205302.99,1669.1299999999999,0,0,Furniture,Tables,947.03,1669.13,2025-05-21,0
SKU0164,2025-08-04,133,221994.29,1669.1299999999999,0,0,Furniture,Tables,947.03,1669.13,2025-05-21,0
SKU0164,2025-08-11,166,277075.58,1669.1299999999999,0,1,Furniture,Tables,947.03,1669.13,2025-05-21,0
SKU0164,2025-08-18,165,275406.45,1669.1299999999999,0,0,Furniture,Tables,947.03,1669.13,2025-05-21,0
SKU0164,2025-08-25,113,188611.69,1669.1299999999999,0,0,Furniture,Tables,947.03,1669.13,2025-05-21,0
SKU0165,2024-06-17,21,5039.58,239.98,0,0,Decor,Wall Art,156.39,239.98,2024-06-18,0
SKU0165,2024-06-24,19,4559.62,239.98,0,0,Decor,Wall Art,156.39,239.98,2024-06-18,0
SKU0165,2024-07-01,17,4079.66,239.98,0,0,Decor,Wall Art,156.39,239.98,2024-06-18,0
SKU0165,2024-07-08,13,3119.74,239.98,0,0,Decor,Wall Art,156.39,239.98,2024-06-18,0
SKU0165,2024-07-15,17,4079.6600000000003,239.98,0,0,Decor,Wall Art,156.39,239.98,2024-06-18,0
SKU0165,2024-07-22,13,3119.7400000000002,239.98,0,0,Decor,Wall Art,156.39,239.98,2024-06-18,0
SKU0165,2024-07-29,17,4079.66,239.98,0,0,Decor,Wall Art,156.39,239.98,2024-06-18,0
SKU0165,2024-08-05,18,4319.64,239.98,0,0,Decor,Wall Art,156.39,239.98,2024-06-18,0
SKU0165,2024-08-12,19,4559.62,239.98,0,1,Decor,Wall Art,156.39,239.98,2024-06-18,0
SKU0165,2024-08-19,18,4319.64,239.98,0,0,Decor,Wall Art,156.39,239.98,2024-06-18,0
SKU0165,2024-08-26,23,5519.54,239.98,0,0,Decor,Wall Art,156.39,239.98,2024-06-18,0
SKU0165,2024-09-02,30,7199.400000000001,239.98,0,0,Decor,Wall Art,156.39,239.98,2024-06-18,0
SKU0165,2024-09-09,14,3359.7200000000003,239.98,0,0,Decor,Wall Art,156.39,239.98,2024-06-18,0
SKU0165,2024-09-16,19,4559.62,239.98,0,0,Decor,Wall Art,156.39,239.98,2024-06-18,0
SKU0165,2024-09-23,27,6479.46,239.98,0,0,Decor,Wall Art,156.39,239.98,2024-06-18,0
SKU0165,2024-09-30,18,4319.64,239.98,0,1,Decor,Wall Art,156.39,239.98,2024-06-18,0
SKU0165,2024-10-07,21,5039.58,239.98,0,0,Decor,Wall Art,156.39,239.98,2024-06-18,0
SKU0165,2024-10-14,20,4799.6,239.98,0,0,Decor,Wall Art,156.39,239.98,2024-06-18,0
SKU0165,2024-10-21,13,3119.74,239.98,0,0,Decor,Wall Art,156.39,239.98,2024-06-18,0
SKU0165,2024-10-28,28,6719.4400000000005,239.98,0,0,Decor,Wall Art,156.39,239.98,2024-06-18,0
SKU0165,2024-11-04,29,6390.49,217.8142857142857,3,0,Decor,Wall Art,156.39,239.98,2024-06-18,1
SKU0165,2024-11-11,40,7633.8,203.03714285714287,5,0,Decor,Wall Art,156.39,239.98,2024-06-18,1
SKU0165,2024-11-18,15,3599.7000000000003,239.98,0,0,Decor,Wall Art,156.39,239.98,2024-06-18,0
SKU0165,2024-11-25,33,7919.34,239.98,0,0,Decor,Wall Art,156.39,239.98,2024-06-18,0
SKU0165,2024-12-02,23,5519.54,239.98,0,0,Decor,Wall Art,156.39,239.98,2024-06-18,0
SKU0165,2024-12-09,35,8399.3,239.98,0,0,Decor,Wall Art,156.39,239.98,2024-06-18,0
SKU0165,2024-12-16,33,7143.52,217.8142857142857,3,0,Decor,Wall Art,156.39,239.98,2024-06-18,1
SKU0165,2024-12-23,63,11860.31,188.26,7,1,Decor,Wall Art,156.39,239.98,2024-06-18,1
SKU0165,2024-12-30,52,10875.6,225.2028571428571,2,1,Decor,Wall Art,156.39,239.98,2024-06-18,1
SKU0165,2025-01-06,24,5759.52,239.98,0,0,Decor,Wall Art,156.39,239.98,2024-06-18,0
SKU0165,2025-01-13,25,5999.5,239.98,0,0,Decor,Wall Art,156.39,239.98,2024-06-18,0
SKU0165,2025-01-20,26,6239.48,239.98,0,0,Decor,Wall Art,156.39,239.98,2024-06-18,0
SKU0165,2025-01-27,32,7679.360000000001,239.98,0,0,Decor,Wall Art,156.39,239.98,2024-06-18,0
SKU0165,2025-02-03,39,9359.220000000001,239.98,0,0,Decor,Wall Art,156.39,239.98,2024-06-18,0
SKU0165,2025-02-10,39,9359.22,239.98,0,0,Decor,Wall Art,156.39,239.98,2024-06-18,0
SKU0165,2025-02-17,29,6959.42,239.98,0,0,Decor,Wall Art,156.39,239.98,2024-06-18,0
SKU0165,2025-02-24,35,8399.300000000001,239.98,0,0,Decor,Wall Art,156.39,239.98,2024-06-18,0
SKU0165,2025-03-03,47,11279.06,239.98,0,0,Decor,Wall Art,156.39,239.98,2024-06-18,0
SKU0165,2025-03-10,45,10799.1,239.98,0,0,Decor,Wall Art,156.39,239.98,2024-06-18,0
SKU0165,2025-03-17,31,7439.38,239.98,0,0,Decor,Wall Art,156.39,239.98,2024-06-18,0
SKU0165,2025-03-24,34,8159.32,239.98,0,0,Decor,Wall Art,156.39,239.98,2024-06-18,0
SKU0165,2025-03-31,28,6719.4400000000005,239.98,0,0,Decor,Wall Art,156.39,239.98,2024-06-18,0
SKU0165,2025-04-07,43,10319.140000000001,239.98,0,0,Decor,Wall Art,156.39,239.98,2024-06-18,0
SKU0165,2025-04-14,29,6959.42,239.98,0,0,Decor,Wall Art,156.39,239.98,2024-06-18,0
SKU0165,2025-04-21,16,3839.6800000000003,239.98,0,0,Decor,Wall Art,156.39,239.98,2024-06-18,0
SKU0165,2025-04-28,36,8639.28,239.98,0,0,Decor,Wall Art,156.39,239.98,2024-06-18,0
SKU0165,2025-05-05,27,6479.46,239.98,0,0,Decor,Wall Art,156.39,239.98,2024-06-18,0
SKU0165,2025-05-12,39,9359.220000000001,239.98,0,0,Decor,Wall Art,156.39,239.98,2024-06-18,0
SKU0165,2025-05-19,17,4079.6600000000003,239.98,0,0,Decor,Wall Art,156.39,239.98,2024-06-18,0
SKU0165,2025-05-26,29,6597.370000000001,232.59142857142857,1,0,Decor,Wall Art,156.39,239.98,2024-06-18,1
SKU0165,2025-06-02,50,9412.94,188.26,7,0,Decor,Wall Art,156.39,239.98,2024-06-18,1
SKU0165,2025-06-09,27,6065.6900000000005,225.2028571428571,2,0,Decor,Wall Art,156.39,239.98,2024-06-18,1
SKU0165,2025-06-16,20,4799.6,239.98,0,0,Decor,Wall Art,156.39,239.98,2024-06-18,0
SKU0165,2025-06-23,23,5519.54,239.98,0,0,Decor,Wall Art,156.39,239.98,2024-06-18,0
SKU0165,2025-06-30,11,2639.78,239.98,0,0,Decor,Wall Art,156.39,239.98,2024-06-18,0
SKU0165,2025-07-07,23,5519.54,239.98,0,0,Decor,Wall Art,156.39,239.98,2024-06-18,0
SKU0165,2025-07-14,15,3599.7000000000003,239.98,0,0,Decor,Wall Art,156.39,239.98,2024-06-18,0
SKU0165,2025-07-21,14,3359.7200000000003,239.98,0,0,Decor,Wall Art,156.39,239.98,2024-06-18,0
SKU0165,2025-07-28,14,3359.7200000000003,239.98,0,0,Decor,Wall Art,156.39,239.98,2024-06-18,0
SKU0165,2025-08-04,12,2879.76,239.98,0,0,Decor,Wall Art,156.39,239.98,2024-06-18,0
SKU0165,2025-08-11,18,4319.64,239.98,0,1,Decor,Wall Art,156.39,239.98,2024-06-18,0
SKU0165,2025-08-18,16,3839.6800000000003,239.98,0,0,Decor,Wall Art,156.39,239.98,2024-06-18,0
SKU0165,2025-08-25,12,2879.76,239.98,0,0,Decor,Wall Art,156.39,239.98,2024-06-18,0
SKU0166,2023-11-13,56,205052.96000000002,3661.66,0,0,Furniture,Storage,2034.58,3661.66,2023-11-17,0
SKU0166,2023-11-20,202,642452.49,3180.46,7,0,Furniture,Storage,2034.58,3661.66,2023-11-17,1
SKU0166,2023-11-27,120,430256.36,3592.9171428571426,1,0,Furniture,Storage,2034.58,3661.66,2023-11-17,1
SKU0166,2023-12-04,104,380812.64,3661.66,0,0,Furniture,Storage,2034.58,3661.66,2023-11-17,0
SKU0166,2023-12-11,97,355181.02,3661.66,0,0,Furniture,Storage,2034.58,3661.66,2023-11-17,0
SKU0166,2023-12-18,223,726565.4,3317.945714285714,5,0,Furniture,Storage,2034.58,3661.66,2023-11-17,1
SKU0166,2023-12-25,191,607467.47,3180.46,7,1,Furniture,Storage,2034.58,3661.66,2023-11-17,1
SKU0166,2024-01-01,121,443060.86,3661.66,0,1,Furniture,Storage,2034.58,3661.66,2023-11-17,0
SKU0166,2024-01-08,152,556572.32,3661.66,0,0,Furniture,Storage,2034.58,3661.66,2023-11-17,0
SKU0166,2024-01-15,118,432075.88,3661.66,0,0,Furniture,Storage,2034.58,3661.66,2023-11-17,0
SKU0166,2024-01-22,113,413767.58,3661.66,0,0,Furniture,Storage,2034.58,3661.66,2023-11-17,0
SKU0166,2024-01-29,103,377150.98,3661.66,0,0,Furniture,Storage,2034.58,3661.66,2023-11-17,0
SKU0166,2024-02-05,127,465030.82,3661.66,0,0,Furniture,Storage,2034.58,3661.66,2023-11-17,0
SKU0166,2024-02-12,130,476015.8,3661.66,0,0,Furniture,Storage,2034.58,3661.66,2023-11-17,0
SKU0166,2024-02-19,125,457707.5,3661.66,0,0,Furniture,Storage,2034.58,3661.66,2023-11-17,0
SKU0166,2024-02-26,129,472354.14,3661.66,0,0,Furniture,Storage,2034.58,3661.66,2023-11-17,0
SKU0166,2024-03-04,154,563895.64,3661.66,0,0,Furniture,Storage,2034.58,3661.66,2023-11-17,0
SKU0166,2024-03-11,154,563895.64,3661.66,0,0,Furniture,Storage,2034.58,3661.66,2023-11-17,0
SKU0166,2024-03-18,164,600512.24,3661.66,0,0,Furniture,Storage,2034.58,3661.66,2023-11-17,0
SKU0166,2024-03-25,142,519955.72,3661.66,0,0,Furniture,Storage,2034.58,3661.66,2023-11-17,0
SKU0166,2024-04-01,106,388135.96,3661.66,0,0,Furniture,Storage,2034.58,3661.66,2023-11-17,0
SKU0166,2024-04-08,155,567557.3,3661.66,0,0,Furniture,Storage,2034.58,3661.66,2023-11-17,0
SKU0166,2024-04-15,100,366166.0,3661.66,0,0,Furniture,Storage,2034.58,3661.66,2023-11-17,0
SKU0166,2024-04-22,129,472354.14,3661.66,0,0,Furniture,Storage,2034.58,3661.66,2023-11-17,0
SKU0166,2024-04-29,124,454045.83999999997,3661.66,0,0,Furniture,Storage,2034.58,3661.66,2023-11-17,0
SKU0166,2024-05-06,154,563895.64,3661.66,0,0,Furniture,Storage,2034.58,3661.66,2023-11-17,0
SKU0166,2024-05-13,157,574880.62,3661.66,0,0,Furniture,Storage,2034.58,3661.66,2023-11-17,0
SKU0166,2024-05-20,118,432075.88,3661.66,0,0,Furniture,Storage,2034.58,3661.66,2023-11-17,0
SKU0166,2024-05-27,164,566828.09,3524.174285714286,2,0,Furniture,Storage,2034.58,3661.66,2023-11-17,1
SKU0166,2024-06-03,276,877806.39,3180.46,7,0,Furniture,Storage,2034.58,3661.66,2023-11-17,1
SKU0166,2024-06-10,185,654309.4,3592.9171428571426,1,0,Furniture,Storage,2034.58,3661.66,2023-11-17,1
SKU0166,2024-06-17,120,439399.2,3661.66,0,0,Furniture,Storage,2034.58,3661.66,2023-11-17,0
SKU0166,2024-06-24,135,494324.1,3661.66,0,0,Furniture,Storage,2034.58,3661.66,2023-11-17,0
SKU0166,2024-07-01,96,351519.36,3661.66,0,0,Furniture,Storage,2034.58,3661.66,2023-11-17,0
SKU0166,2024-07-08,104,380812.64,3661.66,0,0,Furniture,Storage,2034.58,3661.66,2023-11-17,0
SKU0166,2024-07-15,175,640790.5,3661.66,0,0,Furniture,Storage,2034.58,3661.66,2023-11-17,0
SKU0166,2024-07-22,112,410105.92,3661.66,0,0,Furniture,Storage,2034.58,3661.66,2023-11-17,0
SKU0166,2024-07-29,107,391797.62,3661.66,0,0,Furniture,Storage,2034.58,3661.66,2023-11-17,0
SKU0166,2024-08-05,151,552910.66,3661.66,0,0,Furniture,Storage,2034.58,3661.66,2023-11-17,0
SKU0166,2024-08-12,144,527279.04,3661.66,0,1,Furniture,Storage,2034.58,3661.66,2023-11-17,0
SKU0166,2024-08-19,126,461369.16,3661.66,0,0,Furniture,Storage,2034.58,3661.66,2023-11-17,0
SKU0166,2024-08-26,144,527279.04,3661.66,0,0,Furniture,Storage,2034.58,3661.66,2023-11-17,0
SKU0166,2024-09-02,126,461369.16,3661.66,0,0,Furniture,Storage,2034.58,3661.66,2023-11-17,0
SKU0166,2024-09-09,114,417429.24,3661.66,0,0,Furniture,Storage,2034.58,3661.66,2023-11-17,0
SKU0166,2024-09-16,115,421090.9,3661.66,0,0,Furniture,Storage,2034.58,3661.66,2023-11-17,0
SKU0166,2024-09-23,130,476015.8,3661.66,0,0,Furniture,Storage,2034.58,3661.66,2023-11-17,0
SKU0166,2024-09-30,157,574880.62,3661.66,0,1,Furniture,Storage,2034.58,3661.66,2023-11-17,0
SKU0166,2024-10-07,148,541925.68,3661.66,0,0,Furniture,Storage,2034.58,3661.66,2023-11-17,0
SKU0166,2024-10-14,85,311241.1,3661.66,0,0,Furniture,Storage,2034.58,3661.66,2023-11-17,0
SKU0166,2024-10-21,136,497985.76,3661.66,0,0,Furniture,Storage,2034.58,3661.66,2023-11-17,0
SKU0166,2024-10-28,140,512632.4,3661.66,0,0,Furniture,Storage,2034.58,3661.66,2023-11-17,0
SKU0166,2024-11-04,195,660610.26,3455.4314285714286,3,0,Furniture,Storage,2034.58,3661.66,2023-11-17,1
SKU0166,2024-11-11,200,651490.05,3317.945714285714,5,0,Furniture,Storage,2034.58,3661.66,2023-11-17,1
SKU0166,2024-11-18,155,567557.3,3661.66,0,0,Furniture,Storage,2034.58,3661.66,2023-11-17,0
SKU0166,2024-11-25,134,490662.44,3661.66,0,0,Furniture,Storage,2034.58,3661.66,2023-11-17,0
SKU0166,2024-12-02,125,457707.5,3661.66,0,0,Furniture,Storage,2034.58,3661.66,2023-11-17,0
SKU0166,2024-12-09,143,523617.38,3661.66,0,0,Furniture,Storage,2034.58,3661.66,2023-11-17,0
SKU0166,2024-12-16,191,655587.67,3455.4314285714286,3,0,Furniture,Storage,2034.58,3661.66,2023-11-17,1
SKU0166,2024-12-23,265,842821.35,3180.46,7,1,Furniture,Storage,2034.58,3661.66,2023-11-17,1
SKU0166,2024-12-30,188,653745.54,3524.174285714286,2,1,Furniture,Storage,2034.58,3661.66,2023-11-17,1
SKU0166,2025-01-06,143,523617.38,3661.66,0,0,Furniture,Storage,2034.58,3661.66,2023-11-17,0
SKU0166,2025-01-13,136,497985.76,3661.66,0,0,Furniture,Storage,2034.58,3661.66,2023-11-17,0
SKU0166,2025-01-20,181,662760.46,3661.66,0,0,Furniture,Storage,2034.58,3661.66,2023-11-17,0
SKU0166,2025-01-27,133,487000.77999999997,3661.66,0,0,Furniture,Storage,2034.58,3661.66,2023-11-17,0
SKU0166,2025-02-03,147,538264.02,3661.66,0,0,Furniture,Storage,2034.58,3661.66,2023-11-17,0
SKU0166,2025-02-10,172,629805.52,3661.66,0,0,Furniture,Storage,2034.58,3661.66,2023-11-17,0
SKU0166,2025-02-17,160,585865.6,3661.66,0,0,Furniture,Storage,2034.58,3661.66,2023-11-17,0
SKU0166,2025-02-24,158,578542.28,3661.66,0,0,Furniture,Storage,2034.58,3661.66,2023-11-17,0
SKU0166,2025-03-03,122,446722.52,3661.66,0,0,Furniture,Storage,2034.58,3661.66,2023-11-17,0
SKU0166,2025-03-10,159,582203.9400000001,3661.66,0,0,Furniture,Storage,2034.58,3661.66,2023-11-17,0
SKU0166,2025-03-17,150,549249.0,3661.66,0,0,Furniture,Storage,2034.58,3661.66,2023-11-17,0
SKU0166,2025-03-24,145,530940.7,3661.66,0,0,Furniture,Storage,2034.58,3661.66,2023-11-17,0
SKU0166,2025-03-31,171,626143.86,3661.66,0,0,Furniture,Storage,2034.58,3661.66,2023-11-17,0
SKU0166,2025-04-07,174,637128.84,3661.66,0,0,Furniture,Storage,2034.58,3661.66,2023-11-17,0
SKU0166,2025-04-14,120,439399.2,3661.66,0,0,Furniture,Storage,2034.58,3661.66,2023-11-17,0
SKU0166,2025-04-21,176,644452.16,3661.66,0,0,Furniture,Storage,2034.58,3661.66,2023-11-17,0
SKU0166,2025-04-28,197,721347.02,3661.66,0,0,Furniture,Storage,2034.58,3661.66,2023-11-17,0
SKU0166,2025-05-05,158,578542.28,3661.66,0,0,Furniture,Storage,2034.58,3661.66,2023-11-17,0
SKU0166,2025-05-12,168,615158.88,3661.66,0,0,Furniture,Storage,2034.58,3661.66,2023-11-17,0
SKU0166,2025-05-19,185,677407.1,3661.66,0,0,Furniture,Storage,2034.58,3661.66,2023-11-17,0
SKU0166,2025-05-26,147,520940.75,3592.9171428571426,1,0,Furniture,Storage,2034.58,3661.66,2023-11-17,1
SKU0166,2025-06-02,329,1046370.66,3180.46,7,0,Furniture,Storage,2034.58,3661.66,2023-11-17,1
SKU0166,2025-06-09,240,822497.76,3524.174285714286,2,0,Furniture,Storage,2034.58,3661.66,2023-11-17,1
SKU0166,2025-06-16,183,670083.78,3661.66,0,0,Furniture,Storage,2034.58,3661.66,2023-11-17,0
SKU0166,2025-06-23,200,732332.0,3661.66,0,0,Furniture,Storage,2034.58,3661.66,2023-11-17,0
SKU0166,2025-06-30,167,611497.22,3661.66,0,0,Furniture,Storage,2034.58,3661.66,2023-11-17,0
SKU0166,2025-07-07,134,490662.44,3661.66,0,0,Furniture,Storage,2034.58,3661.66,2023-11-17,0
SKU0166,2025-07-14,157,574880.62,3661.66,0,0,Furniture,Storage,2034.58,3661.66,2023-11-17,0
SKU0166,2025-07-21,167,611497.22,3661.66,0,0,Furniture,Storage,2034.58,3661.66,2023-11-17,0
SKU0166,2025-07-28,127,465030.82,3661.66,0,0,Furniture,Storage,2034.58,3661.66,2023-11-17,0
SKU0166,2025-08-04,182,666422.12,3661.66,0,0,Furniture,Storage,2034.58,3661.66,2023-11-17,0
SKU0166,2025-08-11,161,589527.26,3661.66,0,1,Furniture,Storage,2034.58,3661.66,2023-11-17,0
SKU0166,2025-08-18,176,644452.16,3661.66,0,0,Furniture,Storage,2034.58,3661.66,2023-11-17,0
SKU0166,2025-08-25,172,629805.52,3661.66,0,0,Furniture,Storage,2034.58,3661.66,2023-11-17,0
SKU0167,2025-02-24,29,168279.75,5802.75,0,0,Decor,Lighting,3388.63,5802.75,2025-02-28,0
SKU0167,2025-03-03,86,499036.5,5802.75,0,0,Decor,Lighting,3388.63,5802.75,2025-02-28,0
SKU0167,2025-03-10,92,533853.0,5802.75,0,0,Decor,Lighting,3388.63,5802.75,2025-02-28,0
SKU0167,2025-03-17,56,324954.0,5802.75,0,0,Decor,Lighting,3388.63,5802.75,2025-02-28,0
SKU0167,2025-03-24,83,481628.25,5802.75,0,0,Decor,Lighting,3388.63,5802.75,2025-02-28,0
SKU0167,2025-03-31,103,597683.25,5802.75,0,0,Decor,Lighting,3388.63,5802.75,2025-02-28,0
SKU0167,2025-04-07,64,371376.0,5802.75,0,0,Decor,Lighting,3388.63,5802.75,2025-02-28,0
SKU0167,2025-04-14,79,458417.25,5802.75,0,0,Decor,Lighting,3388.63,5802.75,2025-02-28,0
SKU0167,2025-04-21,114,661513.5,5802.75,0,0,Decor,Lighting,3388.63,5802.75,2025-02-28,0
SKU0167,2025-04-28,100,580275.0,5802.75,0,0,Decor,Lighting,3388.63,5802.75,2025-02-28,0
SKU0167,2025-05-05,77,446811.75,5802.75,0,0,Decor,Lighting,3388.63,5802.75,2025-02-28,0
SKU0167,2025-05-12,98,568669.5,5802.75,0,0,Decor,Lighting,3388.63,5802.75,2025-02-28,0
SKU0167,2025-05-19,93,539655.75,5802.75,0,0,Decor,Lighting,3388.63,5802.75,2025-02-28,0
SKU0167,2025-05-26,99,565289.9,5693.435714285714,1,0,Decor,Lighting,3388.63,5802.75,2025-02-28,1
SKU0167,2025-06-02,182,916834.8200000001,5037.55,7,0,Decor,Lighting,3388.63,5802.75,2025-02-28,1
SKU0167,2025-06-09,129,694991.04,5584.121428571429,2,0,Decor,Lighting,3388.63,5802.75,2025-02-28,1
SKU0167,2025-06-16,69,400389.75,5802.75,0,0,Decor,Lighting,3388.63,5802.75,2025-02-28,0
SKU0167,2025-06-23,101,586077.75,5802.75,0,0,Decor,Lighting,3388.63,5802.75,2025-02-28,0
SKU0167,2025-06-30,121,702132.75,5802.75,0,0,Decor,Lighting,3388.63,5802.75,2025-02-28,0
SKU0167,2025-07-07,115,667316.25,5802.75,0,0,Decor,Lighting,3388.63,5802.75,2025-02-28,0
SKU0167,2025-07-14,109,632499.75,5802.75,0,0,Decor,Lighting,3388.63,5802.75,2025-02-28,0
SKU0167,2025-07-21,114,661513.5,5802.75,0,0,Decor,Lighting,3388.63,5802.75,2025-02-28,0
SKU0167,2025-07-28,98,568669.5,5802.75,0,0,Decor,Lighting,3388.63,5802.75,2025-02-28,0
SKU0167,2025-08-04,123,713738.25,5802.75,0,0,Decor,Lighting,3388.63,5802.75,2025-02-28,0
SKU0167,2025-08-11,99,574472.25,5802.75,0,1,Decor,Lighting,3388.63,5802.75,2025-02-28,0
SKU0167,2025-08-18,99,574472.25,5802.75,0,0,Decor,Lighting,3388.63,5802.75,2025-02-28,0
SKU0167,2025-08-25,125,725343.75,5802.75,0,0,Decor,Lighting,3388.63,5802.75,2025-02-28,0
SKU0168,2025-05-26,33,129278.01,3917.52,1,0,Furniture,Chairs,2780.54,4654.36,2025-06-01,1
SKU0168,2025-06-02,210,822678.25,3917.52,7,0,Furniture,Chairs,2780.54,4654.36,2025-06-01,1
SKU0168,2025-06-09,200,854240.16,4443.834285714285,2,0,Furniture,Chairs,2780.54,4654.36,2025-06-01,1
SKU0168,2025-06-16,117,544560.12,4654.36,0,0,Furniture,Chairs,2780.54,4654.36,2025-06-01,0
SKU0168,2025-06-23,120,558523.2,4654.36,0,0,Furniture,Chairs,2780.54,4654.36,2025-06-01,0
SKU0168,2025-06-30,157,730734.52,4654.36,0,0,Furniture,Chairs,2780.54,4654.36,2025-06-01,0
SKU0168,2025-07-07,105,488707.8,4654.36,0,0,Furniture,Chairs,2780.54,4654.36,2025-06-01,0
SKU0168,2025-07-14,119,553868.84,4654.36,0,0,Furniture,Chairs,2780.54,4654.36,2025-06-01,0
SKU0168,2025-07-21,132,614375.52,4654.36,0,0,Furniture,Chairs,2780.54,4654.36,2025-06-01,0
SKU0168,2025-07-28,103,479399.08,4654.36,0,0,Furniture,Chairs,2780.54,4654.36,2025-06-01,0
SKU0168,2025-08-04,105,488707.8,4654.36,0,0,Furniture,Chairs,2780.54,4654.36,2025-06-01,0
SKU0168,2025-08-11,98,456127.28,4654.36,0,1,Furniture,Chairs,2780.54,4654.36,2025-06-01,0
SKU0168,2025-08-18,85,395620.6,4654.36,0,0,Furniture,Chairs,2780.54,4654.36,2025-06-01,0
SKU0168,2025-08-25,95,442164.19999999995,4654.36,0,0,Furniture,Chairs,2780.54,4654.36,2025-06-01,0
SKU0169,2025-06-09,41,26982.92,658.12,0,0,Decor,Wall Art,336.99,658.12,2025-06-13,0
SKU0169,2025-06-16,167,109906.04000000001,658.12,0,0,Decor,Wall Art,336.99,658.12,2025-06-13,0
SKU0169,2025-06-23,163,107273.56,658.12,0,0,Decor,Wall Art,336.99,658.12,2025-06-13,0
SKU0169,2025-06-30,165,108589.8,658.12,0,0,Decor,Wall Art,336.99,658.12,2025-06-13,0
SKU0169,2025-07-07,162,106615.44,658.12,0,0,Decor,Wall Art,336.99,658.12,2025-06-13,0
SKU0169,2025-07-14,149,98059.88,658.12,0,0,Decor,Wall Art,336.99,658.12,2025-06-13,0
SKU0169,2025-07-21,128,84239.36,658.12,0,0,Decor,Wall Art,336.99,658.12,2025-06-13,0
SKU0169,2025-07-28,149,98059.88,658.12,0,0,Decor,Wall Art,336.99,658.12,2025-06-13,0
SKU0169,2025-08-04,184,121094.08,658.12,0,0,Decor,Wall Art,336.99,658.12,2025-06-13,0
SKU0169,2025-08-11,181,119119.72,658.12,0,1,Decor,Wall Art,336.99,658.12,2025-06-13,0
SKU0169,2025-08-18,177,116487.23999999999,658.12,0,0,Decor,Wall Art,336.99,658.12,2025-06-13,0
SKU0169,2025-08-25,152,100034.24,658.12,0,0,Decor,Wall Art,336.99,658.12,2025-06-13,0
SKU0170,2024-10-21,27,46088.73,1706.99,0,0,Furniture,Storage,682.09,1706.99,2024-10-27,0
SKU0170,2024-10-28,360,614516.4,1706.99,0,0,Furniture,Storage,682.09,1706.99,2024-10-27,0
SKU0170,2024-11-04,237,381947.04,1599.3242857142857,3,0,Furniture,Storage,682.09,1706.99,2024-10-27,1
SKU0170,2024-11-11,552,818156.9600000001,1527.547142857143,5,0,Furniture,Storage,682.09,1706.99,2024-10-27,1
SKU0170,2024-11-18,225,384072.75,1706.99,0,0,Furniture,Storage,682.09,1706.99,2024-10-27,0
SKU0170,2024-11-25,226,385779.74,1706.99,0,0,Furniture,Storage,682.09,1706.99,2024-10-27,0
SKU0170,2024-12-02,298,508683.02,1706.99,0,0,Furniture,Storage,682.09,1706.99,2024-10-27,0
SKU0170,2024-12-09,335,571841.65,1706.99,0,0,Furniture,Storage,682.09,1706.99,2024-10-27,0
SKU0170,2024-12-16,305,476668.87,1599.3242857142857,3,0,Furniture,Storage,682.09,1706.99,2024-10-27,1
SKU0170,2024-12-23,530,771559.37,1455.77,7,1,Furniture,Storage,682.09,1706.99,2024-10-27,1
SKU0170,2024-12-30,374,584653.6900000001,1635.212857142857,2,1,Furniture,Storage,682.09,1706.99,2024-10-27,1
SKU0170,2025-01-06,217,370416.83,1706.99,0,0,Furniture,Storage,682.09,1706.99,2024-10-27,0
SKU0170,2025-01-13,230,392607.7,1706.99,0,0,Furniture,Storage,682.09,1706.99,2024-10-27,0
SKU0170,2025-01-20,250,426747.5,1706.99,0,0,Furniture,Storage,682.09,1706.99,2024-10-27,0
SKU0170,2025-01-27,201,343104.99,1706.99,0,0,Furniture,Storage,682.09,1706.99,2024-10-27,0
SKU0170,2025-02-03,162,276532.38,1706.99,0,0,Furniture,Storage,682.09,1706.99,2024-10-27,0
SKU0170,2025-02-10,185,315793.15,1706.99,0,0,Furniture,Storage,682.09,1706.99,2024-10-27,0
SKU0170,2025-02-17,196,334570.04000000004,1706.99,0,0,Furniture,Storage,682.09,1706.99,2024-10-27,0
SKU0170,2025-02-24,210,358467.9,1706.99,0,0,Furniture,Storage,682.09,1706.99,2024-10-27,0
SKU0170,2025-03-03,210,358467.9,1706.99,0,0,Furniture,Storage,682.09,1706.99,2024-10-27,0
SKU0170,2025-03-10,161,274825.39,1706.99,0,0,Furniture,Storage,682.09,1706.99,2024-10-27,0
SKU0170,2025-03-17,179,305551.21,1706.99,0,0,Furniture,Storage,682.09,1706.99,2024-10-27,0
SKU0170,2025-03-24,215,367002.85,1706.99,0,0,Furniture,Storage,682.09,1706.99,2024-10-27,0
SKU0170,2025-03-31,185,315793.15,1706.99,0,0,Furniture,Storage,682.09,1706.99,2024-10-27,0
SKU0170,2025-04-07,163,278239.37,1706.99,0,0,Furniture,Storage,682.09,1706.99,2024-10-27,0
SKU0170,2025-04-14,237,404556.63,1706.99,0,0,Furniture,Storage,682.09,1706.99,2024-10-27,0
SKU0170,2025-04-21,206,351639.94,1706.99,0,0,Furniture,Storage,682.09,1706.99,2024-10-27,0
SKU0170,2025-04-28,159,271411.41,1706.99,0,0,Furniture,Storage,682.09,1706.99,2024-10-27,0
SKU0170,2025-05-05,245,418212.55,1706.99,0,0,Furniture,Storage,682.09,1706.99,2024-10-27,0
SKU0170,2025-05-12,220,375537.8,1706.99,0,0,Furniture,Storage,682.09,1706.99,2024-10-27,0
SKU0170,2025-05-19,193,329449.07,1706.99,0,0,Furniture,Storage,682.09,1706.99,2024-10-27,0
SKU0170,2025-05-26,182,306150.26,1671.1014285714284,1,0,Furniture,Storage,682.09,1706.99,2024-10-27,1
SKU0170,2025-06-02,354,515343.42,1455.77,7,0,Furniture,Storage,682.09,1706.99,2024-10-27,1
SKU0170,2025-06-09,289,457898.43,1635.212857142857,2,0,Furniture,Storage,682.09,1706.99,2024-10-27,1
SKU0170,2025-06-16,209,356760.91000000003,1706.99,0,0,Furniture,Storage,682.09,1706.99,2024-10-27,0
SKU0170,2025-06-23,239,407970.61,1706.99,0,0,Furniture,Storage,682.09,1706.99,2024-10-27,0
SKU0170,2025-06-30,266,454059.34,1706.99,0,0,Furniture,Storage,682.09,1706.99,2024-10-27,0
SKU0170,2025-07-07,189,322621.11,1706.99,0,0,Furniture,Storage,682.09,1706.99,2024-10-27,0
SKU0170,2025-07-14,320,546236.7999999999,1706.99,0,0,Furniture,Storage,682.09,1706.99,2024-10-27,0
SKU0170,2025-07-21,237,404556.63,1706.99,0,0,Furniture,Storage,682.09,1706.99,2024-10-27,0
SKU0170,2025-07-28,302,515510.98,1706.99,0,0,Furniture,Storage,682.09,1706.99,2024-10-27,0
SKU0170,2025-08-04,224,382365.76,1706.99,0,0,Furniture,Storage,682.09,1706.99,2024-10-27,0
SKU0170,2025-08-11,302,515510.98000000004,1706.99,0,1,Furniture,Storage,682.09,1706.99,2024-10-27,0
SKU0170,2025-08-18,249,425040.51,1706.99,0,0,Furniture,Storage,682.09,1706.99,2024-10-27,0
SKU0170,2025-08-25,231,394314.69,1706.99,0,0,Furniture,Storage,682.09,1706.99,2024-10-27,0
SKU0171,2024-01-08,126,52229.520000000004,414.52,0,0,Furniture,Storage,270.44,414.52,2024-01-10,0
SKU0171,2024-01-15,167,69224.84,414.52,0,0,Furniture,Storage,270.44,414.52,2024-01-10,0
SKU0171,2024-01-22,137,56789.24,414.52,0,0,Furniture,Storage,270.44,414.52,2024-01-10,0
SKU0171,2024-01-29,143,59276.36,414.52,0,0,Furniture,Storage,270.44,414.52,2024-01-10,0
SKU0171,2024-02-05,164,67981.28,414.52,0,0,Furniture,Storage,270.44,414.52,2024-01-10,0
SKU0171,2024-02-12,173,71711.96,414.52,0,0,Furniture,Storage,270.44,414.52,2024-01-10,0
SKU0171,2024-02-19,186,77100.72,414.52,0,0,Furniture,Storage,270.44,414.52,2024-01-10,0
SKU0171,2024-02-26,166,68810.32,414.52,0,0,Furniture,Storage,270.44,414.52,2024-01-10,0
SKU0171,2024-03-04,163,67566.76,414.52,0,0,Furniture,Storage,270.44,414.52,2024-01-10,0
SKU0171,2024-03-11,232,96168.64,414.52,0,0,Furniture,Storage,270.44,414.52,2024-01-10,0
SKU0171,2024-03-18,156,64665.119999999995,414.52,0,0,Furniture,Storage,270.44,414.52,2024-01-10,0
SKU0171,2024-03-25,149,61763.48,414.52,0,0,Furniture,Storage,270.44,414.52,2024-01-10,0
SKU0171,2024-04-01,127,52644.04,414.52,0,0,Furniture,Storage,270.44,414.52,2024-01-10,0
SKU0171,2024-04-08,117,48498.84,414.52,0,0,Furniture,Storage,270.44,414.52,2024-01-10,0
SKU0171,2024-04-15,130,53887.6,414.52,0,0,Furniture,Storage,270.44,414.52,2024-01-10,0
SKU0171,2024-04-22,143,59276.36,414.52,0,0,Furniture,Storage,270.44,414.52,2024-01-10,0
SKU0171,2024-04-29,189,78344.28,414.52,0,0,Furniture,Storage,270.44,414.52,2024-01-10,0
SKU0171,2024-05-06,149,61763.479999999996,414.52,0,0,Furniture,Storage,270.44,414.52,2024-01-10,0
SKU0171,2024-05-13,131,54302.119999999995,414.52,0,0,Furniture,Storage,270.44,414.52,2024-01-10,0
SKU0171,2024-05-20,135,55960.2,414.52,0,0,Furniture,Storage,270.44,414.52,2024-01-10,0
SKU0171,2024-05-27,195,78517.79000000001,402.5,2,0,Furniture,Storage,270.44,414.52,2024-01-10,1
SKU0171,2024-06-03,201,74863.31,372.45,7,0,Furniture,Storage,270.44,414.52,2024-01-10,1
SKU0171,2024-06-10,218,88682.73,408.50999999999993,1,0,Furniture,Storage,270.44,414.52,2024-01-10,1
SKU0171,2024-06-17,137,56789.24,414.52,0,0,Furniture,Storage,270.44,414.52,2024-01-10,0
SKU0171,2024-06-24,195,80831.40000000001,414.52,0,0,Furniture,Storage,270.44,414.52,2024-01-10,0
SKU0171,2024-07-01,128,53058.56,414.52,0,0,Furniture,Storage,270.44,414.52,2024-01-10,0
SKU0171,2024-07-08,186,77100.72,414.52,0,0,Furniture,Storage,270.44,414.52,2024-01-10,0
SKU0171,2024-07-15,190,78758.8,414.52,0,0,Furniture,Storage,270.44,414.52,2024-01-10,0
SKU0171,2024-07-22,142,58861.840000000004,414.52,0,0,Furniture,Storage,270.44,414.52,2024-01-10,0
SKU0171,2024-07-29,190,78758.8,414.52,0,0,Furniture,Storage,270.44,414.52,2024-01-10,0
SKU0171,2024-08-05,215,89121.8,414.52,0,0,Furniture,Storage,270.44,414.52,2024-01-10,0
SKU0171,2024-08-12,194,80416.88,414.52,0,1,Furniture,Storage,270.44,414.52,2024-01-10,0
SKU0171,2024-08-19,238,98655.76,414.52,0,0,Furniture,Storage,270.44,414.52,2024-01-10,0
SKU0171,2024-08-26,197,81660.44,414.52,0,0,Furniture,Storage,270.44,414.52,2024-01-10,0
SKU0171,2024-09-02,181,75028.12,414.52,0,0,Furniture,Storage,270.44,414.52,2024-01-10,0
SKU0171,2024-09-09,214,88707.28,414.52,0,0,Furniture,Storage,270.44,414.52,2024-01-10,0
SKU0171,2024-09-16,256,106117.12,414.52,0,0,Furniture,Storage,270.44,414.52,2024-01-10,0
SKU0171,2024-09-23,211,87463.72,414.52,0,0,Furniture,Storage,270.44,414.52,2024-01-10,0
SKU0171,2024-09-30,195,80831.4,414.52,0,1,Furniture,Storage,270.44,414.52,2024-01-10,0
SKU0171,2024-10-07,218,90365.36,414.52,0,0,Furniture,Storage,270.44,414.52,2024-01-10,0
SKU0171,2024-10-14,196,81245.92,414.52,0,0,Furniture,Storage,270.44,414.52,2024-01-10,0
SKU0171,2024-10-21,247,102386.44,414.52,0,0,Furniture,Storage,270.44,414.52,2024-01-10,0
SKU0171,2024-10-28,124,51400.479999999996,414.52,0,0,Furniture,Storage,270.44,414.52,2024-01-10,0
SKU0171,2024-11-04,266,105593.03,396.48999999999995,3,0,Furniture,Storage,270.44,414.52,2024-01-10,1
SKU0171,2024-11-11,360,135471.71,384.46999999999997,5,0,Furniture,Storage,270.44,414.52,2024-01-10,1
SKU0171,2024-11-18,230,95339.6,414.52,0,0,Furniture,Storage,270.44,414.52,2024-01-10,0
SKU0171,2024-11-25,160,66323.2,414.52,0,0,Furniture,Storage,270.44,414.52,2024-01-10,0
SKU0171,2024-12-02,205,84976.6,414.52,0,0,Furniture,Storage,270.44,414.52,2024-01-10,0
SKU0171,2024-12-09,220,91194.4,414.52,0,0,Furniture,Storage,270.44,414.52,2024-01-10,0
SKU0171,2024-12-16,234,92370.45,396.48999999999995,3,0,Furniture,Storage,270.44,414.52,2024-01-10,1
SKU0171,2024-12-23,385,143394.91,372.45,7,1,Furniture,Storage,270.44,414.52,2024-01-10,1
SKU0171,2024-12-30,273,105844.53,402.5,2,1,Furniture,Storage,270.44,414.52,2024-01-10,1
SKU0171,2025-01-06,213,88292.76000000001,414.52,0,0,Furniture,Storage,270.44,414.52,2024-01-10,0
SKU0171,2025-01-13,153,63421.56,414.52,0,0,Furniture,Storage,270.44,414.52,2024-01-10,0
SKU0171,2025-01-20,225,93267.0,414.52,0,0,Furniture,Storage,270.44,414.52,2024-01-10,0
SKU0171,2025-01-27,170,70468.4,414.52,0,0,Furniture,Storage,270.44,414.52,2024-01-10,0
SKU0171,2025-02-03,200,82904.0,414.52,0,0,Furniture,Storage,270.44,414.52,2024-01-10,0
SKU0171,2025-02-10,215,89121.8,414.52,0,0,Furniture,Storage,270.44,414.52,2024-01-10,0
SKU0171,2025-02-17,134,55545.68,414.52,0,0,Furniture,Storage,270.44,414.52,2024-01-10,0
SKU0171,2025-02-24,199,82489.48,414.52,0,0,Furniture,Storage,270.44,414.52,2024-01-10,0
SKU0171,2025-03-03,200,82904.0,414.52,0,0,Furniture,Storage,270.44,414.52,2024-01-10,0
SKU0171,2025-03-10,112,46426.24,414.52,0,0,Furniture,Storage,270.44,414.52,2024-01-10,0
SKU0171,2025-03-17,211,87463.72,414.52,0,0,Furniture,Storage,270.44,414.52,2024-01-10,0
SKU0171,2025-03-24,185,76686.2,414.52,0,0,Furniture,Storage,270.44,414.52,2024-01-10,0
SKU0171,2025-03-31,203,84147.56,414.52,0,0,Furniture,Storage,270.44,414.52,2024-01-10,0
SKU0171,2025-04-07,227,94096.04000000001,414.52,0,0,Furniture,Storage,270.44,414.52,2024-01-10,0
SKU0171,2025-04-14,196,81245.92,414.52,0,0,Furniture,Storage,270.44,414.52,2024-01-10,0
SKU0171,2025-04-21,170,70468.4,414.52,0,0,Furniture,Storage,270.44,414.52,2024-01-10,0
SKU0171,2025-04-28,190,78758.8,414.52,0,0,Furniture,Storage,270.44,414.52,2024-01-10,0
SKU0171,2025-05-05,168,69639.36,414.52,0,0,Furniture,Storage,270.44,414.52,2024-01-10,0
SKU0171,2025-05-12,236,97826.72,414.52,0,0,Furniture,Storage,270.44,414.52,2024-01-10,0
SKU0171,2025-05-19,210,87049.2,414.52,0,0,Furniture,Storage,270.44,414.52,2024-01-10,0
SKU0171,2025-05-26,186,76680.06,408.50999999999993,1,0,Furniture,Storage,270.44,414.52,2024-01-10,1
SKU0171,2025-06-02,270,100562.66,372.45,7,0,Furniture,Storage,270.44,414.52,2024-01-10,1
SKU0171,2025-06-09,280,112237.62,402.5,2,0,Furniture,Storage,270.44,414.52,2024-01-10,1
SKU0171,2025-06-16,214,88707.28,414.52,0,0,Furniture,Storage,270.44,414.52,2024-01-10,0
SKU0171,2025-06-23,158,65494.159999999996,414.52,0,0,Furniture,Storage,270.44,414.52,2024-01-10,0
SKU0171,2025-06-30,153,63421.56,414.52,0,0,Furniture,Storage,270.44,414.52,2024-01-10,0
SKU0171,2025-07-07,247,102386.44,414.52,0,0,Furniture,Storage,270.44,414.52,2024-01-10,0
SKU0171,2025-07-14,207,85805.64,414.52,0,0,Furniture,Storage,270.44,414.52,2024-01-10,0
SKU0171,2025-07-21,227,94096.04000000001,414.52,0,0,Furniture,Storage,270.44,414.52,2024-01-10,0
SKU0171,2025-07-28,199,82489.48,414.52,0,0,Furniture,Storage,270.44,414.52,2024-01-10,0
SKU0171,2025-08-04,275,113993.0,414.52,0,0,Furniture,Storage,270.44,414.52,2024-01-10,0
SKU0171,2025-08-11,259,107360.68000000001,414.52,0,1,Furniture,Storage,270.44,414.52,2024-01-10,0
SKU0171,2025-08-18,144,59690.88,414.52,0,0,Furniture,Storage,270.44,414.52,2024-01-10,0
SKU0171,2025-08-25,190,78758.8,414.52,0,0,Furniture,Storage,270.44,414.52,2024-01-10,0
SKU0172,2023-10-30,26,152365.2,5860.2,0,0,Furniture,Tables,2422.25,5860.2,2023-11-02,0
SKU0172,2023-11-06,55,322311.0,5860.2,0,0,Furniture,Tables,2422.25,5860.2,2023-11-02,0
SKU0172,2023-11-13,82,480536.4,5860.2,0,0,Furniture,Tables,2422.25,5860.2,2023-11-02,0
SKU0172,2023-11-20,122,622999.61,5106.55,7,0,Furniture,Tables,2422.25,5860.2,2023-11-02,1
SKU0172,2023-11-27,70,380821.81,5752.535714285715,1,0,Furniture,Tables,2422.25,5860.2,2023-11-02,1
SKU0172,2023-12-04,62,363332.4,5860.2,0,0,Furniture,Tables,2422.25,5860.2,2023-11-02,0
SKU0172,2023-12-11,62,363332.4,5860.2,0,0,Furniture,Tables,2422.25,5860.2,2023-11-02,0
SKU0172,2023-12-18,107,565242.44,5321.878571428571,5,0,Furniture,Tables,2422.25,5860.2,2023-11-02,1
SKU0172,2023-12-25,117,597466.85,5106.55,7,1,Furniture,Tables,2422.25,5860.2,2023-11-02,1
SKU0172,2024-01-01,61,357472.19999999995,5860.2,0,1,Furniture,Tables,2422.25,5860.2,2023-11-02,0
SKU0172,2024-01-08,74,433654.8,5860.2,0,0,Furniture,Tables,2422.25,5860.2,2023-11-02,0
SKU0172,2024-01-15,59,345751.8,5860.2,0,0,Furniture,Tables,2422.25,5860.2,2023-11-02,0
SKU0172,2024-01-22,66,386773.2,5860.2,0,0,Furniture,Tables,2422.25,5860.2,2023-11-02,0
SKU0172,2024-01-29,68,398493.6,5860.2,0,0,Furniture,Tables,2422.25,5860.2,2023-11-02,0
SKU0172,2024-02-05,81,474676.2,5860.2,0,0,Furniture,Tables,2422.25,5860.2,2023-11-02,0
SKU0172,2024-02-12,64,375052.8,5860.2,0,0,Furniture,Tables,2422.25,5860.2,2023-11-02,0
SKU0172,2024-02-19,43,251988.59999999998,5860.2,0,0,Furniture,Tables,2422.25,5860.2,2023-11-02,0
SKU0172,2024-02-26,63,369192.6,5860.2,0,0,Furniture,Tables,2422.25,5860.2,2023-11-02,0
SKU0172,2024-03-04,80,468816.0,5860.2,0,0,Furniture,Tables,2422.25,5860.2,2023-11-02,0
SKU0172,2024-03-11,64,375052.8,5860.2,0,0,Furniture,Tables,2422.25,5860.2,2023-11-02,0
SKU0172,2024-03-18,48,281289.6,5860.2,0,0,Furniture,Tables,2422.25,5860.2,2023-11-02,0
SKU0172,2024-03-25,37,216827.4,5860.2,0,0,Furniture,Tables,2422.25,5860.2,2023-11-02,0
SKU0172,2024-04-01,65,380913.0,5860.2,0,0,Furniture,Tables,2422.25,5860.2,2023-11-02,0
SKU0172,2024-04-08,76,445375.2,5860.2,0,0,Furniture,Tables,2422.25,5860.2,2023-11-02,0
SKU0172,2024-04-15,53,310590.6,5860.2,0,0,Furniture,Tables,2422.25,5860.2,2023-11-02,0
SKU0172,2024-04-22,44,257848.8,5860.2,0,0,Furniture,Tables,2422.25,5860.2,2023-11-02,0
SKU0172,2024-04-29,60,351612.0,5860.2,0,0,Furniture,Tables,2422.25,5860.2,2023-11-02,0
SKU0172,2024-05-06,54,316450.8,5860.2,0,0,Furniture,Tables,2422.25,5860.2,2023-11-02,0
SKU0172,2024-05-13,41,240268.19999999998,5860.2,0,0,Furniture,Tables,2422.25,5860.2,2023-11-02,0
SKU0172,2024-05-20,53,310590.6,5860.2,0,0,Furniture,Tables,2422.25,5860.2,2023-11-02,0
SKU0172,2024-05-27,52,295686.64999999997,5644.871428571429,2,0,Furniture,Tables,2422.25,5860.2,2023-11-02,1
SKU0172,2024-06-03,71,362565.35,5106.55,7,0,Furniture,Tables,2422.25,5860.2,2023-11-02,1
SKU0172,2024-06-10,56,316866.51,5752.535714285715,1,0,Furniture,Tables,2422.25,5860.2,2023-11-02,1
SKU0172,2024-06-17,31,181666.2,5860.2,0,0,Furniture,Tables,2422.25,5860.2,2023-11-02,0
SKU0172,2024-06-24,49,287149.8,5860.2,0,0,Furniture,Tables,2422.25,5860.2,2023-11-02,0
SKU0172,2024-07-01,42,246128.4,5860.2,0,0,Furniture,Tables,2422.25,5860.2,2023-11-02,0
SKU0172,2024-07-08,46,269569.2,5860.2,0,0,Furniture,Tables,2422.25,5860.2,2023-11-02,0
SKU0172,2024-07-15,42,246128.4,5860.2,0,0,Furniture,Tables,2422.25,5860.2,2023-11-02,0
SKU0172,2024-07-22,40,234408.0,5860.2,0,0,Furniture,Tables,2422.25,5860.2,2023-11-02,0
SKU0172,2024-07-29,35,205107.0,5860.2,0,0,Furniture,Tables,2422.25,5860.2,2023-11-02,0
SKU0172,2024-08-05,44,257848.8,5860.2,0,0,Furniture,Tables,2422.25,5860.2,2023-11-02,0
SKU0172,2024-08-12,45,263709.0,5860.2,0,1,Furniture,Tables,2422.25,5860.2,2023-11-02,0
SKU0172,2024-08-19,50,293010.0,5860.2,0,0,Furniture,Tables,2422.25,5860.2,2023-11-02,0
SKU0172,2024-08-26,41,240268.19999999998,5860.2,0,0,Furniture,Tables,2422.25,5860.2,2023-11-02,0
SKU0172,2024-09-02,58,339891.6,5860.2,0,0,Furniture,Tables,2422.25,5860.2,2023-11-02,0
SKU0172,2024-09-09,32,187526.4,5860.2,0,0,Furniture,Tables,2422.25,5860.2,2023-11-02,0
SKU0172,2024-09-16,49,287149.8,5860.2,0,0,Furniture,Tables,2422.25,5860.2,2023-11-02,0
SKU0172,2024-09-23,52,304730.4,5860.2,0,0,Furniture,Tables,2422.25,5860.2,2023-11-02,0
SKU0172,2024-09-30,49,287149.8,5860.2,0,1,Furniture,Tables,2422.25,5860.2,2023-11-02,0
SKU0172,2024-10-07,49,287149.8,5860.2,0,0,Furniture,Tables,2422.25,5860.2,2023-11-02,0
SKU0172,2024-10-14,62,363332.4,5860.2,0,0,Furniture,Tables,2422.25,5860.2,2023-11-02,0
SKU0172,2024-10-21,64,375052.80000000005,5860.2,0,0,Furniture,Tables,2422.25,5860.2,2023-11-02,0
SKU0172,2024-10-28,53,310590.6,5860.2,0,0,Furniture,Tables,2422.25,5860.2,2023-11-02,0
SKU0172,2024-11-04,78,422427.89,5537.207142857143,3,0,Furniture,Tables,2422.25,5860.2,2023-11-02,1
SKU0172,2024-11-11,109,569426.38,5321.878571428571,5,0,Furniture,Tables,2422.25,5860.2,2023-11-02,1
SKU0172,2024-11-18,70,410214.0,5860.2,0,0,Furniture,Tables,2422.25,5860.2,2023-11-02,0
SKU0172,2024-11-25,82,480536.4,5860.2,0,0,Furniture,Tables,2422.25,5860.2,2023-11-02,0
SKU0172,2024-12-02,71,416074.19999999995,5860.2,0,0,Furniture,Tables,2422.25,5860.2,2023-11-02,0
SKU0172,2024-12-09,68,398493.6,5860.2,0,0,Furniture,Tables,2422.25,5860.2,2023-11-02,0
SKU0172,2024-12-16,84,459096.39,5537.207142857143,3,0,Furniture,Tables,2422.25,5860.2,2023-11-02,1
SKU0172,2024-12-23,138,704704.48,5106.55,7,1,Furniture,Tables,2422.25,5860.2,2023-11-02,1
SKU0172,2024-12-30,93,509577.25,5644.871428571429,2,1,Furniture,Tables,2422.25,5860.2,2023-11-02,1
SKU0172,2025-01-06,63,369192.6,5860.2,0,0,Furniture,Tables,2422.25,5860.2,2023-11-02,0
SKU0172,2025-01-13,57,334031.39999999997,5860.2,0,0,Furniture,Tables,2422.25,5860.2,2023-11-02,0
SKU0172,2025-01-20,64,375052.8,5860.2,0,0,Furniture,Tables,2422.25,5860.2,2023-11-02,0
SKU0172,2025-01-27,90,527418.0,5860.2,0,0,Furniture,Tables,2422.25,5860.2,2023-11-02,0
SKU0172,2025-02-03,76,445375.2,5860.2,0,0,Furniture,Tables,2422.25,5860.2,2023-11-02,0
SKU0172,2025-02-10,51,298870.2,5860.2,0,0,Furniture,Tables,2422.25,5860.2,2023-11-02,0
SKU0172,2025-02-17,67,392633.4,5860.2,0,0,Furniture,Tables,2422.25,5860.2,2023-11-02,0
SKU0172,2025-02-24,45,263709.0,5860.2,0,0,Furniture,Tables,2422.25,5860.2,2023-11-02,0
SKU0172,2025-03-03,75,439515.0,5860.2,0,0,Furniture,Tables,2422.25,5860.2,2023-11-02,0
SKU0172,2025-03-10,60,351612.0,5860.2,0,0,Furniture,Tables,2422.25,5860.2,2023-11-02,0
SKU0172,2025-03-17,53,310590.6,5860.2,0,0,Furniture,Tables,2422.25,5860.2,2023-11-02,0
SKU0172,2025-03-24,54,316450.8,5860.2,0,0,Furniture,Tables,2422.25,5860.2,2023-11-02,0
SKU0172,2025-03-31,57,334031.4,5860.2,0,0,Furniture,Tables,2422.25,5860.2,2023-11-02,0
SKU0172,2025-04-07,50,293010.0,5860.2,0,0,Furniture,Tables,2422.25,5860.2,2023-11-02,0
SKU0172,2025-04-14,57,334031.4,5860.2,0,0,Furniture,Tables,2422.25,5860.2,2023-11-02,0
SKU0172,2025-04-21,57,334031.4,5860.2,0,0,Furniture,Tables,2422.25,5860.2,2023-11-02,0
SKU0172,2025-04-28,69,404353.8,5860.2,0,0,Furniture,Tables,2422.25,5860.2,2023-11-02,0
SKU0172,2025-05-05,41,240268.2,5860.2,0,0,Furniture,Tables,2422.25,5860.2,2023-11-02,0
SKU0172,2025-05-12,33,193386.59999999998,5860.2,0,0,Furniture,Tables,2422.25,5860.2,2023-11-02,0
SKU0172,2025-05-19,36,210967.19999999998,5860.2,0,0,Furniture,Tables,2422.25,5860.2,2023-11-02,0
SKU0172,2025-05-26,65,377144.77,5752.535714285715,1,0,Furniture,Tables,2422.25,5860.2,2023-11-02,1
SKU0172,2025-06-02,87,444270.23,5106.55,7,0,Furniture,Tables,2422.25,5860.2,2023-11-02,1
SKU0172,2025-06-09,55,301208.92,5644.871428571429,2,0,Furniture,Tables,2422.25,5860.2,2023-11-02,1
SKU0172,2025-06-16,55,322311.0,5860.2,0,0,Furniture,Tables,2422.25,5860.2,2023-11-02,0
SKU0172,2025-06-23,53,310590.6,5860.2,0,0,Furniture,Tables,2422.25,5860.2,2023-11-02,0
SKU0172,2025-06-30,36,210967.19999999998,5860.2,0,0,Furniture,Tables,2422.25,5860.2,2023-11-02,0
SKU0172,2025-07-07,36,210967.19999999998,5860.2,0,0,Furniture,Tables,2422.25,5860.2,2023-11-02,0
SKU0172,2025-07-14,36,210967.2,5860.2,0,0,Furniture,Tables,2422.25,5860.2,2023-11-02,0
SKU0172,2025-07-21,43,251988.59999999998,5860.2,0,0,Furniture,Tables,2422.25,5860.2,2023-11-02,0
SKU0172,2025-07-28,39,228547.8,5860.2,0,0,Furniture,Tables,2422.25,5860.2,2023-11-02,0
SKU0172,2025-08-04,37,216827.4,5860.2,0,0,Furniture,Tables,2422.25,5860.2,2023-11-02,0
SKU0172,2025-08-11,62,363332.4,5860.2,0,1,Furniture,Tables,2422.25,5860.2,2023-11-02,0
SKU0172,2025-08-18,55,322311.0,5860.2,0,0,Furniture,Tables,2422.25,5860.2,2023-11-02,0
SKU0172,2025-08-25,36,210967.2,5860.2,0,0,Furniture,Tables,2422.25,5860.2,2023-11-02,0
SKU0173,2025-04-14,12,48502.2,4041.85,0,0,Furniture,Chairs,2533.61,4041.85,2025-04-20,0
SKU0173,2025-04-21,100,404185.0,4041.85,0,0,Furniture,Chairs,2533.61,4041.85,2025-04-20,0
SKU0173,2025-04-28,96,388017.6,4041.85,0,0,Furniture,Chairs,2533.61,4041.85,2025-04-20,0
SKU0173,2025-05-05,87,351640.95,4041.85,0,0,Furniture,Chairs,2533.61,4041.85,2025-04-20,0
SKU0173,2025-05-12,116,468854.6,4041.85,0,0,Furniture,Chairs,2533.61,4041.85,2025-04-20,0
SKU0173,2025-05-19,142,573942.7,4041.85,0,0,Furniture,Chairs,2533.61,4041.85,2025-04-20,0
SKU0173,2025-05-26,109,430063.19,3926.4828571428575,1,0,Furniture,Chairs,2533.61,4041.85,2025-04-20,1
SKU0173,2025-06-02,168,543358.45,3234.28,7,0,Furniture,Chairs,2533.61,4041.85,2025-04-20,1
SKU0173,2025-06-09,129,476174.54,3811.1157142857146,2,0,Furniture,Chairs,2533.61,4041.85,2025-04-20,1
SKU0173,2025-06-16,142,573942.7,4041.85,0,0,Furniture,Chairs,2533.61,4041.85,2025-04-20,0
SKU0173,2025-06-23,85,343557.25,4041.85,0,0,Furniture,Chairs,2533.61,4041.85,2025-04-20,0
SKU0173,2025-06-30,92,371850.2,4041.85,0,0,Furniture,Chairs,2533.61,4041.85,2025-04-20,0
SKU0173,2025-07-07,108,436519.8,4041.85,0,0,Furniture,Chairs,2533.61,4041.85,2025-04-20,0
SKU0173,2025-07-14,62,250594.7,4041.85,0,0,Furniture,Chairs,2533.61,4041.85,2025-04-20,0
SKU0173,2025-07-21,94,379933.9,4041.85,0,0,Furniture,Chairs,2533.61,4041.85,2025-04-20,0
SKU0173,2025-07-28,93,375892.05,4041.85,0,0,Furniture,Chairs,2533.61,4041.85,2025-04-20,0
SKU0173,2025-08-04,69,278887.64999999997,4041.85,0,0,Furniture,Chairs,2533.61,4041.85,2025-04-20,0
SKU0173,2025-08-11,85,343557.25,4041.85,0,1,Furniture,Chairs,2533.61,4041.85,2025-04-20,0
SKU0173,2025-08-18,89,359724.65,4041.85,0,0,Furniture,Chairs,2533.61,4041.85,2025-04-20,0
SKU0173,2025-08-25,67,270803.95,4041.85,0,0,Furniture,Chairs,2533.61,4041.85,2025-04-20,0
SKU0174,2024-03-18,131,939689.2,7173.2,0,0,Textiles,Throws,3687.36,7173.2,2024-03-22,0
SKU0174,2024-03-25,332,2381502.4,7173.2,0,0,Textiles,Throws,3687.36,7173.2,2024-03-22,0
SKU0174,2024-04-01,252,1807646.4,7173.2,0,0,Textiles,Throws,3687.36,7173.2,2024-03-22,0
SKU0174,2024-04-08,326,2338463.2,7173.2,0,0,Textiles,Throws,3687.36,7173.2,2024-03-22,0
SKU0174,2024-04-15,346,2481927.2,7173.2,0,0,Textiles,Throws,3687.36,7173.2,2024-03-22,0
SKU0174,2024-04-22,326,2338463.2,7173.2,0,0,Textiles,Throws,3687.36,7173.2,2024-03-22,0
SKU0174,2024-04-29,322,2309770.4,7173.2,0,0,Textiles,Throws,3687.36,7173.2,2024-03-22,0
SKU0174,2024-05-06,255,1829166.0,7173.2,0,0,Textiles,Throws,3687.36,7173.2,2024-03-22,0
SKU0174,2024-05-13,248,1778953.5999999999,7173.2,0,0,Textiles,Throws,3687.36,7173.2,2024-03-22,0
SKU0174,2024-05-20,235,1685702.0,7173.2,0,0,Textiles,Throws,3687.36,7173.2,2024-03-22,0
SKU0174,2024-05-27,261,1733687.98,6728.522857142857,2,0,Textiles,Throws,3687.36,7173.2,2024-03-22,1
SKU0174,2024-06-03,497,2791562.88,5616.83,7,0,Textiles,Throws,3687.36,7173.2,2024-03-22,1
SKU0174,2024-06-10,318,2148785.87,6950.861428571428,1,0,Textiles,Throws,3687.36,7173.2,2024-03-22,1
SKU0174,2024-06-17,279,2001322.8,7173.2,0,0,Textiles,Throws,3687.36,7173.2,2024-03-22,0
SKU0174,2024-06-24,281,2015669.2,7173.2,0,0,Textiles,Throws,3687.36,7173.2,2024-03-22,0
SKU0174,2024-07-01,253,1814819.6,7173.2,0,0,Textiles,Throws,3687.36,7173.2,2024-03-22,0
SKU0174,2024-07-08,209,1499198.8,7173.2,0,0,Textiles,Throws,3687.36,7173.2,2024-03-22,0
SKU0174,2024-07-15,260,1865032.0,7173.2,0,0,Textiles,Throws,3687.36,7173.2,2024-03-22,0
SKU0174,2024-07-22,231,1657009.2,7173.2,0,0,Textiles,Throws,3687.36,7173.2,2024-03-22,0
SKU0174,2024-07-29,182,1305522.4,7173.2,0,0,Textiles,Throws,3687.36,7173.2,2024-03-22,0
SKU0174,2024-08-05,242,1735914.4000000001,7173.2,0,0,Textiles,Throws,3687.36,7173.2,2024-03-22,0
SKU0174,2024-08-12,260,1865032.0,7173.2,0,1,Textiles,Throws,3687.36,7173.2,2024-03-22,0
SKU0174,2024-08-19,147,1054460.4,7173.2,0,0,Textiles,Throws,3687.36,7173.2,2024-03-22,0
SKU0174,2024-08-26,213,1527891.6,7173.2,0,0,Textiles,Throws,3687.36,7173.2,2024-03-22,0
SKU0174,2024-09-02,208,1492025.6,7173.2,0,0,Textiles,Throws,3687.36,7173.2,2024-03-22,0
SKU0174,2024-09-09,254,1821992.8,7173.2,0,0,Textiles,Throws,3687.36,7173.2,2024-03-22,0
SKU0174,2024-09-16,196,1405947.2,7173.2,0,0,Textiles,Throws,3687.36,7173.2,2024-03-22,0
SKU0174,2024-09-23,209,1499198.8,7173.2,0,0,Textiles,Throws,3687.36,7173.2,2024-03-22,0
SKU0174,2024-09-30,254,1821992.8,7173.2,0,1,Textiles,Throws,3687.36,7173.2,2024-03-22,0
SKU0174,2024-10-07,211,1513545.2,7173.2,0,0,Textiles,Throws,3687.36,7173.2,2024-03-22,0
SKU0174,2024-10-14,262,1879378.4,7173.2,0,0,Textiles,Throws,3687.36,7173.2,2024-03-22,0
SKU0174,2024-10-21,233,1671355.6,7173.2,0,0,Textiles,Throws,3687.36,7173.2,2024-03-22,0
SKU0174,2024-10-28,251,1800473.2,7173.2,0,0,Textiles,Throws,3687.36,7173.2,2024-03-22,0
SKU0174,2024-11-04,314,2006477.82,6506.184285714286,3,0,Textiles,Throws,3687.36,7173.2,2024-03-22,1
SKU0174,2024-11-11,444,2601260.81,6061.507142857144,5,0,Textiles,Throws,3687.36,7173.2,2024-03-22,1
SKU0174,2024-11-18,248,1778953.6,7173.2,0,0,Textiles,Throws,3687.36,7173.2,2024-03-22,0
SKU0174,2024-11-25,278,1994149.6,7173.2,0,0,Textiles,Throws,3687.36,7173.2,2024-03-22,0
SKU0174,2024-12-02,307,2202172.4,7173.2,0,0,Textiles,Throws,3687.36,7173.2,2024-03-22,0
SKU0174,2024-12-09,295,2116094.0,7173.2,0,0,Textiles,Throws,3687.36,7173.2,2024-03-22,0
SKU0174,2024-12-16,430,2737404.76,6506.184285714286,3,0,Textiles,Throws,3687.36,7173.2,2024-03-22,1
SKU0174,2024-12-23,597,3353245.5599999996,5616.83,7,1,Textiles,Throws,3687.36,7173.2,2024-03-22,1
SKU0174,2024-12-30,423,2662290.38,6728.522857142857,2,1,Textiles,Throws,3687.36,7173.2,2024-03-22,1
SKU0174,2025-01-06,313,2245211.6,7173.2,0,0,Textiles,Throws,3687.36,7173.2,2024-03-22,0
SKU0174,2025-01-13,354,2539312.8,7173.2,0,0,Textiles,Throws,3687.36,7173.2,2024-03-22,0
SKU0174,2025-01-20,299,2144786.8,7173.2,0,0,Textiles,Throws,3687.36,7173.2,2024-03-22,0
SKU0174,2025-01-27,331,2374329.2,7173.2,0,0,Textiles,Throws,3687.36,7173.2,2024-03-22,0
SKU0174,2025-02-03,313,2245211.6,7173.2,0,0,Textiles,Throws,3687.36,7173.2,2024-03-22,0
SKU0174,2025-02-10,388,2783201.6,7173.2,0,0,Textiles,Throws,3687.36,7173.2,2024-03-22,0
SKU0174,2025-02-17,312,2238038.4,7173.2,0,0,Textiles,Throws,3687.36,7173.2,2024-03-22,0
SKU0174,2025-02-24,316,2266731.2,7173.2,0,0,Textiles,Throws,3687.36,7173.2,2024-03-22,0
SKU0174,2025-03-03,384,2754508.8,7173.2,0,0,Textiles,Throws,3687.36,7173.2,2024-03-22,0
SKU0174,2025-03-10,311,2230865.2,7173.2,0,0,Textiles,Throws,3687.36,7173.2,2024-03-22,0
SKU0174,2025-03-17,374,2682776.8,7173.2,0,0,Textiles,Throws,3687.36,7173.2,2024-03-22,0
SKU0174,2025-03-24,331,2374329.2,7173.2,0,0,Textiles,Throws,3687.36,7173.2,2024-03-22,0
SKU0174,2025-03-31,315,2259558.0,7173.2,0,0,Textiles,Throws,3687.36,7173.2,2024-03-22,0
SKU0174,2025-04-07,292,2094574.4,7173.2,0,0,Textiles,Throws,3687.36,7173.2,2024-03-22,0
SKU0174,2025-04-14,292,2094574.4,7173.2,0,0,Textiles,Throws,3687.36,7173.2,2024-03-22,0
SKU0174,2025-04-21,327,2345636.4,7173.2,0,0,Textiles,Throws,3687.36,7173.2,2024-03-22,0
SKU0174,2025-04-28,263,1886551.6,7173.2,0,0,Textiles,Throws,3687.36,7173.2,2024-03-22,0
SKU0174,2025-05-05,240,1721568.0,7173.2,0,0,Textiles,Throws,3687.36,7173.2,2024-03-22,0
SKU0174,2025-05-12,242,1735914.4,7173.2,0,0,Textiles,Throws,3687.36,7173.2,2024-03-22,0
SKU0174,2025-05-19,253,1814819.6,7173.2,0,0,Textiles,Throws,3687.36,7173.2,2024-03-22,0
SKU0174,2025-05-26,317,2186747.5,6950.861428571428,1,0,Textiles,Throws,3687.36,7173.2,2024-03-22,1
SKU0174,2025-06-02,499,2802796.5300000003,5616.83,7,0,Textiles,Throws,3687.36,7173.2,2024-03-22,1
SKU0174,2025-06-09,284,1887776.97,6728.522857142857,2,0,Textiles,Throws,3687.36,7173.2,2024-03-22,1
SKU0174,2025-06-16,299,2144786.8,7173.2,0,0,Textiles,Throws,3687.36,7173.2,2024-03-22,0
SKU0174,2025-06-23,241,1728741.2,7173.2,0,0,Textiles,Throws,3687.36,7173.2,2024-03-22,0
SKU0174,2025-06-30,230,1649836.0,7173.2,0,0,Textiles,Throws,3687.36,7173.2,2024-03-22,0
SKU0174,2025-07-07,241,1728741.2,7173.2,0,0,Textiles,Throws,3687.36,7173.2,2024-03-22,0
SKU0174,2025-07-14,215,1542238.0,7173.2,0,0,Textiles,Throws,3687.36,7173.2,2024-03-22,0
SKU0174,2025-07-21,215,1542238.0,7173.2,0,0,Textiles,Throws,3687.36,7173.2,2024-03-22,0
SKU0174,2025-07-28,190,1362908.0,7173.2,0,0,Textiles,Throws,3687.36,7173.2,2024-03-22,0
SKU0174,2025-08-04,218,1563757.6,7173.2,0,0,Textiles,Throws,3687.36,7173.2,2024-03-22,0
SKU0174,2025-08-11,215,1542238.0,7173.2,0,1,Textiles,Throws,3687.36,7173.2,2024-03-22,0
SKU0174,2025-08-18,209,1499198.8,7173.2,0,0,Textiles,Throws,3687.36,7173.2,2024-03-22,0
SKU0174,2025-08-25,184,1319868.8,7173.2,0,0,Textiles,Throws,3687.36,7173.2,2024-03-22,0
SKU0175,2025-07-21,327,1197886.02,3663.2599999999998,0,0,Small Appliances,Cleaning,1541.91,3663.26,2025-07-21,0
SKU0175,2025-07-28,275,1007396.5,3663.2599999999998,0,0,Small Appliances,Cleaning,1541.91,3663.26,2025-07-21,0
SKU0175,2025-08-04,245,897498.7,3663.2599999999998,0,0,Small Appliances,Cleaning,1541.91,3663.26,2025-07-21,0
SKU0175,2025-08-11,262,959774.12,3663.2599999999998,0,1,Small Appliances,Cleaning,1541.91,3663.26,2025-07-21,0
SKU0175,2025-08-18,305,1117294.3,3663.2599999999998,0,0,Small Appliances,Cleaning,1541.91,3663.26,2025-07-21,0
SKU0175,2025-08-25,227,831560.02,3663.2599999999998,0,0,Small Appliances,Cleaning,1541.91,3663.26,2025-07-21,0
SKU0176,2023-11-13,21,39155.13,1864.53,0,0,Small Appliances,Kitchen,982.97,1864.53,2023-11-19,0
SKU0176,2023-11-20,173,276111.31,1596.02,7,0,Small Appliances,Kitchen,982.97,1864.53,2023-11-19,1
SKU0176,2023-11-27,136,247400.33,1826.1714285714286,1,0,Small Appliances,Kitchen,982.97,1864.53,2023-11-19,1
SKU0176,2023-12-04,136,253576.08000000002,1864.53,0,0,Small Appliances,Kitchen,982.97,1864.53,2023-11-19,0
SKU0176,2023-12-11,152,283408.56,1864.53,0,0,Small Appliances,Kitchen,982.97,1864.53,2023-11-19,0
SKU0176,2023-12-18,216,356017.58999999997,1672.7371428571428,5,0,Small Appliances,Kitchen,982.97,1864.53,2023-11-19,1
SKU0176,2023-12-25,267,426137.08999999997,1596.02,7,1,Small Appliances,Kitchen,982.97,1864.53,2023-11-19,1
SKU0176,2024-01-01,191,356125.23,1864.53,0,1,Small Appliances,Kitchen,982.97,1864.53,2023-11-19,0
SKU0176,2024-01-08,126,234930.78,1864.53,0,0,Small Appliances,Kitchen,982.97,1864.53,2023-11-19,0
SKU0176,2024-01-15,123,229337.19,1864.53,0,0,Small Appliances,Kitchen,982.97,1864.53,2023-11-19,0
SKU0176,2024-01-22,100,186453.0,1864.53,0,0,Small Appliances,Kitchen,982.97,1864.53,2023-11-19,0
SKU0176,2024-01-29,154,287137.62,1864.53,0,0,Small Appliances,Kitchen,982.97,1864.53,2023-11-19,0
SKU0176,2024-02-05,139,259169.66999999998,1864.53,0,0,Small Appliances,Kitchen,982.97,1864.53,2023-11-19,0
SKU0176,2024-02-12,145,270356.85,1864.53,0,0,Small Appliances,Kitchen,982.97,1864.53,2023-11-19,0
SKU0176,2024-02-19,145,270356.85,1864.53,0,0,Small Appliances,Kitchen,982.97,1864.53,2023-11-19,0
SKU0176,2024-02-26,121,225608.13,1864.53,0,0,Small Appliances,Kitchen,982.97,1864.53,2023-11-19,0
SKU0176,2024-03-04,110,205098.3,1864.53,0,0,Small Appliances,Kitchen,982.97,1864.53,2023-11-19,0
SKU0176,2024-03-11,153,285273.09,1864.53,0,0,Small Appliances,Kitchen,982.97,1864.53,2023-11-19,0
SKU0176,2024-03-18,136,253576.08,1864.53,0,0,Small Appliances,Kitchen,982.97,1864.53,2023-11-19,0
SKU0176,2024-03-25,138,257305.14,1864.53,0,0,Small Appliances,Kitchen,982.97,1864.53,2023-11-19,0
SKU0176,2024-04-01,147,274085.91,1864.53,0,0,Small Appliances,Kitchen,982.97,1864.53,2023-11-19,0
SKU0176,2024-04-08,113,210691.88999999998,1864.53,0,0,Small Appliances,Kitchen,982.97,1864.53,2023-11-19,0
SKU0176,2024-04-15,104,193911.12,1864.53,0,0,Small Appliances,Kitchen,982.97,1864.53,2023-11-19,0
SKU0176,2024-04-22,156,290866.68,1864.53,0,0,Small Appliances,Kitchen,982.97,1864.53,2023-11-19,0
SKU0176,2024-04-29,85,158485.05,1864.53,0,0,Small Appliances,Kitchen,982.97,1864.53,2023-11-19,0
SKU0176,2024-05-06,94,175265.82,1864.53,0,0,Small Appliances,Kitchen,982.97,1864.53,2023-11-19,0
SKU0176,2024-05-13,102,190182.06,1864.53,0,0,Small Appliances,Kitchen,982.97,1864.53,2023-11-19,0
SKU0176,2024-05-20,152,283408.56,1864.53,0,0,Small Appliances,Kitchen,982.97,1864.53,2023-11-19,0
SKU0176,2024-05-27,135,247683.88999999998,1787.8128571428572,2,0,Small Appliances,Kitchen,982.97,1864.53,2023-11-19,1
SKU0176,2024-06-03,229,365488.36,1596.02,7,0,Small Appliances,Kitchen,982.97,1864.53,2023-11-19,1
SKU0176,2024-06-10,144,259899.97,1826.1714285714286,1,0,Small Appliances,Kitchen,982.97,1864.53,2023-11-19,1
SKU0176,2024-06-17,154,287137.62,1864.53,0,0,Small Appliances,Kitchen,982.97,1864.53,2023-11-19,0
SKU0176,2024-06-24,134,249847.02000000002,1864.53,0,0,Small Appliances,Kitchen,982.97,1864.53,2023-11-19,0
SKU0176,2024-07-01,134,249847.02000000002,1864.53,0,0,Small Appliances,Kitchen,982.97,1864.53,2023-11-19,0
SKU0176,2024-07-08,121,225608.13,1864.53,0,0,Small Appliances,Kitchen,982.97,1864.53,2023-11-19,0
SKU0176,2024-07-15,123,229337.19,1864.53,0,0,Small Appliances,Kitchen,982.97,1864.53,2023-11-19,0
SKU0176,2024-07-22,126,234930.78,1864.53,0,0,Small Appliances,Kitchen,982.97,1864.53,2023-11-19,0
SKU0176,2024-07-29,132,246117.96,1864.53,0,0,Small Appliances,Kitchen,982.97,1864.53,2023-11-19,0
SKU0176,2024-08-05,125,233066.25,1864.53,0,0,Small Appliances,Kitchen,982.97,1864.53,2023-11-19,0
SKU0176,2024-08-12,106,197640.18,1864.53,0,1,Small Appliances,Kitchen,982.97,1864.53,2023-11-19,0
SKU0176,2024-08-19,140,261034.2,1864.53,0,0,Small Appliances,Kitchen,982.97,1864.53,2023-11-19,0
SKU0176,2024-08-26,158,294595.74,1864.53,0,0,Small Appliances,Kitchen,982.97,1864.53,2023-11-19,0
SKU0176,2024-09-02,116,216285.47999999998,1864.53,0,0,Small Appliances,Kitchen,982.97,1864.53,2023-11-19,0
SKU0176,2024-09-09,169,315105.57,1864.53,0,0,Small Appliances,Kitchen,982.97,1864.53,2023-11-19,0
SKU0176,2024-09-16,128,238659.84,1864.53,0,0,Small Appliances,Kitchen,982.97,1864.53,2023-11-19,0
SKU0176,2024-09-23,142,264763.26,1864.53,0,0,Small Appliances,Kitchen,982.97,1864.53,2023-11-19,0
SKU0176,2024-09-30,139,259169.67,1864.53,0,1,Small Appliances,Kitchen,982.97,1864.53,2023-11-19,0
SKU0176,2024-10-07,129,240524.37,1864.53,0,0,Small Appliances,Kitchen,982.97,1864.53,2023-11-19,0
SKU0176,2024-10-14,139,259169.66999999998,1864.53,0,0,Small Appliances,Kitchen,982.97,1864.53,2023-11-19,0
SKU0176,2024-10-21,86,160349.58,1864.53,0,0,Small Appliances,Kitchen,982.97,1864.53,2023-11-19,0
SKU0176,2024-10-28,166,309511.98,1864.53,0,0,Small Appliances,Kitchen,982.97,1864.53,2023-11-19,0
SKU0176,2024-11-04,189,331183.81,1749.4542857142858,3,0,Small Appliances,Kitchen,982.97,1864.53,2023-11-19,1
SKU0176,2024-11-11,117,191567.41999999998,1672.7371428571428,5,0,Small Appliances,Kitchen,982.97,1864.53,2023-11-19,1
SKU0176,2024-11-18,126,234930.78,1864.53,0,0,Small Appliances,Kitchen,982.97,1864.53,2023-11-19,0
SKU0176,2024-11-25,121,225608.13,1864.53,0,0,Small Appliances,Kitchen,982.97,1864.53,2023-11-19,0
SKU0176,2024-12-02,171,318834.63,1864.53,0,0,Small Appliances,Kitchen,982.97,1864.53,2023-11-19,0
SKU0176,2024-12-09,152,283408.56,1864.53,0,0,Small Appliances,Kitchen,982.97,1864.53,2023-11-19,0
SKU0176,2024-12-16,178,309331.42000000004,1749.4542857142858,3,0,Small Appliances,Kitchen,982.97,1864.53,2023-11-19,1
SKU0176,2024-12-23,322,513918.14,1596.02,7,1,Small Appliances,Kitchen,982.97,1864.53,2023-11-19,1
SKU0176,2024-12-30,308,527554.34,1787.8128571428572,2,1,Small Appliances,Kitchen,982.97,1864.53,2023-11-19,1
SKU0176,2025-01-06,152,283408.56,1864.53,0,0,Small Appliances,Kitchen,982.97,1864.53,2023-11-19,0
SKU0176,2025-01-13,128,238659.84,1864.53,0,0,Small Appliances,Kitchen,982.97,1864.53,2023-11-19,0
SKU0176,2025-01-20,182,339344.45999999996,1864.53,0,0,Small Appliances,Kitchen,982.97,1864.53,2023-11-19,0
SKU0176,2025-01-27,123,229337.19,1864.53,0,0,Small Appliances,Kitchen,982.97,1864.53,2023-11-19,0
SKU0176,2025-02-03,190,354260.7,1864.53,0,0,Small Appliances,Kitchen,982.97,1864.53,2023-11-19,0
SKU0176,2025-02-10,204,380364.12,1864.53,0,0,Small Appliances,Kitchen,982.97,1864.53,2023-11-19,0
SKU0176,2025-02-17,160,298324.8,1864.53,0,0,Small Appliances,Kitchen,982.97,1864.53,2023-11-19,0
SKU0176,2025-02-24,136,253576.08000000002,1864.53,0,0,Small Appliances,Kitchen,982.97,1864.53,2023-11-19,0
SKU0176,2025-03-03,152,283408.56,1864.53,0,0,Small Appliances,Kitchen,982.97,1864.53,2023-11-19,0
SKU0176,2025-03-10,123,229337.19,1864.53,0,0,Small Appliances,Kitchen,982.97,1864.53,2023-11-19,0
SKU0176,2025-03-17,149,277814.97,1864.53,0,0,Small Appliances,Kitchen,982.97,1864.53,2023-11-19,0
SKU0176,2025-03-24,174,324428.22,1864.53,0,0,Small Appliances,Kitchen,982.97,1864.53,2023-11-19,0
SKU0176,2025-03-31,128,238659.84,1864.53,0,0,Small Appliances,Kitchen,982.97,1864.53,2023-11-19,0
SKU0176,2025-04-07,91,169672.23,1864.53,0,0,Small Appliances,Kitchen,982.97,1864.53,2023-11-19,0
SKU0176,2025-04-14,99,184588.47,1864.53,0,0,Small Appliances,Kitchen,982.97,1864.53,2023-11-19,0
SKU0176,2025-04-21,169,315105.57,1864.53,0,0,Small Appliances,Kitchen,982.97,1864.53,2023-11-19,0
SKU0176,2025-04-28,127,236795.31,1864.53,0,0,Small Appliances,Kitchen,982.97,1864.53,2023-11-19,0
SKU0176,2025-05-05,155,289002.15,1864.53,0,0,Small Appliances,Kitchen,982.97,1864.53,2023-11-19,0
SKU0176,2025-05-12,135,251711.55,1864.53,0,0,Small Appliances,Kitchen,982.97,1864.53,2023-11-19,0
SKU0176,2025-05-19,167,311376.51,1864.53,0,0,Small Appliances,Kitchen,982.97,1864.53,2023-11-19,0
SKU0176,2025-05-26,149,269222.62,1826.1714285714286,1,0,Small Appliances,Kitchen,982.97,1864.53,2023-11-19,1
SKU0176,2025-06-02,239,381448.56,1596.02,7,0,Small Appliances,Kitchen,982.97,1864.53,2023-11-19,1
SKU0176,2025-06-09,163,278678.36,1787.8128571428572,2,0,Small Appliances,Kitchen,982.97,1864.53,2023-11-19,1
SKU0176,2025-06-16,154,287137.62,1864.53,0,0,Small Appliances,Kitchen,982.97,1864.53,2023-11-19,0
SKU0176,2025-06-23,106,197640.18,1864.53,0,0,Small Appliances,Kitchen,982.97,1864.53,2023-11-19,0
SKU0176,2025-06-30,142,264763.26,1864.53,0,0,Small Appliances,Kitchen,982.97,1864.53,2023-11-19,0
SKU0176,2025-07-07,124,231201.72,1864.53,0,0,Small Appliances,Kitchen,982.97,1864.53,2023-11-19,0
SKU0176,2025-07-14,125,233066.25,1864.53,0,0,Small Appliances,Kitchen,982.97,1864.53,2023-11-19,0
SKU0176,2025-07-21,167,311376.51,1864.53,0,0,Small Appliances,Kitchen,982.97,1864.53,2023-11-19,0
SKU0176,2025-07-28,151,281544.03,1864.53,0,0,Small Appliances,Kitchen,982.97,1864.53,2023-11-19,0
SKU0176,2025-08-04,153,285273.08999999997,1864.53,0,0,Small Appliances,Kitchen,982.97,1864.53,2023-11-19,0
SKU0176,2025-08-11,184,343073.52,1864.53,0,1,Small Appliances,Kitchen,982.97,1864.53,2023-11-19,0
SKU0176,2025-08-18,163,303918.39,1864.53,0,0,Small Appliances,Kitchen,982.97,1864.53,2023-11-19,0
SKU0176,2025-08-25,156,290866.68,1864.53,0,0,Small Appliances,Kitchen,982.97,1864.53,2023-11-19,0
SKU0177,2023-10-23,173,83200.89,480.93,0,0,Decor,Rugs,264.86,480.93,2023-10-25,0
SKU0177,2023-10-30,259,124560.87000000001,480.93,0,0,Decor,Rugs,264.86,480.93,2023-10-25,0
SKU0177,2023-11-06,295,141874.35,480.93,0,0,Decor,Rugs,264.86,480.93,2023-10-25,0
SKU0177,2023-11-13,237,113980.41,480.93,0,0,Decor,Rugs,264.86,480.93,2023-10-25,0
SKU0177,2023-11-20,531,205785.48,387.54,7,0,Decor,Rugs,264.86,480.93,2023-10-25,1
SKU0177,2023-11-27,319,146319.28,467.5885714285714,1,0,Decor,Rugs,264.86,480.93,2023-10-25,1
SKU0177,2023-12-04,211,101476.23,480.93,0,0,Decor,Rugs,264.86,480.93,2023-10-25,0
SKU0177,2023-12-11,289,138988.77,480.93,0,0,Decor,Rugs,264.86,480.93,2023-10-25,0
SKU0177,2023-12-18,407,168469.59,414.22285714285715,5,0,Decor,Rugs,264.86,480.93,2023-10-25,1
SKU0177,2023-12-25,468,181370.26,387.54,7,1,Decor,Rugs,264.86,480.93,2023-10-25,1
SKU0177,2024-01-01,308,148126.44,480.93,0,1,Decor,Rugs,264.86,480.93,2023-10-25,0
SKU0177,2024-01-08,281,135141.33,480.93,0,0,Decor,Rugs,264.86,480.93,2023-10-25,0
SKU0177,2024-01-15,334,160630.62,480.93,0,0,Decor,Rugs,264.86,480.93,2023-10-25,0
SKU0177,2024-01-22,357,171692.01,480.93,0,0,Decor,Rugs,264.86,480.93,2023-10-25,0
SKU0177,2024-01-29,302,145240.86,480.93,0,0,Decor,Rugs,264.86,480.93,2023-10-25,0
SKU0177,2024-02-05,461,221708.72999999998,480.93,0,0,Decor,Rugs,264.86,480.93,2023-10-25,0
SKU0177,2024-02-12,259,124560.87,480.93,0,0,Decor,Rugs,264.86,480.93,2023-10-25,0
SKU0177,2024-02-19,340,163516.2,480.93,0,0,Decor,Rugs,264.86,480.93,2023-10-25,0
SKU0177,2024-02-26,342,164478.06,480.93,0,0,Decor,Rugs,264.86,480.93,2023-10-25,0
SKU0177,2024-03-04,464,223151.52,480.93,0,0,Decor,Rugs,264.86,480.93,2023-10-25,0
SKU0177,2024-03-11,339,163035.27,480.93,0,0,Decor,Rugs,264.86,480.93,2023-10-25,0
SKU0177,2024-03-18,356,171211.08000000002,480.93,0,0,Decor,Rugs,264.86,480.93,2023-10-25,0
SKU0177,2024-03-25,425,204395.25,480.93,0,0,Decor,Rugs,264.86,480.93,2023-10-25,0
SKU0177,2024-04-01,313,150531.09000000003,480.93,0,0,Decor,Rugs,264.86,480.93,2023-10-25,0
SKU0177,2024-04-08,378,181791.54,480.93,0,0,Decor,Rugs,264.86,480.93,2023-10-25,0
SKU0177,2024-04-15,393,189005.49,480.93,0,0,Decor,Rugs,264.86,480.93,2023-10-25,0
SKU0177,2024-04-22,358,172172.94,480.93,0,0,Decor,Rugs,264.86,480.93,2023-10-25,0
SKU0177,2024-04-29,431,207280.83,480.93,0,0,Decor,Rugs,264.86,480.93,2023-10-25,0
SKU0177,2024-05-06,460,221227.80000000002,480.93,0,0,Decor,Rugs,264.86,480.93,2023-10-25,0
SKU0177,2024-05-13,396,190448.28,480.93,0,0,Decor,Rugs,264.86,480.93,2023-10-25,0
SKU0177,2024-05-20,390,187562.7,480.93,0,0,Decor,Rugs,264.86,480.93,2023-10-25,0
SKU0177,2024-05-27,394,179027.1,454.2471428571429,2,0,Decor,Rugs,264.86,480.93,2023-10-25,1
SKU0177,2024-06-03,666,258103.81,387.54,7,0,Decor,Rugs,264.86,480.93,2023-10-25,1
SKU0177,2024-06-10,310,141617.36,467.5885714285714,1,0,Decor,Rugs,264.86,480.93,2023-10-25,1
SKU0177,2024-06-17,350,168325.5,480.93,0,0,Decor,Rugs,264.86,480.93,2023-10-25,0
SKU0177,2024-06-24,240,115423.2,480.93,0,0,Decor,Rugs,264.86,480.93,2023-10-25,0
SKU0177,2024-07-01,439,211128.27000000002,480.93,0,0,Decor,Rugs,264.86,480.93,2023-10-25,0
SKU0177,2024-07-08,311,149569.22999999998,480.93,0,0,Decor,Rugs,264.86,480.93,2023-10-25,0
SKU0177,2024-07-15,313,150531.09,480.93,0,0,Decor,Rugs,264.86,480.93,2023-10-25,0
SKU0177,2024-07-22,464,223151.52,480.93,0,0,Decor,Rugs,264.86,480.93,2023-10-25,0
SKU0177,2024-07-29,324,155821.32,480.93,0,0,Decor,Rugs,264.86,480.93,2023-10-25,0
SKU0177,2024-08-05,350,168325.5,480.93,0,0,Decor,Rugs,264.86,480.93,2023-10-25,0
SKU0177,2024-08-12,376,180829.68,480.93,0,1,Decor,Rugs,264.86,480.93,2023-10-25,0
SKU0177,2024-08-19,309,148607.37,480.93,0,0,Decor,Rugs,264.86,480.93,2023-10-25,0
SKU0177,2024-08-26,342,164478.06,480.93,0,0,Decor,Rugs,264.86,480.93,2023-10-25,0
SKU0177,2024-09-02,368,176982.24,480.93,0,0,Decor,Rugs,264.86,480.93,2023-10-25,0
SKU0177,2024-09-09,283,136103.19,480.93,0,0,Decor,Rugs,264.86,480.93,2023-10-25,0
SKU0177,2024-09-16,294,141393.42,480.93,0,0,Decor,Rugs,264.86,480.93,2023-10-25,0
SKU0177,2024-09-23,243,116865.99,480.93,0,0,Decor,Rugs,264.86,480.93,2023-10-25,0
SKU0177,2024-09-30,282,135622.26,480.93,0,1,Decor,Rugs,264.86,480.93,2023-10-25,0
SKU0177,2024-10-07,341,163997.13,480.93,0,0,Decor,Rugs,264.86,480.93,2023-10-25,0
SKU0177,2024-10-14,268,128889.24,480.93,0,0,Decor,Rugs,264.86,480.93,2023-10-25,0
SKU0177,2024-10-21,297,142836.21,480.93,0,0,Decor,Rugs,264.86,480.93,2023-10-25,0
SKU0177,2024-10-28,392,188524.56,480.93,0,0,Decor,Rugs,264.86,480.93,2023-10-25,0
SKU0177,2024-11-04,446,198432.26,440.9057142857143,3,0,Decor,Rugs,264.86,480.93,2023-10-25,1
SKU0177,2024-11-11,501,201256.57,414.22285714285715,5,0,Decor,Rugs,264.86,480.93,2023-10-25,1
SKU0177,2024-11-18,313,150531.09,480.93,0,0,Decor,Rugs,264.86,480.93,2023-10-25,0
SKU0177,2024-11-25,378,181791.53999999998,480.93,0,0,Decor,Rugs,264.86,480.93,2023-10-25,0
SKU0177,2024-12-02,253,121675.29000000001,480.93,0,0,Decor,Rugs,264.86,480.93,2023-10-25,0
SKU0177,2024-12-09,406,195257.58000000002,480.93,0,0,Decor,Rugs,264.86,480.93,2023-10-25,0
SKU0177,2024-12-16,409,178489.97,440.9057142857143,3,0,Decor,Rugs,264.86,480.93,2023-10-25,1
SKU0177,2024-12-23,891,345301.07,387.54,7,1,Decor,Rugs,264.86,480.93,2023-10-25,1
SKU0177,2024-12-30,597,259939.66999999998,454.2471428571429,2,1,Decor,Rugs,264.86,480.93,2023-10-25,1
SKU0177,2025-01-06,353,169768.29,480.93,0,0,Decor,Rugs,264.86,480.93,2023-10-25,0
SKU0177,2025-01-13,386,185638.97999999998,480.93,0,0,Decor,Rugs,264.86,480.93,2023-10-25,0
SKU0177,2025-01-20,388,186600.84,480.93,0,0,Decor,Rugs,264.86,480.93,2023-10-25,0
SKU0177,2025-01-27,394,189486.42,480.93,0,0,Decor,Rugs,264.86,480.93,2023-10-25,0
SKU0177,2025-02-03,335,161111.55,480.93,0,0,Decor,Rugs,264.86,480.93,2023-10-25,0
SKU0177,2025-02-10,428,205838.04,480.93,0,0,Decor,Rugs,264.86,480.93,2023-10-25,0
SKU0177,2025-02-17,429,206318.97,480.93,0,0,Decor,Rugs,264.86,480.93,2023-10-25,0
SKU0177,2025-02-24,391,188043.63,480.93,0,0,Decor,Rugs,264.86,480.93,2023-10-25,0
SKU0177,2025-03-03,503,241907.79,480.93,0,0,Decor,Rugs,264.86,480.93,2023-10-25,0
SKU0177,2025-03-10,455,218823.15,480.93,0,0,Decor,Rugs,264.86,480.93,2023-10-25,0
SKU0177,2025-03-17,412,198143.16,480.93,0,0,Decor,Rugs,264.86,480.93,2023-10-25,0
SKU0177,2025-03-24,488,234693.84,480.93,0,0,Decor,Rugs,264.86,480.93,2023-10-25,0
SKU0177,2025-03-31,242,116385.06,480.93,0,0,Decor,Rugs,264.86,480.93,2023-10-25,0
SKU0177,2025-04-07,536,257778.48,480.93,0,0,Decor,Rugs,264.86,480.93,2023-10-25,0
SKU0177,2025-04-14,416,200066.88,480.93,0,0,Decor,Rugs,264.86,480.93,2023-10-25,0
SKU0177,2025-04-21,540,259702.2,480.93,0,0,Decor,Rugs,264.86,480.93,2023-10-25,0
SKU0177,2025-04-28,449,215937.57,480.93,0,0,Decor,Rugs,264.86,480.93,2023-10-25,0
SKU0177,2025-05-05,339,163035.27,480.93,0,0,Decor,Rugs,264.86,480.93,2023-10-25,0
SKU0177,2025-05-12,400,192372.0,480.93,0,0,Decor,Rugs,264.86,480.93,2023-10-25,0
SKU0177,2025-05-19,432,207761.76,480.93,0,0,Decor,Rugs,264.86,480.93,2023-10-25,0
SKU0177,2025-05-26,495,228628.29,467.5885714285714,1,0,Decor,Rugs,264.86,480.93,2023-10-25,1
SKU0177,2025-06-02,688,266629.77999999997,387.54,7,0,Decor,Rugs,264.86,480.93,2023-10-25,1
SKU0177,2025-06-09,433,188911.64,454.2471428571429,2,0,Decor,Rugs,264.86,480.93,2023-10-25,1
SKU0177,2025-06-16,376,180829.68,480.93,0,0,Decor,Rugs,264.86,480.93,2023-10-25,0
SKU0177,2025-06-23,238,114461.34,480.93,0,0,Decor,Rugs,264.86,480.93,2023-10-25,0
SKU0177,2025-06-30,564,271244.52,480.93,0,0,Decor,Rugs,264.86,480.93,2023-10-25,0
SKU0177,2025-07-07,429,206318.97,480.93,0,0,Decor,Rugs,264.86,480.93,2023-10-25,0
SKU0177,2025-07-14,389,187081.77000000002,480.93,0,0,Decor,Rugs,264.86,480.93,2023-10-25,0
SKU0177,2025-07-21,353,169768.29,480.93,0,0,Decor,Rugs,264.86,480.93,2023-10-25,0
SKU0177,2025-07-28,411,197662.23,480.93,0,0,Decor,Rugs,264.86,480.93,2023-10-25,0
SKU0177,2025-08-04,506,243350.58000000002,480.93,0,0,Decor,Rugs,264.86,480.93,2023-10-25,0
SKU0177,2025-08-11,403,193814.79,480.93,0,1,Decor,Rugs,264.86,480.93,2023-10-25,0
SKU0177,2025-08-18,369,177463.17,480.93,0,0,Decor,Rugs,264.86,480.93,2023-10-25,0
SKU0177,2025-08-25,369,177463.17,480.93,0,0,Decor,Rugs,264.86,480.93,2023-10-25,0
SKU0178,2024-12-02,32,210423.36000000002,6575.73,0,0,Furniture,Chairs,2876.15,6575.73,2024-12-05,0
SKU0178,2024-12-09,84,552361.32,6575.7300000000005,0,0,Furniture,Chairs,2876.15,6575.73,2024-12-05,0
SKU0178,2024-12-16,103,626976.28,6144.381428571428,3,0,Furniture,Chairs,2876.15,6575.73,2024-12-05,1
SKU0178,2024-12-23,210,1169542.88,5569.25,7,1,Furniture,Chairs,2876.15,6575.73,2024-12-05,1
SKU0178,2024-12-30,158,967505.39,6288.164285714285,2,1,Furniture,Chairs,2876.15,6575.73,2024-12-05,1
SKU0178,2025-01-06,102,670724.46,6575.7300000000005,0,0,Furniture,Chairs,2876.15,6575.73,2024-12-05,0
SKU0178,2025-01-13,76,499755.48000000004,6575.7300000000005,0,0,Furniture,Chairs,2876.15,6575.73,2024-12-05,0
SKU0178,2025-01-20,94,618118.62,6575.7300000000005,0,0,Furniture,Chairs,2876.15,6575.73,2024-12-05,0
SKU0178,2025-01-27,115,756208.95,6575.7300000000005,0,0,Furniture,Chairs,2876.15,6575.73,2024-12-05,0
SKU0178,2025-02-03,78,512906.94,6575.7300000000005,0,0,Furniture,Chairs,2876.15,6575.73,2024-12-05,0
SKU0178,2025-02-10,124,815390.52,6575.7300000000005,0,0,Furniture,Chairs,2876.15,6575.73,2024-12-05,0
SKU0178,2025-02-17,76,499755.48,6575.7300000000005,0,0,Furniture,Chairs,2876.15,6575.73,2024-12-05,0
SKU0178,2025-02-24,85,558937.05,6575.7300000000005,0,0,Furniture,Chairs,2876.15,6575.73,2024-12-05,0
SKU0178,2025-03-03,106,697027.38,6575.7300000000005,0,0,Furniture,Chairs,2876.15,6575.73,2024-12-05,0
SKU0178,2025-03-10,108,710178.84,6575.7300000000005,0,0,Furniture,Chairs,2876.15,6575.73,2024-12-05,0
SKU0178,2025-03-17,100,657573.0,6575.7300000000005,0,0,Furniture,Chairs,2876.15,6575.73,2024-12-05,0
SKU0178,2025-03-24,88,578664.24,6575.7300000000005,0,0,Furniture,Chairs,2876.15,6575.73,2024-12-05,0
SKU0178,2025-03-31,73,480028.29,6575.7300000000005,0,0,Furniture,Chairs,2876.15,6575.73,2024-12-05,0
SKU0178,2025-04-07,99,650997.27,6575.7300000000005,0,0,Furniture,Chairs,2876.15,6575.73,2024-12-05,0
SKU0178,2025-04-14,103,677300.19,6575.7300000000005,0,0,Furniture,Chairs,2876.15,6575.73,2024-12-05,0
SKU0178,2025-04-21,90,591815.7,6575.7300000000005,0,0,Furniture,Chairs,2876.15,6575.73,2024-12-05,0
SKU0178,2025-04-28,119,782511.87,6575.7300000000005,0,0,Furniture,Chairs,2876.15,6575.73,2024-12-05,0
SKU0178,2025-05-05,106,697027.38,6575.7300000000005,0,0,Furniture,Chairs,2876.15,6575.73,2024-12-05,0
SKU0178,2025-05-12,133,874572.09,6575.7300000000005,0,0,Furniture,Chairs,2876.15,6575.73,2024-12-05,0
SKU0178,2025-05-19,119,782511.87,6575.7300000000005,0,0,Furniture,Chairs,2876.15,6575.73,2024-12-05,0
SKU0178,2025-05-26,132,845853.84,6431.947142857142,1,0,Furniture,Chairs,2876.15,6575.73,2024-12-05,1
SKU0178,2025-06-02,188,1047019.35,5569.25,7,0,Furniture,Chairs,2876.15,6575.73,2024-12-05,1
SKU0178,2025-06-09,110,661935.13,6288.164285714285,2,0,Furniture,Chairs,2876.15,6575.73,2024-12-05,1
SKU0178,2025-06-16,100,657573.0,6575.7300000000005,0,0,Furniture,Chairs,2876.15,6575.73,2024-12-05,0
SKU0178,2025-06-23,119,782511.87,6575.7300000000005,0,0,Furniture,Chairs,2876.15,6575.73,2024-12-05,0
SKU0178,2025-06-30,118,775936.14,6575.7300000000005,0,0,Furniture,Chairs,2876.15,6575.73,2024-12-05,0
SKU0178,2025-07-07,70,460301.1,6575.7300000000005,0,0,Furniture,Chairs,2876.15,6575.73,2024-12-05,0
SKU0178,2025-07-14,117,769360.41,6575.7300000000005,0,0,Furniture,Chairs,2876.15,6575.73,2024-12-05,0
SKU0178,2025-07-21,144,946905.12,6575.7300000000005,0,0,Furniture,Chairs,2876.15,6575.73,2024-12-05,0
SKU0178,2025-07-28,87,572088.51,6575.7300000000005,0,0,Furniture,Chairs,2876.15,6575.73,2024-12-05,0
SKU0178,2025-08-04,106,697027.38,6575.7300000000005,0,0,Furniture,Chairs,2876.15,6575.73,2024-12-05,0
SKU0178,2025-08-11,112,736481.76,6575.7300000000005,0,1,Furniture,Chairs,2876.15,6575.73,2024-12-05,0
SKU0178,2025-08-18,79,519482.67000000004,6575.7300000000005,0,0,Furniture,Chairs,2876.15,6575.73,2024-12-05,0
SKU0178,2025-08-25,99,650997.27,6575.7300000000005,0,0,Furniture,Chairs,2876.15,6575.73,2024-12-05,0
SKU0179,2025-05-12,60,226751.4,3779.19,0,0,Decor,Wall Art,2436.25,3779.19,2025-05-16,0
SKU0179,2025-05-19,229,865434.51,3779.19,0,0,Decor,Wall Art,2436.25,3779.19,2025-05-16,0
SKU0179,2025-05-26,204,733467.61,3683.5600000000004,1,0,Decor,Wall Art,2436.25,3779.19,2025-05-16,1
SKU0179,2025-06-02,447,1390070.14,3109.78,7,0,Decor,Wall Art,2436.25,3779.19,2025-05-16,1
SKU0179,2025-06-09,260,934391.63,3587.9300000000003,2,0,Decor,Wall Art,2436.25,3779.19,2025-05-16,1
SKU0179,2025-06-16,193,729383.67,3779.19,0,0,Decor,Wall Art,2436.25,3779.19,2025-05-16,0
SKU0179,2025-06-23,286,1080848.34,3779.19,0,0,Decor,Wall Art,2436.25,3779.19,2025-05-16,0
SKU0179,2025-06-30,214,808746.6599999999,3779.19,0,0,Decor,Wall Art,2436.25,3779.19,2025-05-16,0
SKU0179,2025-07-07,263,993926.97,3779.19,0,0,Decor,Wall Art,2436.25,3779.19,2025-05-16,0
SKU0179,2025-07-14,185,699150.15,3779.19,0,0,Decor,Wall Art,2436.25,3779.19,2025-05-16,0
SKU0179,2025-07-21,269,1016602.11,3779.19,0,0,Decor,Wall Art,2436.25,3779.19,2025-05-16,0
SKU0179,2025-07-28,242,914563.98,3779.19,0,0,Decor,Wall Art,2436.25,3779.19,2025-05-16,0
SKU0179,2025-08-04,219,827642.61,3779.19,0,0,Decor,Wall Art,2436.25,3779.19,2025-05-16,0
SKU0179,2025-08-11,224,846538.56,3779.19,0,1,Decor,Wall Art,2436.25,3779.19,2025-05-16,0
SKU0179,2025-08-18,376,1420975.44,3779.19,0,0,Decor,Wall Art,2436.25,3779.19,2025-05-16,0
SKU0179,2025-08-25,264,997706.16,3779.19,0,0,Decor,Wall Art,2436.25,3779.19,2025-05-16,0
SKU0180,2023-10-09,169,920585.25,5447.25,0,0,Small Appliances,Kitchen,2103.08,5447.25,2023-10-13,0
SKU0180,2023-10-16,313,1704989.25,5447.25,0,0,Small Appliances,Kitchen,2103.08,5447.25,2023-10-13,0
SKU0180,2023-10-23,373,2031824.25,5447.25,0,0,Small Appliances,Kitchen,2103.08,5447.25,2023-10-13,0
SKU0180,2023-10-30,386,2102638.5,5447.25,0,0,Small Appliances,Kitchen,2103.08,5447.25,2023-10-13,0
SKU0180,2023-11-06,313,1704989.25,5447.25,0,0,Small Appliances,Kitchen,2103.08,5447.25,2023-10-13,0
SKU0180,2023-11-13,345,1879301.25,5447.25,0,0,Small Appliances,Kitchen,2103.08,5447.25,2023-10-13,0
SKU0180,2023-11-20,475,2003749.97,4218.42,7,0,Small Appliances,Kitchen,2103.08,5447.25,2023-10-13,1
SKU0180,2023-11-27,269,1386665.19,5271.702857142857,1,0,Small Appliances,Kitchen,2103.08,5447.25,2023-10-13,1
SKU0180,2023-12-04,240,1307340.0,5447.25,0,0,Small Appliances,Kitchen,2103.08,5447.25,2023-10-13,0
SKU0180,2023-12-11,295,1606938.75,5447.25,0,0,Small Appliances,Kitchen,2103.08,5447.25,2023-10-13,0
SKU0180,2023-12-18,328,1475804.26,4569.5142857142855,5,0,Small Appliances,Kitchen,2103.08,5447.25,2023-10-13,1
SKU0180,2023-12-25,522,2202015.7800000003,4218.42,7,1,Small Appliances,Kitchen,2103.08,5447.25,2023-10-13,1
SKU0180,2024-01-01,249,1356365.25,5447.25,0,1,Small Appliances,Kitchen,2103.08,5447.25,2023-10-13,0
SKU0180,2024-01-08,211,1149369.75,5447.25,0,0,Small Appliances,Kitchen,2103.08,5447.25,2023-10-13,0
SKU0180,2024-01-15,218,1187500.5,5447.25,0,0,Small Appliances,Kitchen,2103.08,5447.25,2023-10-13,0
SKU0180,2024-01-22,185,1007741.25,5447.25,0,0,Small Appliances,Kitchen,2103.08,5447.25,2023-10-13,0
SKU0180,2024-01-29,252,1372707.0,5447.25,0,0,Small Appliances,Kitchen,2103.08,5447.25,2023-10-13,0
SKU0180,2024-02-05,184,1002294.0,5447.25,0,0,Small Appliances,Kitchen,2103.08,5447.25,2023-10-13,0
SKU0180,2024-02-12,191,1040424.75,5447.25,0,0,Small Appliances,Kitchen,2103.08,5447.25,2023-10-13,0
SKU0180,2024-02-19,197,1073108.25,5447.25,0,0,Small Appliances,Kitchen,2103.08,5447.25,2023-10-13,0
SKU0180,2024-02-26,138,751720.5,5447.25,0,0,Small Appliances,Kitchen,2103.08,5447.25,2023-10-13,0
SKU0180,2024-03-04,193,1051319.25,5447.25,0,0,Small Appliances,Kitchen,2103.08,5447.25,2023-10-13,0
SKU0180,2024-03-11,176,958716.0,5447.25,0,0,Small Appliances,Kitchen,2103.08,5447.25,2023-10-13,0
SKU0180,2024-03-18,135,735378.75,5447.25,0,0,Small Appliances,Kitchen,2103.08,5447.25,2023-10-13,0
SKU0180,2024-03-25,208,1133028.0,5447.25,0,0,Small Appliances,Kitchen,2103.08,5447.25,2023-10-13,0
SKU0180,2024-04-01,193,1051319.25,5447.25,0,0,Small Appliances,Kitchen,2103.08,5447.25,2023-10-13,0
SKU0180,2024-04-08,199,1084002.75,5447.25,0,0,Small Appliances,Kitchen,2103.08,5447.25,2023-10-13,0
SKU0180,2024-04-15,140,762615.0,5447.25,0,0,Small Appliances,Kitchen,2103.08,5447.25,2023-10-13,0
SKU0180,2024-04-22,173,942374.25,5447.25,0,0,Small Appliances,Kitchen,2103.08,5447.25,2023-10-13,0
SKU0180,2024-04-29,173,942374.25,5447.25,0,0,Small Appliances,Kitchen,2103.08,5447.25,2023-10-13,0
SKU0180,2024-05-06,207,1127580.75,5447.25,0,0,Small Appliances,Kitchen,2103.08,5447.25,2023-10-13,0
SKU0180,2024-05-13,230,1252867.5,5447.25,0,0,Small Appliances,Kitchen,2103.08,5447.25,2023-10-13,0
SKU0180,2024-05-20,143,778956.75,5447.25,0,0,Small Appliances,Kitchen,2103.08,5447.25,2023-10-13,0
SKU0180,2024-05-27,256,1290045.53,5096.155714285714,2,0,Small Appliances,Kitchen,2103.08,5447.25,2023-10-13,1
SKU0180,2024-06-03,357,1505976.31,4218.42,7,0,Small Appliances,Kitchen,2103.08,5447.25,2023-10-13,1
SKU0180,2024-06-10,304,1561344.17,5271.702857142857,1,0,Small Appliances,Kitchen,2103.08,5447.25,2023-10-13,1
SKU0180,2024-06-17,208,1133028.0,5447.25,0,0,Small Appliances,Kitchen,2103.08,5447.25,2023-10-13,0
SKU0180,2024-06-24,296,1612386.0,5447.25,0,0,Small Appliances,Kitchen,2103.08,5447.25,2023-10-13,0
SKU0180,2024-07-01,235,1280103.75,5447.25,0,0,Small Appliances,Kitchen,2103.08,5447.25,2023-10-13,0
SKU0180,2024-07-08,320,1743120.0,5447.25,0,0,Small Appliances,Kitchen,2103.08,5447.25,2023-10-13,0
SKU0180,2024-07-15,228,1241973.0,5447.25,0,0,Small Appliances,Kitchen,2103.08,5447.25,2023-10-13,0
SKU0180,2024-07-22,234,1274656.5,5447.25,0,0,Small Appliances,Kitchen,2103.08,5447.25,2023-10-13,0
SKU0180,2024-07-29,240,1307340.0,5447.25,0,0,Small Appliances,Kitchen,2103.08,5447.25,2023-10-13,0
SKU0180,2024-08-05,330,1797592.5,5447.25,0,0,Small Appliances,Kitchen,2103.08,5447.25,2023-10-13,0
SKU0180,2024-08-12,330,1797592.5,5447.25,0,1,Small Appliances,Kitchen,2103.08,5447.25,2023-10-13,0
SKU0180,2024-08-19,340,1852065.0,5447.25,0,0,Small Appliances,Kitchen,2103.08,5447.25,2023-10-13,0
SKU0180,2024-08-26,345,1879301.25,5447.25,0,0,Small Appliances,Kitchen,2103.08,5447.25,2023-10-13,0
SKU0180,2024-09-02,357,1944668.25,5447.25,0,0,Small Appliances,Kitchen,2103.08,5447.25,2023-10-13,0
SKU0180,2024-09-09,351,1911984.75,5447.25,0,0,Small Appliances,Kitchen,2103.08,5447.25,2023-10-13,0
SKU0180,2024-09-16,378,2059060.5,5447.25,0,0,Small Appliances,Kitchen,2103.08,5447.25,2023-10-13,0
SKU0180,2024-09-23,304,1655964.0,5447.25,0,0,Small Appliances,Kitchen,2103.08,5447.25,2023-10-13,0
SKU0180,2024-09-30,274,1492546.5,5447.25,0,1,Small Appliances,Kitchen,2103.08,5447.25,2023-10-13,0
SKU0180,2024-10-07,299,1628727.75,5447.25,0,0,Small Appliances,Kitchen,2103.08,5447.25,2023-10-13,0
SKU0180,2024-10-14,323,1759461.75,5447.25,0,0,Small Appliances,Kitchen,2103.08,5447.25,2023-10-13,0
SKU0180,2024-10-21,232,1263762.0,5447.25,0,0,Small Appliances,Kitchen,2103.08,5447.25,2023-10-13,0
SKU0180,2024-10-28,297,1617833.25,5447.25,0,0,Small Appliances,Kitchen,2103.08,5447.25,2023-10-13,0
SKU0180,2024-11-04,349,1692189.3199999998,4920.608571428572,3,0,Small Appliances,Kitchen,2103.08,5447.25,2023-10-13,1
SKU0180,2024-11-11,460,2040008.81,4569.5142857142855,5,0,Small Appliances,Kitchen,2103.08,5447.25,2023-10-13,1
SKU0180,2024-11-18,301,1639622.25,5447.25,0,0,Small Appliances,Kitchen,2103.08,5447.25,2023-10-13,0
SKU0180,2024-11-25,259,1410837.75,5447.25,0,0,Small Appliances,Kitchen,2103.08,5447.25,2023-10-13,0
SKU0180,2024-12-02,232,1263762.0,5447.25,0,0,Small Appliances,Kitchen,2103.08,5447.25,2023-10-13,0
SKU0180,2024-12-09,287,1563360.75,5447.25,0,0,Small Appliances,Kitchen,2103.08,5447.25,2023-10-13,0
SKU0180,2024-12-16,321,1554412.26,4920.608571428572,3,0,Small Appliances,Kitchen,2103.08,5447.25,2023-10-13,1
SKU0180,2024-12-23,388,1636747.35,4218.42,7,1,Small Appliances,Kitchen,2103.08,5447.25,2023-10-13,1
SKU0180,2024-12-30,369,1818337.93,5096.155714285714,2,1,Small Appliances,Kitchen,2103.08,5447.25,2023-10-13,1
SKU0180,2025-01-06,293,1596044.25,5447.25,0,0,Small Appliances,Kitchen,2103.08,5447.25,2023-10-13,0
SKU0180,2025-01-13,222,1209289.5,5447.25,0,0,Small Appliances,Kitchen,2103.08,5447.25,2023-10-13,0
SKU0180,2025-01-20,140,762615.0,5447.25,0,0,Small Appliances,Kitchen,2103.08,5447.25,2023-10-13,0
SKU0180,2025-01-27,207,1127580.75,5447.25,0,0,Small Appliances,Kitchen,2103.08,5447.25,2023-10-13,0
SKU0180,2025-02-03,184,1002294.0,5447.25,0,0,Small Appliances,Kitchen,2103.08,5447.25,2023-10-13,0
SKU0180,2025-02-10,177,964163.25,5447.25,0,0,Small Appliances,Kitchen,2103.08,5447.25,2023-10-13,0
SKU0180,2025-02-17,172,936927.0,5447.25,0,0,Small Appliances,Kitchen,2103.08,5447.25,2023-10-13,0
SKU0180,2025-02-24,166,904243.5,5447.25,0,0,Small Appliances,Kitchen,2103.08,5447.25,2023-10-13,0
SKU0180,2025-03-03,183,996846.75,5447.25,0,0,Small Appliances,Kitchen,2103.08,5447.25,2023-10-13,0
SKU0180,2025-03-10,173,942374.25,5447.25,0,0,Small Appliances,Kitchen,2103.08,5447.25,2023-10-13,0
SKU0180,2025-03-17,184,1002294.0,5447.25,0,0,Small Appliances,Kitchen,2103.08,5447.25,2023-10-13,0
SKU0180,2025-03-24,162,882454.5,5447.25,0,0,Small Appliances,Kitchen,2103.08,5447.25,2023-10-13,0
SKU0180,2025-03-31,175,953268.75,5447.25,0,0,Small Appliances,Kitchen,2103.08,5447.25,2023-10-13,0
SKU0180,2025-04-07,174,947821.5,5447.25,0,0,Small Appliances,Kitchen,2103.08,5447.25,2023-10-13,0
SKU0180,2025-04-14,164,893349.0,5447.25,0,0,Small Appliances,Kitchen,2103.08,5447.25,2023-10-13,0
SKU0180,2025-04-21,145,789851.25,5447.25,0,0,Small Appliances,Kitchen,2103.08,5447.25,2023-10-13,0
SKU0180,2025-04-28,177,964163.25,5447.25,0,0,Small Appliances,Kitchen,2103.08,5447.25,2023-10-13,0
SKU0180,2025-05-05,173,942374.25,5447.25,0,0,Small Appliances,Kitchen,2103.08,5447.25,2023-10-13,0
SKU0180,2025-05-12,127,691800.75,5447.25,0,0,Small Appliances,Kitchen,2103.08,5447.25,2023-10-13,0
SKU0180,2025-05-19,188,1024083.0,5447.25,0,0,Small Appliances,Kitchen,2103.08,5447.25,2023-10-13,0
SKU0180,2025-05-26,224,1150140.75,5271.702857142857,1,0,Small Appliances,Kitchen,2103.08,5447.25,2023-10-13,1
SKU0180,2025-06-02,412,1737989.46,4218.42,7,0,Small Appliances,Kitchen,2103.08,5447.25,2023-10-13,1
SKU0180,2025-06-09,293,1485449.6400000001,5096.155714285714,2,0,Small Appliances,Kitchen,2103.08,5447.25,2023-10-13,1
SKU0180,2025-06-16,220,1198395.0,5447.25,0,0,Small Appliances,Kitchen,2103.08,5447.25,2023-10-13,0
SKU0180,2025-06-23,179,975057.75,5447.25,0,0,Small Appliances,Kitchen,2103.08,5447.25,2023-10-13,0
SKU0180,2025-06-30,242,1318234.5,5447.25,0,0,Small Appliances,Kitchen,2103.08,5447.25,2023-10-13,0
SKU0180,2025-07-07,268,1459863.0,5447.25,0,0,Small Appliances,Kitchen,2103.08,5447.25,2023-10-13,0
SKU0180,2025-07-14,228,1241973.0,5447.25,0,0,Small Appliances,Kitchen,2103.08,5447.25,2023-10-13,0
SKU0180,2025-07-21,315,1715883.75,5447.25,0,0,Small Appliances,Kitchen,2103.08,5447.25,2023-10-13,0
SKU0180,2025-07-28,261,1421732.25,5447.25,0,0,Small Appliances,Kitchen,2103.08,5447.25,2023-10-13,0
SKU0180,2025-08-04,221,1203842.25,5447.25,0,0,Small Appliances,Kitchen,2103.08,5447.25,2023-10-13,0
SKU0180,2025-08-11,310,1688647.5,5447.25,0,1,Small Appliances,Kitchen,2103.08,5447.25,2023-10-13,0
SKU0180,2025-08-18,258,1405390.5,5447.25,0,0,Small Appliances,Kitchen,2103.08,5447.25,2023-10-13,0
SKU0180,2025-08-25,282,1536124.5,5447.25,0,0,Small Appliances,Kitchen,2103.08,5447.25,2023-10-13,0
SKU0181,2023-09-11,75,626274.0,8350.32,0,0,Furniture,Storage,3973.38,8350.32,2023-09-12,0
SKU0181,2023-09-18,72,601223.04,8350.32,0,0,Furniture,Storage,3973.38,8350.32,2023-09-12,0
SKU0181,2023-09-25,83,693076.56,8350.32,0,0,Furniture,Storage,3973.38,8350.32,2023-09-12,0
SKU0181,2023-10-02,87,726477.84,8350.32,0,1,Furniture,Storage,3973.38,8350.32,2023-09-12,0
SKU0181,2023-10-09,90,751528.8,8350.32,0,0,Furniture,Storage,3973.38,8350.32,2023-09-12,0
SKU0181,2023-10-16,95,793280.4,8350.32,0,0,Furniture,Storage,3973.38,8350.32,2023-09-12,0
SKU0181,2023-10-23,97,809981.04,8350.32,0,0,Furniture,Storage,3973.38,8350.32,2023-09-12,0
SKU0181,2023-10-30,85,709777.2,8350.32,0,0,Furniture,Storage,3973.38,8350.32,2023-09-12,0
SKU0181,2023-11-06,95,793280.4,8350.32,0,0,Furniture,Storage,3973.38,8350.32,2023-09-12,0
SKU0181,2023-11-13,96,801630.72,8350.32,0,0,Furniture,Storage,3973.38,8350.32,2023-09-12,0
SKU0181,2023-11-20,174,1298070.24,7460.17,7,0,Furniture,Storage,3973.38,8350.32,2023-09-12,1
SKU0181,2023-11-27,111,878817.62,8223.155714285715,1,0,Furniture,Storage,3973.38,8350.32,2023-09-12,1
SKU0181,2023-12-04,100,835032.0,8350.32,0,0,Furniture,Storage,3973.38,8350.32,2023-09-12,0
SKU0181,2023-12-11,104,868433.28,8350.32,0,0,Furniture,Storage,3973.38,8350.32,2023-09-12,0
SKU0181,2023-12-18,196,1479106.83,7714.498571428571,5,0,Furniture,Storage,3973.38,8350.32,2023-09-12,1
SKU0181,2023-12-25,198,1477114.41,7460.17,7,1,Furniture,Storage,3973.38,8350.32,2023-09-12,1
SKU0181,2024-01-01,123,1027089.36,8350.32,0,1,Furniture,Storage,3973.38,8350.32,2023-09-12,0
SKU0181,2024-01-08,102,851732.64,8350.32,0,0,Furniture,Storage,3973.38,8350.32,2023-09-12,0
SKU0181,2024-01-15,121,1010388.72,8350.32,0,0,Furniture,Storage,3973.38,8350.32,2023-09-12,0
SKU0181,2024-01-22,102,851732.64,8350.32,0,0,Furniture,Storage,3973.38,8350.32,2023-09-12,0
SKU0181,2024-01-29,93,776579.76,8350.32,0,0,Furniture,Storage,3973.38,8350.32,2023-09-12,0
SKU0181,2024-02-05,95,793280.4,8350.32,0,0,Furniture,Storage,3973.38,8350.32,2023-09-12,0
SKU0181,2024-02-12,102,851732.64,8350.32,0,0,Furniture,Storage,3973.38,8350.32,2023-09-12,0
SKU0181,2024-02-19,110,918535.2,8350.32,0,0,Furniture,Storage,3973.38,8350.32,2023-09-12,0
SKU0181,2024-02-26,100,835032.0,8350.32,0,0,Furniture,Storage,3973.38,8350.32,2023-09-12,0
SKU0181,2024-03-04,81,676375.92,8350.32,0,0,Furniture,Storage,3973.38,8350.32,2023-09-12,0
SKU0181,2024-03-11,73,609573.36,8350.32,0,0,Furniture,Storage,3973.38,8350.32,2023-09-12,0
SKU0181,2024-03-18,90,751528.7999999999,8350.32,0,0,Furniture,Storage,3973.38,8350.32,2023-09-12,0
SKU0181,2024-03-25,75,626274.0,8350.32,0,0,Furniture,Storage,3973.38,8350.32,2023-09-12,0
SKU0181,2024-04-01,96,801630.72,8350.32,0,0,Furniture,Storage,3973.38,8350.32,2023-09-12,0
SKU0181,2024-04-08,84,701426.88,8350.32,0,0,Furniture,Storage,3973.38,8350.32,2023-09-12,0
SKU0181,2024-04-15,74,617923.68,8350.32,0,0,Furniture,Storage,3973.38,8350.32,2023-09-12,0
SKU0181,2024-04-22,108,901834.56,8350.32,0,0,Furniture,Storage,3973.38,8350.32,2023-09-12,0
SKU0181,2024-04-29,105,876783.6,8350.32,0,0,Furniture,Storage,3973.38,8350.32,2023-09-12,0
SKU0181,2024-05-06,88,734828.16,8350.32,0,0,Furniture,Storage,3973.38,8350.32,2023-09-12,0
SKU0181,2024-05-13,69,576172.08,8350.32,0,0,Furniture,Storage,3973.38,8350.32,2023-09-12,0
SKU0181,2024-05-20,88,734828.16,8350.32,0,0,Furniture,Storage,3973.38,8350.32,2023-09-12,0
SKU0181,2024-05-27,109,876359.32,8095.9914285714285,2,0,Furniture,Storage,3973.38,8350.32,2023-09-12,1
SKU0181,2024-06-03,153,1141406.59,7460.17,7,0,Furniture,Storage,3973.38,8350.32,2023-09-12,1
SKU0181,2024-06-10,112,906751.1599999999,8223.155714285715,1,0,Furniture,Storage,3973.38,8350.32,2023-09-12,1
SKU0181,2024-06-17,59,492668.88,8350.32,0,0,Furniture,Storage,3973.38,8350.32,2023-09-12,0
SKU0181,2024-06-24,109,910184.88,8350.32,0,0,Furniture,Storage,3973.38,8350.32,2023-09-12,0
SKU0181,2024-07-01,60,501019.2,8350.32,0,0,Furniture,Storage,3973.38,8350.32,2023-09-12,0
SKU0181,2024-07-08,77,642974.64,8350.32,0,0,Furniture,Storage,3973.38,8350.32,2023-09-12,0
SKU0181,2024-07-15,65,542770.8,8350.32,0,0,Furniture,Storage,3973.38,8350.32,2023-09-12,0
SKU0181,2024-07-22,84,701426.88,8350.32,0,0,Furniture,Storage,3973.38,8350.32,2023-09-12,0
SKU0181,2024-07-29,78,651324.96,8350.32,0,0,Furniture,Storage,3973.38,8350.32,2023-09-12,0
SKU0181,2024-08-05,72,601223.04,8350.32,0,0,Furniture,Storage,3973.38,8350.32,2023-09-12,0
SKU0181,2024-08-12,88,734828.16,8350.32,0,1,Furniture,Storage,3973.38,8350.32,2023-09-12,0
SKU0181,2024-08-19,99,826681.68,8350.32,0,0,Furniture,Storage,3973.38,8350.32,2023-09-12,0
SKU0181,2024-08-26,76,634624.32,8350.32,0,0,Furniture,Storage,3973.38,8350.32,2023-09-12,0
SKU0181,2024-09-02,64,534420.48,8350.32,0,0,Furniture,Storage,3973.38,8350.32,2023-09-12,0
SKU0181,2024-09-09,72,601223.04,8350.32,0,0,Furniture,Storage,3973.38,8350.32,2023-09-12,0
SKU0181,2024-09-16,64,534420.48,8350.32,0,0,Furniture,Storage,3973.38,8350.32,2023-09-12,0
SKU0181,2024-09-23,87,726477.84,8350.32,0,0,Furniture,Storage,3973.38,8350.32,2023-09-12,0
SKU0181,2024-09-30,82,684726.24,8350.32,0,1,Furniture,Storage,3973.38,8350.32,2023-09-12,0
SKU0181,2024-10-07,54,450917.28,8350.32,0,0,Furniture,Storage,3973.38,8350.32,2023-09-12,0
SKU0181,2024-10-14,79,659675.28,8350.32,0,0,Furniture,Storage,3973.38,8350.32,2023-09-12,0
SKU0181,2024-10-21,102,851732.64,8350.32,0,0,Furniture,Storage,3973.38,8350.32,2023-09-12,0
SKU0181,2024-10-28,78,651324.96,8350.32,0,0,Furniture,Storage,3973.38,8350.32,2023-09-12,0
SKU0181,2024-11-04,120,946849.3400000001,7968.827142857143,3,0,Furniture,Storage,3973.38,8350.32,2023-09-12,1
SKU0181,2024-11-11,135,1020475.65,7714.498571428571,5,0,Furniture,Storage,3973.38,8350.32,2023-09-12,1
SKU0181,2024-11-18,107,893484.24,8350.32,0,0,Furniture,Storage,3973.38,8350.32,2023-09-12,0
SKU0181,2024-11-25,104,868433.28,8350.32,0,0,Furniture,Storage,3973.38,8350.32,2023-09-12,0
SKU0181,2024-12-02,87,726477.84,8350.32,0,0,Furniture,Storage,3973.38,8350.32,2023-09-12,0
SKU0181,2024-12-09,104,868433.28,8350.32,0,0,Furniture,Storage,3973.38,8350.32,2023-09-12,0
SKU0181,2024-12-16,103,812015.07,7968.827142857143,3,0,Furniture,Storage,3973.38,8350.32,2023-09-12,1
SKU0181,2024-12-23,229,1708379.79,7460.17,7,1,Furniture,Storage,3973.38,8350.32,2023-09-12,1
SKU0181,2024-12-30,133,1060744.37,8095.9914285714285,2,1,Furniture,Storage,3973.38,8350.32,2023-09-12,1
SKU0181,2025-01-06,107,893484.24,8350.32,0,0,Furniture,Storage,3973.38,8350.32,2023-09-12,0
SKU0181,2025-01-13,78,651324.96,8350.32,0,0,Furniture,Storage,3973.38,8350.32,2023-09-12,0
SKU0181,2025-01-20,123,1027089.36,8350.32,0,0,Furniture,Storage,3973.38,8350.32,2023-09-12,0
SKU0181,2025-01-27,89,743178.48,8350.32,0,0,Furniture,Storage,3973.38,8350.32,2023-09-12,0
SKU0181,2025-02-03,104,868433.28,8350.32,0,0,Furniture,Storage,3973.38,8350.32,2023-09-12,0
SKU0181,2025-02-10,92,768229.44,8350.32,0,0,Furniture,Storage,3973.38,8350.32,2023-09-12,0
SKU0181,2025-02-17,80,668025.6,8350.32,0,0,Furniture,Storage,3973.38,8350.32,2023-09-12,0
SKU0181,2025-02-24,94,784930.08,8350.32,0,0,Furniture,Storage,3973.38,8350.32,2023-09-12,0
SKU0181,2025-03-03,95,793280.4,8350.32,0,0,Furniture,Storage,3973.38,8350.32,2023-09-12,0
SKU0181,2025-03-10,96,801630.72,8350.32,0,0,Furniture,Storage,3973.38,8350.32,2023-09-12,0
SKU0181,2025-03-17,82,684726.24,8350.32,0,0,Furniture,Storage,3973.38,8350.32,2023-09-12,0
SKU0181,2025-03-24,84,701426.88,8350.32,0,0,Furniture,Storage,3973.38,8350.32,2023-09-12,0
SKU0181,2025-03-31,96,801630.72,8350.32,0,0,Furniture,Storage,3973.38,8350.32,2023-09-12,0
SKU0181,2025-04-07,74,617923.68,8350.32,0,0,Furniture,Storage,3973.38,8350.32,2023-09-12,0
SKU0181,2025-04-14,108,901834.56,8350.32,0,0,Furniture,Storage,3973.38,8350.32,2023-09-12,0
SKU0181,2025-04-21,92,768229.4400000001,8350.32,0,0,Furniture,Storage,3973.38,8350.32,2023-09-12,0
SKU0181,2025-04-28,79,659675.28,8350.32,0,0,Furniture,Storage,3973.38,8350.32,2023-09-12,0
SKU0181,2025-05-05,74,617923.68,8350.32,0,0,Furniture,Storage,3973.38,8350.32,2023-09-12,0
SKU0181,2025-05-12,71,592872.72,8350.32,0,0,Furniture,Storage,3973.38,8350.32,2023-09-12,0
SKU0181,2025-05-19,97,809981.04,8350.32,0,0,Furniture,Storage,3973.38,8350.32,2023-09-12,0
SKU0181,2025-05-26,82,678495.22,8223.155714285715,1,0,Furniture,Storage,3973.38,8350.32,2023-09-12,1
SKU0181,2025-06-02,132,984742.95,7460.17,7,0,Furniture,Storage,3973.38,8350.32,2023-09-12,1
SKU0181,2025-06-09,125,975248.74,8095.9914285714285,2,0,Furniture,Storage,3973.38,8350.32,2023-09-12,1
SKU0181,2025-06-16,76,634624.32,8350.32,0,0,Furniture,Storage,3973.38,8350.32,2023-09-12,0
SKU0181,2025-06-23,91,759879.12,8350.32,0,0,Furniture,Storage,3973.38,8350.32,2023-09-12,0
SKU0181,2025-06-30,57,475968.24,8350.32,0,0,Furniture,Storage,3973.38,8350.32,2023-09-12,0
SKU0181,2025-07-07,87,726477.84,8350.32,0,0,Furniture,Storage,3973.38,8350.32,2023-09-12,0
SKU0181,2025-07-14,88,734828.16,8350.32,0,0,Furniture,Storage,3973.38,8350.32,2023-09-12,0
SKU0181,2025-07-21,97,809981.04,8350.32,0,0,Furniture,Storage,3973.38,8350.32,2023-09-12,0
SKU0181,2025-07-28,74,617923.68,8350.32,0,0,Furniture,Storage,3973.38,8350.32,2023-09-12,0
SKU0181,2025-08-04,66,551121.12,8350.32,0,0,Furniture,Storage,3973.38,8350.32,2023-09-12,0
SKU0181,2025-08-11,85,709777.2,8350.32,0,1,Furniture,Storage,3973.38,8350.32,2023-09-12,0
SKU0181,2025-08-18,84,701426.88,8350.32,0,0,Furniture,Storage,3973.38,8350.32,2023-09-12,0
SKU0181,2025-08-25,72,601223.04,8350.32,0,0,Furniture,Storage,3973.38,8350.32,2023-09-12,0
SKU0182,2023-10-30,5,23761.85,4752.37,0,0,Textiles,Bedding,2214.37,4752.37,2023-11-03,0
SKU0182,2023-11-06,14,66533.18,4752.37,0,0,Textiles,Bedding,2214.37,4752.37,2023-11-03,0
SKU0182,2023-11-13,14,66533.18000000001,4752.37,0,0,Textiles,Bedding,2214.37,4752.37,2023-11-03,0
SKU0182,2023-11-20,26,105080.18,4041.55,7,0,Textiles,Bedding,2214.37,4752.37,2023-11-03,1
SKU0182,2023-11-27,17,75103.69,4650.824285714286,1,0,Textiles,Bedding,2214.37,4752.37,2023-11-03,1
SKU0182,2023-12-04,28,133066.36,4752.37,0,0,Textiles,Bedding,2214.37,4752.37,2023-11-03,0
SKU0182,2023-12-11,10,47523.7,4752.37,0,0,Textiles,Bedding,2214.37,4752.37,2023-11-03,0
SKU0182,2023-12-18,26,110055.95999999999,4244.641428571429,5,0,Textiles,Bedding,2214.37,4752.37,2023-11-03,1
SKU0182,2023-12-25,36,145495.64,4041.55,7,1,Textiles,Bedding,2214.37,4752.37,2023-11-03,1
SKU0182,2024-01-01,19,90295.03,4752.37,0,1,Textiles,Bedding,2214.37,4752.37,2023-11-03,0
SKU0182,2024-01-08,15,71285.55,4752.37,0,0,Textiles,Bedding,2214.37,4752.37,2023-11-03,0
SKU0182,2024-01-15,17,80790.29,4752.37,0,0,Textiles,Bedding,2214.37,4752.37,2023-11-03,0
SKU0182,2024-01-22,20,95047.4,4752.37,0,0,Textiles,Bedding,2214.37,4752.37,2023-11-03,0
SKU0182,2024-01-29,16,76037.92,4752.37,0,0,Textiles,Bedding,2214.37,4752.37,2023-11-03,0
SKU0182,2024-02-05,24,114056.88,4752.37,0,0,Textiles,Bedding,2214.37,4752.37,2023-11-03,0
SKU0182,2024-02-12,30,142571.1,4752.37,0,0,Textiles,Bedding,2214.37,4752.37,2023-11-03,0
SKU0182,2024-02-19,23,109304.51,4752.37,0,0,Textiles,Bedding,2214.37,4752.37,2023-11-03,0
SKU0182,2024-02-26,29,137818.72999999998,4752.37,0,0,Textiles,Bedding,2214.37,4752.37,2023-11-03,0
SKU0182,2024-03-04,32,152075.84,4752.37,0,0,Textiles,Bedding,2214.37,4752.37,2023-11-03,0
SKU0182,2024-03-11,38,180590.06,4752.37,0,0,Textiles,Bedding,2214.37,4752.37,2023-11-03,0
SKU0182,2024-03-18,33,156828.21,4752.37,0,0,Textiles,Bedding,2214.37,4752.37,2023-11-03,0
SKU0182,2024-03-25,25,118809.25,4752.37,0,0,Textiles,Bedding,2214.37,4752.37,2023-11-03,0
SKU0182,2024-04-01,35,166332.94999999998,4752.37,0,0,Textiles,Bedding,2214.37,4752.37,2023-11-03,0
SKU0182,2024-04-08,26,123561.62,4752.37,0,0,Textiles,Bedding,2214.37,4752.37,2023-11-03,0
SKU0182,2024-04-15,26,123561.62,4752.37,0,0,Textiles,Bedding,2214.37,4752.37,2023-11-03,0
SKU0182,2024-04-22,38,180590.06,4752.37,0,0,Textiles,Bedding,2214.37,4752.37,2023-11-03,0
SKU0182,2024-04-29,30,142571.1,4752.37,0,0,Textiles,Bedding,2214.37,4752.37,2023-11-03,0
SKU0182,2024-05-06,32,152075.84,4752.37,0,0,Textiles,Bedding,2214.37,4752.37,2023-11-03,0
SKU0182,2024-05-13,32,152075.84,4752.37,0,0,Textiles,Bedding,2214.37,4752.37,2023-11-03,0
SKU0182,2024-05-20,20,95047.4,4752.37,0,0,Textiles,Bedding,2214.37,4752.37,2023-11-03,0
SKU0182,2024-05-27,30,139727.8,4549.278571428572,2,0,Textiles,Bedding,2214.37,4752.37,2023-11-03,1
SKU0182,2024-06-03,74,299074.35,4041.55,7,0,Textiles,Bedding,2214.37,4752.37,2023-11-03,1
SKU0182,2024-06-10,44,201285.21,4650.824285714286,1,0,Textiles,Bedding,2214.37,4752.37,2023-11-03,1
SKU0182,2024-06-17,24,114056.88,4752.37,0,0,Textiles,Bedding,2214.37,4752.37,2023-11-03,0
SKU0182,2024-06-24,40,190094.8,4752.37,0,0,Textiles,Bedding,2214.37,4752.37,2023-11-03,0
SKU0182,2024-07-01,22,104552.14,4752.37,0,0,Textiles,Bedding,2214.37,4752.37,2023-11-03,0
SKU0182,2024-07-08,30,142571.1,4752.37,0,0,Textiles,Bedding,2214.37,4752.37,2023-11-03,0
SKU0182,2024-07-15,38,180590.06,4752.37,0,0,Textiles,Bedding,2214.37,4752.37,2023-11-03,0
SKU0182,2024-07-22,28,133066.36,4752.37,0,0,Textiles,Bedding,2214.37,4752.37,2023-11-03,0
SKU0182,2024-07-29,16,76037.92,4752.37,0,0,Textiles,Bedding,2214.37,4752.37,2023-11-03,0
SKU0182,2024-08-05,17,80790.29,4752.37,0,0,Textiles,Bedding,2214.37,4752.37,2023-11-03,0
SKU0182,2024-08-12,30,142571.1,4752.37,0,1,Textiles,Bedding,2214.37,4752.37,2023-11-03,0
SKU0182,2024-08-19,14,66533.18,4752.37,0,0,Textiles,Bedding,2214.37,4752.37,2023-11-03,0
SKU0182,2024-08-26,17,80790.29,4752.37,0,0,Textiles,Bedding,2214.37,4752.37,2023-11-03,0
SKU0182,2024-09-02,35,166332.95,4752.37,0,0,Textiles,Bedding,2214.37,4752.37,2023-11-03,0
SKU0182,2024-09-09,14,66533.18,4752.37,0,0,Textiles,Bedding,2214.37,4752.37,2023-11-03,0
SKU0182,2024-09-16,16,76037.92,4752.37,0,0,Textiles,Bedding,2214.37,4752.37,2023-11-03,0
SKU0182,2024-09-23,24,114056.88,4752.37,0,0,Textiles,Bedding,2214.37,4752.37,2023-11-03,0
SKU0182,2024-09-30,20,95047.4,4752.37,0,1,Textiles,Bedding,2214.37,4752.37,2023-11-03,0
SKU0182,2024-10-07,19,90295.03,4752.37,0,0,Textiles,Bedding,2214.37,4752.37,2023-11-03,0
SKU0182,2024-10-14,22,104552.14,4752.37,0,0,Textiles,Bedding,2214.37,4752.37,2023-11-03,0
SKU0182,2024-10-21,17,80790.29000000001,4752.37,0,0,Textiles,Bedding,2214.37,4752.37,2023-11-03,0
SKU0182,2024-10-28,26,123561.62,4752.37,0,0,Textiles,Bedding,2214.37,4752.37,2023-11-03,0
SKU0182,2024-11-04,26,114320.91,4447.732857142857,3,0,Textiles,Bedding,2214.37,4752.37,2023-11-03,1
SKU0182,2024-11-11,22,90335.64,4244.641428571429,5,0,Textiles,Bedding,2214.37,4752.37,2023-11-03,1
SKU0182,2024-11-18,15,71285.55,4752.37,0,0,Textiles,Bedding,2214.37,4752.37,2023-11-03,0
SKU0182,2024-11-25,22,104552.14,4752.37,0,0,Textiles,Bedding,2214.37,4752.37,2023-11-03,0
SKU0182,2024-12-02,10,47523.7,4752.37,0,0,Textiles,Bedding,2214.37,4752.37,2023-11-03,0
SKU0182,2024-12-09,26,123561.62,4752.37,0,0,Textiles,Bedding,2214.37,4752.37,2023-11-03,0
SKU0182,2024-12-16,23,101485.45,4447.732857142857,3,0,Textiles,Bedding,2214.37,4752.37,2023-11-03,1
SKU0182,2024-12-23,36,145495.63,4041.55,7,1,Textiles,Bedding,2214.37,4752.37,2023-11-03,1
SKU0182,2024-12-30,23,100063.79000000001,4549.278571428572,2,1,Textiles,Bedding,2214.37,4752.37,2023-11-03,1
SKU0182,2025-01-06,16,76037.92,4752.37,0,0,Textiles,Bedding,2214.37,4752.37,2023-11-03,0
SKU0182,2025-01-13,20,95047.4,4752.37,0,0,Textiles,Bedding,2214.37,4752.37,2023-11-03,0
SKU0182,2025-01-20,26,123561.62,4752.37,0,0,Textiles,Bedding,2214.37,4752.37,2023-11-03,0
SKU0182,2025-01-27,18,85542.66,4752.37,0,0,Textiles,Bedding,2214.37,4752.37,2023-11-03,0
SKU0182,2025-02-03,28,133066.36000000002,4752.37,0,0,Textiles,Bedding,2214.37,4752.37,2023-11-03,0
SKU0182,2025-02-10,25,118809.25,4752.37,0,0,Textiles,Bedding,2214.37,4752.37,2023-11-03,0
SKU0182,2025-02-17,24,114056.88,4752.37,0,0,Textiles,Bedding,2214.37,4752.37,2023-11-03,0
SKU0182,2025-02-24,22,104552.14,4752.37,0,0,Textiles,Bedding,2214.37,4752.37,2023-11-03,0
SKU0182,2025-03-03,16,76037.92,4752.37,0,0,Textiles,Bedding,2214.37,4752.37,2023-11-03,0
SKU0182,2025-03-10,27,128313.98999999999,4752.37,0,0,Textiles,Bedding,2214.37,4752.37,2023-11-03,0
SKU0182,2025-03-17,28,133066.36,4752.37,0,0,Textiles,Bedding,2214.37,4752.37,2023-11-03,0
SKU0182,2025-03-24,35,166332.94999999998,4752.37,0,0,Textiles,Bedding,2214.37,4752.37,2023-11-03,0
SKU0182,2025-03-31,19,90295.03,4752.37,0,0,Textiles,Bedding,2214.37,4752.37,2023-11-03,0
SKU0182,2025-04-07,38,180590.06,4752.37,0,0,Textiles,Bedding,2214.37,4752.37,2023-11-03,0
SKU0182,2025-04-14,20,95047.4,4752.37,0,0,Textiles,Bedding,2214.37,4752.37,2023-11-03,0
SKU0182,2025-04-21,30,142571.09999999998,4752.37,0,0,Textiles,Bedding,2214.37,4752.37,2023-11-03,0
SKU0182,2025-04-28,34,161580.58,4752.37,0,0,Textiles,Bedding,2214.37,4752.37,2023-11-03,0
SKU0182,2025-05-05,41,194847.16999999998,4752.37,0,0,Textiles,Bedding,2214.37,4752.37,2023-11-03,0
SKU0182,2025-05-12,33,156828.21,4752.37,0,0,Textiles,Bedding,2214.37,4752.37,2023-11-03,0
SKU0182,2025-05-19,37,175837.69,4752.37,0,0,Textiles,Bedding,2214.37,4752.37,2023-11-03,0
SKU0182,2025-05-26,39,181788.31,4650.824285714286,1,0,Textiles,Bedding,2214.37,4752.37,2023-11-03,1
SKU0182,2025-06-02,46,185911.08,4041.55,7,0,Textiles,Bedding,2214.37,4752.37,2023-11-03,1
SKU0182,2025-06-09,53,233394.16999999998,4549.278571428572,2,0,Textiles,Bedding,2214.37,4752.37,2023-11-03,1
SKU0182,2025-06-16,37,175837.69,4752.37,0,0,Textiles,Bedding,2214.37,4752.37,2023-11-03,0
SKU0182,2025-06-23,45,213856.65,4752.37,0,0,Textiles,Bedding,2214.37,4752.37,2023-11-03,0
SKU0182,2025-06-30,27,128313.98999999999,4752.37,0,0,Textiles,Bedding,2214.37,4752.37,2023-11-03,0
SKU0182,2025-07-07,31,147323.47,4752.37,0,0,Textiles,Bedding,2214.37,4752.37,2023-11-03,0
SKU0182,2025-07-14,25,118809.25,4752.37,0,0,Textiles,Bedding,2214.37,4752.37,2023-11-03,0
SKU0182,2025-07-21,28,133066.36,4752.37,0,0,Textiles,Bedding,2214.37,4752.37,2023-11-03,0
SKU0182,2025-07-28,21,99799.76999999999,4752.37,0,0,Textiles,Bedding,2214.37,4752.37,2023-11-03,0
SKU0182,2025-08-04,28,133066.36,4752.37,0,0,Textiles,Bedding,2214.37,4752.37,2023-11-03,0
SKU0182,2025-08-11,24,114056.88,4752.37,0,1,Textiles,Bedding,2214.37,4752.37,2023-11-03,0
SKU0182,2025-08-18,27,128313.98999999999,4752.37,0,0,Textiles,Bedding,2214.37,4752.37,2023-11-03,0
SKU0182,2025-08-25,31,147323.47,4752.37,0,0,Textiles,Bedding,2214.37,4752.37,2023-11-03,0
SKU0183,2023-10-02,37,158265.65,4277.45,0,0,Furniture,Storage,2439.09,4277.45,2023-10-06,0
SKU0183,2023-10-09,85,363583.25,4277.45,0,0,Furniture,Storage,2439.09,4277.45,2023-10-06,0
SKU0183,2023-10-16,89,380693.05,4277.45,0,0,Furniture,Storage,2439.09,4277.45,2023-10-06,0
SKU0183,2023-10-23,71,303698.95,4277.45,0,0,Furniture,Storage,2439.09,4277.45,2023-10-06,0
SKU0183,2023-10-30,68,290866.6,4277.45,0,0,Furniture,Storage,2439.09,4277.45,2023-10-06,0
SKU0183,2023-11-06,86,367860.7,4277.45,0,0,Furniture,Storage,2439.09,4277.45,2023-10-06,0
SKU0183,2023-11-13,96,410635.2,4277.45,0,0,Furniture,Storage,2439.09,4277.45,2023-10-06,0
SKU0183,2023-11-20,143,488280.03,3414.55,7,0,Furniture,Storage,2439.09,4277.45,2023-10-06,1
SKU0183,2023-11-27,84,341184.81,4154.178571428572,1,0,Furniture,Storage,2439.09,4277.45,2023-10-06,1
SKU0183,2023-12-04,82,350750.9,4277.45,0,0,Furniture,Storage,2439.09,4277.45,2023-10-06,0
SKU0183,2023-12-11,64,273756.8,4277.45,0,0,Furniture,Storage,2439.09,4277.45,2023-10-06,0
SKU0183,2023-12-18,159,565348.28,3661.092857142857,5,0,Furniture,Storage,2439.09,4277.45,2023-10-06,1
SKU0183,2023-12-25,170,580472.77,3414.55,7,1,Furniture,Storage,2439.09,4277.45,2023-10-06,1
SKU0183,2024-01-01,96,410635.2,4277.45,0,1,Furniture,Storage,2439.09,4277.45,2023-10-06,0
SKU0183,2024-01-08,93,397802.85000000003,4277.45,0,0,Furniture,Storage,2439.09,4277.45,2023-10-06,0
SKU0183,2024-01-15,92,393525.4,4277.45,0,0,Furniture,Storage,2439.09,4277.45,2023-10-06,0
SKU0183,2024-01-22,78,333641.1,4277.45,0,0,Furniture,Storage,2439.09,4277.45,2023-10-06,0
SKU0183,2024-01-29,79,337918.55,4277.45,0,0,Furniture,Storage,2439.09,4277.45,2023-10-06,0
SKU0183,2024-02-05,69,295144.05,4277.45,0,0,Furniture,Storage,2439.09,4277.45,2023-10-06,0
SKU0183,2024-02-12,74,316531.3,4277.45,0,0,Furniture,Storage,2439.09,4277.45,2023-10-06,0
SKU0183,2024-02-19,78,333641.1,4277.45,0,0,Furniture,Storage,2439.09,4277.45,2023-10-06,0
SKU0183,2024-02-26,87,372138.15,4277.45,0,0,Furniture,Storage,2439.09,4277.45,2023-10-06,0
SKU0183,2024-03-04,110,470519.5,4277.45,0,0,Furniture,Storage,2439.09,4277.45,2023-10-06,0
SKU0183,2024-03-11,83,355028.35,4277.45,0,0,Furniture,Storage,2439.09,4277.45,2023-10-06,0
SKU0183,2024-03-18,66,282311.7,4277.45,0,0,Furniture,Storage,2439.09,4277.45,2023-10-06,0
SKU0183,2024-03-25,79,337918.55,4277.45,0,0,Furniture,Storage,2439.09,4277.45,2023-10-06,0
SKU0183,2024-04-01,56,239537.2,4277.45,0,0,Furniture,Storage,2439.09,4277.45,2023-10-06,0
SKU0183,2024-04-08,55,235259.75,4277.45,0,0,Furniture,Storage,2439.09,4277.45,2023-10-06,0
SKU0183,2024-04-15,86,367860.7,4277.45,0,0,Furniture,Storage,2439.09,4277.45,2023-10-06,0
SKU0183,2024-04-22,68,290866.6,4277.45,0,0,Furniture,Storage,2439.09,4277.45,2023-10-06,0
SKU0183,2024-04-29,49,209595.05,4277.45,0,0,Furniture,Storage,2439.09,4277.45,2023-10-06,0
SKU0183,2024-05-06,50,213872.5,4277.45,0,0,Furniture,Storage,2439.09,4277.45,2023-10-06,0
SKU0183,2024-05-13,57,243814.65,4277.45,0,0,Furniture,Storage,2439.09,4277.45,2023-10-06,0
SKU0183,2024-05-20,47,201040.15,4277.45,0,0,Furniture,Storage,2439.09,4277.45,2023-10-06,0
SKU0183,2024-05-27,53,216350.0,4030.907142857143,2,0,Furniture,Storage,2439.09,4277.45,2023-10-06,1
SKU0183,2024-06-03,89,303894.56,3414.55,7,0,Furniture,Storage,2439.09,4277.45,2023-10-06,1
SKU0183,2024-06-10,52,212072.55,4154.178571428572,1,0,Furniture,Storage,2439.09,4277.45,2023-10-06,1
SKU0183,2024-06-17,38,162543.1,4277.45,0,0,Furniture,Storage,2439.09,4277.45,2023-10-06,0
SKU0183,2024-06-24,38,162543.1,4277.45,0,0,Furniture,Storage,2439.09,4277.45,2023-10-06,0
SKU0183,2024-07-01,47,201040.15,4277.45,0,0,Furniture,Storage,2439.09,4277.45,2023-10-06,0
SKU0183,2024-07-08,50,213872.5,4277.45,0,0,Furniture,Storage,2439.09,4277.45,2023-10-06,0
SKU0183,2024-07-15,54,230982.3,4277.45,0,0,Furniture,Storage,2439.09,4277.45,2023-10-06,0
SKU0183,2024-07-22,54,230982.3,4277.45,0,0,Furniture,Storage,2439.09,4277.45,2023-10-06,0
SKU0183,2024-07-29,63,269479.35,4277.45,0,0,Furniture,Storage,2439.09,4277.45,2023-10-06,0
SKU0183,2024-08-05,52,222427.4,4277.45,0,0,Furniture,Storage,2439.09,4277.45,2023-10-06,0
SKU0183,2024-08-12,59,252369.55,4277.45,0,1,Furniture,Storage,2439.09,4277.45,2023-10-06,0
SKU0183,2024-08-19,44,188207.8,4277.45,0,0,Furniture,Storage,2439.09,4277.45,2023-10-06,0
SKU0183,2024-08-26,60,256647.0,4277.45,0,0,Furniture,Storage,2439.09,4277.45,2023-10-06,0
SKU0183,2024-09-02,47,201040.15,4277.45,0,0,Furniture,Storage,2439.09,4277.45,2023-10-06,0
SKU0183,2024-09-09,71,303698.95,4277.45,0,0,Furniture,Storage,2439.09,4277.45,2023-10-06,0
SKU0183,2024-09-16,73,312253.85,4277.45,0,0,Furniture,Storage,2439.09,4277.45,2023-10-06,0
SKU0183,2024-09-23,77,329363.65,4277.45,0,0,Furniture,Storage,2439.09,4277.45,2023-10-06,0
SKU0183,2024-09-30,74,316531.3,4277.45,0,1,Furniture,Storage,2439.09,4277.45,2023-10-06,0
SKU0183,2024-10-07,78,333641.1,4277.45,0,0,Furniture,Storage,2439.09,4277.45,2023-10-06,0
SKU0183,2024-10-14,68,290866.6,4277.45,0,0,Furniture,Storage,2439.09,4277.45,2023-10-06,0
SKU0183,2024-10-21,81,346473.45,4277.45,0,0,Furniture,Storage,2439.09,4277.45,2023-10-06,0
SKU0183,2024-10-28,72,307976.4,4277.45,0,0,Furniture,Storage,2439.09,4277.45,2023-10-06,0
SKU0183,2024-11-04,105,418067.7,3907.6357142857146,3,0,Furniture,Storage,2439.09,4277.45,2023-10-06,1
SKU0183,2024-11-11,107,380025.75,3661.092857142857,5,0,Furniture,Storage,2439.09,4277.45,2023-10-06,1
SKU0183,2024-11-18,56,239537.2,4277.45,0,0,Furniture,Storage,2439.09,4277.45,2023-10-06,0
SKU0183,2024-11-25,80,342196.0,4277.45,0,0,Furniture,Storage,2439.09,4277.45,2023-10-06,0
SKU0183,2024-12-02,72,307976.4,4277.45,0,0,Furniture,Storage,2439.09,4277.45,2023-10-06,0
SKU0183,2024-12-09,80,342196.0,4277.45,0,0,Furniture,Storage,2439.09,4277.45,2023-10-06,0
SKU0183,2024-12-16,106,404224.15,3907.6357142857146,3,0,Furniture,Storage,2439.09,4277.45,2023-10-06,1
SKU0183,2024-12-23,139,474621.83,3414.55,7,1,Furniture,Storage,2439.09,4277.45,2023-10-06,1
SKU0183,2024-12-30,116,434917.99,4030.907142857143,2,1,Furniture,Storage,2439.09,4277.45,2023-10-06,1
SKU0183,2025-01-06,92,393525.4,4277.45,0,0,Furniture,Storage,2439.09,4277.45,2023-10-06,0
SKU0183,2025-01-13,92,393525.4,4277.45,0,0,Furniture,Storage,2439.09,4277.45,2023-10-06,0
SKU0183,2025-01-20,77,329363.64999999997,4277.45,0,0,Furniture,Storage,2439.09,4277.45,2023-10-06,0
SKU0183,2025-01-27,85,363583.25,4277.45,0,0,Furniture,Storage,2439.09,4277.45,2023-10-06,0
SKU0183,2025-02-03,68,290866.6,4277.45,0,0,Furniture,Storage,2439.09,4277.45,2023-10-06,0
SKU0183,2025-02-10,95,406357.75,4277.45,0,0,Furniture,Storage,2439.09,4277.45,2023-10-06,0
SKU0183,2025-02-17,88,376415.6,4277.45,0,0,Furniture,Storage,2439.09,4277.45,2023-10-06,0
SKU0183,2025-02-24,101,432022.45,4277.45,0,0,Furniture,Storage,2439.09,4277.45,2023-10-06,0
SKU0183,2025-03-03,83,355028.35,4277.45,0,0,Furniture,Storage,2439.09,4277.45,2023-10-06,0
SKU0183,2025-03-10,62,265201.9,4277.45,0,0,Furniture,Storage,2439.09,4277.45,2023-10-06,0
SKU0183,2025-03-17,52,222427.40000000002,4277.45,0,0,Furniture,Storage,2439.09,4277.45,2023-10-06,0
SKU0183,2025-03-24,60,256647.0,4277.45,0,0,Furniture,Storage,2439.09,4277.45,2023-10-06,0
SKU0183,2025-03-31,79,337918.55,4277.45,0,0,Furniture,Storage,2439.09,4277.45,2023-10-06,0
SKU0183,2025-04-07,61,260924.44999999998,4277.45,0,0,Furniture,Storage,2439.09,4277.45,2023-10-06,0
SKU0183,2025-04-14,74,316531.3,4277.45,0,0,Furniture,Storage,2439.09,4277.45,2023-10-06,0
SKU0183,2025-04-21,65,278034.25,4277.45,0,0,Furniture,Storage,2439.09,4277.45,2023-10-06,0
SKU0183,2025-04-28,47,201040.15,4277.45,0,0,Furniture,Storage,2439.09,4277.45,2023-10-06,0
SKU0183,2025-05-05,80,342196.0,4277.45,0,0,Furniture,Storage,2439.09,4277.45,2023-10-06,0
SKU0183,2025-05-12,48,205317.6,4277.45,0,0,Furniture,Storage,2439.09,4277.45,2023-10-06,0
SKU0183,2025-05-19,47,201040.15,4277.45,0,0,Furniture,Storage,2439.09,4277.45,2023-10-06,0
SKU0183,2025-05-26,42,175338.38,4154.178571428572,1,0,Furniture,Storage,2439.09,4277.45,2023-10-06,1
SKU0183,2025-06-02,101,344869.1,3414.55,7,0,Furniture,Storage,2439.09,4277.45,2023-10-06,1
SKU0183,2025-06-09,54,214587.12,4030.907142857143,2,0,Furniture,Storage,2439.09,4277.45,2023-10-06,1
SKU0183,2025-06-16,35,149710.75,4277.45,0,0,Furniture,Storage,2439.09,4277.45,2023-10-06,0
SKU0183,2025-06-23,43,183930.35,4277.45,0,0,Furniture,Storage,2439.09,4277.45,2023-10-06,0
SKU0183,2025-06-30,48,205317.6,4277.45,0,0,Furniture,Storage,2439.09,4277.45,2023-10-06,0
SKU0183,2025-07-07,52,222427.4,4277.45,0,0,Furniture,Storage,2439.09,4277.45,2023-10-06,0
SKU0183,2025-07-14,52,222427.4,4277.45,0,0,Furniture,Storage,2439.09,4277.45,2023-10-06,0
SKU0183,2025-07-21,64,273756.8,4277.45,0,0,Furniture,Storage,2439.09,4277.45,2023-10-06,0
SKU0183,2025-07-28,70,299421.5,4277.45,0,0,Furniture,Storage,2439.09,4277.45,2023-10-06,0
SKU0183,2025-08-04,50,213872.5,4277.45,0,0,Furniture,Storage,2439.09,4277.45,2023-10-06,0
SKU0183,2025-08-11,54,230982.3,4277.45,0,1,Furniture,Storage,2439.09,4277.45,2023-10-06,0
SKU0183,2025-08-18,46,196762.7,4277.45,0,0,Furniture,Storage,2439.09,4277.45,2023-10-06,0
SKU0183,2025-08-25,57,243814.65,4277.45,0,0,Furniture,Storage,2439.09,4277.45,2023-10-06,0
SKU0184,2024-01-08,147,602561.8200000001,4099.06,0,0,Textiles,Cushions,2443.5,4099.06,2024-01-11,0
SKU0184,2024-01-15,228,934585.6799999999,4099.06,0,0,Textiles,Cushions,2443.5,4099.06,2024-01-11,0
SKU0184,2024-01-22,227,930486.62,4099.06,0,0,Textiles,Cushions,2443.5,4099.06,2024-01-11,0
SKU0184,2024-01-29,202,828010.12,4099.06,0,0,Textiles,Cushions,2443.5,4099.06,2024-01-11,0
SKU0184,2024-02-05,242,991972.52,4099.06,0,0,Textiles,Cushions,2443.5,4099.06,2024-01-11,0
SKU0184,2024-02-12,228,934585.68,4099.06,0,0,Textiles,Cushions,2443.5,4099.06,2024-01-11,0
SKU0184,2024-02-19,214,877198.8400000001,4099.06,0,0,Textiles,Cushions,2443.5,4099.06,2024-01-11,0
SKU0184,2024-02-26,158,647651.48,4099.06,0,0,Textiles,Cushions,2443.5,4099.06,2024-01-11,0
SKU0184,2024-03-04,170,696840.2000000001,4099.06,0,0,Textiles,Cushions,2443.5,4099.06,2024-01-11,0
SKU0184,2024-03-11,188,770623.28,4099.06,0,0,Textiles,Cushions,2443.5,4099.06,2024-01-11,0
SKU0184,2024-03-18,180,737830.8,4099.06,0,0,Textiles,Cushions,2443.5,4099.06,2024-01-11,0
SKU0184,2024-03-25,156,639453.36,4099.06,0,0,Textiles,Cushions,2443.5,4099.06,2024-01-11,0
SKU0184,2024-04-01,189,774722.3400000001,4099.06,0,0,Textiles,Cushions,2443.5,4099.06,2024-01-11,0
SKU0184,2024-04-08,179,733731.74,4099.06,0,0,Textiles,Cushions,2443.5,4099.06,2024-01-11,0
SKU0184,2024-04-15,185,758326.1000000001,4099.06,0,0,Textiles,Cushions,2443.5,4099.06,2024-01-11,0
SKU0184,2024-04-22,158,647651.48,4099.06,0,0,Textiles,Cushions,2443.5,4099.06,2024-01-11,0
SKU0184,2024-04-29,166,680443.96,4099.06,0,0,Textiles,Cushions,2443.5,4099.06,2024-01-11,0
SKU0184,2024-05-06,163,668146.78,4099.06,0,0,Textiles,Cushions,2443.5,4099.06,2024-01-11,0
SKU0184,2024-05-13,151,618958.06,4099.06,0,0,Textiles,Cushions,2443.5,4099.06,2024-01-11,0
SKU0184,2024-05-20,134,549274.04,4099.06,0,0,Textiles,Cushions,2443.5,4099.06,2024-01-11,0
SKU0184,2024-05-27,205,776569.02,3876.974285714286,2,0,Textiles,Cushions,2443.5,4099.06,2024-01-11,1
SKU0184,2024-06-03,338,1122756.0,3321.7599999999998,7,0,Textiles,Cushions,2443.5,4099.06,2024-01-11,1
SKU0184,2024-06-10,192,763700.64,3988.0171428571434,1,0,Textiles,Cushions,2443.5,4099.06,2024-01-11,1
SKU0184,2024-06-17,172,705038.32,4099.06,0,0,Textiles,Cushions,2443.5,4099.06,2024-01-11,0
SKU0184,2024-06-24,178,729632.68,4099.06,0,0,Textiles,Cushions,2443.5,4099.06,2024-01-11,0
SKU0184,2024-07-01,197,807514.8200000001,4099.06,0,0,Textiles,Cushions,2443.5,4099.06,2024-01-11,0
SKU0184,2024-07-08,237,971477.22,4099.06,0,0,Textiles,Cushions,2443.5,4099.06,2024-01-11,0
SKU0184,2024-07-15,233,955080.98,4099.06,0,0,Textiles,Cushions,2443.5,4099.06,2024-01-11,0
SKU0184,2024-07-22,322,1319897.32,4099.06,0,0,Textiles,Cushions,2443.5,4099.06,2024-01-11,0
SKU0184,2024-07-29,286,1172331.16,4099.06,0,0,Textiles,Cushions,2443.5,4099.06,2024-01-11,0
SKU0184,2024-08-05,274,1123142.44,4099.06,0,0,Textiles,Cushions,2443.5,4099.06,2024-01-11,0
SKU0184,2024-08-12,248,1016566.88,4099.06,0,1,Textiles,Cushions,2443.5,4099.06,2024-01-11,0
SKU0184,2024-08-19,268,1098548.08,4099.06,0,0,Textiles,Cushions,2443.5,4099.06,2024-01-11,0
SKU0184,2024-08-26,297,1217420.82,4099.06,0,0,Textiles,Cushions,2443.5,4099.06,2024-01-11,0
SKU0184,2024-09-02,314,1287104.8399999999,4099.06,0,0,Textiles,Cushions,2443.5,4099.06,2024-01-11,0
SKU0184,2024-09-09,298,1221519.8800000001,4099.06,0,0,Textiles,Cushions,2443.5,4099.06,2024-01-11,0
SKU0184,2024-09-16,329,1348590.74,4099.06,0,0,Textiles,Cushions,2443.5,4099.06,2024-01-11,0
SKU0184,2024-09-23,317,1299402.02,4099.06,0,0,Textiles,Cushions,2443.5,4099.06,2024-01-11,0
SKU0184,2024-09-30,380,1557642.8,4099.06,0,1,Textiles,Cushions,2443.5,4099.06,2024-01-11,0
SKU0184,2024-10-07,286,1172331.1600000001,4099.06,0,0,Textiles,Cushions,2443.5,4099.06,2024-01-11,0
SKU0184,2024-10-14,369,1512553.1400000001,4099.06,0,0,Textiles,Cushions,2443.5,4099.06,2024-01-11,0
SKU0184,2024-10-21,314,1287104.84,4099.06,0,0,Textiles,Cushions,2443.5,4099.06,2024-01-11,0
SKU0184,2024-10-28,347,1422373.82,4099.06,0,0,Textiles,Cushions,2443.5,4099.06,2024-01-11,0
SKU0184,2024-11-04,459,1687144.52,3765.931428571429,3,0,Textiles,Cushions,2443.5,4099.06,2024-01-11,1
SKU0184,2024-11-11,606,2075172.6,3543.8457142857146,5,0,Textiles,Cushions,2443.5,4099.06,2024-01-11,1
SKU0184,2024-11-18,316,1295302.96,4099.06,0,0,Textiles,Cushions,2443.5,4099.06,2024-01-11,0
SKU0184,2024-11-25,318,1303501.08,4099.06,0,0,Textiles,Cushions,2443.5,4099.06,2024-01-11,0
SKU0184,2024-12-02,300,1229718.0,4099.06,0,0,Textiles,Cushions,2443.5,4099.06,2024-01-11,0
SKU0184,2024-12-09,251,1028864.06,4099.06,0,0,Textiles,Cushions,2443.5,4099.06,2024-01-11,0
SKU0184,2024-12-16,358,1299567.52,3765.931428571429,3,0,Textiles,Cushions,2443.5,4099.06,2024-01-11,1
SKU0184,2024-12-23,569,1890083.65,3321.7599999999998,7,1,Textiles,Cushions,2443.5,4099.06,2024-01-11,1
SKU0184,2024-12-30,395,1470665.15,3876.974285714286,2,1,Textiles,Cushions,2443.5,4099.06,2024-01-11,1
SKU0184,2025-01-06,300,1229718.0,4099.06,0,0,Textiles,Cushions,2443.5,4099.06,2024-01-11,0
SKU0184,2025-01-13,250,1024765.0,4099.06,0,0,Textiles,Cushions,2443.5,4099.06,2024-01-11,0
SKU0184,2025-01-20,299,1225618.94,4099.06,0,0,Textiles,Cushions,2443.5,4099.06,2024-01-11,0
SKU0184,2025-01-27,247,1012467.8200000001,4099.06,0,0,Textiles,Cushions,2443.5,4099.06,2024-01-11,0
SKU0184,2025-02-03,271,1110845.26,4099.06,0,0,Textiles,Cushions,2443.5,4099.06,2024-01-11,0
SKU0184,2025-02-10,216,885396.96,4099.06,0,0,Textiles,Cushions,2443.5,4099.06,2024-01-11,0
SKU0184,2025-02-17,189,774722.3400000001,4099.06,0,0,Textiles,Cushions,2443.5,4099.06,2024-01-11,0
SKU0184,2025-02-24,176,721434.56,4099.06,0,0,Textiles,Cushions,2443.5,4099.06,2024-01-11,0
SKU0184,2025-03-03,191,782920.4600000001,4099.06,0,0,Textiles,Cushions,2443.5,4099.06,2024-01-11,0
SKU0184,2025-03-10,201,823911.06,4099.06,0,0,Textiles,Cushions,2443.5,4099.06,2024-01-11,0
SKU0184,2025-03-17,162,664047.72,4099.06,0,0,Textiles,Cushions,2443.5,4099.06,2024-01-11,0
SKU0184,2025-03-24,190,778821.4,4099.06,0,0,Textiles,Cushions,2443.5,4099.06,2024-01-11,0
SKU0184,2025-03-31,169,692741.14,4099.06,0,0,Textiles,Cushions,2443.5,4099.06,2024-01-11,0
SKU0184,2025-04-07,189,774722.34,4099.06,0,0,Textiles,Cushions,2443.5,4099.06,2024-01-11,0
SKU0184,2025-04-14,190,778821.4,4099.06,0,0,Textiles,Cushions,2443.5,4099.06,2024-01-11,0
SKU0184,2025-04-21,162,664047.72,4099.06,0,0,Textiles,Cushions,2443.5,4099.06,2024-01-11,0
SKU0184,2025-04-28,155,635354.3,4099.06,0,0,Textiles,Cushions,2443.5,4099.06,2024-01-11,0
SKU0184,2025-05-05,162,664047.72,4099.06,0,0,Textiles,Cushions,2443.5,4099.06,2024-01-11,0
SKU0184,2025-05-12,160,655849.6000000001,4099.06,0,0,Textiles,Cushions,2443.5,4099.06,2024-01-11,0
SKU0184,2025-05-19,139,569769.34,4099.06,0,0,Textiles,Cushions,2443.5,4099.06,2024-01-11,0
SKU0184,2025-05-26,213,834234.97,3988.0171428571434,1,0,Textiles,Cushions,2443.5,4099.06,2024-01-11,1
SKU0184,2025-06-02,333,1106147.38,3321.7599999999998,7,0,Textiles,Cushions,2443.5,4099.06,2024-01-11,1
SKU0184,2025-06-09,280,1057570.45,3876.974285714286,2,0,Textiles,Cushions,2443.5,4099.06,2024-01-11,1
SKU0184,2025-06-16,181,741929.86,4099.06,0,0,Textiles,Cushions,2443.5,4099.06,2024-01-11,0
SKU0184,2025-06-23,230,942783.7999999999,4099.06,0,0,Textiles,Cushions,2443.5,4099.06,2024-01-11,0
SKU0184,2025-06-30,212,869000.72,4099.06,0,0,Textiles,Cushions,2443.5,4099.06,2024-01-11,0
SKU0184,2025-07-07,232,950981.9199999999,4099.06,0,0,Textiles,Cushions,2443.5,4099.06,2024-01-11,0
SKU0184,2025-07-14,247,1012467.82,4099.06,0,0,Textiles,Cushions,2443.5,4099.06,2024-01-11,0
SKU0184,2025-07-21,234,959180.04,4099.06,0,0,Textiles,Cushions,2443.5,4099.06,2024-01-11,0
SKU0184,2025-07-28,279,1143637.74,4099.06,0,0,Textiles,Cushions,2443.5,4099.06,2024-01-11,0
SKU0184,2025-08-04,237,971477.22,4099.06,0,0,Textiles,Cushions,2443.5,4099.06,2024-01-11,0
SKU0184,2025-08-11,268,1098548.08,4099.06,0,1,Textiles,Cushions,2443.5,4099.06,2024-01-11,0
SKU0184,2025-08-18,301,1233817.06,4099.06,0,0,Textiles,Cushions,2443.5,4099.06,2024-01-11,0
SKU0184,2025-08-25,275,1127241.5,4099.06,0,0,Textiles,Cushions,2443.5,4099.06,2024-01-11,0
SKU0185,2024-02-19,33,170400.78,5163.66,0,0,Textiles,Throws,2501.47,5163.66,2024-02-25,0
SKU0185,2024-02-26,250,1290915.0,5163.659999999999,0,0,Textiles,Throws,2501.47,5163.66,2024-02-25,0
SKU0185,2024-03-04,346,1786626.36,5163.659999999999,0,0,Textiles,Throws,2501.47,5163.66,2024-02-25,0
SKU0185,2024-03-11,310,1600734.6,5163.659999999999,0,0,Textiles,Throws,2501.47,5163.66,2024-02-25,0
SKU0185,2024-03-18,259,1337387.94,5163.659999999999,0,0,Textiles,Throws,2501.47,5163.66,2024-02-25,0
SKU0185,2024-03-25,305,1574916.3,5163.659999999999,0,0,Textiles,Throws,2501.47,5163.66,2024-02-25,0
SKU0185,2024-04-01,309,1595570.94,5163.659999999999,0,0,Textiles,Throws,2501.47,5163.66,2024-02-25,0
SKU0185,2024-04-08,163,841676.5800000001,5163.659999999999,0,0,Textiles,Throws,2501.47,5163.66,2024-02-25,0
SKU0185,2024-04-15,165,852003.9,5163.659999999999,0,0,Textiles,Throws,2501.47,5163.66,2024-02-25,0
SKU0185,2024-04-22,248,1280587.68,5163.659999999999,0,0,Textiles,Throws,2501.47,5163.66,2024-02-25,0
SKU0185,2024-04-29,219,1130841.54,5163.659999999999,0,0,Textiles,Throws,2501.47,5163.66,2024-02-25,0
SKU0185,2024-05-06,249,1285751.3399999999,5163.659999999999,0,0,Textiles,Throws,2501.47,5163.66,2024-02-25,0
SKU0185,2024-05-13,210,1084368.6,5163.659999999999,0,0,Textiles,Throws,2501.47,5163.66,2024-02-25,0
SKU0185,2024-05-20,217,1120514.22,5163.659999999999,0,0,Textiles,Throws,2501.47,5163.66,2024-02-25,0
SKU0185,2024-05-27,265,1274317.42,4871.571428571428,2,0,Textiles,Throws,2501.47,5163.66,2024-02-25,1
SKU0185,2024-06-03,339,1403917.79,4141.35,7,0,Textiles,Throws,2501.47,5163.66,2024-02-25,1
SKU0185,2024-06-10,225,1090261.83,5017.615714285714,1,0,Textiles,Throws,2501.47,5163.66,2024-02-25,1
SKU0185,2024-06-17,198,1022404.6799999999,5163.659999999999,0,0,Textiles,Throws,2501.47,5163.66,2024-02-25,0
SKU0185,2024-06-24,177,913967.82,5163.659999999999,0,0,Textiles,Throws,2501.47,5163.66,2024-02-25,0
SKU0185,2024-07-01,135,697094.1,5163.659999999999,0,0,Textiles,Throws,2501.47,5163.66,2024-02-25,0
SKU0185,2024-07-08,122,629966.52,5163.659999999999,0,0,Textiles,Throws,2501.47,5163.66,2024-02-25,0
SKU0185,2024-07-15,136,702257.76,5163.659999999999,0,0,Textiles,Throws,2501.47,5163.66,2024-02-25,0
SKU0185,2024-07-22,207,1068877.62,5163.659999999999,0,0,Textiles,Throws,2501.47,5163.66,2024-02-25,0
SKU0185,2024-07-29,171,882985.86,5163.659999999999,0,0,Textiles,Throws,2501.47,5163.66,2024-02-25,0
SKU0185,2024-08-05,202,1043059.32,5163.659999999999,0,0,Textiles,Throws,2501.47,5163.66,2024-02-25,0
SKU0185,2024-08-12,205,1058550.2999999998,5163.659999999999,0,1,Textiles,Throws,2501.47,5163.66,2024-02-25,0
SKU0185,2024-08-19,148,764221.6799999999,5163.659999999999,0,0,Textiles,Throws,2501.47,5163.66,2024-02-25,0
SKU0185,2024-08-26,216,1115350.56,5163.659999999999,0,0,Textiles,Throws,2501.47,5163.66,2024-02-25,0
SKU0185,2024-09-02,211,1089532.26,5163.659999999999,0,0,Textiles,Throws,2501.47,5163.66,2024-02-25,0
SKU0185,2024-09-09,216,1115350.56,5163.659999999999,0,0,Textiles,Throws,2501.47,5163.66,2024-02-25,0
SKU0185,2024-09-16,188,970768.08,5163.659999999999,0,0,Textiles,Throws,2501.47,5163.66,2024-02-25,0
SKU0185,2024-09-23,168,867494.88,5163.659999999999,0,0,Textiles,Throws,2501.47,5163.66,2024-02-25,0
SKU0185,2024-09-30,188,970768.08,5163.659999999999,0,1,Textiles,Throws,2501.47,5163.66,2024-02-25,0
SKU0185,2024-10-07,262,1352878.92,5163.659999999999,0,0,Textiles,Throws,2501.47,5163.66,2024-02-25,0
SKU0185,2024-10-14,227,1172150.82,5163.659999999999,0,0,Textiles,Throws,2501.47,5163.66,2024-02-25,0
SKU0185,2024-10-21,277,1430333.8199999998,5163.659999999999,0,0,Textiles,Throws,2501.47,5163.66,2024-02-25,0
SKU0185,2024-10-28,259,1337387.94,5163.659999999999,0,0,Textiles,Throws,2501.47,5163.66,2024-02-25,0
SKU0185,2024-11-04,381,1768004.08,4725.527142857143,3,0,Textiles,Throws,2501.47,5163.66,2024-02-25,1
SKU0185,2024-11-11,447,1923767.6099999999,4433.438571428572,5,0,Textiles,Throws,2501.47,5163.66,2024-02-25,1
SKU0185,2024-11-18,277,1430333.82,5163.659999999999,0,0,Textiles,Throws,2501.47,5163.66,2024-02-25,0
SKU0185,2024-11-25,359,1853753.94,5163.659999999999,0,0,Textiles,Throws,2501.47,5163.66,2024-02-25,0
SKU0185,2024-12-02,351,1812444.66,5163.659999999999,0,0,Textiles,Throws,2501.47,5163.66,2024-02-25,0
SKU0185,2024-12-09,324,1673025.84,5163.659999999999,0,0,Textiles,Throws,2501.47,5163.66,2024-02-25,0
SKU0185,2024-12-16,227,1058674.45,4725.527142857143,3,0,Textiles,Throws,2501.47,5163.66,2024-02-25,1
SKU0185,2024-12-23,529,2190774.35,4141.35,7,1,Textiles,Throws,2501.47,5163.66,2024-02-25,1
SKU0185,2024-12-30,315,1454804.89,4871.571428571428,2,1,Textiles,Throws,2501.47,5163.66,2024-02-25,1
SKU0185,2025-01-06,226,1166987.16,5163.659999999999,0,0,Textiles,Throws,2501.47,5163.66,2024-02-25,0
SKU0185,2025-01-13,232,1197969.12,5163.659999999999,0,0,Textiles,Throws,2501.47,5163.66,2024-02-25,0
SKU0185,2025-01-20,304,1569752.64,5163.659999999999,0,0,Textiles,Throws,2501.47,5163.66,2024-02-25,0
SKU0185,2025-01-27,356,1838262.96,5163.659999999999,0,0,Textiles,Throws,2501.47,5163.66,2024-02-25,0
SKU0185,2025-02-03,286,1476806.76,5163.659999999999,0,0,Textiles,Throws,2501.47,5163.66,2024-02-25,0
SKU0185,2025-02-10,288,1487134.08,5163.659999999999,0,0,Textiles,Throws,2501.47,5163.66,2024-02-25,0
SKU0185,2025-02-17,258,1332224.28,5163.659999999999,0,0,Textiles,Throws,2501.47,5163.66,2024-02-25,0
SKU0185,2025-02-24,298,1538770.68,5163.659999999999,0,0,Textiles,Throws,2501.47,5163.66,2024-02-25,0
SKU0185,2025-03-03,270,1394188.2,5163.659999999999,0,0,Textiles,Throws,2501.47,5163.66,2024-02-25,0
SKU0185,2025-03-10,326,1683353.16,5163.659999999999,0,0,Textiles,Throws,2501.47,5163.66,2024-02-25,0
SKU0185,2025-03-17,298,1538770.68,5163.659999999999,0,0,Textiles,Throws,2501.47,5163.66,2024-02-25,0
SKU0185,2025-03-24,239,1234114.74,5163.659999999999,0,0,Textiles,Throws,2501.47,5163.66,2024-02-25,0
SKU0185,2025-03-31,243,1254769.38,5163.659999999999,0,0,Textiles,Throws,2501.47,5163.66,2024-02-25,0
SKU0185,2025-04-07,152,784876.32,5163.659999999999,0,0,Textiles,Throws,2501.47,5163.66,2024-02-25,0
SKU0185,2025-04-14,272,1404515.52,5163.659999999999,0,0,Textiles,Throws,2501.47,5163.66,2024-02-25,0
SKU0185,2025-04-21,291,1502625.06,5163.659999999999,0,0,Textiles,Throws,2501.47,5163.66,2024-02-25,0
SKU0185,2025-04-28,163,841676.58,5163.659999999999,0,0,Textiles,Throws,2501.47,5163.66,2024-02-25,0
SKU0185,2025-05-05,179,924295.14,5163.659999999999,0,0,Textiles,Throws,2501.47,5163.66,2024-02-25,0
SKU0185,2025-05-12,229,1182478.14,5163.659999999999,0,0,Textiles,Throws,2501.47,5163.66,2024-02-25,0
SKU0185,2025-05-19,253,1306405.98,5163.659999999999,0,0,Textiles,Throws,2501.47,5163.66,2024-02-25,0
SKU0185,2025-05-26,125,602520.5,5017.615714285714,1,0,Textiles,Throws,2501.47,5163.66,2024-02-25,1
SKU0185,2025-06-02,385,1594419.91,4141.35,7,0,Textiles,Throws,2501.47,5163.66,2024-02-25,1
SKU0185,2025-06-09,227,1062763.7000000002,4871.571428571428,2,0,Textiles,Throws,2501.47,5163.66,2024-02-25,1
SKU0185,2025-06-16,163,841676.5800000001,5163.659999999999,0,0,Textiles,Throws,2501.47,5163.66,2024-02-25,0
SKU0185,2025-06-23,159,821021.94,5163.659999999999,0,0,Textiles,Throws,2501.47,5163.66,2024-02-25,0
SKU0185,2025-06-30,157,810694.62,5163.659999999999,0,0,Textiles,Throws,2501.47,5163.66,2024-02-25,0
SKU0185,2025-07-07,172,888149.52,5163.659999999999,0,0,Textiles,Throws,2501.47,5163.66,2024-02-25,0
SKU0185,2025-07-14,173,893313.18,5163.659999999999,0,0,Textiles,Throws,2501.47,5163.66,2024-02-25,0
SKU0185,2025-07-21,108,557675.28,5163.659999999999,0,0,Textiles,Throws,2501.47,5163.66,2024-02-25,0
SKU0185,2025-07-28,159,821021.94,5163.659999999999,0,0,Textiles,Throws,2501.47,5163.66,2024-02-25,0
SKU0185,2025-08-04,221,1141168.86,5163.659999999999,0,0,Textiles,Throws,2501.47,5163.66,2024-02-25,0
SKU0185,2025-08-11,199,1027568.3400000001,5163.659999999999,0,1,Textiles,Throws,2501.47,5163.66,2024-02-25,0
SKU0185,2025-08-18,234,1208296.44,5163.659999999999,0,0,Textiles,Throws,2501.47,5163.66,2024-02-25,0
SKU0185,2025-08-25,141,728076.0599999999,5163.659999999999,0,0,Textiles,Throws,2501.47,5163.66,2024-02-25,0
SKU0186,2024-09-02,22,118553.82,5388.81,0,0,Small Appliances,Climate,2332.71,5388.81,2024-09-07,0
SKU0186,2024-09-09,154,829876.74,5388.81,0,0,Small Appliances,Climate,2332.71,5388.81,2024-09-07,0
SKU0186,2024-09-16,115,619713.15,5388.81,0,0,Small Appliances,Climate,2332.71,5388.81,2024-09-07,0
SKU0186,2024-09-23,100,538881.0,5388.81,0,0,Small Appliances,Climate,2332.71,5388.81,2024-09-07,0
SKU0186,2024-09-30,230,1239426.3,5388.81,0,1,Small Appliances,Climate,2332.71,5388.81,2024-09-07,0
SKU0186,2024-10-07,118,635879.58,5388.81,0,0,Small Appliances,Climate,2332.71,5388.81,2024-09-07,0
SKU0186,2024-10-14,178,959208.1799999999,5388.81,0,0,Small Appliances,Climate,2332.71,5388.81,2024-09-07,0
SKU0186,2024-10-21,153,824487.9299999999,5388.81,0,0,Small Appliances,Climate,2332.71,5388.81,2024-09-07,0
SKU0186,2024-10-28,145,781377.4500000001,5388.81,0,0,Small Appliances,Climate,2332.71,5388.81,2024-09-07,0
SKU0186,2024-11-04,136,661971.43,4836.291428571429,3,0,Small Appliances,Climate,2332.71,5388.81,2024-09-07,1
SKU0186,2024-11-11,300,1285315.23,4467.9457142857145,5,0,Small Appliances,Climate,2332.71,5388.81,2024-09-07,1
SKU0186,2024-11-18,167,899931.27,5388.81,0,0,Small Appliances,Climate,2332.71,5388.81,2024-09-07,0
SKU0186,2024-11-25,141,759822.21,5388.81,0,0,Small Appliances,Climate,2332.71,5388.81,2024-09-07,0
SKU0186,2024-12-02,171,921486.51,5388.81,0,0,Small Appliances,Climate,2332.71,5388.81,2024-09-07,0
SKU0186,2024-12-09,104,560436.24,5388.81,0,0,Small Appliances,Climate,2332.71,5388.81,2024-09-07,0
SKU0186,2024-12-16,217,1032715.17,4836.291428571429,3,0,Small Appliances,Climate,2332.71,5388.81,2024-09-07,1
SKU0186,2024-12-23,344,1410261.3299999998,4099.6,7,1,Small Appliances,Climate,2332.71,5388.81,2024-09-07,1
SKU0186,2024-12-30,266,1203943.53,5020.464285714285,2,1,Small Appliances,Climate,2332.71,5388.81,2024-09-07,1
SKU0186,2025-01-06,173,932264.13,5388.81,0,0,Small Appliances,Climate,2332.71,5388.81,2024-09-07,0
SKU0186,2025-01-13,133,716711.73,5388.81,0,0,Small Appliances,Climate,2332.71,5388.81,2024-09-07,0
SKU0186,2025-01-20,158,851431.98,5388.81,0,0,Small Appliances,Climate,2332.71,5388.81,2024-09-07,0
SKU0186,2025-01-27,114,614324.34,5388.81,0,0,Small Appliances,Climate,2332.71,5388.81,2024-09-07,0
SKU0186,2025-02-03,187,1007707.47,5388.81,0,0,Small Appliances,Climate,2332.71,5388.81,2024-09-07,0
SKU0186,2025-02-10,157,846043.17,5388.81,0,0,Small Appliances,Climate,2332.71,5388.81,2024-09-07,0
SKU0186,2025-02-17,133,716711.73,5388.81,0,0,Small Appliances,Climate,2332.71,5388.81,2024-09-07,0
SKU0186,2025-02-24,205,1104706.05,5388.81,0,0,Small Appliances,Climate,2332.71,5388.81,2024-09-07,0
SKU0186,2025-03-03,137,738266.97,5388.81,0,0,Small Appliances,Climate,2332.71,5388.81,2024-09-07,0
SKU0186,2025-03-10,141,759822.21,5388.81,0,0,Small Appliances,Climate,2332.71,5388.81,2024-09-07,0
SKU0186,2025-03-17,140,754433.4,5388.81,0,0,Small Appliances,Climate,2332.71,5388.81,2024-09-07,0
SKU0186,2025-03-24,139,749044.59,5388.81,0,0,Small Appliances,Climate,2332.71,5388.81,2024-09-07,0
SKU0186,2025-03-31,117,630490.77,5388.81,0,0,Small Appliances,Climate,2332.71,5388.81,2024-09-07,0
SKU0186,2025-04-07,129,695156.49,5388.81,0,0,Small Appliances,Climate,2332.71,5388.81,2024-09-07,0
SKU0186,2025-04-14,130,700545.3,5388.81,0,0,Small Appliances,Climate,2332.71,5388.81,2024-09-07,0
SKU0186,2025-04-21,120,646657.2,5388.81,0,0,Small Appliances,Climate,2332.71,5388.81,2024-09-07,0
SKU0186,2025-04-28,154,829876.74,5388.81,0,0,Small Appliances,Climate,2332.71,5388.81,2024-09-07,0
SKU0186,2025-05-05,131,705934.11,5388.81,0,0,Small Appliances,Climate,2332.71,5388.81,2024-09-07,0
SKU0186,2025-05-12,87,468826.47,5388.81,0,0,Small Appliances,Climate,2332.71,5388.81,2024-09-07,0
SKU0186,2025-05-19,104,560436.24,5388.81,0,0,Small Appliances,Climate,2332.71,5388.81,2024-09-07,0
SKU0186,2025-05-26,120,636343.49,5204.637142857144,1,0,Small Appliances,Climate,2332.71,5388.81,2024-09-07,1
SKU0186,2025-06-02,152,623138.73,4099.6,7,0,Small Appliances,Climate,2332.71,5388.81,2024-09-07,1
SKU0186,2025-06-09,146,693942.92,5020.464285714285,2,0,Small Appliances,Climate,2332.71,5388.81,2024-09-07,1
SKU0186,2025-06-16,75,404160.75,5388.81,0,0,Small Appliances,Climate,2332.71,5388.81,2024-09-07,0
SKU0186,2025-06-23,130,700545.3,5388.81,0,0,Small Appliances,Climate,2332.71,5388.81,2024-09-07,0
SKU0186,2025-06-30,141,759822.2100000001,5388.81,0,0,Small Appliances,Climate,2332.71,5388.81,2024-09-07,0
SKU0186,2025-07-07,92,495770.52,5388.81,0,0,Small Appliances,Climate,2332.71,5388.81,2024-09-07,0
SKU0186,2025-07-14,81,436493.61,5388.81,0,0,Small Appliances,Climate,2332.71,5388.81,2024-09-07,0
SKU0186,2025-07-21,102,549658.62,5388.81,0,0,Small Appliances,Climate,2332.71,5388.81,2024-09-07,0
SKU0186,2025-07-28,121,652046.01,5388.81,0,0,Small Appliances,Climate,2332.71,5388.81,2024-09-07,0
SKU0186,2025-08-04,89,479604.09,5388.81,0,0,Small Appliances,Climate,2332.71,5388.81,2024-09-07,0
SKU0186,2025-08-11,125,673601.25,5388.81,0,1,Small Appliances,Climate,2332.71,5388.81,2024-09-07,0
SKU0186,2025-08-18,97,522714.57,5388.81,0,0,Small Appliances,Climate,2332.71,5388.81,2024-09-07,0
SKU0186,2025-08-25,123,662823.63,5388.81,0,0,Small Appliances,Climate,2332.71,5388.81,2024-09-07,0
SKU0187,2024-06-17,103,310595.47,3015.49,0,0,Textiles,Bedding,2131.14,3015.49,2024-06-20,0
SKU0187,2024-06-24,233,702609.17,3015.4900000000002,0,0,Textiles,Bedding,2131.14,3015.49,2024-06-20,0
SKU0187,2024-07-01,230,693562.7,3015.4900000000002,0,0,Textiles,Bedding,2131.14,3015.49,2024-06-20,0
SKU0187,2024-07-08,196,591036.04,3015.4900000000002,0,0,Textiles,Bedding,2131.14,3015.49,2024-06-20,0
SKU0187,2024-07-15,256,771965.44,3015.4900000000002,0,0,Textiles,Bedding,2131.14,3015.49,2024-06-20,0
SKU0187,2024-07-22,237,714671.13,3015.4900000000002,0,0,Textiles,Bedding,2131.14,3015.49,2024-06-20,0
SKU0187,2024-07-29,217,654361.33,3015.4900000000002,0,0,Textiles,Bedding,2131.14,3015.49,2024-06-20,0
SKU0187,2024-08-05,241,726733.09,3015.4900000000002,0,0,Textiles,Bedding,2131.14,3015.49,2024-06-20,0
SKU0187,2024-08-12,246,741810.54,3015.4900000000002,0,1,Textiles,Bedding,2131.14,3015.49,2024-06-20,0
SKU0187,2024-08-19,271,817197.79,3015.4900000000002,0,0,Textiles,Bedding,2131.14,3015.49,2024-06-20,0
SKU0187,2024-08-26,252,759903.48,3015.4900000000002,0,0,Textiles,Bedding,2131.14,3015.49,2024-06-20,0
SKU0187,2024-09-02,198,597067.02,3015.4900000000002,0,0,Textiles,Bedding,2131.14,3015.49,2024-06-20,0
SKU0187,2024-09-09,234,705624.66,3015.4900000000002,0,0,Textiles,Bedding,2131.14,3015.49,2024-06-20,0
SKU0187,2024-09-16,297,895600.53,3015.4900000000002,0,0,Textiles,Bedding,2131.14,3015.49,2024-06-20,0
SKU0187,2024-09-23,262,790058.38,3015.4900000000002,0,0,Textiles,Bedding,2131.14,3015.49,2024-06-20,0
SKU0187,2024-09-30,280,844337.2,3015.4900000000002,0,1,Textiles,Bedding,2131.14,3015.49,2024-06-20,0
SKU0187,2024-10-07,256,771965.44,3015.4900000000002,0,0,Textiles,Bedding,2131.14,3015.49,2024-06-20,0
SKU0187,2024-10-14,225,678485.25,3015.4900000000002,0,0,Textiles,Bedding,2131.14,3015.49,2024-06-20,0
SKU0187,2024-10-21,234,705624.6599999999,3015.4900000000002,0,0,Textiles,Bedding,2131.14,3015.49,2024-06-20,0
SKU0187,2024-10-28,306,922739.9400000001,3015.4900000000002,0,0,Textiles,Bedding,2131.14,3015.49,2024-06-20,0
SKU0187,2024-11-04,403,1076817.4,2706.5071428571428,3,0,Textiles,Bedding,2131.14,3015.49,2024-06-20,1
SKU0187,2024-11-11,371,888759.33,2500.5185714285717,5,0,Textiles,Bedding,2131.14,3015.49,2024-06-20,1
SKU0187,2024-11-18,240,723717.6,3015.4900000000002,0,0,Textiles,Bedding,2131.14,3015.49,2024-06-20,0
SKU0187,2024-11-25,256,771965.44,3015.4900000000002,0,0,Textiles,Bedding,2131.14,3015.49,2024-06-20,0
SKU0187,2024-12-02,202,609128.98,3015.4900000000002,0,0,Textiles,Bedding,2131.14,3015.49,2024-06-20,0
SKU0187,2024-12-09,261,787042.89,3015.4900000000002,0,0,Textiles,Bedding,2131.14,3015.49,2024-06-20,0
SKU0187,2024-12-16,345,895430.31,2706.5071428571428,3,0,Textiles,Bedding,2131.14,3015.49,2024-06-20,1
SKU0187,2024-12-23,520,1193153.58,2294.53,7,1,Textiles,Bedding,2131.14,3015.49,2024-06-20,1
SKU0187,2024-12-30,345,931478.5,2809.5014285714283,2,1,Textiles,Bedding,2131.14,3015.49,2024-06-20,1
SKU0187,2025-01-06,211,636268.39,3015.4900000000002,0,0,Textiles,Bedding,2131.14,3015.49,2024-06-20,0
SKU0187,2025-01-13,217,654361.3300000001,3015.4900000000002,0,0,Textiles,Bedding,2131.14,3015.49,2024-06-20,0
SKU0187,2025-01-20,200,603098.0,3015.4900000000002,0,0,Textiles,Bedding,2131.14,3015.49,2024-06-20,0
SKU0187,2025-01-27,227,684516.23,3015.4900000000002,0,0,Textiles,Bedding,2131.14,3015.49,2024-06-20,0
SKU0187,2025-02-03,194,585005.0599999999,3015.4900000000002,0,0,Textiles,Bedding,2131.14,3015.49,2024-06-20,0
SKU0187,2025-02-10,174,524695.26,3015.4900000000002,0,0,Textiles,Bedding,2131.14,3015.49,2024-06-20,0
SKU0187,2025-02-17,181,545803.69,3015.4900000000002,0,0,Textiles,Bedding,2131.14,3015.49,2024-06-20,0
SKU0187,2025-02-24,199,600082.51,3015.4900000000002,0,0,Textiles,Bedding,2131.14,3015.49,2024-06-20,0
SKU0187,2025-03-03,180,542788.2,3015.4900000000002,0,0,Textiles,Bedding,2131.14,3015.49,2024-06-20,0
SKU0187,2025-03-10,146,440261.54,3015.4900000000002,0,0,Textiles,Bedding,2131.14,3015.49,2024-06-20,0
SKU0187,2025-03-17,168,506602.32,3015.4900000000002,0,0,Textiles,Bedding,2131.14,3015.49,2024-06-20,0
SKU0187,2025-03-24,193,581989.5700000001,3015.4900000000002,0,0,Textiles,Bedding,2131.14,3015.49,2024-06-20,0
SKU0187,2025-03-31,171,515648.79,3015.4900000000002,0,0,Textiles,Bedding,2131.14,3015.49,2024-06-20,0
SKU0187,2025-04-07,219,660392.31,3015.4900000000002,0,0,Textiles,Bedding,2131.14,3015.49,2024-06-20,0
SKU0187,2025-04-14,153,461369.97,3015.4900000000002,0,0,Textiles,Bedding,2131.14,3015.49,2024-06-20,0
SKU0187,2025-04-21,185,557865.65,3015.4900000000002,0,0,Textiles,Bedding,2131.14,3015.49,2024-06-20,0
SKU0187,2025-04-28,169,509617.81,3015.4900000000002,0,0,Textiles,Bedding,2131.14,3015.49,2024-06-20,0
SKU0187,2025-05-05,165,497555.85,3015.4900000000002,0,0,Textiles,Bedding,2131.14,3015.49,2024-06-20,0
SKU0187,2025-05-12,137,413122.13,3015.4900000000002,0,0,Textiles,Bedding,2131.14,3015.49,2024-06-20,0
SKU0187,2025-05-19,197,594051.53,3015.4900000000002,0,0,Textiles,Bedding,2131.14,3015.49,2024-06-20,0
SKU0187,2025-05-26,213,606972.14,2912.495714285714,1,0,Textiles,Bedding,2131.14,3015.49,2024-06-20,1
SKU0187,2025-06-02,311,713597.63,2294.53,7,0,Textiles,Bedding,2131.14,3015.49,2024-06-20,1
SKU0187,2025-06-09,242,659815.0800000001,2809.5014285714283,2,0,Textiles,Bedding,2131.14,3015.49,2024-06-20,1
SKU0187,2025-06-16,221,666423.29,3015.4900000000002,0,0,Textiles,Bedding,2131.14,3015.49,2024-06-20,0
SKU0187,2025-06-23,156,470416.44,3015.4900000000002,0,0,Textiles,Bedding,2131.14,3015.49,2024-06-20,0
SKU0187,2025-06-30,217,654361.33,3015.4900000000002,0,0,Textiles,Bedding,2131.14,3015.49,2024-06-20,0
SKU0187,2025-07-07,201,606113.49,3015.4900000000002,0,0,Textiles,Bedding,2131.14,3015.49,2024-06-20,0
SKU0187,2025-07-14,180,542788.2,3015.4900000000002,0,0,Textiles,Bedding,2131.14,3015.49,2024-06-20,0
SKU0187,2025-07-21,203,612144.47,3015.4900000000002,0,0,Textiles,Bedding,2131.14,3015.49,2024-06-20,0
SKU0187,2025-07-28,196,591036.04,3015.4900000000002,0,0,Textiles,Bedding,2131.14,3015.49,2024-06-20,0
SKU0187,2025-08-04,243,732764.07,3015.4900000000002,0,0,Textiles,Bedding,2131.14,3015.49,2024-06-20,0
SKU0187,2025-08-11,237,714671.13,3015.4900000000002,0,1,Textiles,Bedding,2131.14,3015.49,2024-06-20,0
SKU0187,2025-08-18,208,627221.92,3015.4900000000002,0,0,Textiles,Bedding,2131.14,3015.49,2024-06-20,0
SKU0187,2025-08-25,246,741810.54,3015.4900000000002,0,0,Textiles,Bedding,2131.14,3015.49,2024-06-20,0
SKU0188,2024-06-24,155,195896.75,1263.85,0,0,Decor,Rugs,512.18,1263.85,2024-06-26,0
SKU0188,2024-07-01,268,338711.8,1263.85,0,0,Decor,Rugs,512.18,1263.85,2024-06-26,0
SKU0188,2024-07-08,245,309643.25,1263.85,0,0,Decor,Rugs,512.18,1263.85,2024-06-26,0
SKU0188,2024-07-15,253,319754.05,1263.85,0,0,Decor,Rugs,512.18,1263.85,2024-06-26,0
SKU0188,2024-07-22,234,295740.9,1263.85,0,0,Decor,Rugs,512.18,1263.85,2024-06-26,0
SKU0188,2024-07-29,217,274255.45,1263.85,0,0,Decor,Rugs,512.18,1263.85,2024-06-26,0
SKU0188,2024-08-05,223,281838.55,1263.85,0,0,Decor,Rugs,512.18,1263.85,2024-06-26,0
SKU0188,2024-08-12,280,353878.0,1263.85,0,1,Decor,Rugs,512.18,1263.85,2024-06-26,0
SKU0188,2024-08-19,242,305851.7,1263.85,0,0,Decor,Rugs,512.18,1263.85,2024-06-26,0
SKU0188,2024-08-26,289,365252.64999999997,1263.85,0,0,Decor,Rugs,512.18,1263.85,2024-06-26,0
SKU0188,2024-09-02,213,269200.05,1263.85,0,0,Decor,Rugs,512.18,1263.85,2024-06-26,0
SKU0188,2024-09-09,166,209799.1,1263.85,0,0,Decor,Rugs,512.18,1263.85,2024-06-26,0
SKU0188,2024-09-16,179,226229.15,1263.85,0,0,Decor,Rugs,512.18,1263.85,2024-06-26,0
SKU0188,2024-09-23,209,264144.65,1263.85,0,0,Decor,Rugs,512.18,1263.85,2024-06-26,0
SKU0188,2024-09-30,363,458777.55,1263.85,0,1,Decor,Rugs,512.18,1263.85,2024-06-26,0
SKU0188,2024-10-07,199,251506.15,1263.85,0,0,Decor,Rugs,512.18,1263.85,2024-06-26,0
SKU0188,2024-10-14,269,339975.65,1263.85,0,0,Decor,Rugs,512.18,1263.85,2024-06-26,0
SKU0188,2024-10-21,288,363988.8,1263.85,0,0,Decor,Rugs,512.18,1263.85,2024-06-26,0
SKU0188,2024-10-28,230,290685.5,1263.85,0,0,Decor,Rugs,512.18,1263.85,2024-06-26,0
SKU0188,2024-11-04,360,408641.22,1157.0628571428572,3,0,Decor,Rugs,512.18,1263.85,2024-06-26,1
SKU0188,2024-11-11,462,482488.33,1085.8714285714284,5,0,Decor,Rugs,512.18,1263.85,2024-06-26,1
SKU0188,2024-11-18,317,400640.45,1263.85,0,0,Decor,Rugs,512.18,1263.85,2024-06-26,0
SKU0188,2024-11-25,286,361461.1,1263.85,0,0,Decor,Rugs,512.18,1263.85,2024-06-26,0
SKU0188,2024-12-02,347,438555.95,1263.85,0,0,Decor,Rugs,512.18,1263.85,2024-06-26,0
SKU0188,2024-12-09,350,442347.5,1263.85,0,0,Decor,Rugs,512.18,1263.85,2024-06-26,0
SKU0188,2024-12-16,290,337114.97,1157.0628571428572,3,0,Decor,Rugs,512.18,1263.85,2024-06-26,1
SKU0188,2024-12-23,493,500239.44,1014.68,7,1,Decor,Rugs,512.18,1263.85,2024-06-26,1
SKU0188,2024-12-30,385,446715.76999999996,1192.6585714285713,2,1,Decor,Rugs,512.18,1263.85,2024-06-26,1
SKU0188,2025-01-06,242,305851.7,1263.85,0,0,Decor,Rugs,512.18,1263.85,2024-06-26,0
SKU0188,2025-01-13,341,430972.85,1263.85,0,0,Decor,Rugs,512.18,1263.85,2024-06-26,0
SKU0188,2025-01-20,320,404432.0,1263.85,0,0,Decor,Rugs,512.18,1263.85,2024-06-26,0
SKU0188,2025-01-27,343,433500.55,1263.85,0,0,Decor,Rugs,512.18,1263.85,2024-06-26,0
SKU0188,2025-02-03,279,352614.15,1263.85,0,0,Decor,Rugs,512.18,1263.85,2024-06-26,0
SKU0188,2025-02-10,265,334920.25,1263.85,0,0,Decor,Rugs,512.18,1263.85,2024-06-26,0
SKU0188,2025-02-17,322,406959.7,1263.85,0,0,Decor,Rugs,512.18,1263.85,2024-06-26,0
SKU0188,2025-02-24,293,370308.05,1263.85,0,0,Decor,Rugs,512.18,1263.85,2024-06-26,0
SKU0188,2025-03-03,223,281838.55,1263.85,0,0,Decor,Rugs,512.18,1263.85,2024-06-26,0
SKU0188,2025-03-10,213,269200.05,1263.85,0,0,Decor,Rugs,512.18,1263.85,2024-06-26,0
SKU0188,2025-03-17,288,363988.8,1263.85,0,0,Decor,Rugs,512.18,1263.85,2024-06-26,0
SKU0188,2025-03-24,330,417070.5,1263.85,0,0,Decor,Rugs,512.18,1263.85,2024-06-26,0
SKU0188,2025-03-31,278,351350.3,1263.85,0,0,Decor,Rugs,512.18,1263.85,2024-06-26,0
SKU0188,2025-04-07,288,363988.8,1263.85,0,0,Decor,Rugs,512.18,1263.85,2024-06-26,0
SKU0188,2025-04-14,294,371571.9,1263.85,0,0,Decor,Rugs,512.18,1263.85,2024-06-26,0
SKU0188,2025-04-21,295,372835.75,1263.85,0,0,Decor,Rugs,512.18,1263.85,2024-06-26,0
SKU0188,2025-04-28,191,241395.35,1263.85,0,0,Decor,Rugs,512.18,1263.85,2024-06-26,0
SKU0188,2025-05-05,272,343767.2,1263.85,0,0,Decor,Rugs,512.18,1263.85,2024-06-26,0
SKU0188,2025-05-12,286,361461.1,1263.85,0,0,Decor,Rugs,512.18,1263.85,2024-06-26,0
SKU0188,2025-05-19,202,255297.7,1263.85,0,0,Decor,Rugs,512.18,1263.85,2024-06-26,0
SKU0188,2025-05-26,238,292075.51,1228.2542857142855,1,0,Decor,Rugs,512.18,1263.85,2024-06-26,1
SKU0188,2025-06-02,422,428196.87,1014.68,7,0,Decor,Rugs,512.18,1263.85,2024-06-26,1
SKU0188,2025-06-09,248,284033.27,1192.6585714285713,2,0,Decor,Rugs,512.18,1263.85,2024-06-26,1
SKU0188,2025-06-16,222,280574.7,1263.85,0,0,Decor,Rugs,512.18,1263.85,2024-06-26,0
SKU0188,2025-06-23,208,262880.8,1263.85,0,0,Decor,Rugs,512.18,1263.85,2024-06-26,0
SKU0188,2025-06-30,263,332392.55,1263.85,0,0,Decor,Rugs,512.18,1263.85,2024-06-26,0
SKU0188,2025-07-07,209,264144.65,1263.85,0,0,Decor,Rugs,512.18,1263.85,2024-06-26,0
SKU0188,2025-07-14,206,260353.1,1263.85,0,0,Decor,Rugs,512.18,1263.85,2024-06-26,0
SKU0188,2025-07-21,186,235076.1,1263.85,0,0,Decor,Rugs,512.18,1263.85,2024-06-26,0
SKU0188,2025-07-28,283,357669.55,1263.85,0,0,Decor,Rugs,512.18,1263.85,2024-06-26,0
SKU0188,2025-08-04,194,245186.9,1263.85,0,0,Decor,Rugs,512.18,1263.85,2024-06-26,0
SKU0188,2025-08-11,240,303324.0,1263.85,0,1,Decor,Rugs,512.18,1263.85,2024-06-26,0
SKU0188,2025-08-18,243,307115.55,1263.85,0,0,Decor,Rugs,512.18,1263.85,2024-06-26,0
SKU0188,2025-08-25,279,352614.15,1263.85,0,0,Decor,Rugs,512.18,1263.85,2024-06-26,0
SKU0189,2024-12-16,73,120715.6,1653.64,2,0,Decor,Wall Art,725.09,1851.78,2024-12-21,1
SKU0189,2024-12-23,401,663108.9500000001,1653.64,7,1,Decor,Wall Art,725.09,1851.78,2024-12-21,1
SKU0189,2024-12-30,348,617670.3099999999,1795.1685714285716,2,1,Decor,Wall Art,725.09,1851.78,2024-12-21,1
SKU0189,2025-01-06,210,388873.8,1851.78,0,0,Decor,Wall Art,725.09,1851.78,2024-12-21,0
SKU0189,2025-01-13,252,466648.56,1851.78,0,0,Decor,Wall Art,725.09,1851.78,2024-12-21,0
SKU0189,2025-01-20,143,264804.54,1851.78,0,0,Decor,Wall Art,725.09,1851.78,2024-12-21,0
SKU0189,2025-01-27,238,440723.64,1851.78,0,0,Decor,Wall Art,725.09,1851.78,2024-12-21,0
SKU0189,2025-02-03,230,425909.39999999997,1851.78,0,0,Decor,Wall Art,725.09,1851.78,2024-12-21,0
SKU0189,2025-02-10,223,412946.94,1851.78,0,0,Decor,Wall Art,725.09,1851.78,2024-12-21,0
SKU0189,2025-02-17,296,548126.88,1851.78,0,0,Decor,Wall Art,725.09,1851.78,2024-12-21,0
SKU0189,2025-02-24,233,431464.74,1851.78,0,0,Decor,Wall Art,725.09,1851.78,2024-12-21,0
SKU0189,2025-03-03,224,414798.72,1851.78,0,0,Decor,Wall Art,725.09,1851.78,2024-12-21,0
SKU0189,2025-03-10,262,485166.36,1851.78,0,0,Decor,Wall Art,725.09,1851.78,2024-12-21,0
SKU0189,2025-03-17,255,472203.89999999997,1851.78,0,0,Decor,Wall Art,725.09,1851.78,2024-12-21,0
SKU0189,2025-03-24,420,777747.6,1851.78,0,0,Decor,Wall Art,725.09,1851.78,2024-12-21,0
SKU0189,2025-03-31,354,655530.12,1851.78,0,0,Decor,Wall Art,725.09,1851.78,2024-12-21,0
SKU0189,2025-04-07,318,588866.04,1851.78,0,0,Decor,Wall Art,725.09,1851.78,2024-12-21,0
SKU0189,2025-04-14,327,605532.06,1851.78,0,0,Decor,Wall Art,725.09,1851.78,2024-12-21,0
SKU0189,2025-04-21,295,546275.1,1851.78,0,0,Decor,Wall Art,725.09,1851.78,2024-12-21,0
SKU0189,2025-04-28,301,557385.78,1851.78,0,0,Decor,Wall Art,725.09,1851.78,2024-12-21,0
SKU0189,2025-05-05,349,646271.22,1851.78,0,0,Decor,Wall Art,725.09,1851.78,2024-12-21,0
SKU0189,2025-05-12,417,772192.26,1851.78,0,0,Decor,Wall Art,725.09,1851.78,2024-12-21,0
SKU0189,2025-05-19,272,503684.16,1851.78,0,0,Decor,Wall Art,725.09,1851.78,2024-12-21,0
SKU0189,2025-05-26,546,992248.4199999999,1823.4742857142858,1,0,Decor,Wall Art,725.09,1851.78,2024-12-21,1
SKU0189,2025-06-02,966,1597414.6,1653.64,7,0,Decor,Wall Art,725.09,1851.78,2024-12-21,1
SKU0189,2025-06-09,397,688989.65,1795.1685714285716,2,0,Decor,Wall Art,725.09,1851.78,2024-12-21,1
SKU0189,2025-06-16,365,675899.7,1851.78,0,0,Decor,Wall Art,725.09,1851.78,2024-12-21,0
SKU0189,2025-06-23,413,764785.14,1851.78,0,0,Decor,Wall Art,725.09,1851.78,2024-12-21,0
SKU0189,2025-06-30,492,911075.76,1851.78,0,0,Decor,Wall Art,725.09,1851.78,2024-12-21,0
SKU0189,2025-07-07,411,761081.5800000001,1851.78,0,0,Decor,Wall Art,725.09,1851.78,2024-12-21,0
SKU0189,2025-07-14,414,766636.92,1851.78,0,0,Decor,Wall Art,725.09,1851.78,2024-12-21,0
SKU0189,2025-07-21,398,737008.44,1851.78,0,0,Decor,Wall Art,725.09,1851.78,2024-12-21,0
SKU0189,2025-07-28,422,781451.16,1851.78,0,0,Decor,Wall Art,725.09,1851.78,2024-12-21,0
SKU0189,2025-08-04,357,661085.46,1851.78,0,0,Decor,Wall Art,725.09,1851.78,2024-12-21,0
SKU0189,2025-08-11,278,514794.83999999997,1851.78,0,1,Decor,Wall Art,725.09,1851.78,2024-12-21,0
SKU0189,2025-08-18,294,544423.32,1851.78,0,0,Decor,Wall Art,725.09,1851.78,2024-12-21,0
SKU0189,2025-08-25,449,831449.22,1851.78,0,0,Decor,Wall Art,725.09,1851.78,2024-12-21,0
SKU0190,2025-06-02,268,1321110.3900000001,4929.52,4,0,Furniture,Chairs,3663.44,6061.44,2025-06-05,1
SKU0190,2025-06-09,285,1575832.64,5738.034285714285,2,0,Furniture,Chairs,3663.44,6061.44,2025-06-05,1
SKU0190,2025-06-16,244,1478991.3599999999,6061.44,0,0,Furniture,Chairs,3663.44,6061.44,2025-06-05,0
SKU0190,2025-06-23,250,1515360.0,6061.44,0,0,Furniture,Chairs,3663.44,6061.44,2025-06-05,0
SKU0190,2025-06-30,134,812232.96,6061.44,0,0,Furniture,Chairs,3663.44,6061.44,2025-06-05,0
SKU0190,2025-07-07,206,1248656.64,6061.44,0,0,Furniture,Chairs,3663.44,6061.44,2025-06-05,0
SKU0190,2025-07-14,272,1648711.68,6061.44,0,0,Furniture,Chairs,3663.44,6061.44,2025-06-05,0
SKU0190,2025-07-21,159,963768.96,6061.44,0,0,Furniture,Chairs,3663.44,6061.44,2025-06-05,0
SKU0190,2025-07-28,206,1248656.6400000001,6061.44,0,0,Furniture,Chairs,3663.44,6061.44,2025-06-05,0
SKU0190,2025-08-04,249,1509298.56,6061.44,0,0,Furniture,Chairs,3663.44,6061.44,2025-06-05,0
SKU0190,2025-08-11,193,1169857.92,6061.44,0,1,Furniture,Chairs,3663.44,6061.44,2025-06-05,0
SKU0190,2025-08-18,193,1169857.92,6061.44,0,0,Furniture,Chairs,3663.44,6061.44,2025-06-05,0
SKU0190,2025-08-25,217,1315332.48,6061.44,0,0,Furniture,Chairs,3663.44,6061.44,2025-06-05,0
SKU0191,2025-01-20,32,209626.88,6550.84,0,0,Decor,Rugs,3531.71,6550.84,2025-01-26,0
SKU0191,2025-01-27,314,2056963.76,6550.840000000001,0,0,Decor,Rugs,3531.71,6550.84,2025-01-26,0
SKU0191,2025-02-03,215,1408430.6,6550.840000000001,0,0,Decor,Rugs,3531.71,6550.84,2025-01-26,0
SKU0191,2025-02-10,320,2096268.8,6550.840000000001,0,0,Decor,Rugs,3531.71,6550.84,2025-01-26,0
SKU0191,2025-02-17,289,1893192.76,6550.840000000001,0,0,Decor,Rugs,3531.71,6550.84,2025-01-26,0
SKU0191,2025-02-24,289,1893192.76,6550.840000000001,0,0,Decor,Rugs,3531.71,6550.84,2025-01-26,0
SKU0191,2025-03-03,184,1205354.56,6550.840000000001,0,0,Decor,Rugs,3531.71,6550.84,2025-01-26,0
SKU0191,2025-03-10,226,1480489.84,6550.840000000001,0,0,Decor,Rugs,3531.71,6550.84,2025-01-26,0
SKU0191,2025-03-17,257,1683565.8800000001,6550.840000000001,0,0,Decor,Rugs,3531.71,6550.84,2025-01-26,0
SKU0191,2025-03-24,182,1192252.8800000001,6550.840000000001,0,0,Decor,Rugs,3531.71,6550.84,2025-01-26,0
SKU0191,2025-03-31,287,1880091.08,6550.840000000001,0,0,Decor,Rugs,3531.71,6550.84,2025-01-26,0
SKU0191,2025-04-07,218,1428083.12,6550.840000000001,0,0,Decor,Rugs,3531.71,6550.84,2025-01-26,0
SKU0191,2025-04-14,220,1441184.8,6550.840000000001,0,0,Decor,Rugs,3531.71,6550.84,2025-01-26,0
SKU0191,2025-04-21,205,1342922.2,6550.840000000001,0,0,Decor,Rugs,3531.71,6550.84,2025-01-26,0
SKU0191,2025-04-28,193,1264312.12,6550.840000000001,0,0,Decor,Rugs,3531.71,6550.84,2025-01-26,0
SKU0191,2025-05-05,157,1028481.88,6550.840000000001,0,0,Decor,Rugs,3531.71,6550.84,2025-01-26,0
SKU0191,2025-05-12,189,1238108.76,6550.840000000001,0,0,Decor,Rugs,3531.71,6550.84,2025-01-26,0
SKU0191,2025-05-19,212,1388778.08,6550.840000000001,0,0,Decor,Rugs,3531.71,6550.84,2025-01-26,0
SKU0191,2025-05-26,198,1256447.8399999999,6357.418571428571,1,0,Decor,Rugs,3531.71,6550.84,2025-01-26,1
SKU0191,2025-06-02,343,1782533.52,5196.89,7,0,Decor,Rugs,3531.71,6550.84,2025-01-26,1
SKU0191,2025-06-09,250,1427847.8599999999,6163.997142857143,2,0,Decor,Rugs,3531.71,6550.84,2025-01-26,1
SKU0191,2025-06-16,194,1270862.96,6550.840000000001,0,0,Decor,Rugs,3531.71,6550.84,2025-01-26,0
SKU0191,2025-06-23,123,805753.3200000001,6550.840000000001,0,0,Decor,Rugs,3531.71,6550.84,2025-01-26,0
SKU0191,2025-06-30,178,1166049.52,6550.840000000001,0,0,Decor,Rugs,3531.71,6550.84,2025-01-26,0
SKU0191,2025-07-07,189,1238108.76,6550.840000000001,0,0,Decor,Rugs,3531.71,6550.84,2025-01-26,0
SKU0191,2025-07-14,117,766448.28,6550.840000000001,0,0,Decor,Rugs,3531.71,6550.84,2025-01-26,0
SKU0191,2025-07-21,215,1408430.6,6550.840000000001,0,0,Decor,Rugs,3531.71,6550.84,2025-01-26,0
SKU0191,2025-07-28,201,1316718.8399999999,6550.840000000001,0,0,Decor,Rugs,3531.71,6550.84,2025-01-26,0
SKU0191,2025-08-04,195,1277413.8,6550.840000000001,0,0,Decor,Rugs,3531.71,6550.84,2025-01-26,0
SKU0191,2025-08-11,226,1480489.84,6550.840000000001,0,1,Decor,Rugs,3531.71,6550.84,2025-01-26,0
SKU0191,2025-08-18,93,609228.12,6550.840000000001,0,0,Decor,Rugs,3531.71,6550.84,2025-01-26,0
SKU0191,2025-08-25,214,1401879.76,6550.840000000001,0,0,Decor,Rugs,3531.71,6550.84,2025-01-26,0
SKU0192,2024-11-25,15,98915.4,6594.36,0,0,Small Appliances,Climate,3164.4,6594.36,2024-11-30,0
SKU0192,2024-12-02,52,342906.72000000003,6594.36,0,0,Small Appliances,Climate,3164.4,6594.36,2024-11-30,0
SKU0192,2024-12-09,61,402255.95999999996,6594.36,0,0,Small Appliances,Climate,3164.4,6594.36,2024-11-30,0
SKU0192,2024-12-16,104,629622.73,6122.168571428571,3,0,Small Appliances,Climate,3164.4,6594.36,2024-11-30,1
SKU0192,2024-12-23,106,582213.64,5492.58,7,1,Small Appliances,Climate,3164.4,6594.36,2024-11-30,1
SKU0192,2024-12-30,64,394494.57,6279.565714285714,2,1,Small Appliances,Climate,3164.4,6594.36,2024-11-30,1
SKU0192,2025-01-06,64,422039.04000000004,6594.36,0,0,Small Appliances,Climate,3164.4,6594.36,2024-11-30,0
SKU0192,2025-01-13,46,303340.56,6594.36,0,0,Small Appliances,Climate,3164.4,6594.36,2024-11-30,0
SKU0192,2025-01-20,69,455010.84,6594.36,0,0,Small Appliances,Climate,3164.4,6594.36,2024-11-30,0
SKU0192,2025-01-27,84,553926.24,6594.36,0,0,Small Appliances,Climate,3164.4,6594.36,2024-11-30,0
SKU0192,2025-02-03,68,448416.48,6594.36,0,0,Small Appliances,Climate,3164.4,6594.36,2024-11-30,0
SKU0192,2025-02-10,60,395661.60000000003,6594.36,0,0,Small Appliances,Climate,3164.4,6594.36,2024-11-30,0
SKU0192,2025-02-17,73,481388.28,6594.36,0,0,Small Appliances,Climate,3164.4,6594.36,2024-11-30,0
SKU0192,2025-02-24,50,329718.0,6594.36,0,0,Small Appliances,Climate,3164.4,6594.36,2024-11-30,0
SKU0192,2025-03-03,67,441822.12,6594.36,0,0,Small Appliances,Climate,3164.4,6594.36,2024-11-30,0
SKU0192,2025-03-10,52,342906.72000000003,6594.36,0,0,Small Appliances,Climate,3164.4,6594.36,2024-11-30,0
SKU0192,2025-03-17,44,290151.84,6594.36,0,0,Small Appliances,Climate,3164.4,6594.36,2024-11-30,0
SKU0192,2025-03-24,81,534143.16,6594.36,0,0,Small Appliances,Climate,3164.4,6594.36,2024-11-30,0
SKU0192,2025-03-31,76,501171.36,6594.36,0,0,Small Appliances,Climate,3164.4,6594.36,2024-11-30,0
SKU0192,2025-04-07,46,303340.56,6594.36,0,0,Small Appliances,Climate,3164.4,6594.36,2024-11-30,0
SKU0192,2025-04-14,48,316529.28,6594.36,0,0,Small Appliances,Climate,3164.4,6594.36,2024-11-30,0
SKU0192,2025-04-21,72,474793.92000000004,6594.36,0,0,Small Appliances,Climate,3164.4,6594.36,2024-11-30,0
SKU0192,2025-04-28,54,356095.44,6594.36,0,0,Small Appliances,Climate,3164.4,6594.36,2024-11-30,0
SKU0192,2025-05-05,64,422039.04,6594.36,0,0,Small Appliances,Climate,3164.4,6594.36,2024-11-30,0
SKU0192,2025-05-12,56,369284.16000000003,6594.36,0,0,Small Appliances,Climate,3164.4,6594.36,2024-11-30,0
SKU0192,2025-05-19,41,270368.76,6594.36,0,0,Small Appliances,Climate,3164.4,6594.36,2024-11-30,0
SKU0192,2025-05-26,78,487917.4,6436.962857142857,1,0,Small Appliances,Climate,3164.4,6594.36,2024-11-30,1
SKU0192,2025-06-02,96,527287.83,5492.58,7,0,Small Appliances,Climate,3164.4,6594.36,2024-11-30,1
SKU0192,2025-06-09,62,384611.19,6279.565714285714,2,0,Small Appliances,Climate,3164.4,6594.36,2024-11-30,1
SKU0192,2025-06-16,49,323123.64,6594.36,0,0,Small Appliances,Climate,3164.4,6594.36,2024-11-30,0
SKU0192,2025-06-23,47,309934.92,6594.36,0,0,Small Appliances,Climate,3164.4,6594.36,2024-11-30,0
SKU0192,2025-06-30,72,474793.92,6594.36,0,0,Small Appliances,Climate,3164.4,6594.36,2024-11-30,0
SKU0192,2025-07-07,53,349501.08,6594.36,0,0,Small Appliances,Climate,3164.4,6594.36,2024-11-30,0
SKU0192,2025-07-14,49,323123.64,6594.36,0,0,Small Appliances,Climate,3164.4,6594.36,2024-11-30,0
SKU0192,2025-07-21,66,435227.76,6594.36,0,0,Small Appliances,Climate,3164.4,6594.36,2024-11-30,0
SKU0192,2025-07-28,57,375878.52,6594.36,0,0,Small Appliances,Climate,3164.4,6594.36,2024-11-30,0
SKU0192,2025-08-04,53,349501.08,6594.36,0,0,Small Appliances,Climate,3164.4,6594.36,2024-11-30,0
SKU0192,2025-08-11,71,468199.56,6594.36,0,1,Small Appliances,Climate,3164.4,6594.36,2024-11-30,0
SKU0192,2025-08-18,48,316529.28,6594.36,0,0,Small Appliances,Climate,3164.4,6594.36,2024-11-30,0
SKU0192,2025-08-25,48,316529.28,6594.36,0,0,Small Appliances,Climate,3164.4,6594.36,2024-11-30,0
SKU0193,2025-05-19,8,65685.04,8210.63,0,0,Furniture,Storage,3482.45,8210.63,2025-05-25,0
SKU0193,2025-05-26,47,361464.56,7961.2928571428565,1,0,Furniture,Storage,3482.45,8210.63,2025-05-25,1
SKU0193,2025-06-02,108,698249.11,6465.2699999999995,7,0,Furniture,Storage,3482.45,8210.63,2025-05-25,1
SKU0193,2025-06-09,49,374395.1,7711.955714285714,2,0,Furniture,Storage,3482.45,8210.63,2025-05-25,1
SKU0193,2025-06-16,56,459795.27999999997,8210.63,0,0,Furniture,Storage,3482.45,8210.63,2025-05-25,0
SKU0193,2025-06-23,36,295582.68,8210.63,0,0,Furniture,Storage,3482.45,8210.63,2025-05-25,0
SKU0193,2025-06-30,42,344846.45999999996,8210.63,0,0,Furniture,Storage,3482.45,8210.63,2025-05-25,0
SKU0193,2025-07-07,52,426952.76,8210.63,0,0,Furniture,Storage,3482.45,8210.63,2025-05-25,0
SKU0193,2025-07-14,52,426952.75999999995,8210.63,0,0,Furniture,Storage,3482.45,8210.63,2025-05-25,0
SKU0193,2025-07-21,58,476216.54,8210.63,0,0,Furniture,Storage,3482.45,8210.63,2025-05-25,0
SKU0193,2025-07-28,36,295582.68,8210.63,0,0,Furniture,Storage,3482.45,8210.63,2025-05-25,0
SKU0193,2025-08-04,40,328425.2,8210.63,0,0,Furniture,Storage,3482.45,8210.63,2025-05-25,0
SKU0193,2025-08-11,37,303793.31,8210.63,0,1,Furniture,Storage,3482.45,8210.63,2025-05-25,0
SKU0193,2025-08-18,44,361267.72000000003,8210.63,0,0,Furniture,Storage,3482.45,8210.63,2025-05-25,0
SKU0193,2025-08-25,56,459795.27999999997,8210.63,0,0,Furniture,Storage,3482.45,8210.63,2025-05-25,0
SKU0194,2024-06-24,15,9235.05,615.67,0,0,Furniture,Chairs,239.09,615.67,2024-06-28,0
SKU0194,2024-07-01,59,36324.53,615.67,0,0,Furniture,Chairs,239.09,615.67,2024-06-28,0
SKU0194,2024-07-08,39,24011.13,615.67,0,0,Furniture,Chairs,239.09,615.67,2024-06-28,0
SKU0194,2024-07-15,49,30167.83,615.67,0,0,Furniture,Chairs,239.09,615.67,2024-06-28,0
SKU0194,2024-07-22,42,25858.14,615.67,0,0,Furniture,Chairs,239.09,615.67,2024-06-28,0
SKU0194,2024-07-29,44,27089.48,615.67,0,0,Furniture,Chairs,239.09,615.67,2024-06-28,0
SKU0194,2024-08-05,38,23395.46,615.67,0,0,Furniture,Chairs,239.09,615.67,2024-06-28,0
SKU0194,2024-08-12,32,19701.44,615.67,0,1,Furniture,Chairs,239.09,615.67,2024-06-28,0
SKU0194,2024-08-19,44,27089.48,615.67,0,0,Furniture,Chairs,239.09,615.67,2024-06-28,0
SKU0194,2024-08-26,53,32630.51,615.67,0,0,Furniture,Chairs,239.09,615.67,2024-06-28,0
SKU0194,2024-09-02,31,19085.77,615.67,0,0,Furniture,Chairs,239.09,615.67,2024-06-28,0
SKU0194,2024-09-09,32,19701.44,615.67,0,0,Furniture,Chairs,239.09,615.67,2024-06-28,0
SKU0194,2024-09-16,31,19085.77,615.67,0,0,Furniture,Chairs,239.09,615.67,2024-06-28,0
SKU0194,2024-09-23,28,17238.76,615.67,0,0,Furniture,Chairs,239.09,615.67,2024-06-28,0
SKU0194,2024-09-30,46,28320.82,615.67,0,1,Furniture,Chairs,239.09,615.67,2024-06-28,0
SKU0194,2024-10-07,32,19701.44,615.67,0,0,Furniture,Chairs,239.09,615.67,2024-06-28,0
SKU0194,2024-10-14,32,19701.44,615.67,0,0,Furniture,Chairs,239.09,615.67,2024-06-28,0
SKU0194,2024-10-21,44,27089.48,615.67,0,0,Furniture,Chairs,239.09,615.67,2024-06-28,0
SKU0194,2024-10-28,31,19085.77,615.67,0,0,Furniture,Chairs,239.09,615.67,2024-06-28,0
SKU0194,2024-11-04,52,27991.85,563.4228571428572,3,0,Furniture,Chairs,239.09,615.67,2024-06-28,1
SKU0194,2024-11-11,61,30850.88,528.5914285714285,5,0,Furniture,Chairs,239.09,615.67,2024-06-28,1
SKU0194,2024-11-18,29,17854.43,615.67,0,0,Furniture,Chairs,239.09,615.67,2024-06-28,0
SKU0194,2024-11-25,30,18470.1,615.67,0,0,Furniture,Chairs,239.09,615.67,2024-06-28,0
SKU0194,2024-12-02,25,15391.75,615.67,0,0,Furniture,Chairs,239.09,615.67,2024-06-28,0
SKU0194,2024-12-09,46,28320.82,615.67,0,0,Furniture,Chairs,239.09,615.67,2024-06-28,0
SKU0194,2024-12-16,39,21572.95,563.4228571428572,3,0,Furniture,Chairs,239.09,615.67,2024-06-28,1
SKU0194,2024-12-23,59,29131.910000000003,493.75999999999993,7,1,Furniture,Chairs,239.09,615.67,2024-06-28,1
SKU0194,2024-12-30,36,20335.48,580.8385714285714,2,1,Furniture,Chairs,239.09,615.67,2024-06-28,1
SKU0194,2025-01-06,47,28936.489999999998,615.67,0,0,Furniture,Chairs,239.09,615.67,2024-06-28,0
SKU0194,2025-01-13,47,28936.489999999998,615.67,0,0,Furniture,Chairs,239.09,615.67,2024-06-28,0
SKU0194,2025-01-20,42,25858.14,615.67,0,0,Furniture,Chairs,239.09,615.67,2024-06-28,0
SKU0194,2025-01-27,56,34477.52,615.67,0,0,Furniture,Chairs,239.09,615.67,2024-06-28,0
SKU0194,2025-02-03,43,26473.809999999998,615.67,0,0,Furniture,Chairs,239.09,615.67,2024-06-28,0
SKU0194,2025-02-10,40,24626.8,615.67,0,0,Furniture,Chairs,239.09,615.67,2024-06-28,0
SKU0194,2025-02-17,46,28320.82,615.67,0,0,Furniture,Chairs,239.09,615.67,2024-06-28,0
SKU0194,2025-02-24,35,21548.45,615.67,0,0,Furniture,Chairs,239.09,615.67,2024-06-28,0
SKU0194,2025-03-03,54,33246.18,615.67,0,0,Furniture,Chairs,239.09,615.67,2024-06-28,0
SKU0194,2025-03-10,28,17238.76,615.67,0,0,Furniture,Chairs,239.09,615.67,2024-06-28,0
SKU0194,2025-03-17,29,17854.43,615.67,0,0,Furniture,Chairs,239.09,615.67,2024-06-28,0
SKU0194,2025-03-24,39,24011.129999999997,615.67,0,0,Furniture,Chairs,239.09,615.67,2024-06-28,0
SKU0194,2025-03-31,46,28320.82,615.67,0,0,Furniture,Chairs,239.09,615.67,2024-06-28,0
SKU0194,2025-04-07,33,20317.11,615.67,0,0,Furniture,Chairs,239.09,615.67,2024-06-28,0
SKU0194,2025-04-14,52,32014.84,615.67,0,0,Furniture,Chairs,239.09,615.67,2024-06-28,0
SKU0194,2025-04-21,40,24626.8,615.67,0,0,Furniture,Chairs,239.09,615.67,2024-06-28,0
SKU0194,2025-04-28,40,24626.8,615.67,0,0,Furniture,Chairs,239.09,615.67,2024-06-28,0
SKU0194,2025-05-05,52,32014.839999999997,615.67,0,0,Furniture,Chairs,239.09,615.67,2024-06-28,0
SKU0194,2025-05-12,40,24626.8,615.67,0,0,Furniture,Chairs,239.09,615.67,2024-06-28,0
SKU0194,2025-05-19,35,21548.45,615.67,0,0,Furniture,Chairs,239.09,615.67,2024-06-28,0
SKU0194,2025-05-26,52,31161.479999999996,598.2542857142856,1,0,Furniture,Chairs,239.09,615.67,2024-06-28,1
SKU0194,2025-06-02,102,50363.64,493.75999999999993,7,0,Furniture,Chairs,239.09,615.67,2024-06-28,1
SKU0194,2025-06-09,38,21201.1,580.8385714285714,2,0,Furniture,Chairs,239.09,615.67,2024-06-28,1
SKU0194,2025-06-16,41,25242.47,615.67,0,0,Furniture,Chairs,239.09,615.67,2024-06-28,0
SKU0194,2025-06-23,48,29552.159999999996,615.67,0,0,Furniture,Chairs,239.09,615.67,2024-06-28,0
SKU0194,2025-06-30,57,35093.19,615.67,0,0,Furniture,Chairs,239.09,615.67,2024-06-28,0
SKU0194,2025-07-07,38,23395.46,615.67,0,0,Furniture,Chairs,239.09,615.67,2024-06-28,0
SKU0194,2025-07-14,29,17854.43,615.67,0,0,Furniture,Chairs,239.09,615.67,2024-06-28,0
SKU0194,2025-07-21,31,19085.77,615.67,0,0,Furniture,Chairs,239.09,615.67,2024-06-28,0
SKU0194,2025-07-28,60,36940.2,615.67,0,0,Furniture,Chairs,239.09,615.67,2024-06-28,0
SKU0194,2025-08-04,54,33246.18,615.67,0,0,Furniture,Chairs,239.09,615.67,2024-06-28,0
SKU0194,2025-08-11,43,26473.809999999998,615.67,0,1,Furniture,Chairs,239.09,615.67,2024-06-28,0
SKU0194,2025-08-18,31,19085.77,615.67,0,0,Furniture,Chairs,239.09,615.67,2024-06-28,0
SKU0194,2025-08-25,42,25858.14,615.67,0,0,Furniture,Chairs,239.09,615.67,2024-06-28,0
SKU0195,2025-01-13,85,568076.25,6683.25,0,0,Decor,Rugs,3567.15,6683.25,2025-01-16,0
SKU0195,2025-01-20,102,681691.5,6683.25,0,0,Decor,Rugs,3567.15,6683.25,2025-01-16,0
SKU0195,2025-01-27,85,568076.25,6683.25,0,0,Decor,Rugs,3567.15,6683.25,2025-01-16,0
SKU0195,2025-02-03,106,708424.5,6683.25,0,0,Decor,Rugs,3567.15,6683.25,2025-01-16,0
SKU0195,2025-02-10,78,521293.5,6683.25,0,0,Decor,Rugs,3567.15,6683.25,2025-01-16,0
SKU0195,2025-02-17,140,935655.0,6683.25,0,0,Decor,Rugs,3567.15,6683.25,2025-01-16,0
SKU0195,2025-02-24,135,902238.75,6683.25,0,0,Decor,Rugs,3567.15,6683.25,2025-01-16,0
SKU0195,2025-03-03,152,1015854.0,6683.25,0,0,Decor,Rugs,3567.15,6683.25,2025-01-16,0
SKU0195,2025-03-10,175,1169568.75,6683.25,0,0,Decor,Rugs,3567.15,6683.25,2025-01-16,0
SKU0195,2025-03-17,153,1022537.25,6683.25,0,0,Decor,Rugs,3567.15,6683.25,2025-01-16,0
SKU0195,2025-03-24,152,1015854.0,6683.25,0,0,Decor,Rugs,3567.15,6683.25,2025-01-16,0
SKU0195,2025-03-31,143,955704.75,6683.25,0,0,Decor,Rugs,3567.15,6683.25,2025-01-16,0
SKU0195,2025-04-07,150,1002487.5,6683.25,0,0,Decor,Rugs,3567.15,6683.25,2025-01-16,0
SKU0195,2025-04-14,139,928971.75,6683.25,0,0,Decor,Rugs,3567.15,6683.25,2025-01-16,0
SKU0195,2025-04-21,126,842089.5,6683.25,0,0,Decor,Rugs,3567.15,6683.25,2025-01-16,0
SKU0195,2025-04-28,115,768573.75,6683.25,0,0,Decor,Rugs,3567.15,6683.25,2025-01-16,0
SKU0195,2025-05-05,125,835406.25,6683.25,0,0,Decor,Rugs,3567.15,6683.25,2025-01-16,0
SKU0195,2025-05-12,107,715107.75,6683.25,0,0,Decor,Rugs,3567.15,6683.25,2025-01-16,0
SKU0195,2025-05-19,155,1035903.75,6683.25,0,0,Decor,Rugs,3567.15,6683.25,2025-01-16,0
SKU0195,2025-05-26,152,979985.45,6469.7471428571425,1,0,Decor,Rugs,3567.15,6683.25,2025-01-16,1
SKU0195,2025-06-02,303,1572184.26,5188.7300000000005,7,0,Decor,Rugs,3567.15,6683.25,2025-01-16,1
SKU0195,2025-06-09,148,868064.63,6256.244285714286,2,0,Decor,Rugs,3567.15,6683.25,2025-01-16,1
SKU0195,2025-06-16,172,1149519.0,6683.25,0,0,Decor,Rugs,3567.15,6683.25,2025-01-16,0
SKU0195,2025-06-23,116,775257.0,6683.25,0,0,Decor,Rugs,3567.15,6683.25,2025-01-16,0
SKU0195,2025-06-30,176,1176252.0,6683.25,0,0,Decor,Rugs,3567.15,6683.25,2025-01-16,0
SKU0195,2025-07-07,174,1162885.5,6683.25,0,0,Decor,Rugs,3567.15,6683.25,2025-01-16,0
SKU0195,2025-07-14,140,935655.0,6683.25,0,0,Decor,Rugs,3567.15,6683.25,2025-01-16,0
SKU0195,2025-07-21,162,1082686.5,6683.25,0,0,Decor,Rugs,3567.15,6683.25,2025-01-16,0
SKU0195,2025-07-28,147,982437.75,6683.25,0,0,Decor,Rugs,3567.15,6683.25,2025-01-16,0
SKU0195,2025-08-04,150,1002487.5,6683.25,0,0,Decor,Rugs,3567.15,6683.25,2025-01-16,0
SKU0195,2025-08-11,88,588126.0,6683.25,0,1,Decor,Rugs,3567.15,6683.25,2025-01-16,0
SKU0195,2025-08-18,140,935655.0,6683.25,0,0,Decor,Rugs,3567.15,6683.25,2025-01-16,0
SKU0195,2025-08-25,125,835406.25,6683.25,0,0,Decor,Rugs,3567.15,6683.25,2025-01-16,0
SKU0196,2024-09-30,24,87865.92,3661.08,0,0,Small Appliances,Kitchen,1950.21,3661.08,2024-10-04,0
SKU0196,2024-10-07,76,278242.08,3661.0799999999995,0,0,Small Appliances,Kitchen,1950.21,3661.08,2024-10-04,0
SKU0196,2024-10-14,68,248953.44,3661.0799999999995,0,0,Small Appliances,Kitchen,1950.21,3661.08,2024-10-04,0
SKU0196,2024-10-21,56,205020.48,3661.0799999999995,0,0,Small Appliances,Kitchen,1950.21,3661.08,2024-10-04,0
SKU0196,2024-10-28,74,270919.92,3661.0799999999995,0,0,Small Appliances,Kitchen,1950.21,3661.08,2024-10-04,0
SKU0196,2024-11-04,102,339392.19,3425.7942857142853,3,0,Small Appliances,Kitchen,1950.21,3661.08,2024-10-04,1
SKU0196,2024-11-11,116,370334.31,3268.9371428571426,5,0,Small Appliances,Kitchen,1950.21,3661.08,2024-10-04,1
SKU0196,2024-11-18,62,226986.96,3661.0799999999995,0,0,Small Appliances,Kitchen,1950.21,3661.08,2024-10-04,0
SKU0196,2024-11-25,67,245292.36,3661.0799999999995,0,0,Small Appliances,Kitchen,1950.21,3661.08,2024-10-04,0
SKU0196,2024-12-02,72,263597.76,3661.0799999999995,0,0,Small Appliances,Kitchen,1950.21,3661.08,2024-10-04,0
SKU0196,2024-12-09,81,296547.48,3661.0799999999995,0,0,Small Appliances,Kitchen,1950.21,3661.08,2024-10-04,0
SKU0196,2024-12-16,99,336643.94,3425.7942857142853,3,0,Small Appliances,Kitchen,1950.21,3661.08,2024-10-04,1
SKU0196,2024-12-23,181,563286.56,3112.0799999999995,7,1,Small Appliances,Kitchen,1950.21,3661.08,2024-10-04,1
SKU0196,2024-12-30,128,433482.26,3504.222857142857,2,1,Small Appliances,Kitchen,1950.21,3661.08,2024-10-04,1
SKU0196,2025-01-06,102,373430.16,3661.0799999999995,0,0,Small Appliances,Kitchen,1950.21,3661.08,2024-10-04,0
SKU0196,2025-01-13,81,296547.48,3661.0799999999995,0,0,Small Appliances,Kitchen,1950.21,3661.08,2024-10-04,0
SKU0196,2025-01-20,90,329497.2,3661.0799999999995,0,0,Small Appliances,Kitchen,1950.21,3661.08,2024-10-04,0
SKU0196,2025-01-27,97,355124.76,3661.0799999999995,0,0,Small Appliances,Kitchen,1950.21,3661.08,2024-10-04,0
SKU0196,2025-02-03,96,351463.68,3661.0799999999995,0,0,Small Appliances,Kitchen,1950.21,3661.08,2024-10-04,0
SKU0196,2025-02-10,96,351463.68,3661.0799999999995,0,0,Small Appliances,Kitchen,1950.21,3661.08,2024-10-04,0
SKU0196,2025-02-17,89,325836.12,3661.0799999999995,0,0,Small Appliances,Kitchen,1950.21,3661.08,2024-10-04,0
SKU0196,2025-02-24,114,417363.12,3661.0799999999995,0,0,Small Appliances,Kitchen,1950.21,3661.08,2024-10-04,0
SKU0196,2025-03-03,92,336819.36,3661.0799999999995,0,0,Small Appliances,Kitchen,1950.21,3661.08,2024-10-04,0
SKU0196,2025-03-10,86,314852.88,3661.0799999999995,0,0,Small Appliances,Kitchen,1950.21,3661.08,2024-10-04,0
SKU0196,2025-03-17,94,344141.52,3661.0799999999995,0,0,Small Appliances,Kitchen,1950.21,3661.08,2024-10-04,0
SKU0196,2025-03-24,95,347802.6,3661.0799999999995,0,0,Small Appliances,Kitchen,1950.21,3661.08,2024-10-04,0
SKU0196,2025-03-31,96,351463.68,3661.0799999999995,0,0,Small Appliances,Kitchen,1950.21,3661.08,2024-10-04,0
SKU0196,2025-04-07,93,340480.44,3661.0799999999995,0,0,Small Appliances,Kitchen,1950.21,3661.08,2024-10-04,0
SKU0196,2025-04-14,92,336819.36,3661.0799999999995,0,0,Small Appliances,Kitchen,1950.21,3661.08,2024-10-04,0
SKU0196,2025-04-21,95,347802.6,3661.0799999999995,0,0,Small Appliances,Kitchen,1950.21,3661.08,2024-10-04,0
SKU0196,2025-04-28,98,358785.84,3661.0799999999995,0,0,Small Appliances,Kitchen,1950.21,3661.08,2024-10-04,0
SKU0196,2025-05-05,73,267258.84,3661.0799999999995,0,0,Small Appliances,Kitchen,1950.21,3661.08,2024-10-04,0
SKU0196,2025-05-12,94,344141.52,3661.0799999999995,0,0,Small Appliances,Kitchen,1950.21,3661.08,2024-10-04,0
SKU0196,2025-05-19,74,270919.92,3661.0799999999995,0,0,Small Appliances,Kitchen,1950.21,3661.08,2024-10-04,0
SKU0196,2025-05-26,84,302040.72,3582.6514285714284,1,0,Small Appliances,Kitchen,1950.21,3661.08,2024-10-04,1
SKU0196,2025-06-02,138,429467.09,3112.0799999999995,7,0,Small Appliances,Kitchen,1950.21,3661.08,2024-10-04,1
SKU0196,2025-06-09,97,333164.78,3504.222857142857,2,0,Small Appliances,Kitchen,1950.21,3661.08,2024-10-04,1
SKU0196,2025-06-16,83,303869.64,3661.0799999999995,0,0,Small Appliances,Kitchen,1950.21,3661.08,2024-10-04,0
SKU0196,2025-06-23,75,274581.0,3661.0799999999995,0,0,Small Appliances,Kitchen,1950.21,3661.08,2024-10-04,0
SKU0196,2025-06-30,66,241631.28,3661.0799999999995,0,0,Small Appliances,Kitchen,1950.21,3661.08,2024-10-04,0
SKU0196,2025-07-07,65,237970.2,3661.0799999999995,0,0,Small Appliances,Kitchen,1950.21,3661.08,2024-10-04,0
SKU0196,2025-07-14,71,259936.68,3661.0799999999995,0,0,Small Appliances,Kitchen,1950.21,3661.08,2024-10-04,0
SKU0196,2025-07-21,92,336819.36,3661.0799999999995,0,0,Small Appliances,Kitchen,1950.21,3661.08,2024-10-04,0
SKU0196,2025-07-28,64,234309.12,3661.0799999999995,0,0,Small Appliances,Kitchen,1950.21,3661.08,2024-10-04,0
SKU0196,2025-08-04,77,281903.16000000003,3661.0799999999995,0,0,Small Appliances,Kitchen,1950.21,3661.08,2024-10-04,0
SKU0196,2025-08-11,92,336819.36,3661.0799999999995,0,1,Small Appliances,Kitchen,1950.21,3661.08,2024-10-04,0
SKU0196,2025-08-18,79,289225.32,3661.0799999999995,0,0,Small Appliances,Kitchen,1950.21,3661.08,2024-10-04,0
SKU0196,2025-08-25,63,230648.04,3661.0799999999995,0,0,Small Appliances,Kitchen,1950.21,3661.08,2024-10-04,0
SKU0197,2024-07-22,169,284122.8,1681.2,0,0,Textiles,Cushions,907.46,1681.2,2024-07-24,0
SKU0197,2024-07-29,208,349689.6,1681.2,0,0,Textiles,Cushions,907.46,1681.2,2024-07-24,0
SKU0197,2024-08-05,258,433749.6,1681.2,0,0,Textiles,Cushions,907.46,1681.2,2024-07-24,0
SKU0197,2024-08-12,182,305978.39999999997,1681.2,0,1,Textiles,Cushions,907.46,1681.2,2024-07-24,0
SKU0197,2024-08-19,258,433749.6,1681.2,0,0,Textiles,Cushions,907.46,1681.2,2024-07-24,0
SKU0197,2024-08-26,239,401806.8,1681.2,0,0,Textiles,Cushions,907.46,1681.2,2024-07-24,0
SKU0197,2024-09-02,228,383313.6,1681.2,0,0,Textiles,Cushions,907.46,1681.2,2024-07-24,0
SKU0197,2024-09-09,196,329515.2,1681.2,0,0,Textiles,Cushions,907.46,1681.2,2024-07-24,0
SKU0197,2024-09-16,170,285804.0,1681.2,0,0,Textiles,Cushions,907.46,1681.2,2024-07-24,0
SKU0197,2024-09-23,191,321109.2,1681.2,0,0,Textiles,Cushions,907.46,1681.2,2024-07-24,0
SKU0197,2024-09-30,172,289166.4,1681.2,0,1,Textiles,Cushions,907.46,1681.2,2024-07-24,0
SKU0197,2024-10-07,173,290847.6,1681.2,0,0,Textiles,Cushions,907.46,1681.2,2024-07-24,0
SKU0197,2024-10-14,173,290847.6,1681.2,0,0,Textiles,Cushions,907.46,1681.2,2024-07-24,0
SKU0197,2024-10-21,195,327834.0,1681.2,0,0,Textiles,Cushions,907.46,1681.2,2024-07-24,0
SKU0197,2024-10-28,180,302616.0,1681.2,0,0,Textiles,Cushions,907.46,1681.2,2024-07-24,0
SKU0197,2024-11-04,285,426790.76,1533.5914285714284,3,0,Textiles,Cushions,907.46,1681.2,2024-07-24,1
SKU0197,2024-11-11,302,413352.4,1435.185714285714,5,0,Textiles,Cushions,907.46,1681.2,2024-07-24,1
SKU0197,2024-11-18,201,337921.2,1681.2,0,0,Textiles,Cushions,907.46,1681.2,2024-07-24,0
SKU0197,2024-11-25,148,248817.6,1681.2,0,0,Textiles,Cushions,907.46,1681.2,2024-07-24,0
SKU0197,2024-12-02,142,238730.4,1681.2,0,0,Textiles,Cushions,907.46,1681.2,2024-07-24,0
SKU0197,2024-12-09,201,337921.2,1681.2,0,0,Textiles,Cushions,907.46,1681.2,2024-07-24,0
SKU0197,2024-12-16,269,405746.63,1533.5914285714284,3,0,Textiles,Cushions,907.46,1681.2,2024-07-24,1
SKU0197,2024-12-23,367,490599.71,1336.78,7,1,Textiles,Cushions,907.46,1681.2,2024-07-24,1
SKU0197,2024-12-30,251,389606.1,1582.7942857142857,2,1,Textiles,Cushions,907.46,1681.2,2024-07-24,1
SKU0197,2025-01-06,176,295891.2,1681.2,0,0,Textiles,Cushions,907.46,1681.2,2024-07-24,0
SKU0197,2025-01-13,236,396763.2,1681.2,0,0,Textiles,Cushions,907.46,1681.2,2024-07-24,0
SKU0197,2025-01-20,253,425343.6,1681.2,0,0,Textiles,Cushions,907.46,1681.2,2024-07-24,0
SKU0197,2025-01-27,184,309340.8,1681.2,0,0,Textiles,Cushions,907.46,1681.2,2024-07-24,0
SKU0197,2025-02-03,238,400125.6,1681.2,0,0,Textiles,Cushions,907.46,1681.2,2024-07-24,0
SKU0197,2025-02-10,209,351370.8,1681.2,0,0,Textiles,Cushions,907.46,1681.2,2024-07-24,0
SKU0197,2025-02-17,300,504360.0,1681.2,0,0,Textiles,Cushions,907.46,1681.2,2024-07-24,0
SKU0197,2025-02-24,237,398444.4,1681.2,0,0,Textiles,Cushions,907.46,1681.2,2024-07-24,0
SKU0197,2025-03-03,259,435430.8,1681.2,0,0,Textiles,Cushions,907.46,1681.2,2024-07-24,0
SKU0197,2025-03-10,198,332877.6,1681.2,0,0,Textiles,Cushions,907.46,1681.2,2024-07-24,0
SKU0197,2025-03-17,201,337921.2,1681.2,0,0,Textiles,Cushions,907.46,1681.2,2024-07-24,0
SKU0197,2025-03-24,312,524534.4,1681.2,0,0,Textiles,Cushions,907.46,1681.2,2024-07-24,0
SKU0197,2025-03-31,206,346327.2,1681.2,0,0,Textiles,Cushions,907.46,1681.2,2024-07-24,0
SKU0197,2025-04-07,323,543027.6,1681.2,0,0,Textiles,Cushions,907.46,1681.2,2024-07-24,0
SKU0197,2025-04-14,287,482504.4,1681.2,0,0,Textiles,Cushions,907.46,1681.2,2024-07-24,0
SKU0197,2025-04-21,254,427024.8,1681.2,0,0,Textiles,Cushions,907.46,1681.2,2024-07-24,0
SKU0197,2025-04-28,258,433749.6,1681.2,0,0,Textiles,Cushions,907.46,1681.2,2024-07-24,0
SKU0197,2025-05-05,348,585057.6,1681.2,0,0,Textiles,Cushions,907.46,1681.2,2024-07-24,0
SKU0197,2025-05-12,293,492591.6,1681.2,0,0,Textiles,Cushions,907.46,1681.2,2024-07-24,0
SKU0197,2025-05-19,265,445518.0,1681.2,0,0,Textiles,Cushions,907.46,1681.2,2024-07-24,0
SKU0197,2025-05-26,246,399454.14,1631.9971428571428,1,0,Textiles,Cushions,907.46,1681.2,2024-07-24,1
SKU0197,2025-06-02,577,771324.34,1336.78,7,0,Textiles,Cushions,907.46,1681.2,2024-07-24,1
SKU0197,2025-06-09,293,441273.61000000004,1582.7942857142857,2,0,Textiles,Cushions,907.46,1681.2,2024-07-24,1
SKU0197,2025-06-16,265,445518.0,1681.2,0,0,Textiles,Cushions,907.46,1681.2,2024-07-24,0
SKU0197,2025-06-23,348,585057.6,1681.2,0,0,Textiles,Cushions,907.46,1681.2,2024-07-24,0
SKU0197,2025-06-30,251,421981.2,1681.2,0,0,Textiles,Cushions,907.46,1681.2,2024-07-24,0
SKU0197,2025-07-07,264,443836.8,1681.2,0,0,Textiles,Cushions,907.46,1681.2,2024-07-24,0
SKU0197,2025-07-14,314,527896.8,1681.2,0,0,Textiles,Cushions,907.46,1681.2,2024-07-24,0
SKU0197,2025-07-21,213,358095.6,1681.2,0,0,Textiles,Cushions,907.46,1681.2,2024-07-24,0
SKU0197,2025-07-28,321,539665.2,1681.2,0,0,Textiles,Cushions,907.46,1681.2,2024-07-24,0
SKU0197,2025-08-04,217,364820.4,1681.2,0,0,Textiles,Cushions,907.46,1681.2,2024-07-24,0
SKU0197,2025-08-11,227,381632.4,1681.2,0,1,Textiles,Cushions,907.46,1681.2,2024-07-24,0
SKU0197,2025-08-18,197,331196.39999999997,1681.2,0,0,Textiles,Cushions,907.46,1681.2,2024-07-24,0
SKU0197,2025-08-25,219,368182.8,1681.2,0,0,Textiles,Cushions,907.46,1681.2,2024-07-24,0
SKU0198,2024-04-15,11,55380.05,5034.55,0,0,Furniture,Tables,2785.56,5034.55,2024-04-20,0
SKU0198,2024-04-22,81,407798.55,5034.55,0,0,Furniture,Tables,2785.56,5034.55,2024-04-20,0
SKU0198,2024-04-29,73,367522.14999999997,5034.55,0,0,Furniture,Tables,2785.56,5034.55,2024-04-20,0
SKU0198,2024-05-06,65,327245.75,5034.55,0,0,Furniture,Tables,2785.56,5034.55,2024-04-20,0
SKU0198,2024-05-13,77,387660.35,5034.55,0,0,Furniture,Tables,2785.56,5034.55,2024-04-20,0
SKU0198,2024-05-20,56,281934.8,5034.55,0,0,Furniture,Tables,2785.56,5034.55,2024-04-20,0
SKU0198,2024-05-27,91,434960.2,4839.727142857143,2,0,Furniture,Tables,2785.56,5034.55,2024-04-20,1
SKU0198,2024-06-03,144,626784.78,4352.67,7,0,Furniture,Tables,2785.56,5034.55,2024-04-20,1
SKU0198,2024-06-10,56,270342.87,4937.138571428572,1,0,Furniture,Tables,2785.56,5034.55,2024-04-20,1
SKU0198,2024-06-17,66,332280.3,5034.55,0,0,Furniture,Tables,2785.56,5034.55,2024-04-20,0
SKU0198,2024-06-24,73,367522.15,5034.55,0,0,Furniture,Tables,2785.56,5034.55,2024-04-20,0
SKU0198,2024-07-01,52,261796.6,5034.55,0,0,Furniture,Tables,2785.56,5034.55,2024-04-20,0
SKU0198,2024-07-08,52,261796.59999999998,5034.55,0,0,Furniture,Tables,2785.56,5034.55,2024-04-20,0
SKU0198,2024-07-15,56,281934.8,5034.55,0,0,Furniture,Tables,2785.56,5034.55,2024-04-20,0
SKU0198,2024-07-22,69,347383.95,5034.55,0,0,Furniture,Tables,2785.56,5034.55,2024-04-20,0
SKU0198,2024-07-29,62,312142.1,5034.55,0,0,Furniture,Tables,2785.56,5034.55,2024-04-20,0
SKU0198,2024-08-05,52,261796.59999999998,5034.55,0,0,Furniture,Tables,2785.56,5034.55,2024-04-20,0
SKU0198,2024-08-12,71,357453.05,5034.55,0,1,Furniture,Tables,2785.56,5034.55,2024-04-20,0
SKU0198,2024-08-19,56,281934.8,5034.55,0,0,Furniture,Tables,2785.56,5034.55,2024-04-20,0
SKU0198,2024-08-26,49,246692.95,5034.55,0,0,Furniture,Tables,2785.56,5034.55,2024-04-20,0
SKU0198,2024-09-02,52,261796.6,5034.55,0,0,Furniture,Tables,2785.56,5034.55,2024-04-20,0
SKU0198,2024-09-09,48,241658.4,5034.55,0,0,Furniture,Tables,2785.56,5034.55,2024-04-20,0
SKU0198,2024-09-16,47,236623.85,5034.55,0,0,Furniture,Tables,2785.56,5034.55,2024-04-20,0
SKU0198,2024-09-23,50,251727.5,5034.55,0,0,Furniture,Tables,2785.56,5034.55,2024-04-20,0
SKU0198,2024-09-30,70,352418.5,5034.55,0,1,Furniture,Tables,2785.56,5034.55,2024-04-20,0
SKU0198,2024-10-07,68,342349.4,5034.55,0,0,Furniture,Tables,2785.56,5034.55,2024-04-20,0
SKU0198,2024-10-14,43,216485.65,5034.55,0,0,Furniture,Tables,2785.56,5034.55,2024-04-20,0
SKU0198,2024-10-21,60,302073.0,5034.55,0,0,Furniture,Tables,2785.56,5034.55,2024-04-20,0
SKU0198,2024-10-28,49,246692.95,5034.55,0,0,Furniture,Tables,2785.56,5034.55,2024-04-20,0
SKU0198,2024-11-04,63,299447.82,4742.315714285714,3,0,Furniture,Tables,2785.56,5034.55,2024-04-20,1
SKU0198,2024-11-11,77,341292.65,4547.492857142857,5,0,Furniture,Tables,2785.56,5034.55,2024-04-20,1
SKU0198,2024-11-18,40,201382.0,5034.55,0,0,Furniture,Tables,2785.56,5034.55,2024-04-20,0
SKU0198,2024-11-25,61,307107.55,5034.55,0,0,Furniture,Tables,2785.56,5034.55,2024-04-20,0
SKU0198,2024-12-02,49,246692.95,5034.55,0,0,Furniture,Tables,2785.56,5034.55,2024-04-20,0
SKU0198,2024-12-09,76,382625.8,5034.55,0,0,Furniture,Tables,2785.56,5034.55,2024-04-20,0
SKU0198,2024-12-16,73,346383.94,4742.315714285714,3,0,Furniture,Tables,2785.56,5034.55,2024-04-20,1
SKU0198,2024-12-23,144,626784.76,4352.67,7,1,Furniture,Tables,2785.56,5034.55,2024-04-20,1
SKU0198,2024-12-30,81,391433.48,4839.727142857143,2,1,Furniture,Tables,2785.56,5034.55,2024-04-20,1
SKU0198,2025-01-06,75,377591.25,5034.55,0,0,Furniture,Tables,2785.56,5034.55,2024-04-20,0
SKU0198,2025-01-13,63,317176.65,5034.55,0,0,Furniture,Tables,2785.56,5034.55,2024-04-20,0
SKU0198,2025-01-20,57,286969.35,5034.55,0,0,Furniture,Tables,2785.56,5034.55,2024-04-20,0
SKU0198,2025-01-27,74,372556.7,5034.55,0,0,Furniture,Tables,2785.56,5034.55,2024-04-20,0
SKU0198,2025-02-03,64,322211.2,5034.55,0,0,Furniture,Tables,2785.56,5034.55,2024-04-20,0
SKU0198,2025-02-10,91,458144.05,5034.55,0,0,Furniture,Tables,2785.56,5034.55,2024-04-20,0
SKU0198,2025-02-17,73,367522.15,5034.55,0,0,Furniture,Tables,2785.56,5034.55,2024-04-20,0
SKU0198,2025-02-24,74,372556.7,5034.55,0,0,Furniture,Tables,2785.56,5034.55,2024-04-20,0
SKU0198,2025-03-03,74,372556.7,5034.55,0,0,Furniture,Tables,2785.56,5034.55,2024-04-20,0
SKU0198,2025-03-10,60,302073.0,5034.55,0,0,Furniture,Tables,2785.56,5034.55,2024-04-20,0
SKU0198,2025-03-17,71,357453.05,5034.55,0,0,Furniture,Tables,2785.56,5034.55,2024-04-20,0
SKU0198,2025-03-24,73,367522.15,5034.55,0,0,Furniture,Tables,2785.56,5034.55,2024-04-20,0
SKU0198,2025-03-31,71,357453.05,5034.55,0,0,Furniture,Tables,2785.56,5034.55,2024-04-20,0
SKU0198,2025-04-07,89,448074.95,5034.55,0,0,Furniture,Tables,2785.56,5034.55,2024-04-20,0
SKU0198,2025-04-14,87,438005.85,5034.55,0,0,Furniture,Tables,2785.56,5034.55,2024-04-20,0
SKU0198,2025-04-21,100,503455.0,5034.55,0,0,Furniture,Tables,2785.56,5034.55,2024-04-20,0
SKU0198,2025-04-28,83,417867.65,5034.55,0,0,Furniture,Tables,2785.56,5034.55,2024-04-20,0
SKU0198,2025-05-05,90,453109.5,5034.55,0,0,Furniture,Tables,2785.56,5034.55,2024-04-20,0
SKU0198,2025-05-12,100,503455.0,5034.55,0,0,Furniture,Tables,2785.56,5034.55,2024-04-20,0
SKU0198,2025-05-19,80,402764.0,5034.55,0,0,Furniture,Tables,2785.56,5034.55,2024-04-20,0
SKU0198,2025-05-26,99,487510.4,4937.138571428572,1,0,Furniture,Tables,2785.56,5034.55,2024-04-20,1
SKU0198,2025-06-02,172,748659.6000000001,4352.67,7,0,Furniture,Tables,2785.56,5034.55,2024-04-20,1
SKU0198,2025-06-09,115,550334.37,4839.727142857143,2,0,Furniture,Tables,2785.56,5034.55,2024-04-20,1
SKU0198,2025-06-16,91,458144.05,5034.55,0,0,Furniture,Tables,2785.56,5034.55,2024-04-20,0
SKU0198,2025-06-23,64,322211.2,5034.55,0,0,Furniture,Tables,2785.56,5034.55,2024-04-20,0
SKU0198,2025-06-30,74,372556.7,5034.55,0,0,Furniture,Tables,2785.56,5034.55,2024-04-20,0
SKU0198,2025-07-07,71,357453.05,5034.55,0,0,Furniture,Tables,2785.56,5034.55,2024-04-20,0
SKU0198,2025-07-14,82,412833.1,5034.55,0,0,Furniture,Tables,2785.56,5034.55,2024-04-20,0
SKU0198,2025-07-21,62,312142.1,5034.55,0,0,Furniture,Tables,2785.56,5034.55,2024-04-20,0
SKU0198,2025-07-28,66,332280.3,5034.55,0,0,Furniture,Tables,2785.56,5034.55,2024-04-20,0
SKU0198,2025-08-04,57,286969.35,5034.55,0,0,Furniture,Tables,2785.56,5034.55,2024-04-20,0
SKU0198,2025-08-11,48,241658.40000000002,5034.55,0,1,Furniture,Tables,2785.56,5034.55,2024-04-20,0
SKU0198,2025-08-18,63,317176.65,5034.55,0,0,Furniture,Tables,2785.56,5034.55,2024-04-20,0
SKU0198,2025-08-25,64,322211.2,5034.55,0,0,Furniture,Tables,2785.56,5034.55,2024-04-20,0
SKU0199,2024-02-12,31,37919.51,1223.21,0,0,Textiles,Throws,530.86,1223.21,2024-02-18,0
SKU0199,2024-02-19,205,250758.05,1223.2100000000003,0,0,Textiles,Throws,530.86,1223.21,2024-02-18,0
SKU0199,2024-02-26,254,310695.34,1223.2100000000003,0,0,Textiles,Throws,530.86,1223.21,2024-02-18,0
SKU0199,2024-03-04,260,318034.6,1223.2100000000003,0,0,Textiles,Throws,530.86,1223.21,2024-02-18,0
SKU0199,2024-03-11,273,333936.33,1223.2100000000003,0,0,Textiles,Throws,530.86,1223.21,2024-02-18,0
SKU0199,2024-03-18,220,269106.2,1223.2100000000003,0,0,Textiles,Throws,530.86,1223.21,2024-02-18,0
SKU0199,2024-03-25,213,260543.73,1223.2100000000003,0,0,Textiles,Throws,530.86,1223.21,2024-02-18,0
SKU0199,2024-04-01,209,255650.89,1223.2100000000003,0,0,Textiles,Throws,530.86,1223.21,2024-02-18,0
SKU0199,2024-04-08,196,239749.16,1223.2100000000003,0,0,Textiles,Throws,530.86,1223.21,2024-02-18,0
SKU0199,2024-04-15,272,332713.12,1223.2100000000003,0,0,Textiles,Throws,530.86,1223.21,2024-02-18,0
SKU0199,2024-04-22,218,266659.77999999997,1223.2100000000003,0,0,Textiles,Throws,530.86,1223.21,2024-02-18,0
SKU0199,2024-04-29,187,228740.27,1223.2100000000003,0,0,Textiles,Throws,530.86,1223.21,2024-02-18,0
SKU0199,2024-05-06,232,283784.72,1223.2100000000003,0,0,Textiles,Throws,530.86,1223.21,2024-02-18,0
SKU0199,2024-05-13,203,248311.63,1223.2100000000003,0,0,Textiles,Throws,530.86,1223.21,2024-02-18,0
SKU0199,2024-05-20,268,327820.28,1223.2100000000003,0,0,Textiles,Throws,530.86,1223.21,2024-02-18,0
SKU0199,2024-05-27,247,275475.4,1162.2785714285715,2,0,Textiles,Throws,530.86,1223.21,2024-02-18,1
SKU0199,2024-06-03,409,413069.62,1009.95,7,0,Textiles,Throws,530.86,1223.21,2024-02-18,1
SKU0199,2024-06-10,287,331867.89,1192.7442857142858,1,0,Textiles,Throws,530.86,1223.21,2024-02-18,1
SKU0199,2024-06-17,213,260543.72999999998,1223.2100000000003,0,0,Textiles,Throws,530.86,1223.21,2024-02-18,0
SKU0199,2024-06-24,226,276445.46,1223.2100000000003,0,0,Textiles,Throws,530.86,1223.21,2024-02-18,0
SKU0199,2024-07-01,191,233633.11,1223.2100000000003,0,0,Textiles,Throws,530.86,1223.21,2024-02-18,0
SKU0199,2024-07-08,205,250758.05,1223.2100000000003,0,0,Textiles,Throws,530.86,1223.21,2024-02-18,0
SKU0199,2024-07-15,192,234856.32,1223.2100000000003,0,0,Textiles,Throws,530.86,1223.21,2024-02-18,0
SKU0199,2024-07-22,274,335159.54000000004,1223.2100000000003,0,0,Textiles,Throws,530.86,1223.21,2024-02-18,0
SKU0199,2024-07-29,225,275222.25,1223.2100000000003,0,0,Textiles,Throws,530.86,1223.21,2024-02-18,0
SKU0199,2024-08-05,217,265436.57,1223.2100000000003,0,0,Textiles,Throws,530.86,1223.21,2024-02-18,0
SKU0199,2024-08-12,305,373079.05,1223.2100000000003,0,1,Textiles,Throws,530.86,1223.21,2024-02-18,0
SKU0199,2024-08-19,241,294793.61,1223.2100000000003,0,0,Textiles,Throws,530.86,1223.21,2024-02-18,0
SKU0199,2024-08-26,277,338829.17,1223.2100000000003,0,0,Textiles,Throws,530.86,1223.21,2024-02-18,0
SKU0199,2024-09-02,257,314364.97,1223.2100000000003,0,0,Textiles,Throws,530.86,1223.21,2024-02-18,0
SKU0199,2024-09-09,229,280115.08999999997,1223.2100000000003,0,0,Textiles,Throws,530.86,1223.21,2024-02-18,0
SKU0199,2024-09-16,204,249534.84,1223.2100000000003,0,0,Textiles,Throws,530.86,1223.21,2024-02-18,0
SKU0199,2024-09-23,214,261766.94,1223.2100000000003,0,0,Textiles,Throws,530.86,1223.21,2024-02-18,0
SKU0199,2024-09-30,257,314364.97,1223.2100000000003,0,1,Textiles,Throws,530.86,1223.21,2024-02-18,0
SKU0199,2024-10-07,292,357177.32,1223.2100000000003,0,0,Textiles,Throws,530.86,1223.21,2024-02-18,0
SKU0199,2024-10-14,254,310695.34,1223.2100000000003,0,0,Textiles,Throws,530.86,1223.21,2024-02-18,0
SKU0199,2024-10-21,244,298463.24,1223.2100000000003,0,0,Textiles,Throws,530.86,1223.21,2024-02-18,0
SKU0199,2024-10-28,297,363293.37,1223.2100000000003,0,0,Textiles,Throws,530.86,1223.21,2024-02-18,0
SKU0199,2024-11-04,300,332628.17,1131.8128571428572,3,0,Textiles,Throws,530.86,1223.21,2024-02-18,1
SKU0199,2024-11-11,446,466005.76,1070.8814285714286,5,0,Textiles,Throws,530.86,1223.21,2024-02-18,1
SKU0199,2024-11-18,289,353507.69,1223.2100000000003,0,0,Textiles,Throws,530.86,1223.21,2024-02-18,0
SKU0199,2024-11-25,279,341275.59,1223.2100000000003,0,0,Textiles,Throws,530.86,1223.21,2024-02-18,0
SKU0199,2024-12-02,313,382864.73,1223.2100000000003,0,0,Textiles,Throws,530.86,1223.21,2024-02-18,0
SKU0199,2024-12-09,253,309472.13,1223.2100000000003,0,0,Textiles,Throws,530.86,1223.21,2024-02-18,0
SKU0199,2024-12-16,351,389040.6,1131.8128571428572,3,0,Textiles,Throws,530.86,1223.21,2024-02-18,1
SKU0199,2024-12-23,522,527194.0,1009.95,7,1,Textiles,Throws,530.86,1223.21,2024-02-18,1
SKU0199,2024-12-30,447,493886.44,1162.2785714285715,2,1,Textiles,Throws,530.86,1223.21,2024-02-18,1
SKU0199,2025-01-06,226,276445.46,1223.2100000000003,0,0,Textiles,Throws,530.86,1223.21,2024-02-18,0
SKU0199,2025-01-13,287,351061.27,1223.2100000000003,0,0,Textiles,Throws,530.86,1223.21,2024-02-18,0
SKU0199,2025-01-20,300,366963.0,1223.2100000000003,0,0,Textiles,Throws,530.86,1223.21,2024-02-18,0
SKU0199,2025-01-27,277,338829.17,1223.2100000000003,0,0,Textiles,Throws,530.86,1223.21,2024-02-18,0
SKU0199,2025-02-03,286,349838.06,1223.2100000000003,0,0,Textiles,Throws,530.86,1223.21,2024-02-18,0
SKU0199,2025-02-10,352,430569.92,1223.2100000000003,0,0,Textiles,Throws,530.86,1223.21,2024-02-18,0
SKU0199,2025-02-17,303,370632.63,1223.2100000000003,0,0,Textiles,Throws,530.86,1223.21,2024-02-18,0
SKU0199,2025-02-24,257,314364.97,1223.2100000000003,0,0,Textiles,Throws,530.86,1223.21,2024-02-18,0
SKU0199,2025-03-03,315,385311.15,1223.2100000000003,0,0,Textiles,Throws,530.86,1223.21,2024-02-18,0
SKU0199,2025-03-10,322,393873.62,1223.2100000000003,0,0,Textiles,Throws,530.86,1223.21,2024-02-18,0
SKU0199,2025-03-17,303,370632.63,1223.2100000000003,0,0,Textiles,Throws,530.86,1223.21,2024-02-18,0
SKU0199,2025-03-24,239,292347.19,1223.2100000000003,0,0,Textiles,Throws,530.86,1223.21,2024-02-18,0
SKU0199,2025-03-31,224,273999.04,1223.2100000000003,0,0,Textiles,Throws,530.86,1223.21,2024-02-18,0
SKU0199,2025-04-07,292,357177.32,1223.2100000000003,0,0,Textiles,Throws,530.86,1223.21,2024-02-18,0
SKU0199,2025-04-14,252,308248.92,1223.2100000000003,0,0,Textiles,Throws,530.86,1223.21,2024-02-18,0
SKU0199,2025-04-21,346,423230.66,1223.2100000000003,0,0,Textiles,Throws,530.86,1223.21,2024-02-18,0
SKU0199,2025-04-28,306,374302.26,1223.2100000000003,0,0,Textiles,Throws,530.86,1223.21,2024-02-18,0
SKU0199,2025-05-05,292,357177.32,1223.2100000000003,0,0,Textiles,Throws,530.86,1223.21,2024-02-18,0
SKU0199,2025-05-12,271,331489.91000000003,1223.2100000000003,0,0,Textiles,Throws,530.86,1223.21,2024-02-18,0
SKU0199,2025-05-19,314,384087.94,1223.2100000000003,0,0,Textiles,Throws,530.86,1223.21,2024-02-18,0
SKU0199,2025-05-26,240,285466.53,1192.7442857142858,1,0,Textiles,Throws,530.86,1223.21,2024-02-18,1
SKU0199,2025-06-02,621,627179.0700000001,1009.95,7,0,Textiles,Throws,530.86,1223.21,2024-02-18,1
SKU0199,2025-06-09,377,418924.73,1162.2785714285715,2,0,Textiles,Throws,530.86,1223.21,2024-02-18,1
SKU0199,2025-06-16,322,393873.62,1223.2100000000003,0,0,Textiles,Throws,530.86,1223.21,2024-02-18,0
SKU0199,2025-06-23,281,343722.01,1223.2100000000003,0,0,Textiles,Throws,530.86,1223.21,2024-02-18,0
SKU0199,2025-06-30,277,338829.17,1223.2100000000003,0,0,Textiles,Throws,530.86,1223.21,2024-02-18,0
SKU0199,2025-07-07,333,407328.93,1223.2100000000003,0,0,Textiles,Throws,530.86,1223.21,2024-02-18,0
SKU0199,2025-07-14,305,373079.05,1223.2100000000003,0,0,Textiles,Throws,530.86,1223.21,2024-02-18,0
SKU0199,2025-07-21,413,505185.73,1223.2100000000003,0,0,Textiles,Throws,530.86,1223.21,2024-02-18,0
SKU0199,2025-07-28,340,415891.4,1223.2100000000003,0,0,Textiles,Throws,530.86,1223.21,2024-02-18,0
SKU0199,2025-08-04,269,329043.49,1223.2100000000003,0,0,Textiles,Throws,530.86,1223.21,2024-02-18,0
SKU0199,2025-08-11,286,349838.06,1223.2100000000003,0,1,Textiles,Throws,530.86,1223.21,2024-02-18,0
SKU0199,2025-08-18,213,260543.72999999998,1223.2100000000003,0,0,Textiles,Throws,530.86,1223.21,2024-02-18,0
SKU0199,2025-08-25,269,329043.49,1223.2100000000003,0,0,Textiles,Throws,530.86,1223.21,2024-02-18,0
SKU0200,2024-07-29,27,47337.75,1753.25,0,0,Furniture,Storage,865.2,1753.25,2024-07-31,0
SKU0200,2024-08-05,46,80649.5,1753.25,0,0,Furniture,Storage,865.2,1753.25,2024-07-31,0
SKU0200,2024-08-12,39,68376.75,1753.25,0,1,Furniture,Storage,865.2,1753.25,2024-07-31,0
SKU0200,2024-08-19,37,64870.25,1753.25,0,0,Furniture,Storage,865.2,1753.25,2024-07-31,0
SKU0200,2024-08-26,31,54350.75,1753.25,0,0,Furniture,Storage,865.2,1753.25,2024-07-31,0
SKU0200,2024-09-02,48,84156.0,1753.25,0,0,Furniture,Storage,865.2,1753.25,2024-07-31,0
SKU0200,2024-09-09,35,61363.75,1753.25,0,0,Furniture,Storage,865.2,1753.25,2024-07-31,0
SKU0200,2024-09-16,35,61363.75,1753.25,0,0,Furniture,Storage,865.2,1753.25,2024-07-31,0
SKU0200,2024-09-23,42,73636.5,1753.25,0,0,Furniture,Storage,865.2,1753.25,2024-07-31,0
SKU0200,2024-09-30,45,78896.25,1753.25,0,1,Furniture,Storage,865.2,1753.25,2024-07-31,0
SKU0200,2024-10-07,35,61363.75,1753.25,0,0,Furniture,Storage,865.2,1753.25,2024-07-31,0
SKU0200,2024-10-14,28,49091.0,1753.25,0,0,Furniture,Storage,865.2,1753.25,2024-07-31,0
SKU0200,2024-10-21,46,80649.5,1753.25,0,0,Furniture,Storage,865.2,1753.25,2024-07-31,0
SKU0200,2024-10-28,48,84156.0,1753.25,0,0,Furniture,Storage,865.2,1753.25,2024-07-31,0
SKU0200,2024-11-04,57,89728.72,1591.2414285714287,3,0,Furniture,Storage,865.2,1753.25,2024-07-31,1
SKU0200,2024-11-11,52,74158.12,1483.2357142857143,5,0,Furniture,Storage,865.2,1753.25,2024-07-31,1
SKU0200,2024-11-18,32,56104.0,1753.25,0,0,Furniture,Storage,865.2,1753.25,2024-07-31,0
SKU0200,2024-11-25,30,52597.5,1753.25,0,0,Furniture,Storage,865.2,1753.25,2024-07-31,0
SKU0200,2024-12-02,44,77143.0,1753.25,0,0,Furniture,Storage,865.2,1753.25,2024-07-31,0
SKU0200,2024-12-09,34,59610.5,1753.25,0,0,Furniture,Storage,865.2,1753.25,2024-07-31,0
SKU0200,2024-12-16,58,91103.95999999999,1591.2414285714287,3,0,Furniture,Storage,865.2,1753.25,2024-07-31,1
SKU0200,2024-12-23,111,152650.6,1375.23,7,1,Furniture,Storage,865.2,1753.25,2024-07-31,1
SKU0200,2024-12-30,57,91240.8,1645.2442857142855,2,1,Furniture,Storage,865.2,1753.25,2024-07-31,1
SKU0200,2025-01-06,37,64870.25,1753.25,0,0,Furniture,Storage,865.2,1753.25,2024-07-31,0
SKU0200,2025-01-13,42,73636.5,1753.25,0,0,Furniture,Storage,865.2,1753.25,2024-07-31,0
SKU0200,2025-01-20,55,96428.75,1753.25,0,0,Furniture,Storage,865.2,1753.25,2024-07-31,0
SKU0200,2025-01-27,40,70130.0,1753.25,0,0,Furniture,Storage,865.2,1753.25,2024-07-31,0
SKU0200,2025-02-03,56,98182.0,1753.25,0,0,Furniture,Storage,865.2,1753.25,2024-07-31,0
SKU0200,2025-02-10,65,113961.25,1753.25,0,0,Furniture,Storage,865.2,1753.25,2024-07-31,0
SKU0200,2025-02-17,80,140260.0,1753.25,0,0,Furniture,Storage,865.2,1753.25,2024-07-31,0
SKU0200,2025-02-24,65,113961.25,1753.25,0,0,Furniture,Storage,865.2,1753.25,2024-07-31,0
SKU0200,2025-03-03,74,129740.5,1753.25,0,0,Furniture,Storage,865.2,1753.25,2024-07-31,0
SKU0200,2025-03-10,66,115714.5,1753.25,0,0,Furniture,Storage,865.2,1753.25,2024-07-31,0
SKU0200,2025-03-17,50,87662.5,1753.25,0,0,Furniture,Storage,865.2,1753.25,2024-07-31,0
SKU0200,2025-03-24,58,101688.5,1753.25,0,0,Furniture,Storage,865.2,1753.25,2024-07-31,0
SKU0200,2025-03-31,50,87662.5,1753.25,0,0,Furniture,Storage,865.2,1753.25,2024-07-31,0
SKU0200,2025-04-07,63,110454.75,1753.25,0,0,Furniture,Storage,865.2,1753.25,2024-07-31,0
SKU0200,2025-04-14,56,98182.0,1753.25,0,0,Furniture,Storage,865.2,1753.25,2024-07-31,0
SKU0200,2025-04-21,72,126234.0,1753.25,0,0,Furniture,Storage,865.2,1753.25,2024-07-31,0
SKU0200,2025-04-28,60,105195.0,1753.25,0,0,Furniture,Storage,865.2,1753.25,2024-07-31,0
SKU0200,2025-05-05,50,87662.5,1753.25,0,0,Furniture,Storage,865.2,1753.25,2024-07-31,0
SKU0200,2025-05-12,62,108701.5,1753.25,0,0,Furniture,Storage,865.2,1753.25,2024-07-31,0
SKU0200,2025-05-19,60,105195.0,1753.25,0,0,Furniture,Storage,865.2,1753.25,2024-07-31,0
SKU0200,2025-05-26,56,94401.81,1699.2471428571428,1,0,Furniture,Storage,865.2,1753.25,2024-07-31,1
SKU0200,2025-06-02,132,181530.44,1375.23,7,0,Furniture,Storage,865.2,1753.25,2024-07-31,1
SKU0200,2025-06-09,67,101212.91,1645.2442857142855,2,0,Furniture,Storage,865.2,1753.25,2024-07-31,1
SKU0200,2025-06-16,31,54350.75,1753.25,0,0,Furniture,Storage,865.2,1753.25,2024-07-31,0
SKU0200,2025-06-23,59,103441.75,1753.25,0,0,Furniture,Storage,865.2,1753.25,2024-07-31,0
SKU0200,2025-06-30,52,91169.0,1753.25,0,0,Furniture,Storage,865.2,1753.25,2024-07-31,0
SKU0200,2025-07-07,64,112208.0,1753.25,0,0,Furniture,Storage,865.2,1753.25,2024-07-31,0
SKU0200,2025-07-14,47,82402.75,1753.25,0,0,Furniture,Storage,865.2,1753.25,2024-07-31,0
SKU0200,2025-07-21,54,94675.5,1753.25,0,0,Furniture,Storage,865.2,1753.25,2024-07-31,0
SKU0200,2025-07-28,37,64870.25,1753.25,0,0,Furniture,Storage,865.2,1753.25,2024-07-31,0
SKU0200,2025-08-04,55,96428.75,1753.25,0,0,Furniture,Storage,865.2,1753.25,2024-07-31,0
SKU0200,2025-08-11,58,101688.5,1753.25,0,1,Furniture,Storage,865.2,1753.25,2024-07-31,0
SKU0200,2025-08-18,38,66623.5,1753.25,0,0,Furniture,Storage,865.2,1753.25,2024-07-31,0
SKU0200,2025-08-25,41,71883.25,1753.25,0,0,Furniture,Storage,865.2,1753.25,2024-07-31,0
